{
  "rows": 573,
  "accuracy": 0.5602094240837696,
  "brier": 0.24888035438496414,
  "logloss": 0.6909802302514536,
  "coverage": 0.06108202443280977,
  "roc_auc": 0.5336833859636239,
  "published_accuracy": 0.7142857142857143,
  "splits": 54,
  "fallback_splits": 25,
  "published_coverage": 0.06108202443280977,
  "avg_missing_pitchers_rate_test": 0.0,
  "avg_prob_shrink": 0.0,
  "published_confidence_buckets": {
    "0.53-0.56": {
      "rows": 198,
      "coverage": 0.0,
      "accuracy": 0.5656565656565656,
      "published_rows": 0,
      "published_accuracy": 0.0
    },
    "0.56-0.60": {
      "rows": 91,
      "coverage": 0.26373626373626374,
      "accuracy": 0.5604395604395604,
      "published_rows": 24,
      "published_accuracy": 0.75
    },
    "0.60-0.65": {
      "rows": 53,
      "coverage": 0.18867924528301888,
      "accuracy": 0.49056603773584906,
      "published_rows": 10,
      "published_accuracy": 0.6
    },
    "0.65+": {
      "rows": 4,
      "coverage": 0.25,
      "accuracy": 0.75,
      "published_rows": 1,
      "published_accuracy": 1.0
    },
    "<=0.53": {
      "rows": 227,
      "coverage": 0.0,
      "accuracy": 0.5682819383259912,
      "published_rows": 0,
      "published_accuracy": 0.0
    }
  }
}