{
  "rows": 558,
  "accuracy": 0.5627240143369175,
  "brier": 0.2483201929530155,
  "logloss": 0.689838243800196,
  "coverage": 0.06272401433691756,
  "roc_auc": 0.5387327126457561,
  "published_accuracy": 0.7142857142857143,
  "splits": 53,
  "fallback_splits": 25,
  "published_coverage": 0.06272401433691756,
  "avg_missing_pitchers_rate_test": 0.0,
  "avg_prob_shrink": 0.0,
  "published_confidence_buckets": {
    "0.53-0.56": {
      "rows": 198,
      "coverage": 0.0,
      "accuracy": 0.5656565656565656,
      "published_rows": 0,
      "published_accuracy": 0.0
    },
    "0.56-0.60": {
      "rows": 91,
      "coverage": 0.26373626373626374,
      "accuracy": 0.5604395604395604,
      "published_rows": 24,
      "published_accuracy": 0.75
    },
    "0.60-0.65": {
      "rows": 38,
      "coverage": 0.2631578947368421,
      "accuracy": 0.5,
      "published_rows": 10,
      "published_accuracy": 0.6
    },
    "0.65+": {
      "rows": 4,
      "coverage": 0.25,
      "accuracy": 0.75,
      "published_rows": 1,
      "published_accuracy": 1.0
    },
    "<=0.53": {
      "rows": 227,
      "coverage": 0.0,
      "accuracy": 0.5682819383259912,
      "published_rows": 0,
      "published_accuracy": 0.0
    }
  }
}