{
  "params": {
    "iterations": 900,
    "depth": 5,
    "learning_rate": 0.02,
    "l2_leaf_reg": 8.0,
    "random_seed": 123
  },
  "metrics": {
    "accuracy": 0.5617977528089888,
    "logloss": 1.0941457412347777,
    "roc_auc": 0.6456157015805986
  }
}