{
  "results": [
    {
      "tag": "all_data",
      "rows": 1810,
      "train": 1448,
      "valid": 362,
      "xgb": {
        "accuracy": 0.5138121546961326,
        "logloss": 1.0826687984609265,
        "roc_auc": 0.6277529810455424
      },
      "lgbm": {
        "accuracy": 0.511049723756906,
        "logloss": 1.1745721926773545,
        "roc_auc": 0.6088641281439616
      },
      "catboost": {
        "accuracy": 0.5524861878453039,
        "logloss": 1.0759129397220066,
        "roc_auc": 0.647221072719328
      },
      "blend": {
        "acc": 0.5524861878453039,
        "logloss": 1.0759129397220066,
        "auc": 0.647221072719328,
        "weights": [
          0.0,
          0.0,
          1.0
        ]
      }
    },
    {
      "tag": "since_2023",
      "rows": 1136,
      "train": 908,
      "valid": 228,
      "xgb": {
        "accuracy": 0.5175438596491229,
        "logloss": 1.156290384562914,
        "roc_auc": 0.6107148654355755
      },
      "lgbm": {
        "accuracy": 0.5043859649122807,
        "logloss": 1.2202661065259937,
        "roc_auc": 0.5996469909090959
      },
      "catboost": {
        "accuracy": 0.5570175438596491,
        "logloss": 1.0174963926071612,
        "roc_auc": 0.6477006517822474
      },
      "blend": {
        "acc": 0.5570175438596491,
        "logloss": 1.0174963926071612,
        "auc": 0.6477006517822474,
        "weights": [
          0.0,
          0.0,
          1.0
        ]
      }
    },
    {
      "tag": "since_2024",
      "rows": 795,
      "train": 636,
      "valid": 159,
      "xgb": {
        "accuracy": 0.48427672955974843,
        "logloss": 1.2940217366273705,
        "roc_auc": 0.579391782876031
      },
      "lgbm": {
        "accuracy": 0.4968553459119497,
        "logloss": 1.3816564297632281,
        "roc_auc": 0.5854659610736875
      },
      "catboost": {
        "accuracy": 0.5471698113207547,
        "logloss": 1.023853812166035,
        "roc_auc": 0.5931445727804696
      },
      "blend": {
        "acc": 0.5471698113207547,
        "logloss": 1.023853812166035,
        "auc": 0.5931445727804696,
        "weights": [
          0.0,
          0.0,
          1.0
        ]
      }
    },
    {
      "tag": "since_2025",
      "rows": 455,
      "train": 364,
      "valid": 91,
      "xgb": {
        "accuracy": 0.4945054945054945,
        "logloss": 1.2530967763801133,
        "roc_auc": 0.6356426935145784
      },
      "lgbm": {
        "accuracy": 0.4725274725274725,
        "logloss": 1.3471632389326156,
        "roc_auc": 0.6203860303504923
      },
      "catboost": {
        "accuracy": 0.5384615384615384,
        "logloss": 1.0940989931733511,
        "roc_auc": 0.6440236653996098
      },
      "blend": {
        "acc": 0.5384615384615384,
        "logloss": 1.0940989931733511,
        "auc": 0.6440236653996098,
        "weights": [
          0.0,
          0.0,
          1.0
        ]
      }
    }
  ],
  "best": {
    "tag": "since_2023",
    "rows": 1136,
    "train": 908,
    "valid": 228,
    "xgb": {
      "accuracy": 0.5175438596491229,
      "logloss": 1.156290384562914,
      "roc_auc": 0.6107148654355755
    },
    "lgbm": {
      "accuracy": 0.5043859649122807,
      "logloss": 1.2202661065259937,
      "roc_auc": 0.5996469909090959
    },
    "catboost": {
      "accuracy": 0.5570175438596491,
      "logloss": 1.0174963926071612,
      "roc_auc": 0.6477006517822474
    },
    "blend": {
      "acc": 0.5570175438596491,
      "logloss": 1.0174963926071612,
      "auc": 0.6477006517822474,
      "weights": [
        0.0,
        0.0,
        1.0
      ]
    }
  }
}