{
  "use_event_adjustments": true,
  "games_evaluated": 437,
  "metrics": {
    "full_game": {
      "base_accuracy": 0.8993135011441648,
      "adjusted_accuracy": 0.9016018306636155,
      "base_log_loss": 0.35614514475845616,
      "adjusted_log_loss": 0.3589945170826448
    },
    "over_25": {
      "base_accuracy": 0.9107551487414187,
      "adjusted_accuracy": 0.9107551487414187,
      "base_log_loss": 0.23267073019309537,
      "adjusted_log_loss": 0.24896882175205973
    },
    "btts": {
      "base_accuracy": 0.9267734553775744,
      "adjusted_accuracy": 0.9221967963386728,
      "base_log_loss": 0.25512758840502653,
      "adjusted_log_loss": 0.25448540640853456
    },
    "corners_over_95": {
      "base_accuracy": 0.5263157894736842,
      "adjusted_accuracy": 0.5263157894736842,
      "base_log_loss": 1.8777454817992798,
      "adjusted_log_loss": 1.8777454817992798
    }
  }
}