{
  "use_event_adjustments": true,
  "games_evaluated": 445,
  "metrics": {
    "full_game": {
      "base_accuracy": 0.9078651685393259,
      "adjusted_accuracy": 0.9078651685393259,
      "base_log_loss": 0.3396527582638231,
      "adjusted_log_loss": 0.3544269653946473
    },
    "over_25": {
      "base_accuracy": 0.9078651685393259,
      "adjusted_accuracy": 0.9078651685393259,
      "base_log_loss": 0.22868866316164424,
      "adjusted_log_loss": 0.24797359689122203
    },
    "btts": {
      "base_accuracy": 0.9280898876404494,
      "adjusted_accuracy": 0.9258426966292135,
      "base_log_loss": 0.21973573671238003,
      "adjusted_log_loss": 0.23356920168722076
    },
    "corners_over_95": {
      "base_accuracy": 0.9258426966292135,
      "adjusted_accuracy": 0.9258426966292135,
      "base_log_loss": 0.21345936408064642,
      "adjusted_log_loss": 0.21345936408064642
    }
  }
}