{
  "use_event_adjustments": true,
  "games_evaluated": 1821,
  "metrics": {
    "full_game": {
      "base_accuracy": 0.7248764415156508,
      "adjusted_accuracy": 0.7254255903349808,
      "base_log_loss": 0.8057645290727995,
      "adjusted_log_loss": 0.8002605477544508
    },
    "over_25": {
      "base_accuracy": 0.9088412959912137,
      "adjusted_accuracy": 0.9055464030752334,
      "base_log_loss": 0.22447606944255288,
      "adjusted_log_loss": 0.23894676443948118
    },
    "btts": {
      "base_accuracy": 0.9154310818231741,
      "adjusted_accuracy": 0.914881933003844,
      "base_log_loss": 0.22997009128235588,
      "adjusted_log_loss": 0.24378118869874865
    },
    "corners_over_95": {
      "base_accuracy": 0.8989566172432729,
      "adjusted_accuracy": 0.8989566172432729,
      "base_log_loss": 0.32817284649113676,
      "adjusted_log_loss": 0.32817284649113676
    },
    "ht_result": {
      "base_accuracy": 0.6996155958264689,
      "adjusted_accuracy": 0.6996155958264689,
      "base_log_loss": 0.8548511556785433,
      "adjusted_log_loss": 0.8548511556785433,
      "rows": 1821
    }
  }
}