{
  "use_event_adjustments": true,
  "games_evaluated": 430,
  "metrics": {
    "full_game": {
      "base_accuracy": 0.9116279069767442,
      "adjusted_accuracy": 0.913953488372093,
      "base_log_loss": 0.2727339611371898,
      "adjusted_log_loss": 0.30777933754141307
    },
    "over_25": {
      "base_accuracy": 0.9162790697674419,
      "adjusted_accuracy": 0.913953488372093,
      "base_log_loss": 0.22837177091331187,
      "adjusted_log_loss": 0.2450357684900962
    },
    "btts": {
      "base_accuracy": 0.9279069767441861,
      "adjusted_accuracy": 0.9255813953488372,
      "base_log_loss": 0.21250079569043762,
      "adjusted_log_loss": 0.2252960171971834
    },
    "corners_over_95": {
      "base_accuracy": 0.5325581395348837,
      "adjusted_accuracy": 0.5325581395348837,
      "base_log_loss": 1.895299536790728,
      "adjusted_log_loss": 1.895299536790728
    }
  }
}