{
  "use_event_adjustments": true,
  "games_evaluated": 437,
  "metrics": {
    "full_game": {
      "base_accuracy": 0.897025171624714,
      "adjusted_accuracy": 0.897025171624714,
      "base_log_loss": 0.2833068894705022,
      "adjusted_log_loss": 0.3144215326676385
    },
    "over_25": {
      "base_accuracy": 0.9176201372997712,
      "adjusted_accuracy": 0.9130434782608695,
      "base_log_loss": 0.22334678294378302,
      "adjusted_log_loss": 0.24141918494778922
    },
    "btts": {
      "base_accuracy": 0.931350114416476,
      "adjusted_accuracy": 0.9290617848970252,
      "base_log_loss": 0.20808070799811454,
      "adjusted_log_loss": 0.22230100851772114
    },
    "corners_over_95": {
      "base_accuracy": 0.9153318077803204,
      "adjusted_accuracy": 0.9153318077803204,
      "base_log_loss": 0.21424556414089233,
      "adjusted_log_loss": 0.21424556414089233
    }
  }
}