{
  "use_event_adjustments": true,
  "games_evaluated": 1823,
  "metrics": {
    "full_game": {
      "base_accuracy": 0.7240811848601206,
      "adjusted_accuracy": 0.7273724629731212,
      "base_log_loss": 0.8073684384237884,
      "adjusted_log_loss": 0.8017880169150118
    },
    "over_25": {
      "base_accuracy": 0.9056500274273176,
      "adjusted_accuracy": 0.9040043883708173,
      "base_log_loss": 0.22924960114449974,
      "adjusted_log_loss": 0.24630165831928036
    },
    "btts": {
      "base_accuracy": 0.9105869445968184,
      "adjusted_accuracy": 0.9122325836533187,
      "base_log_loss": 0.2335986487567341,
      "adjusted_log_loss": 0.24649744139113097
    },
    "corners_over_95": {
      "base_accuracy": 0.9144267690619857,
      "adjusted_accuracy": 0.9144267690619857,
      "base_log_loss": 0.22389946106882236,
      "adjusted_log_loss": 0.22389946106882236
    },
    "h1_over_15": {
      "base_accuracy": 0.9215578716401536,
      "adjusted_accuracy": 0.9199122325836533,
      "base_log_loss": 0.3030064905550306,
      "adjusted_log_loss": 0.3124710518520701,
      "rows": 1823
    },
    "ht_result": {
      "base_accuracy": 0.6972024136039495,
      "adjusted_accuracy": 0.6972024136039495,
      "base_log_loss": 0.8558834269177643,
      "adjusted_log_loss": 0.8558834269177643,
      "rows": 1823
    }
  }
}