{
  "use_event_adjustments": true,
  "games_evaluated": 1812,
  "metrics": {
    "full_game": {
      "base_accuracy": 0.7262693156732892,
      "adjusted_accuracy": 0.7273730684326711,
      "base_log_loss": 0.8050084389834203,
      "adjusted_log_loss": 0.7994135138597951
    },
    "over_25": {
      "base_accuracy": 0.9111479028697572,
      "adjusted_accuracy": 0.9078366445916115,
      "base_log_loss": 0.22110770177183556,
      "adjusted_log_loss": 0.23512841609350987
    },
    "btts": {
      "base_accuracy": 0.9161147902869757,
      "adjusted_accuracy": 0.9155629139072847,
      "base_log_loss": 0.22754075139391955,
      "adjusted_log_loss": 0.24132181937055924
    },
    "corners_over_95": {
      "base_accuracy": 0.9111479028697572,
      "adjusted_accuracy": 0.9111479028697572,
      "base_log_loss": 0.25518649817561606,
      "adjusted_log_loss": 0.25518649817561606
    },
    "ht_result": {
      "base_accuracy": 0.6683222958057395,
      "adjusted_accuracy": 0.6683222958057395,
      "base_log_loss": 0.8780847781703293,
      "adjusted_log_loss": 0.8780847781703293,
      "rows": 1812
    }
  }
}