dataset,market,folds,accuracy_mean,accuracy_std,logloss_mean,logloss_std,brier_mean,brier_std,valid_rows_mean
baseline,btts,5,0.5333333333333333,0.0785353452498602,0.9946582866991553,0.20386410929997392,0.3321162131711363,0.05779120817717691,34.0
baseline,full_game,5,0.54,0.06577636818983622,1.3634870177890825,0.0837835594816047,0.6842967150484485,0.034893598519928695,34.0
baseline,over_25,5,0.5038095238095238,0.10724333912578472,1.060862067544699,0.2740403930225725,0.34352977292268705,0.0599882403245479,34.0
v3,btts,5,0.49714285714285716,0.07171371656006362,1.0464020652643071,0.20242529613355456,0.34599121015956585,0.06142294513587377,34.0
v3,full_game,5,0.48761904761904756,0.026427498905736375,1.3593243294952404,0.07720835808081328,0.7124426036009541,0.041473203809609956,34.0
v3,over_25,5,0.5276190476190477,0.08534311168464703,1.096294221363315,0.24338443216395472,0.3555435841544541,0.06562097538246761,34.0
