dataset,market,folds,accuracy_mean,accuracy_std,logloss_mean,logloss_std,brier_mean,brier_std,valid_rows_mean
baseline,btts,5,0.5314285714285714,0.07450517034517315,0.9932798474319501,0.20617977974899904,0.3321943265935022,0.057642857449276864,35.0
baseline,full_game,5,0.5428571428571429,0.063887656499994,1.3545244810461254,0.10152259659433832,0.6817231525515746,0.03663710885247271,35.0
baseline,over_25,5,0.5199999999999999,0.09979570969470275,1.040103235543735,0.28716196139291555,0.33499146061872487,0.06142702030294891,35.0
v3,btts,5,0.49714285714285716,0.07171371656006362,1.0356439159556912,0.22127090241079903,0.34225336315285176,0.06804337898582569,35.0
v3,full_game,5,0.49714285714285716,0.025555062599997576,1.3434961857336079,0.08805458643158759,0.7044244028737698,0.0469457692983077,35.0
v3,over_25,5,0.5371428571428571,0.07928249671720917,1.0737186617778556,0.2465918318577122,0.3472637672037714,0.06450526409598227,35.0
