dataset,market,folds,accuracy_mean,accuracy_std,logloss_mean,logloss_std,brier_mean,brier_std,valid_rows_mean
baseline,btts,5,0.6613496932515337,0.04934742957592687,0.7168690841764728,0.03989979568103387,0.2317450979651407,0.016428983699117133,163.0
baseline,full_game,5,0.5607361963190184,0.06428557986468583,1.131505599542375,0.16007830379905347,0.610513890364442,0.0823444032985472,163.0
baseline,ht_result,5,0.9987730061349694,0.0027436416901837676,0.004784461507804409,0.002853282654392169,0.0018667088832869997,0.0020459996100813966,163.0
baseline,over_25,5,0.7042944785276074,0.010080783266966247,0.725219587049871,0.032206376562432366,0.21601030170273056,0.0131870471285085,163.0
v3,btts,5,0.6736196319018404,0.01702384898835781,0.7048468299646371,0.04782840843668922,0.22947882766636624,0.014333867571133104,163.0
v3,full_game,5,0.5730061349693252,0.05288186979020843,1.1340942091211432,0.1515206185944574,0.6078023354008727,0.07457448614221299,163.0
v3,ht_result,5,0.9975460122699387,0.0033602610889887424,0.0055104769117553624,0.0035029486051410884,0.0023649498562086386,0.00231859815707531,163.0
v3,over_25,5,0.7092024539877301,0.029613542051894863,0.73883175437296,0.03433672709179565,0.2177895640247125,0.016461930465693636,163.0
