{
  "rows": 81,
  "accuracy": 0.5061728395061729,
  "brier": 0.2514095977022757,
  "logloss": 0.695985870118541,
  "coverage": 0.1728395061728395,
  "roc_auc": 0.6426783479349186,
  "published_accuracy": 0.6428571428571429,
  "splits": 7,
  "fallback_splits": 3,
  "published_coverage": 0.1728395061728395,
  "avg_missing_pitchers_rate_test": 0.0,
  "avg_prob_shrink": 0.06,
  "avg_momentum_penalty_mean_calib": 0.000951787795623412,
  "avg_momentum_penalty_active_rate_calib": 0.23794694890585302,
  "published_confidence_buckets": {
    "0.53-0.56": {
      "rows": 15,
      "coverage": 0.0,
      "accuracy": 0.6666666666666666,
      "published_rows": 0,
      "published_accuracy": 0.0
    },
    "0.56-0.60": {
      "rows": 33,
      "coverage": 0.3939393939393939,
      "accuracy": 0.45454545454545453,
      "published_rows": 13,
      "published_accuracy": 0.6153846153846154
    },
    "0.60-0.65": {
      "rows": 6,
      "coverage": 0.16666666666666666,
      "accuracy": 0.6666666666666666,
      "published_rows": 1,
      "published_accuracy": 1.0
    },
    "<=0.53": {
      "rows": 27,
      "coverage": 0.0,
      "accuracy": 0.4444444444444444,
      "published_rows": 0,
      "published_accuracy": 0.0
    }
  },
  "pitcher_momentum_analysis": {
    "recent_quality_diff": {
      "(-0.691, 0.0]": {
        "rows": 69,
        "accuracy": 0.5217391304347826,
        "published_rows": 14,
        "published_accuracy": 0.6428571428571429
      },
      "(0.0, 0.69]": {
        "rows": 12,
        "accuracy": 0.4166666666666667,
        "published_rows": 0,
        "published_accuracy": 0.0
      }
    },
    "quality_start_rate_diff": {
      "(-0.551, 0.0]": {
        "rows": 69,
        "accuracy": 0.5217391304347826,
        "published_rows": 14,
        "published_accuracy": 0.6428571428571429
      },
      "(0.0, 0.55]": {
        "rows": 12,
        "accuracy": 0.4166666666666667,
        "published_rows": 0,
        "published_accuracy": 0.0
      }
    },
    "blowup_rate_diff": {
      "(-0.301, 0.0]": {
        "rows": 74,
        "accuracy": 0.5,
        "published_rows": 12,
        "published_accuracy": 0.5833333333333334
      },
      "(0.0, 0.3]": {
        "rows": 7,
        "accuracy": 0.5714285714285714,
        "published_rows": 2,
        "published_accuracy": 1.0
      }
    },
    "era_trend_diff": {
      "nan": {
        "rows": 81,
        "accuracy": 0.5061728395061729,
        "published_rows": 14,
        "published_accuracy": 0.6428571428571429
      }
    },
    "whip_trend_diff": {
      "nan": {
        "rows": 81,
        "accuracy": 0.5061728395061729,
        "published_rows": 14,
        "published_accuracy": 0.6428571428571429
      }
    }
  }
}