{
  "use_event_adjustments": true,
  "games_evaluated": 424,
  "metrics": {
    "full_game": {
      "base_accuracy": 0.8820754716981132,
      "adjusted_accuracy": 0.8797169811320755,
      "base_log_loss": 0.3183879843559722,
      "adjusted_log_loss": 0.34959086025029595
    },
    "over_25": {
      "base_accuracy": 0.9198113207547169,
      "adjusted_accuracy": 0.9174528301886793,
      "base_log_loss": 0.2094740390492134,
      "adjusted_log_loss": 0.22962854455569792
    },
    "btts": {
      "base_accuracy": 0.9127358490566038,
      "adjusted_accuracy": 0.9127358490566038,
      "base_log_loss": 0.21135990189265735,
      "adjusted_log_loss": 0.22733744383067014
    },
    "corners_over_95": {
      "base_accuracy": 0.9056603773584906,
      "adjusted_accuracy": 0.9056603773584906,
      "base_log_loss": 0.22302099104174794,
      "adjusted_log_loss": 0.22302099104174794
    }
  }
}