{
  "use_event_adjustments": true,
  "games_evaluated": 423,
  "metrics": {
    "full_game": {
      "base_accuracy": 0.8841607565011821,
      "adjusted_accuracy": 0.8817966903073287,
      "base_log_loss": 0.32030270124097854,
      "adjusted_log_loss": 0.34888663340772563
    },
    "over_25": {
      "base_accuracy": 0.9290780141843972,
      "adjusted_accuracy": 0.9219858156028369,
      "base_log_loss": 0.2091418785922543,
      "adjusted_log_loss": 0.23075917274965185
    },
    "btts": {
      "base_accuracy": 0.9148936170212766,
      "adjusted_accuracy": 0.9078014184397163,
      "base_log_loss": 0.21073443624042815,
      "adjusted_log_loss": 0.22763710160379713
    },
    "corners_over_95": {
      "base_accuracy": 0.9030732860520094,
      "adjusted_accuracy": 0.9030732860520094,
      "base_log_loss": 0.22251232360135972,
      "adjusted_log_loss": 0.22251232360135972
    }
  }
}