{
  "status": "completed",
  "rows": 2313,
  "resolved_rows": 2313,
  "accuracy": 0.622568093385214,
  "tiers": {
    "ELITE": {
      "rows": 546,
      "accuracy": 0.73992673992674
    },
    "NORMAL": {
      "rows": 490,
      "accuracy": 0.5489795918367347
    },
    "PASS": {
      "rows": 292,
      "accuracy": 0.5273972602739726
    },
    "PREMIUM": {
      "rows": 440,
      "accuracy": 0.6613636363636364
    },
    "STRONG": {
      "rows": 545,
      "accuracy": 0.5908256880733945
    }
  },
  "unique_dates": 36,
  "train_rows": 9248,
  "test_rows": 2313
}