{
  "use_event_adjustments": true,
  "games_evaluated": 474,
  "metrics": {
    "full_game": {
      "base_accuracy": 0.8881856540084389,
      "adjusted_accuracy": 0.890295358649789,
      "base_log_loss": 0.31717589247765104,
      "adjusted_log_loss": 0.3442928389054167
    },
    "over_25": {
      "base_accuracy": 0.919831223628692,
      "adjusted_accuracy": 0.9113924050632911,
      "base_log_loss": 0.21197352660057814,
      "adjusted_log_loss": 0.2221839308815922
    },
    "btts": {
      "base_accuracy": 0.9156118143459916,
      "adjusted_accuracy": 0.9156118143459916,
      "base_log_loss": 0.22417491278867271,
      "adjusted_log_loss": 0.23664581121446818
    },
    "corners_over_95": {
      "base_accuracy": 0.7573839662447257,
      "adjusted_accuracy": 0.7573839662447257,
      "base_log_loss": 1.6060783301169614,
      "adjusted_log_loss": 1.6060783301169614
    }
  }
}