{
  "use_event_adjustments": true,
  "games_evaluated": 493,
  "metrics": {
    "full_game": {
      "base_accuracy": 0.8823529411764706,
      "adjusted_accuracy": 0.8823529411764706,
      "base_log_loss": 0.349312995479473,
      "adjusted_log_loss": 0.36659696875599107
    },
    "over_25": {
      "base_accuracy": 0.920892494929006,
      "adjusted_accuracy": 0.9188640973630832,
      "base_log_loss": 0.20944468770112845,
      "adjusted_log_loss": 0.22401108107375808
    },
    "btts": {
      "base_accuracy": 0.9249492900608519,
      "adjusted_accuracy": 0.9188640973630832,
      "base_log_loss": 0.22524475721438605,
      "adjusted_log_loss": 0.2324803809693856
    },
    "corners_over_95": {
      "base_accuracy": 0.8843813387423936,
      "adjusted_accuracy": 0.8843813387423936,
      "base_log_loss": 0.2589285442519593,
      "adjusted_log_loss": 0.2589285442519593
    }
  }
}