{
  "use_event_adjustments": true,
  "games_evaluated": 483,
  "metrics": {
    "full_game": {
      "base_accuracy": 0.8861283643892339,
      "adjusted_accuracy": 0.8861283643892339,
      "base_log_loss": 0.3271425843420562,
      "adjusted_log_loss": 0.35429465281927053
    },
    "over_25": {
      "base_accuracy": 0.917184265010352,
      "adjusted_accuracy": 0.917184265010352,
      "base_log_loss": 0.21761592138895045,
      "adjusted_log_loss": 0.22947066334348398
    },
    "btts": {
      "base_accuracy": 0.917184265010352,
      "adjusted_accuracy": 0.917184265010352,
      "base_log_loss": 0.23698221999457614,
      "adjusted_log_loss": 0.24312850783662782
    },
    "corners_over_95": {
      "base_accuracy": 0.8964803312629399,
      "adjusted_accuracy": 0.8964803312629399,
      "base_log_loss": 0.25816930771698293,
      "adjusted_log_loss": 0.25816930771698293
    }
  }
}