{
  "use_event_adjustments": true,
  "games_evaluated": 484,
  "metrics": {
    "full_game": {
      "base_accuracy": 0.8822314049586777,
      "adjusted_accuracy": 0.8822314049586777,
      "base_log_loss": 0.3270875353539058,
      "adjusted_log_loss": 0.3508591675331276
    },
    "over_25": {
      "base_accuracy": 0.9132231404958677,
      "adjusted_accuracy": 0.9173553719008265,
      "base_log_loss": 0.21846892695965198,
      "adjusted_log_loss": 0.2265466225834473
    },
    "btts": {
      "base_accuracy": 0.9214876033057852,
      "adjusted_accuracy": 0.9214876033057852,
      "base_log_loss": 0.2304569326257913,
      "adjusted_log_loss": 0.24056311835999572
    },
    "corners_over_95": {
      "base_accuracy": 0.8925619834710744,
      "adjusted_accuracy": 0.8925619834710744,
      "base_log_loss": 0.25883172444139474,
      "adjusted_log_loss": 0.25883172444139474
    }
  }
}