{
  "use_event_adjustments": true,
  "games_evaluated": 494,
  "metrics": {
    "full_game": {
      "base_accuracy": 0.8866396761133604,
      "adjusted_accuracy": 0.8866396761133604,
      "base_log_loss": 0.3490912774194334,
      "adjusted_log_loss": 0.3650585866013436
    },
    "over_25": {
      "base_accuracy": 0.9149797570850202,
      "adjusted_accuracy": 0.917004048582996,
      "base_log_loss": 0.21166810912305578,
      "adjusted_log_loss": 0.22567221443897195
    },
    "btts": {
      "base_accuracy": 0.9190283400809717,
      "adjusted_accuracy": 0.917004048582996,
      "base_log_loss": 0.23117726696719484,
      "adjusted_log_loss": 0.23952644838470577
    },
    "corners_over_95": {
      "base_accuracy": 0.8866396761133604,
      "adjusted_accuracy": 0.8866396761133604,
      "base_log_loss": 0.2548750083559273,
      "adjusted_log_loss": 0.2548750083559273
    }
  }
}