{
  "rows": 588,
  "accuracy": 0.5289115646258503,
  "brier": 0.2494676475923207,
  "logloss": 0.6920760129179431,
  "coverage": 0.03231292517006803,
  "roc_auc": 0.5163636363636364,
  "published_accuracy": 0.47368421052631576,
  "splits": 55,
  "fallback_splits": 2,
  "published_coverage": 0.03231292517006803,
  "avg_missing_pitchers_rate_test": 0.0,
  "avg_prob_shrink": 0.0,
  "reliability_enabled_split_rate": 0.0,
  "avg_reliability_mean_calib": 0.0,
  "avg_reliability_mean_test": 0.0,
  "avg_reliability_low_rate_test": 0.0,
  "avg_reliability_conflict_rate_test": 0.0,
  "avg_momentum_penalty_mean_calib": 0.004665176356953792,
  "avg_momentum_penalty_active_rate_calib": 0.6494441709132592,
  "avg_calib_roi_per_bet": 0.0,
  "avg_calib_priced_coverage": 0.0,
  "avg_calib_mean_ev_edge": 0.0,
  "threshold_objective_mode": "accuracy_cov",
  "roi_threshold_splits": 0,
  "roi_threshold_split_rate": 0.0,
  "published_priced_picks": 0,
  "published_total_return_units": 0.0,
  "published_roi_per_bet": 0.0,
  "published_yield_pct": 0.0,
  "published_priced_coverage": 0.0,
  "published_mean_ev_edge": 0.0,
  "published_confidence_buckets": {
    "0.53-0.56": {
      "rows": 192,
      "coverage": 0.0,
      "accuracy": 0.4791666666666667,
      "published_rows": 0,
      "published_accuracy": 0.0
    },
    "0.56-0.60": {
      "rows": 154,
      "coverage": 0.11688311688311688,
      "accuracy": 0.551948051948052,
      "published_rows": 18,
      "published_accuracy": 0.4444444444444444
    },
    "0.60-0.65": {
      "rows": 53,
      "coverage": 0.0,
      "accuracy": 0.5849056603773585,
      "published_rows": 0,
      "published_accuracy": 0.0
    },
    "0.65+": {
      "rows": 1,
      "coverage": 1.0,
      "accuracy": 1.0,
      "published_rows": 1,
      "published_accuracy": 1.0
    },
    "<=0.53": {
      "rows": 188,
      "coverage": 0.0,
      "accuracy": 0.5425531914893617,
      "published_rows": 0,
      "published_accuracy": 0.0
    }
  },
  "pitcher_momentum_analysis": {
    "recent_quality_diff": {
      "(-49.059999999999995, -1.4]": {
        "rows": 196,
        "accuracy": 0.5204081632653061,
        "published_rows": 13,
        "published_accuracy": 0.38461538461538464
      },
      "(-1.4, 0.865]": {
        "rows": 196,
        "accuracy": 0.5306122448979592,
        "published_rows": 3,
        "published_accuracy": 0.3333333333333333
      },
      "(0.865, 78.465]": {
        "rows": 196,
        "accuracy": 0.5357142857142857,
        "published_rows": 3,
        "published_accuracy": 1.0
      }
    },
    "quality_start_rate_diff": {
      "(-1.001, -0.1]": {
        "rows": 199,
        "accuracy": 0.5577889447236181,
        "published_rows": 5,
        "published_accuracy": 0.6
      },
      "(-0.1, 0.1]": {
        "rows": 212,
        "accuracy": 0.5471698113207547,
        "published_rows": 10,
        "published_accuracy": 0.5
      },
      "(0.1, 0.7]": {
        "rows": 177,
        "accuracy": 0.4745762711864407,
        "published_rows": 4,
        "published_accuracy": 0.25
      }
    },
    "blowup_rate_diff": {
      "(-1.001, -0.1]": {
        "rows": 209,
        "accuracy": 0.5502392344497608,
        "published_rows": 3,
        "published_accuracy": 0.3333333333333333
      },
      "(-0.1, 0.1]": {
        "rows": 193,
        "accuracy": 0.5181347150259067,
        "published_rows": 6,
        "published_accuracy": 0.5
      },
      "(0.1, 0.9]": {
        "rows": 186,
        "accuracy": 0.5161290322580645,
        "published_rows": 10,
        "published_accuracy": 0.5
      }
    },
    "era_trend_diff": {
      "(-108.32000000000001, -1.287]": {
        "rows": 196,
        "accuracy": 0.4846938775510204,
        "published_rows": 0,
        "published_accuracy": 0.0
      },
      "(-1.287, 1.768]": {
        "rows": 196,
        "accuracy": 0.5612244897959183,
        "published_rows": 6,
        "published_accuracy": 0.5
      },
      "(1.768, 71.064]": {
        "rows": 196,
        "accuracy": 0.5408163265306123,
        "published_rows": 13,
        "published_accuracy": 0.46153846153846156
      }
    },
    "whip_trend_diff": {
      "(-16.478, -0.174]": {
        "rows": 196,
        "accuracy": 0.5204081632653061,
        "published_rows": 2,
        "published_accuracy": 1.0
      },
      "(-0.174, 0.296]": {
        "rows": 196,
        "accuracy": 0.5051020408163265,
        "published_rows": 5,
        "published_accuracy": 0.4
      },
      "(0.296, 8.836]": {
        "rows": 196,
        "accuracy": 0.5612244897959183,
        "published_rows": 12,
        "published_accuracy": 0.4166666666666667
      }
    }
  }
}