{
  "rows": 1952,
  "accuracy": 0.538422131147541,
  "brier": 0.24830416028285127,
  "logloss": 0.6898210821568105,
  "coverage": 0.1285860655737705,
  "roc_auc": 0.5306676586639196,
  "published_accuracy": 0.5816733067729084,
  "splits": 150,
  "fallback_splits": 0,
  "published_coverage": 0.1285860655737705,
  "avg_missing_pitchers_rate_test": 0.0,
  "avg_prob_shrink": 0.0,
  "reliability_enabled_split_rate": 0.0,
  "avg_reliability_mean_calib": 0.0,
  "avg_reliability_mean_test": 1.0,
  "avg_reliability_low_rate_test": 0.0,
  "avg_reliability_conflict_rate_test": 0.0,
  "avg_momentum_penalty_mean_calib": 0.004889171681683061,
  "avg_momentum_penalty_active_rate_calib": 0.683900610028758,
  "avg_calib_roi_per_bet": 0.018948827499282964,
  "avg_calib_priced_coverage": 0.051633961838862076,
  "avg_calib_mean_ev_edge": 0.0019452828399461727,
  "threshold_objective_mode": "accuracy_cov",
  "roi_threshold_splits": 21,
  "roi_threshold_split_rate": 0.14,
  "published_priced_picks": 43,
  "published_total_return_units": -3.6550294941211705,
  "published_roi_per_bet": -0.08500068590979466,
  "published_yield_pct": -8.500068590979467,
  "published_priced_coverage": 0.022028688524590164,
  "published_mean_ev_edge": 0.02837773875718232,
  "published_confidence_buckets": {
    "0.53-0.56": {
      "rows": 512,
      "coverage": 0.091796875,
      "accuracy": 0.53515625,
      "published_rows": 47,
      "published_accuracy": 0.5957446808510638
    },
    "0.56-0.60": {
      "rows": 447,
      "coverage": 0.30201342281879195,
      "accuracy": 0.5704697986577181,
      "published_rows": 135,
      "published_accuracy": 0.5777777777777777
    },
    "0.60-0.65": {
      "rows": 184,
      "coverage": 0.1956521739130435,
      "accuracy": 0.5978260869565217,
      "published_rows": 36,
      "published_accuracy": 0.6388888888888888
    },
    "0.65+": {
      "rows": 39,
      "coverage": 0.8461538461538461,
      "accuracy": 0.5128205128205128,
      "published_rows": 33,
      "published_accuracy": 0.5151515151515151
    },
    "<=0.53": {
      "rows": 770,
      "coverage": 0.0,
      "accuracy": 0.509090909090909,
      "published_rows": 0,
      "published_accuracy": 0.0
    }
  },
  "pitcher_momentum_analysis": {
    "recent_quality_diff": {
      "(-71.495, -0.97]": {
        "rows": 651,
        "accuracy": 0.5483870967741935,
        "published_rows": 90,
        "published_accuracy": 0.5555555555555556
      },
      "(-0.97, 1.012]": {
        "rows": 650,
        "accuracy": 0.5276923076923077,
        "published_rows": 72,
        "published_accuracy": 0.625
      },
      "(1.012, 109.268]": {
        "rows": 651,
        "accuracy": 0.5391705069124424,
        "published_rows": 89,
        "published_accuracy": 0.5730337078651685
      }
    },
    "quality_start_rate_diff": {
      "(-1.001, -0.1]": {
        "rows": 750,
        "accuracy": 0.5413333333333333,
        "published_rows": 99,
        "published_accuracy": 0.6363636363636364
      },
      "(-0.1, 0.1]": {
        "rows": 569,
        "accuracy": 0.5377855887521968,
        "published_rows": 70,
        "published_accuracy": 0.5285714285714286
      },
      "(0.1, 0.9]": {
        "rows": 633,
        "accuracy": 0.5355450236966824,
        "published_rows": 82,
        "published_accuracy": 0.5609756097560976
      }
    },
    "blowup_rate_diff": {
      "(-0.901, -0.1]": {
        "rows": 668,
        "accuracy": 0.5239520958083832,
        "published_rows": 88,
        "published_accuracy": 0.5681818181818182
      },
      "(-0.1, 0.1]": {
        "rows": 639,
        "accuracy": 0.5320813771517997,
        "published_rows": 76,
        "published_accuracy": 0.5
      },
      "(0.1, 0.9]": {
        "rows": 645,
        "accuracy": 0.5596899224806201,
        "published_rows": 87,
        "published_accuracy": 0.6666666666666666
      }
    },
    "era_trend_diff": {
      "(-144.733, -1.553]": {
        "rows": 651,
        "accuracy": 0.5422427035330261,
        "published_rows": 97,
        "published_accuracy": 0.6288659793814433
      },
      "(-1.553, 1.476]": {
        "rows": 650,
        "accuracy": 0.5261538461538462,
        "published_rows": 73,
        "published_accuracy": 0.589041095890411
      },
      "(1.476, 100.611]": {
        "rows": 651,
        "accuracy": 0.5468509984639017,
        "published_rows": 81,
        "published_accuracy": 0.5185185185185185
      }
    },
    "whip_trend_diff": {
      "(-16.478, -0.248]": {
        "rows": 651,
        "accuracy": 0.5422427035330261,
        "published_rows": 88,
        "published_accuracy": 0.6136363636363636
      },
      "(-0.248, 0.23]": {
        "rows": 650,
        "accuracy": 0.5261538461538462,
        "published_rows": 84,
        "published_accuracy": 0.5476190476190477
      },
      "(0.23, 10.527]": {
        "rows": 651,
        "accuracy": 0.5468509984639017,
        "published_rows": 79,
        "published_accuracy": 0.5822784810126582
      }
    }
  }
}