{
  "full_game": {
    "rows": 57,
    "accuracy": 0.43859649122807015,
    "brier": 0.2549804413374321,
    "logloss": 0.7031460722056405,
    "coverage": 0.0,
    "roc_auc": 0.41748768472906406,
    "published_accuracy": 0.0,
    "splits": 6,
    "fallback_splits": 4,
    "published_coverage": 0.0,
    "avg_missing_pitchers_rate_test": 0.0,
    "avg_prob_shrink": 0.0,
    "published_confidence_buckets": {
      "0.53-0.56": {
        "rows": 21,
        "coverage": 0.0,
        "accuracy": 0.5238095238095238,
        "published_rows": 0,
        "published_accuracy": 0.0
      },
      "0.56-0.60": {
        "rows": 1,
        "coverage": 0.0,
        "accuracy": 0.0,
        "published_rows": 0,
        "published_accuracy": 0.0
      },
      "<=0.53": {
        "rows": 35,
        "coverage": 0.0,
        "accuracy": 0.4,
        "published_rows": 0,
        "published_accuracy": 0.0
      }
    }
  },
  "yrfi": {
    "rows": 57,
    "accuracy": 0.47368421052631576,
    "brier": 0.25020903183885373,
    "logloss": 0.693493702996985,
    "coverage": 0.07017543859649122,
    "roc_auc": 0.623152709359606,
    "published_accuracy": 0.75,
    "splits": 6,
    "fallback_splits": 2,
    "published_coverage": 0.07017543859649122,
    "avg_missing_pitchers_rate_test": 0.0,
    "avg_prob_shrink": 0.09999999999999999,
    "published_confidence_buckets": {
      "0.53-0.56": {
        "rows": 7,
        "coverage": 0.0,
        "accuracy": 0.42857142857142855,
        "published_rows": 0,
        "published_accuracy": 0.0
      },
      "0.56-0.60": {
        "rows": 28,
        "coverage": 0.07142857142857142,
        "accuracy": 0.5357142857142857,
        "published_rows": 2,
        "published_accuracy": 0.5
      },
      "0.60-0.65": {
        "rows": 10,
        "coverage": 0.2,
        "accuracy": 0.6,
        "published_rows": 2,
        "published_accuracy": 1.0
      },
      "<=0.53": {
        "rows": 12,
        "coverage": 0.0,
        "accuracy": 0.25,
        "published_rows": 0,
        "published_accuracy": 0.0
      }
    }
  },
  "f5": {
    "rows": 57,
    "accuracy": 0.631578947368421,
    "brier": 0.23985541262449678,
    "logloss": 0.6732613772490502,
    "coverage": 0.45614035087719296,
    "roc_auc": 0.417989417989418,
    "published_accuracy": 0.6153846153846154,
    "splits": 6,
    "fallback_splits": 0,
    "published_coverage": 0.45614035087719296,
    "avg_missing_pitchers_rate_test": 0.0,
    "avg_prob_shrink": 0.0,
    "published_confidence_buckets": {
      "0.53-0.56": {
        "rows": 4,
        "coverage": 0.0,
        "accuracy": 0.75,
        "published_rows": 0,
        "published_accuracy": 0.0
      },
      "0.56-0.60": {
        "rows": 19,
        "coverage": 0.0,
        "accuracy": 0.631578947368421,
        "published_rows": 0,
        "published_accuracy": 0.0
      },
      "0.60-0.65": {
        "rows": 32,
        "coverage": 0.78125,
        "accuracy": 0.65625,
        "published_rows": 25,
        "published_accuracy": 0.64
      },
      "0.65+": {
        "rows": 2,
        "coverage": 0.5,
        "accuracy": 0.0,
        "published_rows": 1,
        "published_accuracy": 0.0
      }
    }
  }
}