{
  "full_game": {
    "accuracy": 0.5072164948453608,
    "correct": 492,
    "total": 970
  },
  "spread_2_5": {
    "accuracy": 0.5216494845360825,
    "correct": 506,
    "total": 970
  },
  "home_over_2_5": {
    "accuracy": 0.5793814432989691,
    "correct": 562,
    "total": 970
  }
}