prob_edge_bucket,n,wins,accuracy
0.02-0.04,370,202,0.5459459459459459
0.00-0.02,294,157,0.5340136054421769
0.08+,187,91,0.48663101604278075
0.04-0.06,168,89,0.5297619047619048
0.06-0.08,153,71,0.46405228758169936
