segment,n,wins,accuracy
overall,1099,557,0.5068243858052776
premium,384,193,0.5026041666666666
pick_home,706,368,0.5212464589235127
pick_away,393,189,0.48091603053435117
