pick_side,n,wins,accuracy
HOME,777,415,0.5341055341055341
AWAY,395,195,0.4936708860759494
