confidence_bucket,n,wins,accuracy
<54,606,326,0.5379537953795379
54-57.99,346,181,0.523121387283237
58-61.99,144,63,0.4375
70+,45,25,0.5555555555555556
62-65.99,17,8,0.47058823529411764
66-69.99,14,7,0.5
