pick_side,n,wins,accuracy
HOME,706,368,0.5212464589235127
AWAY,393,189,0.48091603053435117
