segment,n,wins,accuracy
overall,1172,610,0.5204778156996587
premium,448,217,0.484375
pick_home,777,415,0.5341055341055341
pick_away,395,195,0.4936708860759494
