market,game_tier,picks,accuracy,q1_tier
FULL GAME,PASS,186,0.510752688172043,
FULL GAME,NORMAL,85,0.5411764705882353,
FULL GAME,STRONG,121,0.49586776859504134,
FULL GAME,PREMIUM,105,0.4857142857142857,
FULL GAME,ELITE,254,0.6338582677165354,
PRIMER CUARTO,,124,0.4596774193548387,PASS
PRIMER CUARTO,,73,0.4794520547945205,NORMAL
PRIMER CUARTO,,140,0.4642857142857143,STRONG
PRIMER CUARTO,,148,0.44594594594594594,PREMIUM
PRIMER CUARTO,,266,0.6052631578947368,ELITE
