{
  "rows": 57,
  "accuracy": 0.631578947368421,
  "brier": 0.23985541262449678,
  "logloss": 0.6732613772490502,
  "coverage": 0.45614035087719296,
  "roc_auc": 0.417989417989418,
  "published_accuracy": 0.6153846153846154,
  "splits": 6,
  "fallback_splits": 0,
  "published_coverage": 0.45614035087719296,
  "avg_missing_pitchers_rate_test": 0.0,
  "avg_prob_shrink": 0.0,
  "published_confidence_buckets": {
    "0.53-0.56": {
      "rows": 4,
      "coverage": 0.0,
      "accuracy": 0.75,
      "published_rows": 0,
      "published_accuracy": 0.0
    },
    "0.56-0.60": {
      "rows": 19,
      "coverage": 0.0,
      "accuracy": 0.631578947368421,
      "published_rows": 0,
      "published_accuracy": 0.0
    },
    "0.60-0.65": {
      "rows": 32,
      "coverage": 0.78125,
      "accuracy": 0.65625,
      "published_rows": 25,
      "published_accuracy": 0.64
    },
    "0.65+": {
      "rows": 2,
      "coverage": 0.5,
      "accuracy": 0.0,
      "published_rows": 1,
      "published_accuracy": 0.0
    }
  }
}