{
  "rows": 66,
  "accuracy": 0.5909090909090909,
  "brier": 0.2486514851256842,
  "logloss": 0.6912662212139383,
  "coverage": 0.45454545454545453,
  "roc_auc": 0.37986704653371317,
  "published_accuracy": 0.6,
  "splits": 6,
  "fallback_splits": 0,
  "published_coverage": 0.45454545454545453,
  "avg_missing_pitchers_rate_test": 0.0,
  "avg_prob_shrink": 0.0,
  "avg_momentum_penalty_mean_calib": 0.003678572195181784,
  "avg_momentum_penalty_active_rate_calib": 0.16720782705371748,
  "published_confidence_buckets": {
    "0.56-0.60": {
      "rows": 22,
      "coverage": 0.3181818181818182,
      "accuracy": 0.6363636363636364,
      "published_rows": 7,
      "published_accuracy": 0.2857142857142857
    },
    "0.60-0.65": {
      "rows": 36,
      "coverage": 0.6111111111111112,
      "accuracy": 0.6111111111111112,
      "published_rows": 22,
      "published_accuracy": 0.7272727272727273
    },
    "0.65+": {
      "rows": 8,
      "coverage": 0.125,
      "accuracy": 0.375,
      "published_rows": 1,
      "published_accuracy": 0.0
    }
  },
  "pitcher_momentum_analysis": {
    "recent_quality_diff": {
      "(-0.691, 0.0]": {
        "rows": 56,
        "accuracy": 0.5714285714285714,
        "published_rows": 28,
        "published_accuracy": 0.5714285714285714
      },
      "(0.0, 0.69]": {
        "rows": 10,
        "accuracy": 0.7,
        "published_rows": 2,
        "published_accuracy": 1.0
      }
    },
    "quality_start_rate_diff": {
      "(-0.551, 0.0]": {
        "rows": 56,
        "accuracy": 0.5714285714285714,
        "published_rows": 28,
        "published_accuracy": 0.5714285714285714
      },
      "(0.0, 0.55]": {
        "rows": 10,
        "accuracy": 0.7,
        "published_rows": 2,
        "published_accuracy": 1.0
      }
    },
    "blowup_rate_diff": {
      "(-0.301, 0.0]": {
        "rows": 59,
        "accuracy": 0.559322033898305,
        "published_rows": 25,
        "published_accuracy": 0.56
      },
      "(0.0, 0.3]": {
        "rows": 7,
        "accuracy": 0.8571428571428571,
        "published_rows": 5,
        "published_accuracy": 0.8
      }
    },
    "era_trend_diff": {
      "nan": {
        "rows": 66,
        "accuracy": 0.5909090909090909,
        "published_rows": 30,
        "published_accuracy": 0.6
      }
    },
    "whip_trend_diff": {
      "nan": {
        "rows": 66,
        "accuracy": 0.5909090909090909,
        "published_rows": 30,
        "published_accuracy": 0.6
      }
    }
  }
}