{
  "rows": 564,
  "accuracy": 0.6329787234042553,
  "published_accuracy": 0.6795774647887324,
  "coverage": 0.5035460992907801,
  "published_coverage": 0.5035460992907801,
  "mae": 3.542511403025627,
  "rmse": 4.677839603931385,
  "r2": -0.029590329673623517,
  "published_confidence_buckets": {
    "0.53-0.56": {
      "rows": 29,
      "coverage": 0.0,
      "accuracy": 0.5517241379310345,
      "published_rows": 0,
      "published_accuracy": 0.0
    },
    "0.56-0.60": {
      "rows": 31,
      "coverage": 0.0,
      "accuracy": 0.9032258064516129,
      "published_rows": 0,
      "published_accuracy": 0.0
    },
    "0.60-0.65": {
      "rows": 60,
      "coverage": 0.0,
      "accuracy": 0.5333333333333333,
      "published_rows": 0,
      "published_accuracy": 0.0
    },
    "0.65+": {
      "rows": 417,
      "coverage": 0.6810551558752997,
      "accuracy": 0.6378896882494005,
      "published_rows": 284,
      "published_accuracy": 0.6795774647887324
    },
    "<=0.53": {
      "rows": 27,
      "coverage": 0.0,
      "accuracy": 0.5555555555555556,
      "published_rows": 0,
      "published_accuracy": 0.0
    }
  },
  "splits": 54,
  "fallback_splits": 0,
  "avg_missing_pitchers_rate_test": 0.0,
  "avg_prob_shrink": 0.0
}