{
  "rows": 564,
  "accuracy": 0.6294326241134752,
  "published_accuracy": 0.6567164179104478,
  "coverage": 0.475177304964539,
  "published_coverage": 0.475177304964539,
  "mae": 3.548201135647081,
  "rmse": 4.679473958936274,
  "r2": -0.030309896912569023,
  "published_confidence_buckets": {
    "0.53-0.56": {
      "rows": 25,
      "coverage": 0.0,
      "accuracy": 0.6,
      "published_rows": 0,
      "published_accuracy": 0.0
    },
    "0.56-0.60": {
      "rows": 36,
      "coverage": 0.0,
      "accuracy": 0.6944444444444444,
      "published_rows": 0,
      "published_accuracy": 0.0
    },
    "0.60-0.65": {
      "rows": 56,
      "coverage": 0.0,
      "accuracy": 0.625,
      "published_rows": 0,
      "published_accuracy": 0.0
    },
    "0.65+": {
      "rows": 413,
      "coverage": 0.648910411622276,
      "accuracy": 0.6368038740920097,
      "published_rows": 268,
      "published_accuracy": 0.6567164179104478
    },
    "<=0.53": {
      "rows": 34,
      "coverage": 0.0,
      "accuracy": 0.5,
      "published_rows": 0,
      "published_accuracy": 0.0
    }
  },
  "splits": 54,
  "fallback_splits": 0,
  "avg_missing_pitchers_rate_test": 0.0,
  "avg_prob_shrink": 0.0
}