{
  "rows": 555,
  "accuracy": 0.6324324324324324,
  "published_accuracy": 0.6773049645390071,
  "coverage": 0.5081081081081081,
  "published_coverage": 0.5081081081081081,
  "mae": 3.53430641678044,
  "rmse": 4.667350604415895,
  "r2": -0.032204523490861225,
  "published_confidence_buckets": {
    "0.53-0.56": {
      "rows": 28,
      "coverage": 0.0,
      "accuracy": 0.5714285714285714,
      "published_rows": 0,
      "published_accuracy": 0.0
    },
    "0.56-0.60": {
      "rows": 30,
      "coverage": 0.0,
      "accuracy": 0.9,
      "published_rows": 0,
      "published_accuracy": 0.0
    },
    "0.60-0.65": {
      "rows": 58,
      "coverage": 0.0,
      "accuracy": 0.5344827586206896,
      "published_rows": 0,
      "published_accuracy": 0.0
    },
    "0.65+": {
      "rows": 413,
      "coverage": 0.6828087167070218,
      "accuracy": 0.6343825665859564,
      "published_rows": 282,
      "published_accuracy": 0.6773049645390071
    },
    "<=0.53": {
      "rows": 26,
      "coverage": 0.0,
      "accuracy": 0.5769230769230769,
      "published_rows": 0,
      "published_accuracy": 0.0
    }
  },
  "splits": 53,
  "fallback_splits": 0,
  "avg_missing_pitchers_rate_test": 0.0,
  "avg_prob_shrink": 0.0
}