{
  "rows": 579,
  "accuracy": 0.6269430051813472,
  "published_accuracy": 0.6498194945848376,
  "coverage": 0.4784110535405872,
  "published_coverage": 0.4784110535405872,
  "mae": 3.5514011865095902,
  "rmse": 4.664835240331308,
  "r2": -0.033849654613548275,
  "published_confidence_buckets": {
    "0.53-0.56": {
      "rows": 25,
      "coverage": 0.0,
      "accuracy": 0.6,
      "published_rows": 0,
      "published_accuracy": 0.0
    },
    "0.56-0.60": {
      "rows": 37,
      "coverage": 0.0,
      "accuracy": 0.7027027027027027,
      "published_rows": 0,
      "published_accuracy": 0.0
    },
    "0.60-0.65": {
      "rows": 59,
      "coverage": 0.0,
      "accuracy": 0.6101694915254238,
      "published_rows": 0,
      "published_accuracy": 0.0
    },
    "0.65+": {
      "rows": 423,
      "coverage": 0.6548463356973995,
      "accuracy": 0.6335697399527187,
      "published_rows": 277,
      "published_accuracy": 0.6498194945848376
    },
    "<=0.53": {
      "rows": 35,
      "coverage": 0.0,
      "accuracy": 0.5142857142857142,
      "published_rows": 0,
      "published_accuracy": 0.0
    }
  },
  "splits": 55,
  "fallback_splits": 0,
  "avg_missing_pitchers_rate_test": 0.0,
  "avg_prob_shrink": 0.0
}