{
  "rows": 564,
  "accuracy": 0.6329787234042553,
  "published_accuracy": 0.6771929824561403,
  "coverage": 0.5053191489361702,
  "published_coverage": 0.5053191489361702,
  "mae": 3.5440915961874238,
  "rmse": 4.679606428495435,
  "r2": -0.030368231088969688,
  "published_confidence_buckets": {
    "0.53-0.56": {
      "rows": 30,
      "coverage": 0.0,
      "accuracy": 0.5333333333333333,
      "published_rows": 0,
      "published_accuracy": 0.0
    },
    "0.56-0.60": {
      "rows": 32,
      "coverage": 0.0,
      "accuracy": 0.84375,
      "published_rows": 0,
      "published_accuracy": 0.0
    },
    "0.60-0.65": {
      "rows": 60,
      "coverage": 0.0,
      "accuracy": 0.55,
      "published_rows": 0,
      "published_accuracy": 0.0
    },
    "0.65+": {
      "rows": 415,
      "coverage": 0.6867469879518072,
      "accuracy": 0.6385542168674698,
      "published_rows": 285,
      "published_accuracy": 0.6771929824561403
    },
    "<=0.53": {
      "rows": 27,
      "coverage": 0.0,
      "accuracy": 0.5925925925925926,
      "published_rows": 0,
      "published_accuracy": 0.0
    }
  },
  "splits": 54,
  "fallback_splits": 0,
  "avg_missing_pitchers_rate_test": 0.0,
  "avg_prob_shrink": 0.0
}