{
  "rows": 30,
  "accuracy": 0.5333333333333333,
  "published_accuracy": 0.4,
  "coverage": 0.3333333333333333,
  "published_coverage": 0.3333333333333333,
  "mae": 4.062415787750279,
  "rmse": 5.023635792343632,
  "r2": -0.15149429235510392,
  "published_confidence_buckets": {
    "0.53-0.56": {
      "rows": 1,
      "coverage": 0.0,
      "accuracy": 0.0,
      "published_rows": 0,
      "published_accuracy": 0.0
    },
    "0.56-0.60": {
      "rows": 3,
      "coverage": 0.0,
      "accuracy": 0.6666666666666666,
      "published_rows": 0,
      "published_accuracy": 0.0
    },
    "0.60-0.65": {
      "rows": 3,
      "coverage": 0.0,
      "accuracy": 0.6666666666666666,
      "published_rows": 0,
      "published_accuracy": 0.0
    },
    "0.65+": {
      "rows": 20,
      "coverage": 0.5,
      "accuracy": 0.5,
      "published_rows": 10,
      "published_accuracy": 0.4
    },
    "<=0.53": {
      "rows": 3,
      "coverage": 0.0,
      "accuracy": 0.6666666666666666,
      "published_rows": 0,
      "published_accuracy": 0.0
    }
  },
  "splits": 54,
  "fallback_splits": 0,
  "avg_missing_pitchers_rate_test": 0.0,
  "avg_prob_shrink": 0.0
}