{
  "rows": 45,
  "accuracy": 0.5555555555555556,
  "published_accuracy": 0.45454545454545453,
  "coverage": 0.24444444444444444,
  "published_coverage": 0.24444444444444444,
  "mae": 3.639328423471483,
  "rmse": 4.626282656401215,
  "r2": -0.08665240984505873,
  "published_confidence_buckets": {
    "0.53-0.56": {
      "rows": 10,
      "coverage": 0.0,
      "accuracy": 0.6,
      "published_rows": 0,
      "published_accuracy": 0.0
    },
    "0.56-0.60": {
      "rows": 5,
      "coverage": 0.0,
      "accuracy": 0.6,
      "published_rows": 0,
      "published_accuracy": 0.0
    },
    "0.60-0.65": {
      "rows": 5,
      "coverage": 0.0,
      "accuracy": 0.6,
      "published_rows": 0,
      "published_accuracy": 0.0
    },
    "0.65+": {
      "rows": 23,
      "coverage": 0.4782608695652174,
      "accuracy": 0.5217391304347826,
      "published_rows": 11,
      "published_accuracy": 0.45454545454545453
    },
    "<=0.53": {
      "rows": 2,
      "coverage": 0.0,
      "accuracy": 0.5,
      "published_rows": 0,
      "published_accuracy": 0.0
    }
  },
  "splits": 55,
  "fallback_splits": 0,
  "avg_missing_pitchers_rate_test": 0.0,
  "avg_prob_shrink": 0.0
}