{
  "rows": 173,
  "accuracy": 0.49710982658959535,
  "published_accuracy": 0.6410256410256411,
  "coverage": 0.2254335260115607,
  "published_coverage": 0.2254335260115607,
  "mae": 3.3263379591305693,
  "rmse": 4.2315392311533335,
  "r2": -0.0215057018376823,
  "published_confidence_buckets": {
    "0.53-0.56": {
      "rows": 14,
      "coverage": 0.0,
      "accuracy": 0.35714285714285715,
      "published_rows": 0,
      "published_accuracy": 0.0
    },
    "0.56-0.60": {
      "rows": 24,
      "coverage": 0.0,
      "accuracy": 0.5416666666666666,
      "published_rows": 0,
      "published_accuracy": 0.0
    },
    "0.60-0.65": {
      "rows": 25,
      "coverage": 0.0,
      "accuracy": 0.36,
      "published_rows": 0,
      "published_accuracy": 0.0
    },
    "0.65+": {
      "rows": 89,
      "coverage": 0.43820224719101125,
      "accuracy": 0.5280898876404494,
      "published_rows": 39,
      "published_accuracy": 0.6410256410256411
    },
    "<=0.53": {
      "rows": 21,
      "coverage": 0.0,
      "accuracy": 0.5714285714285714,
      "published_rows": 0,
      "published_accuracy": 0.0
    }
  },
  "splits": 55,
  "fallback_splits": 0,
  "avg_missing_pitchers_rate_test": 0.0,
  "avg_prob_shrink": 0.0
}