{
  "rows": 15,
  "accuracy": 0.5333333333333333,
  "published_accuracy": 0.4444444444444444,
  "coverage": 0.6,
  "published_coverage": 0.6,
  "mae": 3.7219078849306384,
  "rmse": 4.768645218048238,
  "r2": -0.18054796343175483,
  "published_confidence_buckets": {
    "0.60-0.65": {
      "rows": 2,
      "coverage": 0.0,
      "accuracy": 1.0,
      "published_rows": 0,
      "published_accuracy": 0.0
    },
    "0.65+": {
      "rows": 12,
      "coverage": 0.75,
      "accuracy": 0.4166666666666667,
      "published_rows": 9,
      "published_accuracy": 0.4444444444444444
    },
    "<=0.53": {
      "rows": 1,
      "coverage": 0.0,
      "accuracy": 1.0,
      "published_rows": 0,
      "published_accuracy": 0.0
    }
  },
  "splits": 53,
  "fallback_splits": 0,
  "avg_missing_pitchers_rate_test": 0.0,
  "avg_prob_shrink": 0.0
}