{
  "full_game": {
    "rows": 573,
    "accuracy": 0.5602094240837696,
    "brier": 0.24888035438496414,
    "logloss": 0.6909802302514536,
    "coverage": 0.06108202443280977,
    "roc_auc": 0.5336833859636239,
    "published_accuracy": 0.7142857142857143,
    "splits": 54,
    "fallback_splits": 25,
    "published_coverage": 0.06108202443280977,
    "avg_missing_pitchers_rate_test": 0.0,
    "avg_prob_shrink": 0.0,
    "published_confidence_buckets": {
      "0.53-0.56": {
        "rows": 198,
        "coverage": 0.0,
        "accuracy": 0.5656565656565656,
        "published_rows": 0,
        "published_accuracy": 0.0
      },
      "0.56-0.60": {
        "rows": 91,
        "coverage": 0.26373626373626374,
        "accuracy": 0.5604395604395604,
        "published_rows": 24,
        "published_accuracy": 0.75
      },
      "0.60-0.65": {
        "rows": 53,
        "coverage": 0.18867924528301888,
        "accuracy": 0.49056603773584906,
        "published_rows": 10,
        "published_accuracy": 0.6
      },
      "0.65+": {
        "rows": 4,
        "coverage": 0.25,
        "accuracy": 0.75,
        "published_rows": 1,
        "published_accuracy": 1.0
      },
      "<=0.53": {
        "rows": 227,
        "coverage": 0.0,
        "accuracy": 0.5682819383259912,
        "published_rows": 0,
        "published_accuracy": 0.0
      }
    }
  },
  "yrfi": {
    "rows": 573,
    "accuracy": 0.4799301919720768,
    "brier": 0.25146870452908404,
    "logloss": 0.6960956032239112,
    "coverage": 0.07329842931937172,
    "roc_auc": 0.47715446356250457,
    "published_accuracy": 0.5476190476190477,
    "splits": 54,
    "fallback_splits": 45,
    "published_coverage": 0.07329842931937172,
    "avg_missing_pitchers_rate_test": 0.0,
    "avg_prob_shrink": 0.09999999999999996,
    "published_confidence_buckets": {
      "0.53-0.56": {
        "rows": 171,
        "coverage": 0.0,
        "accuracy": 0.5087719298245614,
        "published_rows": 0,
        "published_accuracy": 0.0
      },
      "0.56-0.60": {
        "rows": 48,
        "coverage": 0.875,
        "accuracy": 0.5625,
        "published_rows": 42,
        "published_accuracy": 0.5476190476190477
      },
      "<=0.53": {
        "rows": 354,
        "coverage": 0.0,
        "accuracy": 0.4548022598870056,
        "published_rows": 0,
        "published_accuracy": 0.0
      }
    }
  },
  "f5": {
    "rows": 573,
    "accuracy": 0.5113438045375218,
    "brier": 0.25019678506722265,
    "logloss": 0.6935180907126728,
    "coverage": 0.0924956369982548,
    "roc_auc": 0.5044042084658674,
    "published_accuracy": 0.6226415094339622,
    "splits": 54,
    "fallback_splits": 28,
    "published_coverage": 0.0924956369982548,
    "avg_missing_pitchers_rate_test": 0.0,
    "avg_prob_shrink": 0.0,
    "published_confidence_buckets": {
      "0.53-0.56": {
        "rows": 172,
        "coverage": 0.0,
        "accuracy": 0.46511627906976744,
        "published_rows": 0,
        "published_accuracy": 0.0
      },
      "0.56-0.60": {
        "rows": 157,
        "coverage": 0.2229299363057325,
        "accuracy": 0.49044585987261147,
        "published_rows": 35,
        "published_accuracy": 0.5428571428571428
      },
      "0.60-0.65": {
        "rows": 41,
        "coverage": 0.3902439024390244,
        "accuracy": 0.7073170731707317,
        "published_rows": 16,
        "published_accuracy": 0.75
      },
      "0.65+": {
        "rows": 2,
        "coverage": 1.0,
        "accuracy": 1.0,
        "published_rows": 2,
        "published_accuracy": 1.0
      },
      "<=0.53": {
        "rows": 201,
        "coverage": 0.0,
        "accuracy": 0.5223880597014925,
        "published_rows": 0,
        "published_accuracy": 0.0
      }
    }
  },
  "totals": {
    "rows": 30,
    "accuracy": 0.5333333333333333,
    "published_accuracy": 0.36363636363636365,
    "coverage": 0.36666666666666664,
    "published_coverage": 0.36666666666666664,
    "mae": 4.123121180480506,
    "rmse": 5.0901914242353925,
    "r2": -0.1822075468605111,
    "published_confidence_buckets": {
      "0.53-0.56": {
        "rows": 3,
        "coverage": 0.0,
        "accuracy": 1.0,
        "published_rows": 0,
        "published_accuracy": 0.0
      },
      "0.56-0.60": {
        "rows": 1,
        "coverage": 0.0,
        "accuracy": 0.0,
        "published_rows": 0,
        "published_accuracy": 0.0
      },
      "0.60-0.65": {
        "rows": 5,
        "coverage": 0.0,
        "accuracy": 0.8,
        "published_rows": 0,
        "published_accuracy": 0.0
      },
      "0.65+": {
        "rows": 18,
        "coverage": 0.6111111111111112,
        "accuracy": 0.4444444444444444,
        "published_rows": 11,
        "published_accuracy": 0.36363636363636365
      },
      "<=0.53": {
        "rows": 3,
        "coverage": 0.0,
        "accuracy": 0.3333333333333333,
        "published_rows": 0,
        "published_accuracy": 0.0
      }
    },
    "splits": 54,
    "fallback_splits": 0,
    "avg_missing_pitchers_rate_test": 0.0,
    "avg_prob_shrink": 0.0
  },
  "run_line": {
    "rows": 564,
    "accuracy": 0.6329787234042553,
    "published_accuracy": 0.6795774647887324,
    "coverage": 0.5035460992907801,
    "published_coverage": 0.5035460992907801,
    "mae": 3.542511403025627,
    "rmse": 4.677839603931385,
    "r2": -0.029590329673623517,
    "published_confidence_buckets": {
      "0.53-0.56": {
        "rows": 29,
        "coverage": 0.0,
        "accuracy": 0.5517241379310345,
        "published_rows": 0,
        "published_accuracy": 0.0
      },
      "0.56-0.60": {
        "rows": 31,
        "coverage": 0.0,
        "accuracy": 0.9032258064516129,
        "published_rows": 0,
        "published_accuracy": 0.0
      },
      "0.60-0.65": {
        "rows": 60,
        "coverage": 0.0,
        "accuracy": 0.5333333333333333,
        "published_rows": 0,
        "published_accuracy": 0.0
      },
      "0.65+": {
        "rows": 417,
        "coverage": 0.6810551558752997,
        "accuracy": 0.6378896882494005,
        "published_rows": 284,
        "published_accuracy": 0.6795774647887324
      },
      "<=0.53": {
        "rows": 27,
        "coverage": 0.0,
        "accuracy": 0.5555555555555556,
        "published_rows": 0,
        "published_accuracy": 0.0
      }
    },
    "splits": 54,
    "fallback_splits": 0,
    "avg_missing_pitchers_rate_test": 0.0,
    "avg_prob_shrink": 0.0
  }
}