{
  "full_game": {
    "rows": 588,
    "accuracy": 0.564625850340136,
    "brier": 0.25026554110646076,
    "logloss": 0.693761499005461,
    "coverage": 0.1054421768707483,
    "roc_auc": 0.51712308855166,
    "published_accuracy": 0.5,
    "splits": 55,
    "fallback_splits": 0,
    "published_coverage": 0.1054421768707483,
    "avg_missing_pitchers_rate_test": 0.0,
    "avg_prob_shrink": 0.0,
    "reliability_enabled_split_rate": 1.0,
    "avg_reliability_mean_calib": 0.09262466132940893,
    "avg_reliability_mean_test": 0.09182004620384111,
    "avg_reliability_low_rate_test": 1.0,
    "avg_reliability_conflict_rate_test": 0.44387312479558455,
    "avg_momentum_penalty_mean_calib": 0.004786257195984535,
    "avg_momentum_penalty_active_rate_calib": 0.6678394741583176,
    "avg_calib_roi_per_bet": 0.003692716853749806,
    "avg_calib_priced_coverage": 0.06698200494394607,
    "avg_calib_mean_ev_edge": 0.003405068620030662,
    "threshold_objective_mode": "accuracy_cov",
    "roi_threshold_splits": 13,
    "roi_threshold_split_rate": 0.23636363636363636,
    "published_priced_picks": 33,
    "published_total_return_units": 0.5223686196250008,
    "published_roi_per_bet": 0.01582935210984851,
    "published_yield_pct": 1.582935210984851,
    "published_priced_coverage": 0.05612244897959184,
    "published_mean_ev_edge": -0.014711872653287977,
    "published_confidence_buckets": {
      "0.53-0.56": {
        "rows": 157,
        "coverage": 0.06369426751592357,
        "accuracy": 0.5286624203821656,
        "published_rows": 10,
        "published_accuracy": 0.5
      },
      "0.56-0.60": {
        "rows": 99,
        "coverage": 0.5050505050505051,
        "accuracy": 0.5252525252525253,
        "published_rows": 50,
        "published_accuracy": 0.52
      },
      "0.60-0.65": {
        "rows": 19,
        "coverage": 0.05263157894736842,
        "accuracy": 0.47368421052631576,
        "published_rows": 1,
        "published_accuracy": 0.0
      },
      "0.65+": {
        "rows": 1,
        "coverage": 1.0,
        "accuracy": 0.0,
        "published_rows": 1,
        "published_accuracy": 0.0
      },
      "<=0.53": {
        "rows": 312,
        "coverage": 0.0,
        "accuracy": 0.6025641025641025,
        "published_rows": 0,
        "published_accuracy": 0.0
      }
    },
    "pitcher_momentum_analysis": {
      "recent_quality_diff": {
        "(-49.059999999999995, -1.4]": {
          "rows": 196,
          "accuracy": 0.5561224489795918,
          "published_rows": 21,
          "published_accuracy": 0.5238095238095238
        },
        "(-1.4, 0.865]": {
          "rows": 196,
          "accuracy": 0.5612244897959183,
          "published_rows": 24,
          "published_accuracy": 0.5
        },
        "(0.865, 78.465]": {
          "rows": 196,
          "accuracy": 0.576530612244898,
          "published_rows": 17,
          "published_accuracy": 0.47058823529411764
        }
      },
      "quality_start_rate_diff": {
        "(-1.001, -0.1]": {
          "rows": 199,
          "accuracy": 0.5778894472361809,
          "published_rows": 20,
          "published_accuracy": 0.7
        },
        "(-0.1, 0.1]": {
          "rows": 212,
          "accuracy": 0.5754716981132075,
          "published_rows": 18,
          "published_accuracy": 0.3333333333333333
        },
        "(0.1, 0.7]": {
          "rows": 177,
          "accuracy": 0.536723163841808,
          "published_rows": 24,
          "published_accuracy": 0.4583333333333333
        }
      },
      "blowup_rate_diff": {
        "(-1.001, -0.1]": {
          "rows": 209,
          "accuracy": 0.5311004784688995,
          "published_rows": 20,
          "published_accuracy": 0.45
        },
        "(-0.1, 0.1]": {
          "rows": 193,
          "accuracy": 0.6113989637305699,
          "published_rows": 20,
          "published_accuracy": 0.6
        },
        "(0.1, 0.9]": {
          "rows": 186,
          "accuracy": 0.553763440860215,
          "published_rows": 22,
          "published_accuracy": 0.45454545454545453
        }
      },
      "era_trend_diff": {
        "(-108.32000000000001, -1.287]": {
          "rows": 196,
          "accuracy": 0.5714285714285714,
          "published_rows": 16,
          "published_accuracy": 0.5625
        },
        "(-1.287, 1.768]": {
          "rows": 196,
          "accuracy": 0.5816326530612245,
          "published_rows": 30,
          "published_accuracy": 0.5333333333333333
        },
        "(1.768, 71.064]": {
          "rows": 196,
          "accuracy": 0.5408163265306123,
          "published_rows": 16,
          "published_accuracy": 0.375
        }
      },
      "whip_trend_diff": {
        "(-16.478, -0.174]": {
          "rows": 196,
          "accuracy": 0.6020408163265306,
          "published_rows": 21,
          "published_accuracy": 0.6666666666666666
        },
        "(-0.174, 0.296]": {
          "rows": 196,
          "accuracy": 0.5051020408163265,
          "published_rows": 20,
          "published_accuracy": 0.3
        },
        "(0.296, 8.836]": {
          "rows": 196,
          "accuracy": 0.5867346938775511,
          "published_rows": 21,
          "published_accuracy": 0.5238095238095238
        }
      }
    }
  }
}