{
  "full_game": {
    "rows": 588,
    "accuracy": 0.5306122448979592,
    "brier": 0.2491925682344464,
    "logloss": 0.691507255234268,
    "coverage": 0.017006802721088437,
    "roc_auc": 0.5078551078551079,
    "published_accuracy": 0.9,
    "splits": 55,
    "fallback_splits": 0,
    "published_coverage": 0.017006802721088437,
    "avg_missing_pitchers_rate_test": 0.0,
    "avg_prob_shrink": 0.0,
    "reliability_enabled_split_rate": 1.0,
    "avg_reliability_mean_calib": 0.08564779985061956,
    "avg_reliability_mean_test": 0.15295617709975343,
    "avg_reliability_low_rate_test": 0.9987878787878788,
    "avg_reliability_conflict_rate_test": 0.44365247942788044,
    "avg_momentum_penalty_mean_calib": 0.0037208628978255428,
    "avg_momentum_penalty_active_rate_calib": 0.5733362196090344,
    "avg_calib_roi_per_bet": 0.0,
    "avg_calib_priced_coverage": 0.0,
    "avg_calib_mean_ev_edge": 0.0,
    "threshold_objective_mode": "accuracy_cov",
    "roi_threshold_splits": 0,
    "roi_threshold_split_rate": 0.0,
    "published_priced_picks": 5,
    "published_total_return_units": 2.805358757159123,
    "published_roi_per_bet": 0.5610717514318246,
    "published_yield_pct": 56.10717514318247,
    "published_priced_coverage": 0.008503401360544218,
    "published_mean_ev_edge": -0.03166717285167264,
    "published_confidence_buckets": {
      "0.53-0.56": {
        "rows": 170,
        "coverage": 0.0,
        "accuracy": 0.5411764705882353,
        "published_rows": 0,
        "published_accuracy": 0.0
      },
      "0.56-0.60": {
        "rows": 88,
        "coverage": 0.06818181818181818,
        "accuracy": 0.5,
        "published_rows": 6,
        "published_accuracy": 0.8333333333333334
      },
      "0.60-0.65": {
        "rows": 26,
        "coverage": 0.15384615384615385,
        "accuracy": 0.6153846153846154,
        "published_rows": 4,
        "published_accuracy": 1.0
      },
      "<=0.53": {
        "rows": 304,
        "coverage": 0.0,
        "accuracy": 0.5263157894736842,
        "published_rows": 0,
        "published_accuracy": 0.0
      }
    },
    "pitcher_momentum_analysis": {
      "recent_quality_diff": {
        "(-49.059999999999995, -1.4]": {
          "rows": 196,
          "accuracy": 0.5102040816326531,
          "published_rows": 0,
          "published_accuracy": 0.0
        },
        "(-1.4, 0.865]": {
          "rows": 196,
          "accuracy": 0.5255102040816326,
          "published_rows": 4,
          "published_accuracy": 1.0
        },
        "(0.865, 78.465]": {
          "rows": 196,
          "accuracy": 0.5561224489795918,
          "published_rows": 6,
          "published_accuracy": 0.8333333333333334
        }
      },
      "quality_start_rate_diff": {
        "(-1.001, -0.1]": {
          "rows": 199,
          "accuracy": 0.5678391959798995,
          "published_rows": 3,
          "published_accuracy": 0.6666666666666666
        },
        "(-0.1, 0.1]": {
          "rows": 212,
          "accuracy": 0.5047169811320755,
          "published_rows": 4,
          "published_accuracy": 1.0
        },
        "(0.1, 0.7]": {
          "rows": 177,
          "accuracy": 0.519774011299435,
          "published_rows": 3,
          "published_accuracy": 1.0
        }
      },
      "blowup_rate_diff": {
        "(-1.001, -0.1]": {
          "rows": 209,
          "accuracy": 0.5311004784688995,
          "published_rows": 4,
          "published_accuracy": 0.75
        },
        "(-0.1, 0.1]": {
          "rows": 193,
          "accuracy": 0.5854922279792746,
          "published_rows": 4,
          "published_accuracy": 1.0
        },
        "(0.1, 0.9]": {
          "rows": 186,
          "accuracy": 0.4731182795698925,
          "published_rows": 2,
          "published_accuracy": 1.0
        }
      },
      "era_trend_diff": {
        "(-108.32000000000001, -1.287]": {
          "rows": 196,
          "accuracy": 0.576530612244898,
          "published_rows": 7,
          "published_accuracy": 1.0
        },
        "(-1.287, 1.768]": {
          "rows": 196,
          "accuracy": 0.5255102040816326,
          "published_rows": 3,
          "published_accuracy": 0.6666666666666666
        },
        "(1.768, 71.064]": {
          "rows": 196,
          "accuracy": 0.4897959183673469,
          "published_rows": 0,
          "published_accuracy": 0.0
        }
      },
      "whip_trend_diff": {
        "(-16.478, -0.174]": {
          "rows": 196,
          "accuracy": 0.5561224489795918,
          "published_rows": 7,
          "published_accuracy": 1.0
        },
        "(-0.174, 0.296]": {
          "rows": 196,
          "accuracy": 0.4744897959183674,
          "published_rows": 3,
          "published_accuracy": 0.6666666666666666
        },
        "(0.296, 8.836]": {
          "rows": 196,
          "accuracy": 0.5612244897959183,
          "published_rows": 0,
          "published_accuracy": 0.0
        }
      }
    }
  }
}