model_vs_market,games,hits,accuracy
agree,54,44,0.8148148148148148
against,3,2,0.6666666666666666
no_market_side,1075,707,0.6576744186046511
