full_game_pick_rule,games,hits,accuracy
model_confident,43,35,0.813953488372093
market_tiebreak,14,11,0.7857142857142857
model_pickem,1075,707,0.6576744186046511
