spread_bin,games,hits,accuracy
9+,28,25,0.8928571428571429
6-9,10,8,0.8
3-6,8,6,0.75
PK,1075,707,0.6576744186046511
0-3,11,7,0.6363636363636364
