{
  "rows_total": 1132,
  "rows_train": 905,
  "rows_valid": 227,
  "base_valid_acc": 0.7797356828193832,
  "base_full_acc": 0.666077738515901,
  "best_valid_acc": 0.7797356828193832,
  "best_full_acc": 0.666077738515901,
  "auc_train": 0.6099780191909372,
  "auc_valid": 0.6648022598870057,
  "policy": {
    "enabled": false,
    "risk_threshold": 0.62,
    "min_spread_abs": 0.0,
    "only_when_disagree": true
  }
}