game_id,date,time,season,home_team,away_team,home_starting_pitcher,away_starting_pitcher,home_starting_pitcher_id,away_starting_pitcher_id,pitcher_source,pitcher_data_available,home_runs_total,away_runs_total,home_r1,away_r1,home_r2,away_r2,home_r3,away_r3,home_r4,away_r4,home_r5,away_r5,home_runs_f5,away_runs_f5,attendance,odds_details,odds_over_under,odds_data_quality,home_is_favorite,home_hits,away_hits,status_completed,status_state,status_description,status_detail,home_starting_pitcher_ip,away_starting_pitcher_ip,home_starting_pitcher_er,away_starting_pitcher_er,home_starting_pitcher_hits,away_starting_pitcher_hits,home_starting_pitcher_bb,away_starting_pitcher_bb,home_starting_pitcher_k,away_starting_pitcher_k,home_starting_pitcher_hr,away_starting_pitcher_hr,pitcher_stats_available,home_moneyline_odds,away_moneyline_odds,closing_moneyline_odds,closing_spread_odds,closing_total_odds,market_source,competition_id
780349,2025-08-12,22:35,2025,Toledo Mud Hens,Columbus Clippers,Geoff Hartlieb,Will Dion,664129.0,702021.0,schedule_probable_pitcher,1,10,6,0,0,0,1,0,1,0,2,0,0,0,4,0,No Line,0.0,none,-1,13,10,1,post,Final,Final,,,,,,,,,,,,,0,,,,,,none,780349
780573,2025-08-12,22:35,2025,Scranton/Wilkes-Barre RailRiders,Indianapolis Indians,Erick Leal,Drake Fellows,612797.0,666148.0,schedule_probable_pitcher,1,5,6,0,1,1,1,0,1,3,1,1,2,5,6,0,No Line,0.0,none,-1,8,12,1,post,Final,Final,,,,,,,,,,,,,0,,,,,,none,780573
781472,2025-08-12,22:35,2025,Durham Bulls,Nashville Sounds,Yoniel Curet,Chad Patrick,692414.0,694477.0,schedule_probable_pitcher,1,4,5,0,1,1,0,1,1,1,0,0,3,3,5,0,No Line,0.0,none,-1,7,7,1,post,Final,Final,,,,,,,,,,,,,0,,,,,,none,781472
781708,2025-08-12,22:35,2025,Buffalo Bisons,Lehigh Valley IronPigs,Easton Lucas,Aaron Nola,687922.0,605400.0,schedule_probable_pitcher,1,6,0,0,0,0,0,0,0,0,0,0,0,0,0,0,No Line,0.0,none,-1,8,1,1,post,Final,Final,,,,,,,,,,,,,0,,,,,,none,781708
780650,2025-08-12,22:45,2025,Rochester Red Wings,Syracuse Mets,Adrian Sampson,Dom Hamel,592716.0,687589.0,schedule_probable_pitcher,1,1,2,0,0,0,1,1,0,0,0,0,0,1,1,0,No Line,0.0,none,-1,4,4,1,post,Final,Final,,,,,,,,,,,,,0,,,,,,none,780650
781627,2025-08-12,23:04,2025,Charlotte Knights,Memphis Redbirds,Jonathan Cannon,Curtis Taylor,686563.0,668954.0,schedule_probable_pitcher,1,13,6,1,1,2,2,3,0,2,0,0,0,8,3,0,No Line,0.0,none,-1,17,10,1,post,Final,Final,,,,,,,,,,,,,0,,,,,,none,781627
781183,2025-08-12,23:05,2025,Jacksonville Jumbo Shrimp,Norfolk Tides,Patrick Monteverde,Cameron Weston,687287.0,687721.0,schedule_probable_pitcher,1,4,8,0,0,0,0,3,0,0,0,0,4,3,4,0,No Line,0.0,none,-1,8,9,1,post,Final,Final,,,,,,,,,,,,,0,,,,,,none,781183
781415,2025-08-12,23:05,2025,Gwinnett Stripers,Louisville Bats,Chris Sale,Chase Petty,519242.0,695534.0,schedule_probable_pitcher,1,4,6,0,0,0,1,0,3,4,1,0,0,4,5,0,No Line,0.0,none,-1,6,9,1,post,Final,Final,,,,,,,,,,,,,0,,,,,,none,781415
780728,2025-08-12,23:35,2025,Omaha Storm Chasers,St. Paul Saints,John Gant,Taj Bradley,607231.0,671737.0,schedule_probable_pitcher,1,8,7,0,1,0,0,3,0,0,0,3,3,6,4,0,No Line,0.0,none,-1,16,10,1,post,Final,Final,,,,,,,,,,,,,0,,,,,,none,780728
781258,2025-08-12,23:38,2025,Iowa Cubs,Worcester Red Sox,Chris Kachmar,Tyler Uberstine,690148.0,700413.0,schedule_probable_pitcher,1,4,7,0,0,0,0,0,0,0,2,2,0,2,2,0,No Line,0.0,none,-1,9,10,1,post,Final,Final,,,,,,,,,,,,,0,,,,,,none,781258
779612,2025-08-13,00:05,2025,Sugar Land Space Cowboys,Salt Lake Bees,Rhett Kouba,Sammy Peralta,688763.0,671111.0,schedule_probable_pitcher,1,4,3,1,3,0,0,0,0,0,0,0,0,1,3,0,No Line,0.0,none,-1,7,4,1,post,Final,Final,,,,,,,,,,,,,0,,,,,,none,779612
779827,2025-08-13,00:05,2025,Round Rock Express,Sacramento River Cats,Michael Plassmeyer,Trevor McDonald,674681.0,686790.0,schedule_probable_pitcher,1,1,3,0,2,0,1,1,0,0,0,0,0,1,3,0,No Line,0.0,none,-1,4,6,1,post,Final,Final,,,,,,,,,,,,,0,,,,,,none,779827
779978,2025-08-13,00:05,2025,Oklahoma City Comets,Albuquerque Isotopes,Christian Romero,,699071.0,,schedule_probable_pitcher,1,8,6,0,3,5,2,1,0,0,0,0,0,6,5,0,No Line,0.0,none,-1,8,9,1,post,Final,Final,,,,,,,,,,,,,0,,,,,,none,779978
779905,2025-08-13,01:35,2025,Reno Aces,El Paso Chihuahuas,Dylan Ray,JP Sears,691009.0,676664.0,schedule_probable_pitcher,1,7,9,0,0,2,3,0,2,0,1,0,2,2,8,0,No Line,0.0,none,-1,13,14,1,post,Final,Final,,,,,,,,,,,,,0,,,,,,none,779905
780058,2025-08-13,02:05,2025,Las Vegas Aviators,Tacoma Rainiers,Joey Estes,Blas Castaño,683155.0,680604.0,schedule_probable_pitcher,1,7,6,0,0,1,0,0,0,0,0,1,0,2,0,0,No Line,0.0,none,-1,7,10,1,post,Final,Final,,,,,,,,,,,,,0,,,,,,none,780058
780655,2025-08-13,17:05,2025,Rochester Red Wings,Syracuse Mets,Riley Cornelio,Paul Blackburn,683000.0,621112.0,schedule_probable_pitcher,1,14,3,0,0,0,0,0,1,3,0,4,0,7,1,0,No Line,0.0,none,-1,13,7,1,post,Final,Final,,,,,,,,,,,,,0,,,,,,none,780655
781707,2025-08-13,17:05,2025,Buffalo Bisons,Lehigh Valley IronPigs,Alek Manoah,Gabe Mosser,666201.0,682077.0,schedule_probable_pitcher,1,4,9,4,0,0,3,0,0,0,1,0,1,4,5,0,No Line,0.0,none,-1,6,8,1,post,Final,Final,,,,,,,,,,,,,0,,,,,,none,781707
781257,2025-08-13,17:08,2025,Iowa Cubs,Worcester Red Sox,Jameson Taillon,Kyle Harrison,592791.0,690986.0,schedule_probable_pitcher,1,1,0,0,0,0,0,0,0,0,0,0,0,0,0,0,No Line,0.0,none,-1,4,2,1,post,Final,Final,,,,,,,,,,,,,0,,,,,,none,781257
780352,2025-08-13,22:35,2025,Toledo Mud Hens,Columbus Clippers,Tanner Rainey,Aaron Davenport,663432.0,702126.0,schedule_probable_pitcher,1,0,2,0,0,0,0,0,1,0,0,0,0,0,1,0,No Line,0.0,none,-1,1,9,1,post,Final,Final,,,,,,,,,,,,,0,,,,,,none,780352
780578,2025-08-13,22:35,2025,Scranton/Wilkes-Barre RailRiders,Indianapolis Indians,Allan Winans,Hunter Barco,642216.0,682995.0,schedule_probable_pitcher,1,6,5,0,0,0,1,0,0,0,0,3,0,3,1,0,No Line,0.0,none,-1,8,10,1,post,Final,Final,,,,,,,,,,,,,0,,,,,,none,780578
781476,2025-08-13,22:35,2025,Durham Bulls,Nashville Sounds,Forrest Whitley,,666215.0,,schedule_probable_pitcher,1,2,1,0,0,0,0,0,0,0,0,0,0,0,0,0,No Line,0.0,none,-1,8,4,1,post,Final,Final,,,,,,,,,,,,,0,,,,,,none,781476
781625,2025-08-13,23:04,2025,Charlotte Knights,Memphis Redbirds,Bryse Wilson,Quinn Mathews,669060.0,687273.0,schedule_probable_pitcher,1,5,14,0,1,0,0,3,0,1,5,0,0,4,6,0,No Line,0.0,none,-1,11,16,1,post,Final,Final,,,,,,,,,,,,,0,,,,,,none,781625
781184,2025-08-13,23:05,2025,Jacksonville Jumbo Shrimp,Norfolk Tides,Robby Snelling,Trey Gibson,702281.0,694346.0,schedule_probable_pitcher,1,1,4,0,0,0,0,0,2,0,0,0,0,0,2,0,No Line,0.0,none,-1,3,5,1,post,Final,Final,,,,,,,,,,,,,0,,,,,,none,781184
781408,2025-08-13,23:05,2025,Gwinnett Stripers,Louisville Bats,Davis Daniel,Adam Plutko,669721.0,592644.0,schedule_probable_pitcher,1,2,14,0,0,0,1,0,9,0,0,0,3,0,13,0,No Line,0.0,none,-1,4,21,1,post,Final,Final,,,,,,,,,,,,,0,,,,,,none,781408
780726,2025-08-13,23:35,2025,Omaha Storm Chasers,St. Paul Saints,Chandler Champlain,Kendry Rojas,669441.0,696070.0,schedule_probable_pitcher,1,3,8,1,0,2,0,0,3,0,5,0,0,3,8,0,No Line,0.0,none,-1,8,9,1,post,Final,Final,,,,,,,,,,,,,0,,,,,,none,780726
779610,2025-08-14,00:05,2025,Sugar Land Space Cowboys,Salt Lake Bees,Luis Garcia,Dakota Hudson,677651.0,641712.0,schedule_probable_pitcher,1,3,4,0,1,0,0,0,0,2,0,0,0,2,1,0,No Line,0.0,none,-1,8,10,1,post,Final,Final,,,,,,,,,,,,,0,,,,,,none,779610
779828,2025-08-14,00:05,2025,Round Rock Express,Sacramento River Cats,Ben Anderson,Seth Lonsway,670391.0,675920.0,schedule_probable_pitcher,1,1,0,0,0,0,0,0,0,1,0,0,0,1,0,0,No Line,0.0,none,-1,11,5,1,post,Final,Final,,,,,,,,,,,,,0,,,,,,none,779828
779985,2025-08-14,00:05,2025,Oklahoma City Comets,Albuquerque Isotopes,Landon Knack,Gabriel Hughes,689017.0,687312.0,schedule_probable_pitcher,1,4,12,0,0,0,0,0,0,0,0,1,6,1,6,0,No Line,0.0,none,-1,8,16,1,post,Final,Final,,,,,,,,,,,,,0,,,,,,none,779985
779903,2025-08-14,01:35,2025,Reno Aces,El Paso Chihuahuas,Nabil Crismatt,Logan Gillaspie,622503.0,670810.0,schedule_probable_pitcher,1,3,12,0,0,0,0,0,0,0,0,0,0,0,0,0,No Line,0.0,none,-1,7,14,1,post,Final,Final,,,,,,,,,,,,,0,,,,,,none,779903
780051,2025-08-14,02:05,2025,Las Vegas Aviators,Tacoma Rainiers,Mitch Spence,Bryce Miller,687765.0,682243.0,schedule_probable_pitcher,1,2,5,0,0,0,1,0,0,0,1,1,1,1,3,0,No Line,0.0,none,-1,3,9,1,post,Final,Final,,,,,,,,,,,,,0,,,,,,none,780051
780350,2025-08-14,22:35,2025,Toledo Mud Hens,Columbus Clippers,Keider Montero,Parker Messick,672456.0,800048.0,schedule_probable_pitcher,1,5,1,0,0,0,0,2,0,0,0,0,0,2,0,0,No Line,0.0,none,-1,11,4,1,post,Final,Final,,,,,,,,,,,,,0,,,,,,none,780350
780572,2025-08-14,22:35,2025,Scranton/Wilkes-Barre RailRiders,Indianapolis Indians,Ryan Yarbrough,Nick Dombkowski,642232.0,694298.0,schedule_probable_pitcher,1,6,9,2,0,1,1,0,0,1,2,2,1,6,4,0,No Line,0.0,none,-1,12,16,1,post,Final,Final,,,,,,,,,,,,,0,,,,,,none,780572
781475,2025-08-14,22:35,2025,Durham Bulls,Nashville Sounds,Logan Workman,Robert Gasser,694312.0,688107.0,schedule_probable_pitcher,1,2,7,0,0,1,0,0,1,0,0,1,0,2,1,0,No Line,0.0,none,-1,7,15,1,post,Final,Final,,,,,,,,,,,,,0,,,,,,none,781475
781706,2025-08-14,22:35,2025,Buffalo Bisons,Lehigh Valley IronPigs,Trey Yesavage,Alan Rangel,702056.0,660604.0,schedule_probable_pitcher,1,10,5,0,2,1,0,0,0,1,2,4,0,6,4,0,No Line,0.0,none,-1,12,10,1,post,Final,Final,,,,,,,,,,,,,0,,,,,,none,781706
780653,2025-08-14,22:45,2025,Rochester Red Wings,Syracuse Mets,Andrew Alvarez,Brandon Sproat,674841.0,687075.0,schedule_probable_pitcher,1,9,2,0,2,2,0,0,0,5,0,0,0,7,2,0,No Line,0.0,none,-1,9,5,1,post,Final,Final,,,,,,,,,,,,,0,,,,,,none,780653
781626,2025-08-14,23:04,2025,Charlotte Knights,Memphis Redbirds,Owen White,Max Rajcic,669391.0,691008.0,schedule_probable_pitcher,1,4,5,1,0,0,0,0,0,0,0,0,0,1,0,0,No Line,0.0,none,-1,9,11,1,post,Final,Final,,,,,,,,,,,,,0,,,,,,none,781626
781174,2025-08-14,23:05,2025,Jacksonville Jumbo Shrimp,Norfolk Tides,Adam Mazur,Kyle Bradish,800049.0,680694.0,schedule_probable_pitcher,1,2,7,0,3,0,0,0,0,0,2,0,1,0,6,0,No Line,0.0,none,-1,4,11,1,post,Final,Final,,,,,,,,,,,,,0,,,,,,none,781174
781409,2025-08-14,23:05,2025,Gwinnett Stripers,Louisville Bats,JR Ritchie,Charlie Barnes,702275.0,656212.0,schedule_probable_pitcher,1,1,0,0,0,0,0,1,0,0,0,0,0,1,0,0,No Line,0.0,none,-1,10,3,1,post,Final,Final,,,,,,,,,,,,,0,,,,,,none,781409
780727,2025-08-14,23:35,2025,Omaha Storm Chasers,St. Paul Saints,Ethan Bosacker,Marco Raya,815073.0,694397.0,schedule_probable_pitcher,1,5,14,0,3,2,1,1,0,0,4,0,2,3,10,0,No Line,0.0,none,-1,8,12,1,post,Final,Final,,,,,,,,,,,,,0,,,,,,none,780727
781259,2025-08-14,23:38,2025,Iowa Cubs,Worcester Red Sox,Will Sanders,Connelly Early,691739.0,813349.0,schedule_probable_pitcher,1,10,13,1,4,1,2,1,0,0,2,0,0,3,8,0,No Line,0.0,none,-1,9,12,1,post,Final,Final,,,,,,,,,,,,,0,,,,,,none,781259
779613,2025-08-15,00:05,2025,Sugar Land Space Cowboys,Salt Lake Bees,J.P. France,Brett Kerry,641585.0,695049.0,schedule_probable_pitcher,1,3,7,1,0,0,0,0,0,0,3,0,4,1,7,0,No Line,0.0,none,-1,8,8,1,post,Final,Final,,,,,,,,,,,,,0,,,,,,none,779613
779826,2025-08-15,00:05,2025,Round Rock Express,Sacramento River Cats,Trey Supak,Hayden Birdsong,657022.0,806185.0,schedule_probable_pitcher,1,3,2,0,0,0,0,0,0,0,0,2,0,2,0,0,No Line,0.0,none,-1,3,5,1,post,Final,Final,,,,,,,,,,,,,0,,,,,,none,779826
779972,2025-08-15,00:05,2025,Oklahoma City Comets,Albuquerque Isotopes,Roki Sasaki,Mason Albright,808963.0,695476.0,schedule_probable_pitcher,1,5,8,1,2,0,0,2,1,1,3,0,2,4,8,0,No Line,0.0,none,-1,13,11,1,post,Final,Final,,,,,,,,,,,,,0,,,,,,none,779972
779902,2025-08-15,01:35,2025,Reno Aces,El Paso Chihuahuas,Kohl Drake,Jackson Wolf,684442.0,680232.0,schedule_probable_pitcher,1,5,10,0,2,2,0,0,4,1,1,0,0,3,7,0,No Line,0.0,none,-1,10,13,1,post,Final,Final,,,,,,,,,,,,,0,,,,,,none,779902
780052,2025-08-15,02:05,2025,Las Vegas Aviators,Tacoma Rainiers,Kade Morris,Jhonathan Díaz,695034.0,646242.0,schedule_probable_pitcher,1,7,6,1,0,0,0,0,3,0,1,0,1,1,5,0,No Line,0.0,none,-1,10,9,1,post,Final,Final,,,,,,,,,,,,,0,,,,,,none,780052
780574,2025-08-15,22:35,2025,Scranton/Wilkes-Barre RailRiders,Indianapolis Indians,Kenta Maeda,Johan Oviedo,628317.0,670912.0,schedule_probable_pitcher,1,5,6,0,0,2,1,0,0,1,0,0,3,3,4,0,No Line,0.0,none,-1,9,9,1,post,Final,Final,,,,,,,,,,,,,0,,,,,,none,780574
781480,2025-08-15,22:35,2025,Durham Bulls,Nashville Sounds,Jesse Scholtens,Garrett Stallings,669947.0,668831.0,schedule_probable_pitcher,1,2,6,1,3,1,0,0,2,0,1,0,0,2,6,0,No Line,0.0,none,-1,6,9,1,post,Final,Final,,,,,,,,,,,,,0,,,,,,none,781480
781709,2025-08-15,22:35,2025,Buffalo Bisons,Lehigh Valley IronPigs,Shane Bieber,Adonis Medina,669456.0,658431.0,schedule_probable_pitcher,1,2,0,0,0,1,0,1,0,0,0,0,0,2,0,0,No Line,0.0,none,-1,10,7,1,post,Final,Final,,,,,,,,,,,,,0,,,,,,none,781709
780654,2025-08-15,22:45,2025,Rochester Red Wings,Syracuse Mets,Bryce Conley,Brandon Waddell,676785.0,663399.0,schedule_probable_pitcher,1,5,1,0,0,1,0,0,0,1,1,0,0,2,1,0,No Line,0.0,none,-1,7,5,1,post,Final,Final,,,,,,,,,,,,,0,,,,,,none,780654
781630,2025-08-15,23:04,2025,Charlotte Knights,Memphis Redbirds,Mike Clevinger,Ian Bedell,605182.0,678016.0,schedule_probable_pitcher,1,5,7,1,1,0,2,2,0,2,1,0,0,5,4,0,No Line,0.0,none,-1,10,13,1,post,Final,Final,,,,,,,,,,,,,0,,,,,,none,781630
780351,2025-08-15,23:05,2025,Toledo Mud Hens,Columbus Clippers,Troy Watson,Austin Peterson,681890.0,804926.0,schedule_probable_pitcher,1,7,2,0,0,0,0,2,0,0,0,3,1,5,1,0,No Line,0.0,none,-1,15,8,1,post,Final,Final,,,,,,,,,,,,,0,,,,,,none,780351
781170,2025-08-15,23:05,2025,Jacksonville Jumbo Shrimp,Norfolk Tides,Adam Laskey,Tyler Wells,669445.0,669330.0,schedule_probable_pitcher,1,4,6,0,0,3,2,0,0,0,2,0,2,3,6,0,No Line,0.0,none,-1,8,8,1,post,Final,Final,,,,,,,,,,,,,0,,,,,,none,781170
781404,2025-08-15,23:05,2025,Gwinnett Stripers,Louisville Bats,Nathan Wiles,Hunter Parks,686249.0,688609.0,schedule_probable_pitcher,1,0,3,0,0,0,0,0,0,0,2,0,1,0,3,0,No Line,0.0,none,-1,2,6,1,post,Completed Early,Completed Early,,,,,,,,,,,,,0,,,,,,none,781404
780725,2025-08-15,23:35,2025,Omaha Storm Chasers,St. Paul Saints,Stephen Kolek,Andrew Morris,663568.0,702193.0,schedule_probable_pitcher,1,2,10,0,0,0,2,0,3,1,0,0,0,1,5,0,No Line,0.0,none,-1,6,11,1,post,Final,Final,,,,,,,,,,,,,0,,,,,,none,780725
779607,2025-08-16,00:05,2025,Sugar Land Space Cowboys,Salt Lake Bees,Lance McCullers Jr.,Jack Kochanowicz,621121.0,686799.0,schedule_probable_pitcher,1,6,2,0,0,0,0,2,1,2,0,0,0,4,1,0,No Line,0.0,none,-1,8,8,1,post,Final,Final,,,,,,,,,,,,,0,,,,,,none,779607
779971,2025-08-16,00:05,2025,Oklahoma City Comets,Albuquerque Isotopes,,Andrew Quezada,,676768.0,schedule_probable_pitcher,1,7,2,0,0,0,0,0,0,1,0,2,0,3,0,0,No Line,0.0,none,-1,9,4,1,post,Final,Final,,,,,,,,,,,,,0,,,,,,none,779971
781253,2025-08-16,00:08,2025,Iowa Cubs,Worcester Red Sox,Spencer Turnbull,Richard Fitts,605513.0,690916.0,schedule_probable_pitcher,1,9,6,0,0,0,0,1,4,1,1,0,0,2,5,0,No Line,0.0,none,-1,13,9,1,post,Final,Final,,,,,,,,,,,,,0,,,,,,none,781253
779825,2025-08-16,00:15,2025,Round Rock Express,Sacramento River Cats,Carl Edwards Jr.,Blade Tidwell,605218.0,694918.0,schedule_probable_pitcher,1,4,2,0,0,0,0,0,0,0,2,2,0,2,2,0,No Line,0.0,none,-1,6,10,1,post,Final,Final,,,,,,,,,,,,,0,,,,,,none,779825
779897,2025-08-16,01:35,2025,Reno Aces,El Paso Chihuahuas,Bryce Jarvis,Matt Waldron,686826.0,663362.0,schedule_probable_pitcher,1,5,7,0,0,0,1,2,0,0,4,1,0,3,5,0,No Line,0.0,none,-1,9,12,1,post,Final,Final,,,,,,,,,,,,,0,,,,,,none,779897
780047,2025-08-16,02:05,2025,Las Vegas Aviators,Tacoma Rainiers,Mason Barnett,Emerson Hancock,686930.0,676106.0,schedule_probable_pitcher,1,10,9,2,0,0,1,0,0,1,5,1,1,4,7,0,No Line,0.0,none,-1,12,11,1,post,Final,Final,,,,,,,,,,,,,0,,,,,,none,780047
780575,2025-08-16,22:05,2025,Scranton/Wilkes-Barre RailRiders,Indianapolis Indians,Brendan Beck,Bubba Chandler,694341.0,696149.0,schedule_probable_pitcher,1,11,5,0,1,1,1,0,0,3,1,6,0,10,3,0,No Line,0.0,none,-1,14,6,1,post,Final,Final,,,,,,,,,,,,,0,,,,,,none,780575
781399,2025-08-16,22:05,2025,Gwinnett Stripers,Louisville Bats,Jhancarlos Lara,Jared Lyons,702910.0,805723.0,schedule_probable_pitcher,1,3,6,0,0,3,2,0,0,0,0,0,4,3,6,0,No Line,0.0,none,-1,6,8,1,post,Final,Final,,,,,,,,,,,,,0,,,,,,none,781399
781623,2025-08-16,22:05,2025,Charlotte Knights,Memphis Redbirds,Duncan Davitt,Aaron Wilkerson,701474.0,658792.0,schedule_probable_pitcher,1,6,9,0,3,3,0,1,2,0,0,0,0,4,5,0,No Line,0.0,none,-1,10,11,1,post,Final,Final,,,,,,,,,,,,,0,,,,,,none,781623
781176,2025-08-16,22:35,2025,Jacksonville Jumbo Shrimp,Norfolk Tides,Ryan Gusto,Carson Ragsdale,687473.0,685068.0,schedule_probable_pitcher,1,4,7,0,1,0,0,0,4,0,0,0,0,0,5,0,No Line,0.0,none,-1,7,11,1,post,Final,Final,,,,,,,,,,,,,0,,,,,,none,781176
781479,2025-08-16,22:35,2025,Durham Bulls,Nashville Sounds,Brian Van Belle,Josh Maciejewski,687003.0,656671.0,schedule_probable_pitcher,1,7,5,4,1,0,0,0,2,0,0,2,0,6,3,0,No Line,0.0,none,-1,9,7,1,post,Final,Final,,,,,,,,,,,,,0,,,,,,none,781479
781704,2025-08-16,22:35,2025,Buffalo Bisons,Lehigh Valley IronPigs,Lazaro Estrada,Andrew Painter,681751.0,691725.0,schedule_probable_pitcher,1,3,10,3,0,0,0,0,2,0,2,0,4,3,8,0,No Line,0.0,none,-1,7,12,1,post,Final,Final,,,,,,,,,,,,,0,,,,,,none,781704
780646,2025-08-16,22:45,2025,Rochester Red Wings,Syracuse Mets,Kyle Luckham,,680734.0,,schedule_probable_pitcher,1,0,5,0,0,0,0,0,0,0,0,0,0,0,0,0,No Line,0.0,none,-1,4,6,1,post,Final,Final,,,,,,,,,,,,,0,,,,,,none,780646
780353,2025-08-16,23:05,2025,Toledo Mud Hens,Columbus Clippers,Nick Margevicius,Ryan Webb,676606.0,669067.0,schedule_probable_pitcher,1,3,4,0,0,1,1,0,1,0,0,0,0,1,2,0,No Line,0.0,none,-1,5,6,1,post,Final,Final,,,,,,,,,,,,,0,,,,,,none,780353
780721,2025-08-16,23:05,2025,Omaha Storm Chasers,St. Paul Saints,Dallas Keuchel,Mick Abel,572971.0,690953.0,schedule_probable_pitcher,1,4,3,0,0,0,0,0,1,0,0,2,1,2,2,0,No Line,0.0,none,-1,5,9,1,post,Final,Final,,,,,,,,,,,,,0,,,,,,none,780721
781249,2025-08-16,23:08,2025,Iowa Cubs,Worcester Red Sox,Connor Noland,Payton Tolle,690939.0,801139.0,schedule_probable_pitcher,1,5,9,0,1,0,0,0,3,0,2,0,0,0,6,0,No Line,0.0,none,-1,6,12,1,post,Final,Final,,,,,,,,,,,,,0,,,,,,none,781249
779604,2025-08-17,00:05,2025,Sugar Land Space Cowboys,Salt Lake Bees,Tyler Ivey,Caden Dana,663959.0,702674.0,schedule_probable_pitcher,1,4,2,0,0,1,0,2,0,1,0,0,2,4,2,0,No Line,0.0,none,-1,4,8,1,post,Final,Final,,,,,,,,,,,,,0,,,,,,none,779604
779973,2025-08-17,00:05,2025,Oklahoma City Comets,Albuquerque Isotopes,Matt Sauer,Xzavion Curry,669422.0,675540.0,schedule_probable_pitcher,1,5,7,1,0,1,1,0,0,0,3,2,1,4,5,0,No Line,0.0,none,-1,10,13,1,post,Final,Final,,,,,,,,,,,,,0,,,,,,none,779973
779824,2025-08-17,00:15,2025,Round Rock Express,Sacramento River Cats,Cory Abbott,Mason Black,676265.0,696131.0,schedule_probable_pitcher,1,4,0,0,0,3,0,0,0,0,0,1,0,4,0,0,No Line,0.0,none,-1,6,5,1,post,Final,Final,,,,,,,,,,,,,0,,,,,,none,779824
779899,2025-08-17,01:35,2025,Reno Aces,El Paso Chihuahuas,Spencer Giesting,Miguel Cienfuegos,801517.0,800550.0,schedule_probable_pitcher,1,5,8,1,2,0,0,0,1,0,1,0,1,1,5,0,No Line,0.0,none,-1,10,11,1,post,Final,Final,,,,,,,,,,,,,0,,,,,,none,779899
780049,2025-08-17,02:05,2025,Las Vegas Aviators,Tacoma Rainiers,Ken Waldichuk,Casey Lawrence,686610.0,596271.0,schedule_probable_pitcher,1,8,15,1,2,3,2,0,4,1,0,3,0,8,8,0,No Line,0.0,none,-1,11,17,1,post,Final,Final,,,,,,,,,,,,,0,,,,,,none,780049
780579,2025-08-17,17:05,2025,Scranton/Wilkes-Barre RailRiders,Indianapolis Indians,Erick Leal,Drake Fellows,612797.0,666148.0,schedule_probable_pitcher,1,7,5,0,0,1,0,6,2,0,0,0,0,7,2,0,No Line,0.0,none,-1,10,9,1,post,Final,Final,,,,,,,,,,,,,0,,,,,,none,780579
780644,2025-08-17,17:05,2025,Rochester Red Wings,Syracuse Mets,Adrian Sampson,,592716.0,,schedule_probable_pitcher,1,9,4,8,0,0,0,0,1,0,0,1,0,9,1,0,No Line,0.0,none,-1,14,4,1,post,Final,Final,,,,,,,,,,,,,0,,,,,,none,780644
781401,2025-08-17,17:05,2025,Gwinnett Stripers,Louisville Bats,Chris Sale,Chase Petty,519242.0,695534.0,schedule_probable_pitcher,1,6,5,0,1,0,0,1,0,0,0,1,3,2,4,0,No Line,0.0,none,-1,8,10,1,post,Final,Final,,,,,,,,,,,,,0,,,,,,none,781401
781703,2025-08-17,17:05,2025,Buffalo Bisons,Lehigh Valley IronPigs,Easton Lucas,Mitch Neunborn,687922.0,666748.0,schedule_probable_pitcher,1,5,4,1,0,0,0,1,0,0,0,3,1,5,1,0,No Line,0.0,none,-1,8,8,1,post,Final,Final,,,,,,,,,,,,,0,,,,,,none,781703
779820,2025-08-17,18:05,2025,Round Rock Express,Sacramento River Cats,Michael Plassmeyer,Carson Whisenhunt,674681.0,687931.0,schedule_probable_pitcher,1,2,6,2,0,0,0,0,0,0,1,0,2,2,3,0,No Line,0.0,none,-1,5,9,1,post,Final,Final,,,,,,,,,,,,,0,,,,,,none,779820
780348,2025-08-17,18:05,2025,Toledo Mud Hens,Columbus Clippers,,,,,schedule,0,7,5,3,0,2,0,0,1,1,0,0,0,6,1,0,No Line,0.0,none,-1,7,8,1,post,Final,Final,,,,,,,,,,,,,0,,,,,,none,780348
781250,2025-08-17,18:08,2025,Iowa Cubs,Worcester Red Sox,Chris Kachmar,Tyler Uberstine,690148.0,700413.0,schedule_probable_pitcher,1,8,5,0,4,1,0,3,1,2,0,0,0,6,5,0,No Line,0.0,none,-1,11,7,1,post,Final,Final,,,,,,,,,,,,,0,,,,,,none,781250
779892,2025-08-17,20:05,2025,Reno Aces,El Paso Chihuahuas,Dylan Ray,Kyle Hart,691009.0,606996.0,schedule_probable_pitcher,1,2,4,1,0,0,0,0,0,0,0,0,1,1,1,0,No Line,0.0,none,-1,5,7,1,post,Final,Final,,,,,,,,,,,,,0,,,,,,none,779892
781175,2025-08-17,21:05,2025,Jacksonville Jumbo Shrimp,Norfolk Tides,Morgan McSweeney,Albert Suárez,669682.0,544150.0,schedule_probable_pitcher,1,6,5,1,0,0,0,0,0,3,0,0,0,4,0,0,No Line,0.0,none,-1,9,10,1,post,Final,Final,,,,,,,,,,,,,0,,,,,,none,781175
781473,2025-08-17,21:05,2025,Durham Bulls,Nashville Sounds,Yoniel Curet,Easton McGee,692414.0,668834.0,schedule_probable_pitcher,1,8,4,0,0,0,2,0,0,2,0,0,2,2,4,0,No Line,0.0,none,-1,10,6,1,post,Final,Final,,,,,,,,,,,,,0,,,,,,none,781473
781629,2025-08-17,21:05,2025,Charlotte Knights,Memphis Redbirds,Jonathan Cannon,Curtis Taylor,686563.0,668954.0,schedule_probable_pitcher,1,3,6,1,2,0,2,0,0,0,0,0,0,1,4,0,No Line,0.0,none,-1,6,10,1,post,Final,Final,,,,,,,,,,,,,0,,,,,,none,781629
780722,2025-08-17,22:05,2025,Omaha Storm Chasers,St. Paul Saints,John Gant,Taj Bradley,607231.0,671737.0,schedule_probable_pitcher,1,12,11,1,1,0,1,3,3,2,0,2,3,8,8,0,No Line,0.0,none,-1,10,14,1,post,Final,Final,,,,,,,,,,,,,0,,,,,,none,780722
779969,2025-08-17,23:05,2025,Oklahoma City Comets,Albuquerque Isotopes,Christian Romero,Kyle Brnovich,699071.0,686599.0,schedule_probable_pitcher,1,9,5,0,0,0,0,3,0,5,2,1,0,9,2,0,No Line,0.0,none,-1,11,8,1,post,Final,Final,,,,,,,,,,,,,0,,,,,,none,779969
779605,2025-08-17,23:35,2025,Sugar Land Space Cowboys,Salt Lake Bees,Colton Gordon,Shaun Anderson,676467.0,641312.0,schedule_probable_pitcher,1,4,2,0,1,0,0,0,0,0,0,0,0,0,1,0,No Line,0.0,none,-1,5,3,1,post,Final,Final,,,,,,,,,,,,,0,,,,,,none,779605
780050,2025-08-18,01:05,2025,Las Vegas Aviators,Tacoma Rainiers,Joey Estes,Blas Castaño,683155.0,680604.0,schedule_probable_pitcher,1,12,7,0,0,2,0,0,0,1,1,3,0,6,1,0,No Line,0.0,none,-1,14,12,1,post,Final,Final,,,,,,,,,,,,,0,,,,,,none,780050
781554,2025-08-19,22:15,2025,Columbus Clippers,Omaha Storm Chasers,Aaron Davenport,Chandler Champlain,702126.0,669441.0,schedule_probable_pitcher,1,4,9,0,4,0,2,0,1,2,0,0,0,2,7,0,No Line,0.0,none,-1,6,8,1,post,Final,Final,,,,,,,,,,,,,0,,,,,,none,781554
780429,2025-08-19,22:35,2025,Syracuse Mets,Indianapolis Indians,Brandon Sproat,Hunter Barco,687075.0,682995.0,schedule_probable_pitcher,1,5,6,1,0,0,0,0,1,0,0,0,0,1,1,0,No Line,0.0,none,-1,8,8,1,post,Final,Final,,,,,,,,,,,,,0,,,,,,none,780429
780278,2025-08-19,22:45,2025,Worcester Red Sox,Jacksonville Jumbo Shrimp,,Patrick Monteverde,,687287.0,schedule_probable_pitcher,1,4,3,1,1,0,0,0,0,3,0,0,2,4,3,0,No Line,0.0,none,-1,8,8,1,post,Final,Final,,,,,,,,,,,,,0,,,,,,none,780278
780641,2025-08-19,22:45,2025,Rochester Red Wings,Toledo Mud Hens,Riley Cornelio,,683000.0,,schedule_probable_pitcher,1,4,12,1,2,0,0,2,1,0,2,1,5,4,10,0,No Line,0.0,none,-1,10,17,1,post,Final,Final,,,,,,,,,,,,,0,,,,,,none,780641
781104,2025-08-19,22:45,2025,Lehigh Valley IronPigs,Durham Bulls,Alan Rangel,Forrest Whitley,660604.0,666215.0,schedule_probable_pitcher,1,8,2,1,0,0,0,0,0,0,0,4,0,5,0,0,No Line,0.0,none,-1,8,4,1,post,Final,Final,,,,,,,,,,,,,0,,,,,,none,781104
780873,2025-08-19,23:35,2025,Nashville Sounds,Louisville Bats,Robert Gasser,Adam Plutko,688107.0,592644.0,schedule_probable_pitcher,1,7,3,0,0,2,0,4,0,0,0,0,2,6,2,0,No Line,0.0,none,-1,8,3,1,post,Final,Final,,,,,,,,,,,,,0,,,,,,none,780873
781254,2025-08-19,23:38,2025,Iowa Cubs,Sugar Land Space Cowboys,,Ethan Pecko,,814490.0,schedule_probable_pitcher,1,3,4,0,0,0,0,0,2,0,2,2,0,2,4,0,No Line,0.0,none,-1,8,8,1,post,Final,Final,,,,,,,,,,,,,0,,,,,,none,781254
780948,2025-08-19,23:45,2025,Memphis Redbirds,Gwinnett Stripers,Quinn Mathews,Anderson Pilar,687273.0,666768.0,schedule_probable_pitcher,1,1,7,0,1,1,1,0,0,0,0,0,0,1,2,0,No Line,0.0,none,-1,5,10,1,post,Final,Final,,,,,,,,,,,,,0,,,,,,none,780948
780499,2025-08-20,00:07,2025,St. Paul Saints,Round Rock Express,Connor Prielipp,,687570.0,,schedule_probable_pitcher,1,11,4,2,0,4,1,0,1,0,0,3,0,9,2,0,No Line,0.0,none,-1,15,7,1,post,Final,Final,,,,,,,,,,,,,0,,,,,,none,780499
780201,2025-08-20,00:35,2025,Albuquerque Isotopes,Las Vegas Aviators,,Mitch Spence,,687765.0,schedule_probable_pitcher,1,9,3,0,0,0,0,3,1,0,0,0,0,3,1,0,No Line,0.0,none,-1,11,5,1,post,Final,Final,,,,,,,,,,,,,0,,,,,,none,780201
779676,2025-08-20,01:05,2025,Salt Lake Bees,Reno Aces,Dakota Hudson,Casey Kelly,641712.0,543391.0,schedule_probable_pitcher,1,6,5,0,0,0,1,0,0,2,0,0,2,2,3,0,No Line,0.0,none,-1,7,12,1,post,Final,Final,,,,,,,,,,,,,0,,,,,,none,779676
779759,2025-08-20,01:45,2025,Sacramento River Cats,El Paso Chihuahuas,Trevor McDonald,Logan Gillaspie,686790.0,670810.0,schedule_probable_pitcher,1,4,3,2,3,0,0,0,0,0,0,0,0,2,3,0,No Line,0.0,none,-1,10,5,1,post,Final,Final,,,,,,,,,,,,,0,,,,,,none,779759
779525,2025-08-20,02:05,2025,Tacoma Rainiers,Oklahoma City Comets,Josh Fleming,Landon Knack,676596.0,689017.0,schedule_probable_pitcher,1,8,12,0,1,2,2,0,0,0,1,2,1,4,5,0,No Line,0.0,none,-1,9,19,1,post,Final,Final,,,,,,,,,,,,,0,,,,,,none,779525
781705,2025-08-20,17:05,2025,Buffalo Bisons,Scranton/Wilkes-Barre RailRiders,Alek Manoah,Sean Boyle,666201.0,682044.0,schedule_probable_pitcher,1,4,1,0,1,2,0,0,0,0,0,0,0,2,1,0,No Line,0.0,none,-1,5,5,1,post,Final,Final,,,,,,,,,,,,,0,,,,,,none,781705
781256,2025-08-20,17:08,2025,Iowa Cubs,Sugar Land Space Cowboys,Ethan Roberts,Miguel Ullola,681799.0,699044.0,schedule_probable_pitcher,1,5,0,0,0,0,0,0,0,0,0,0,0,0,0,0,No Line,0.0,none,-1,8,5,1,post,Final,Final,,,,,,,,,,,,,0,,,,,,none,781256
780804,2025-08-20,21:05,2025,Norfolk Tides,Charlotte Knights,Kyle Bradish,Mike Clevinger,680694.0,605182.0,schedule_probable_pitcher,1,4,3,0,1,1,0,0,0,0,2,0,0,1,3,0,No Line,0.0,none,-1,8,7,1,post,Final,Final,,,,,,,,,,,,,0,,,,,,none,780804
780803,2025-08-20,21:10,2025,Norfolk Tides,Charlotte Knights,Trey Gibson,Bryse Wilson,694346.0,669060.0,schedule_probable_pitcher,1,1,6,0,0,0,3,0,3,1,0,0,0,1,6,0,No Line,0.0,none,-1,5,7,1,post,Final,Final,,,,,,,,,,,,,0,,,,,,none,780803
781546,2025-08-20,22:15,2025,Columbus Clippers,Omaha Storm Chasers,Austin Peterson,Ben Kudrna,804926.0,695667.0,schedule_probable_pitcher,1,5,6,0,0,0,0,0,1,0,0,5,2,5,3,0,No Line,0.0,none,-1,5,10,1,post,Final,Final,,,,,,,,,,,,,0,,,,,,none,781546
780414,2025-08-20,22:35,2025,Syracuse Mets,Indianapolis Indians,,Nick Dombkowski,,694298.0,schedule_probable_pitcher,1,0,6,0,0,0,1,0,1,0,4,0,0,0,6,0,No Line,0.0,none,-1,3,7,1,post,Final,Final,,,,,,,,,,,,,0,,,,,,none,780414
780643,2025-08-20,22:45,2025,Rochester Red Wings,Toledo Mud Hens,Andrew Alvarez,,674841.0,,schedule_probable_pitcher,1,4,7,1,0,0,0,0,0,1,0,1,0,3,0,0,No Line,0.0,none,-1,8,9,1,post,Final,Final,,,,,,,,,,,,,0,,,,,,none,780643
781098,2025-08-20,22:45,2025,Lehigh Valley IronPigs,Durham Bulls,Ryan Cusick,Logan Workman,680743.0,694312.0,schedule_probable_pitcher,1,5,4,1,0,1,1,0,2,0,1,0,0,2,4,0,No Line,0.0,none,-1,10,5,1,post,Final,Final,,,,,,,,,,,,,0,,,,,,none,781098
780878,2025-08-20,23:35,2025,Nashville Sounds,Louisville Bats,Tate Kuehner,Charlie Barnes,804249.0,656212.0,schedule_probable_pitcher,1,7,5,1,2,1,1,0,0,4,0,0,2,6,5,0,No Line,0.0,none,-1,12,7,1,post,Final,Final,,,,,,,,,,,,,0,,,,,,none,780878
780951,2025-08-20,23:45,2025,Memphis Redbirds,Gwinnett Stripers,Max Rajcic,Carlos Carrasco,691008.0,471911.0,schedule_probable_pitcher,1,4,8,0,5,0,0,1,1,0,0,0,0,1,6,0,No Line,0.0,none,-1,11,9,1,post,Final,Final,,,,,,,,,,,,,0,,,,,,none,780951
780494,2025-08-21,00:07,2025,St. Paul Saints,Round Rock Express,Kendry Rojas,,696070.0,,schedule_probable_pitcher,1,5,7,0,0,0,2,0,0,2,2,3,0,5,4,0,No Line,0.0,none,-1,4,7,1,post,Final,Final,,,,,,,,,,,,,0,,,,,,none,780494
780205,2025-08-21,00:35,2025,Albuquerque Isotopes,Las Vegas Aviators,Gabriel Hughes,Kade Morris,687312.0,695034.0,schedule_probable_pitcher,1,3,9,0,0,0,0,0,0,0,5,0,0,0,5,0,No Line,0.0,none,-1,12,13,1,post,Final,Final,,,,,,,,,,,,,0,,,,,,none,780205
779669,2025-08-21,01:05,2025,Salt Lake Bees,Reno Aces,Brett Kerry,Kohl Drake,695049.0,684442.0,schedule_probable_pitcher,1,4,3,0,0,0,0,0,0,1,2,1,1,2,3,0,No Line,0.0,none,-1,8,9,1,post,Final,Final,,,,,,,,,,,,,0,,,,,,none,779669
779754,2025-08-21,01:45,2025,Sacramento River Cats,El Paso Chihuahuas,Hayden Birdsong,Wes Benjamin,806185.0,605138.0,schedule_probable_pitcher,1,9,8,1,0,0,0,2,1,0,4,2,0,5,5,0,No Line,0.0,none,-1,8,11,1,post,Final,Final,,,,,,,,,,,,,0,,,,,,none,779754
779530,2025-08-21,02:05,2025,Tacoma Rainiers,Oklahoma City Comets,Jhonathan Díaz,Roki Sasaki,646242.0,808963.0,schedule_probable_pitcher,1,7,6,0,0,1,0,0,1,2,0,0,0,3,1,0,No Line,0.0,none,-1,10,11,1,post,Final,Final,,,,,,,,,,,,,0,,,,,,none,779530
780807,2025-08-21,16:05,2025,Norfolk Tides,Charlotte Knights,Tyler Wells,Duncan Davitt,669330.0,701474.0,schedule_probable_pitcher,1,2,3,0,1,1,0,0,0,0,0,0,1,1,2,0,No Line,0.0,none,-1,5,9,1,post,Final,Final,,,,,,,,,,,,,0,,,,,,none,780807
781543,2025-08-21,16:05,2025,Columbus Clippers,Omaha Storm Chasers,Joey Cantillo,Stephen Kolek,676282.0,663568.0,schedule_probable_pitcher,1,9,5,2,0,0,1,2,0,1,1,0,2,5,4,0,No Line,0.0,none,-1,12,8,1,post,Final,Final,,,,,,,,,,,,,0,,,,,,none,781543
780642,2025-08-21,17:05,2025,Rochester Red Wings,Toledo Mud Hens,Bryce Conley,Troy Watson,676785.0,681890.0,schedule_probable_pitcher,1,5,16,1,3,0,3,0,1,1,0,0,0,2,7,0,No Line,0.0,none,-1,11,17,1,post,Final,Final,,,,,,,,,,,,,0,,,,,,none,780642
780275,2025-08-21,20:05,2025,Worcester Red Sox,Jacksonville Jumbo Shrimp,José De León,Robby Snelling,592254.0,702281.0,schedule_probable_pitcher,1,0,4,0,0,0,0,0,2,0,1,0,0,0,3,0,No Line,0.0,none,-1,5,11,1,post,Final,Final,,,,,,,,,,,,,0,,,,,,none,780275
780276,2025-08-21,20:10,2025,Worcester Red Sox,Jacksonville Jumbo Shrimp,Connelly Early,Adam Mazur,813349.0,800049.0,schedule_probable_pitcher,1,4,11,1,0,1,0,0,0,0,0,1,8,3,8,0,No Line,0.0,none,-1,10,10,1,post,Final,Final,,,,,,,,,,,,,0,,,,,,none,780276
781702,2025-08-21,21:15,2025,Buffalo Bisons,Scranton/Wilkes-Barre RailRiders,Trey Yesavage,Sean Boyle,702056.0,682044.0,schedule_probable_pitcher,1,3,5,0,0,0,3,2,0,0,0,0,0,2,3,0,No Line,0.0,none,-1,6,7,1,post,Final,Final,,,,,,,,,,,,,0,,,,,,none,781702
781700,2025-08-21,21:20,2025,Buffalo Bisons,Scranton/Wilkes-Barre RailRiders,CJ Van Eyk,,669310.0,,schedule_probable_pitcher,1,4,3,0,0,0,0,1,1,0,0,0,0,1,1,0,No Line,0.0,none,-1,5,7,1,post,Final,Final,,,,,,,,,,,,,0,,,,,,none,781700
780418,2025-08-21,22:35,2025,Syracuse Mets,Indianapolis Indians,,Jarod Bayless,,663681.0,schedule_probable_pitcher,1,1,16,0,1,0,6,0,0,0,3,0,5,0,15,0,No Line,0.0,none,-1,6,18,1,post,Final,Final,,,,,,,,,,,,,0,,,,,,none,780418
781097,2025-08-21,22:45,2025,Lehigh Valley IronPigs,Durham Bulls,Adonis Medina,Jesse Scholtens,658431.0,669947.0,schedule_probable_pitcher,1,6,5,0,2,0,0,0,0,0,0,1,0,1,2,0,No Line,0.0,none,-1,10,10,1,post,Final,Final,,,,,,,,,,,,,0,,,,,,none,781097
780879,2025-08-21,23:35,2025,Nashville Sounds,Louisville Bats,Garrett Stallings,Jose Franco,668831.0,683742.0,schedule_probable_pitcher,1,8,7,0,1,0,2,0,0,0,0,5,0,5,3,0,No Line,0.0,none,-1,12,12,1,post,Final,Final,,,,,,,,,,,,,0,,,,,,none,780879
781255,2025-08-21,23:38,2025,Iowa Cubs,Sugar Land Space Cowboys,Spencer Turnbull,Jose Fleury,605513.0,800067.0,schedule_probable_pitcher,1,2,5,0,3,0,0,1,0,0,2,0,0,1,5,0,No Line,0.0,none,-1,5,9,1,post,Final,Final,,,,,,,,,,,,,0,,,,,,none,781255
780952,2025-08-21,23:45,2025,Memphis Redbirds,Gwinnett Stripers,Ian Bedell,JR Ritchie,678016.0,702275.0,schedule_probable_pitcher,1,6,1,3,1,0,0,0,0,2,0,0,0,5,1,0,No Line,0.0,none,-1,8,8,1,post,Final,Final,,,,,,,,,,,,,0,,,,,,none,780952
780492,2025-08-22,00:07,2025,St. Paul Saints,Round Rock Express,Pablo López,,641154.0,,schedule_probable_pitcher,1,0,6,0,1,0,0,0,0,0,1,0,0,0,2,0,No Line,0.0,none,-1,6,12,1,post,Final,Final,,,,,,,,,,,,,0,,,,,,none,780492
780199,2025-08-22,00:35,2025,Albuquerque Isotopes,Las Vegas Aviators,Bradley Blalock,Mason Barnett,687134.0,686930.0,schedule_probable_pitcher,1,10,11,1,4,0,0,0,4,0,0,5,2,6,10,0,No Line,0.0,none,-1,13,15,1,post,Final,Final,,,,,,,,,,,,,0,,,,,,none,780199
779675,2025-08-22,01:05,2025,Salt Lake Bees,Reno Aces,Jack Kochanowicz,,686799.0,,schedule_probable_pitcher,1,6,10,0,1,2,1,4,0,0,3,0,0,6,5,0,No Line,0.0,none,-1,12,14,1,post,Final,Final,,,,,,,,,,,,,0,,,,,,none,779675
779751,2025-08-22,01:45,2025,Sacramento River Cats,El Paso Chihuahuas,Seth Lonsway,Matt Waldron,675920.0,663362.0,schedule_probable_pitcher,1,6,5,0,0,0,0,4,0,0,0,0,3,4,3,0,No Line,0.0,none,-1,10,5,1,post,Final,Final,,,,,,,,,,,,,0,,,,,,none,779751
779522,2025-08-22,02:05,2025,Tacoma Rainiers,Oklahoma City Comets,Nico Tellache,Kyle Funkhouser,688548.0,608335.0,schedule_probable_pitcher,1,6,9,0,3,1,0,0,0,1,3,0,0,2,6,0,No Line,0.0,none,-1,9,15,1,post,Final,Final,,,,,,,,,,,,,0,,,,,,none,779522
780419,2025-08-22,22:35,2025,Syracuse Mets,Indianapolis Indians,,Wilkin Ramos,,678576.0,schedule_probable_pitcher,1,5,0,1,0,0,0,2,0,0,0,0,0,3,0,0,No Line,0.0,none,-1,5,5,1,post,Final,Final,,,,,,,,,,,,,0,,,,,,none,780419
780795,2025-08-22,22:35,2025,Norfolk Tides,Charlotte Knights,Albert Suárez,,544150.0,,schedule_probable_pitcher,1,4,1,1,0,2,0,0,0,1,0,0,0,4,0,0,No Line,0.0,none,-1,9,6,1,post,Final,Final,,,,,,,,,,,,,0,,,,,,none,780795
781701,2025-08-22,22:35,2025,Buffalo Bisons,Scranton/Wilkes-Barre RailRiders,Adam Kloffenstein,Kenta Maeda,680572.0,628317.0,schedule_probable_pitcher,1,4,7,0,0,2,0,0,7,0,0,0,0,2,7,0,No Line,0.0,none,-1,6,9,1,post,Final,Final,,,,,,,,,,,,,0,,,,,,none,781701
780277,2025-08-22,22:45,2025,Worcester Red Sox,Jacksonville Jumbo Shrimp,Payton Tolle,Adam Laskey,801139.0,669445.0,schedule_probable_pitcher,1,3,9,1,1,1,0,1,0,0,0,0,0,3,1,0,No Line,0.0,none,-1,8,8,1,post,Final,Final,,,,,,,,,,,,,0,,,,,,none,780277
780649,2025-08-22,22:45,2025,Rochester Red Wings,Toledo Mud Hens,Kyle Luckham,Nick Margevicius,680734.0,676606.0,schedule_probable_pitcher,1,10,9,1,2,0,1,1,1,2,0,0,0,4,4,0,No Line,0.0,none,-1,13,14,1,post,Final,Final,,,,,,,,,,,,,0,,,,,,none,780649
781099,2025-08-22,23:05,2025,Lehigh Valley IronPigs,Durham Bulls,Andrew Painter,Brian Van Belle,691725.0,687003.0,schedule_probable_pitcher,1,5,2,0,0,0,0,0,0,0,0,0,1,0,1,0,No Line,0.0,none,-1,9,5,1,post,Final,Final,,,,,,,,,,,,,0,,,,,,none,781099
781550,2025-08-22,23:05,2025,Columbus Clippers,Omaha Storm Chasers,Ryan Webb,Stephen Nogosek,669067.0,668665.0,schedule_probable_pitcher,1,4,5,0,0,0,0,0,0,1,0,1,0,2,0,0,No Line,0.0,none,-1,11,7,1,post,Final,Final,,,,,,,,,,,,,0,,,,,,none,781550
780874,2025-08-22,23:35,2025,Nashville Sounds,Louisville Bats,,Chase Petty,,695534.0,schedule_probable_pitcher,1,8,4,5,0,1,4,0,0,0,0,0,0,6,4,0,No Line,0.0,none,-1,15,11,1,post,Final,Final,,,,,,,,,,,,,0,,,,,,none,780874
780946,2025-08-23,00:05,2025,Memphis Redbirds,Gwinnett Stripers,Aaron Wilkerson,Jhancarlos Lara,658792.0,702910.0,schedule_probable_pitcher,1,3,4,0,0,1,3,0,0,2,0,0,0,3,3,0,No Line,0.0,none,-1,4,8,1,post,Final,Final,,,,,,,,,,,,,0,,,,,,none,780946
780493,2025-08-23,00:07,2025,St. Paul Saints,Round Rock Express,Andrew Morris,,702193.0,,schedule_probable_pitcher,1,3,5,0,0,0,1,0,0,0,0,0,0,0,1,0,No Line,0.0,none,-1,10,9,1,post,Final,Final,,,,,,,,,,,,,0,,,,,,none,780493
781251,2025-08-23,00:08,2025,Iowa Cubs,Sugar Land Space Cowboys,Connor Noland,Tyler Ivey,690939.0,663959.0,schedule_probable_pitcher,1,3,2,0,0,0,0,0,0,0,0,2,0,2,0,0,No Line,0.0,none,-1,5,6,1,post,Final,Final,,,,,,,,,,,,,0,,,,,,none,781251
780197,2025-08-23,00:35,2025,Albuquerque Isotopes,Las Vegas Aviators,Mason Albright,Ken Waldichuk,695476.0,686610.0,schedule_probable_pitcher,1,8,7,0,2,0,2,2,2,3,0,3,0,8,6,0,No Line,0.0,none,-1,12,12,1,post,Final,Final,,,,,,,,,,,,,0,,,,,,none,780197
779671,2025-08-23,01:05,2025,Salt Lake Bees,Reno Aces,Caden Dana,Spencer Giesting,702674.0,801517.0,schedule_probable_pitcher,1,3,2,3,0,0,1,0,0,0,1,0,0,3,2,0,No Line,0.0,none,-1,4,5,1,post,Final,Final,,,,,,,,,,,,,0,,,,,,none,779671
779743,2025-08-23,01:45,2025,Sacramento River Cats,El Paso Chihuahuas,Mason Black,Jackson Wolf,696131.0,680232.0,schedule_probable_pitcher,1,1,12,0,0,0,0,0,0,0,6,0,0,0,6,0,No Line,0.0,none,-1,3,9,1,post,Final,Final,,,,,,,,,,,,,0,,,,,,none,779743
779523,2025-08-23,02:05,2025,Tacoma Rainiers,Oklahoma City Comets,Casey Lawrence,Zach Penrod,596271.0,683068.0,schedule_probable_pitcher,1,9,3,0,1,0,0,2,0,0,0,0,0,2,1,0,No Line,0.0,none,-1,11,9,1,post,Final,Final,,,,,,,,,,,,,0,,,,,,none,779523
780269,2025-08-23,20:05,2025,Worcester Red Sox,Jacksonville Jumbo Shrimp,Tyler Uberstine,Morgan McSweeney,700413.0,669682.0,schedule_probable_pitcher,1,6,5,1,0,2,0,2,0,0,0,0,0,5,0,0,No Line,0.0,none,-1,12,10,1,post,Final,Final,,,,,,,,,,,,,0,,,,,,none,780269
781549,2025-08-23,21:05,2025,Columbus Clippers,Omaha Storm Chasers,Will Dion,John Gant,702021.0,607231.0,schedule_probable_pitcher,1,7,23,1,4,1,2,0,3,0,3,0,0,2,12,0,No Line,0.0,none,-1,12,24,1,post,Final,Final,,,,,,,,,,,,,0,,,,,,none,781549
780416,2025-08-23,22:35,2025,Syracuse Mets,Indianapolis Indians,,Drake Fellows,,666148.0,schedule_probable_pitcher,1,4,0,0,0,2,0,1,0,0,0,0,0,3,0,0,No Line,0.0,none,-1,9,6,1,post,Final,Final,,,,,,,,,,,,,0,,,,,,none,780416
780798,2025-08-23,22:35,2025,Norfolk Tides,Charlotte Knights,Carson Ragsdale,Jonathan Cannon,685068.0,686563.0,schedule_probable_pitcher,1,4,2,0,0,0,0,0,0,1,2,0,0,1,2,0,No Line,0.0,none,-1,7,4,1,post,Final,Final,,,,,,,,,,,,,0,,,,,,none,780798
781102,2025-08-23,22:35,2025,Lehigh Valley IronPigs,Durham Bulls,Gabe Mosser,Yoniel Curet,682077.0,692414.0,schedule_probable_pitcher,1,5,4,0,0,0,0,2,0,0,0,0,1,2,1,0,No Line,0.0,none,-1,14,9,1,post,Final,Final,,,,,,,,,,,,,0,,,,,,none,781102
781699,2025-08-23,22:35,2025,Buffalo Bisons,Scranton/Wilkes-Barre RailRiders,Lazaro Estrada,Brendan Beck,681751.0,694341.0,schedule_probable_pitcher,1,3,10,0,0,0,0,0,1,2,2,0,4,2,7,0,No Line,0.0,none,-1,4,10,1,post,Final,Final,,,,,,,,,,,,,0,,,,,,none,781699
780645,2025-08-23,22:45,2025,Rochester Red Wings,Toledo Mud Hens,Adrian Sampson,Randy Dobnak,592716.0,677976.0,schedule_probable_pitcher,1,4,14,0,3,1,0,1,0,1,1,0,0,3,4,0,No Line,0.0,none,-1,8,15,1,post,Final,Final,,,,,,,,,,,,,0,,,,,,none,780645
781252,2025-08-23,23:08,2025,Iowa Cubs,Sugar Land Space Cowboys,Chris Kachmar,Colton Gordon,690148.0,676467.0,schedule_probable_pitcher,1,7,2,4,0,0,0,1,0,0,0,1,0,6,0,0,No Line,0.0,none,-1,11,4,1,post,Final,Final,,,,,,,,,,,,,0,,,,,,none,781252
780876,2025-08-23,23:35,2025,Nashville Sounds,Louisville Bats,Bruce Zimmermann,Jared Lyons,669145.0,805723.0,schedule_probable_pitcher,1,4,13,0,1,0,3,0,3,3,0,0,0,3,7,0,No Line,0.0,none,-1,4,13,1,post,Final,Final,,,,,,,,,,,,,0,,,,,,none,780876
780950,2025-08-23,23:35,2025,Memphis Redbirds,Gwinnett Stripers,Curtis Taylor,Chris Sale,668954.0,519242.0,schedule_probable_pitcher,1,2,4,1,0,0,0,0,0,0,0,0,0,1,0,0,No Line,0.0,none,-1,7,8,1,post,Final,Final,,,,,,,,,,,,,0,,,,,,none,780950
780496,2025-08-23,23:37,2025,St. Paul Saints,Round Rock Express,Christian MacLeod,,681306.0,,schedule_probable_pitcher,1,9,10,0,0,1,0,0,3,2,2,0,0,3,5,0,No Line,0.0,none,-1,11,14,1,post,Final,Final,,,,,,,,,,,,,0,,,,,,none,780496
780198,2025-08-24,00:35,2025,Albuquerque Isotopes,Las Vegas Aviators,Xzavion Curry,Mitch Spence,675540.0,687765.0,schedule_probable_pitcher,1,10,6,0,2,0,1,1,0,3,0,2,1,6,4,0,No Line,0.0,none,-1,12,11,1,post,Final,Final,,,,,,,,,,,,,0,,,,,,none,780198
779529,2025-08-24,01:05,2025,Tacoma Rainiers,Oklahoma City Comets,Blas Castaño,Christian Romero,680604.0,699071.0,schedule_probable_pitcher,1,9,7,1,0,3,0,0,0,1,3,0,0,5,3,0,No Line,0.0,none,-1,8,9,1,post,Final,Final,,,,,,,,,,,,,0,,,,,,none,779529
779672,2025-08-24,01:05,2025,Salt Lake Bees,Reno Aces,Shaun Anderson,Dylan Ray,641312.0,691009.0,schedule_probable_pitcher,1,6,4,3,0,0,2,0,0,0,0,0,0,3,2,0,No Line,0.0,none,-1,8,10,1,post,Final,Final,,,,,,,,,,,,,0,,,,,,none,779672
779742,2025-08-24,01:37,2025,Sacramento River Cats,El Paso Chihuahuas,JT Brubaker,Randy Vásquez,664141.0,681190.0,schedule_probable_pitcher,1,5,4,0,0,0,0,0,0,0,0,0,0,0,0,0,No Line,0.0,none,-1,10,6,1,post,Final,Final,,,,,,,,,,,,,0,,,,,,none,779742
780274,2025-08-24,17:05,2025,Worcester Red Sox,Jacksonville Jumbo Shrimp,Chris Murphy,Patrick Monteverde,669684.0,687287.0,schedule_probable_pitcher,1,8,3,2,0,3,0,0,0,2,0,0,0,7,0,0,No Line,0.0,none,-1,10,7,1,post,Final,Final,,,,,,,,,,,,,0,,,,,,none,780274
780421,2025-08-24,17:05,2025,Syracuse Mets,Indianapolis Indians,,Ryan Harbin,,689877.0,schedule_probable_pitcher,1,9,12,1,4,3,4,0,0,1,2,0,1,5,11,0,No Line,0.0,none,-1,12,15,1,post,Completed Early,Completed Early,,,,,,,,,,,,,0,,,,,,none,780421
780648,2025-08-24,17:05,2025,Rochester Red Wings,Toledo Mud Hens,Riley Cornelio,,683000.0,,schedule_probable_pitcher,1,4,13,0,0,0,0,1,1,1,4,1,2,3,7,0,No Line,0.0,none,-1,7,16,1,post,Final,Final,,,,,,,,,,,,,0,,,,,,none,780648
780792,2025-08-24,17:05,2025,Norfolk Tides,Charlotte Knights,Cameron Weston,,687721.0,,schedule_probable_pitcher,1,6,4,0,0,1,0,0,2,0,1,0,0,1,3,0,No Line,0.0,none,-1,5,10,1,post,Final,Final,,,,,,,,,,,,,0,,,,,,none,780792
781547,2025-08-24,17:05,2025,Columbus Clippers,Omaha Storm Chasers,Aaron Davenport,Chandler Champlain,702126.0,669441.0,schedule_probable_pitcher,1,3,7,0,0,0,1,0,1,0,0,2,1,2,3,0,No Line,0.0,none,-1,6,11,1,post,Final,Final,,,,,,,,,,,,,0,,,,,,none,781547
781692,2025-08-24,17:05,2025,Buffalo Bisons,Scranton/Wilkes-Barre RailRiders,Easton Lucas,Erick Leal,687922.0,612797.0,schedule_probable_pitcher,1,3,5,0,0,0,0,2,0,0,0,1,0,3,0,0,No Line,0.0,none,-1,5,10,1,post,Final,Final,,,,,,,,,,,,,0,,,,,,none,781692
781105,2025-08-24,17:35,2025,Lehigh Valley IronPigs,Durham Bulls,Alan Rangel,,660604.0,,schedule_probable_pitcher,1,5,4,0,0,0,1,0,1,1,0,0,0,1,2,0,No Line,0.0,none,-1,8,8,1,post,Final,Final,,,,,,,,,,,,,0,,,,,,none,781105
779673,2025-08-24,18:05,2025,Salt Lake Bees,Reno Aces,Dakota Hudson,Casey Kelly,641712.0,543391.0,schedule_probable_pitcher,1,8,10,1,1,2,1,4,0,0,2,0,3,7,7,0,No Line,0.0,none,-1,9,17,1,post,Final,Final,,,,,,,,,,,,,0,,,,,,none,779673
780949,2025-08-24,18:05,2025,Memphis Redbirds,Gwinnett Stripers,Quinn Mathews,Dane Dunning,687273.0,641540.0,schedule_probable_pitcher,1,7,1,1,0,4,0,0,0,0,0,0,1,5,1,0,No Line,0.0,none,-1,13,5,1,post,Final,Final,,,,,,,,,,,,,0,,,,,,none,780949
781245,2025-08-24,18:08,2025,Iowa Cubs,Sugar Land Space Cowboys,,Ethan Pecko,,814490.0,schedule_probable_pitcher,1,4,8,0,3,0,1,1,0,0,2,0,0,1,6,0,No Line,0.0,none,-1,12,10,1,post,Final,Final,,,,,,,,,,,,,0,,,,,,none,781245
780495,2025-08-24,19:07,2025,St. Paul Saints,Round Rock Express,Cory Lewis,,675375.0,,schedule_probable_pitcher,1,5,11,0,6,0,3,0,0,0,0,4,0,4,9,0,No Line,0.0,none,-1,16,15,1,post,Final,Final,,,,,,,,,,,,,0,,,,,,none,780495
780196,2025-08-24,19:35,2025,Albuquerque Isotopes,Las Vegas Aviators,Germán Márquez,Mitch Spence,608566.0,687765.0,schedule_probable_pitcher,1,2,3,0,0,0,0,0,2,0,0,0,0,0,2,0,No Line,0.0,none,-1,5,8,1,post,Final,Final,,,,,,,,,,,,,0,,,,,,none,780196
779745,2025-08-24,20:05,2025,Sacramento River Cats,El Paso Chihuahuas,Trevor McDonald,Logan Gillaspie,686790.0,670810.0,schedule_probable_pitcher,1,5,16,0,4,0,4,0,0,3,0,0,0,3,8,0,No Line,0.0,none,-1,12,17,1,post,Final,Final,,,,,,,,,,,,,0,,,,,,none,779745
779521,2025-08-24,20:35,2025,Tacoma Rainiers,Oklahoma City Comets,Josh Fleming,Landon Knack,676596.0,689017.0,schedule_probable_pitcher,1,3,6,1,1,2,0,0,3,0,0,0,0,3,4,0,No Line,0.0,none,-1,7,16,1,post,Final,Final,,,,,,,,,,,,,0,,,,,,none,779521
780875,2025-08-24,23:05,2025,Nashville Sounds,Louisville Bats,Robert Gasser,Adam Plutko,688107.0,592644.0,schedule_probable_pitcher,1,2,5,0,0,0,1,0,0,1,1,0,0,1,2,0,No Line,0.0,none,-1,6,7,1,post,Final,Final,,,,,,,,,,,,,0,,,,,,none,780875
780347,2025-08-26,22:35,2025,Toledo Mud Hens,St. Paul Saints,Randy Dobnak,Pablo López,677976.0,641154.0,schedule_probable_pitcher,1,4,5,2,0,1,0,0,0,0,3,0,0,3,3,0,No Line,0.0,none,-1,8,5,1,post,Final,Final,,,,,,,,,,,,,0,,,,,,none,780347
780577,2025-08-26,22:35,2025,Scranton/Wilkes-Barre RailRiders,Syracuse Mets,Ryan Yarbrough,,642232.0,,schedule_probable_pitcher,1,9,4,1,0,0,0,0,0,0,0,2,2,3,2,0,No Line,0.0,none,-1,9,9,1,post,Final,Final,,,,,,,,,,,,,0,,,,,,none,780577
781025,2025-08-26,22:35,2025,Louisville Bats,Columbus Clippers,Jose Franco,,683742.0,,schedule_probable_pitcher,1,7,0,1,0,2,0,1,0,1,0,0,0,5,0,0,No Line,0.0,none,-1,9,5,1,post,Final,Final,,,,,,,,,,,,,0,,,,,,none,781025
781321,2025-08-26,22:35,2025,Indianapolis Indians,Buffalo Bisons,Nick Dombkowski,Alek Manoah,694298.0,666201.0,schedule_probable_pitcher,1,4,5,3,0,0,0,0,2,0,0,0,0,3,2,0,No Line,0.0,none,-1,8,8,1,post,Final,Final,,,,,,,,,,,,,0,,,,,,none,781321
781474,2025-08-26,22:35,2025,Durham Bulls,Worcester Red Sox,,,,,schedule,0,2,5,0,1,1,0,0,2,0,0,0,0,1,3,0,No Line,0.0,none,-1,9,9,1,post,Final,Final,,,,,,,,,,,,,0,,,,,,none,781474
781169,2025-08-26,23:05,2025,Jacksonville Jumbo Shrimp,Rochester Red Wings,Adam Laskey,Andrew Alvarez,669445.0,674841.0,schedule_probable_pitcher,1,5,8,0,2,0,1,1,2,1,0,0,0,2,5,0,No Line,0.0,none,-1,8,11,1,post,Final,Final,,,,,,,,,,,,,0,,,,,,none,781169
781400,2025-08-26,23:05,2025,Gwinnett Stripers,Norfolk Tides,Carlos Carrasco,Trey Gibson,471911.0,694346.0,schedule_probable_pitcher,1,8,4,1,2,1,0,2,0,3,2,0,0,7,4,0,No Line,0.0,none,-1,12,9,1,post,Final,Final,,,,,,,,,,,,,0,,,,,,none,781400
780720,2025-08-26,23:35,2025,Omaha Storm Chasers,Lehigh Valley IronPigs,Ben Kudrna,Mitch Neunborn,695667.0,666748.0,schedule_probable_pitcher,1,11,9,3,3,0,0,1,3,0,0,0,0,4,6,0,No Line,0.0,none,-1,13,11,1,post,Final,Final,,,,,,,,,,,,,0,,,,,,none,780720
780871,2025-08-26,23:35,2025,Nashville Sounds,Charlotte Knights,Garrett Stallings,Mike Clevinger,668831.0,605182.0,schedule_probable_pitcher,1,3,7,0,0,0,0,0,6,1,0,0,0,1,6,0,No Line,0.0,none,-1,6,9,1,post,Final,Final,,,,,,,,,,,,,0,,,,,,none,780871
779602,2025-08-27,00:05,2025,Sugar Land Space Cowboys,Albuquerque Isotopes,Luis Garcia,Gabriel Hughes,677651.0,687312.0,schedule_probable_pitcher,1,6,4,1,0,0,0,0,0,0,0,0,0,1,0,0,No Line,0.0,none,-1,8,5,1,post,Final,Final,,,,,,,,,,,,,0,,,,,,none,779602
779821,2025-08-27,00:05,2025,Round Rock Express,Salt Lake Bees,Ben Anderson,Brett Kerry,670391.0,695049.0,schedule_probable_pitcher,1,2,7,0,0,0,0,2,1,0,1,0,0,2,2,0,No Line,0.0,none,-1,7,14,1,post,Final,Final,,,,,,,,,,,,,0,,,,,,none,779821
779974,2025-08-27,00:05,2025,Oklahoma City Comets,Memphis Redbirds,Roki Sasaki,Max Rajcic,808963.0,691008.0,schedule_probable_pitcher,1,2,4,1,1,0,0,0,0,0,2,0,0,1,3,0,No Line,0.0,none,-1,7,11,1,post,Final,Final,,,,,,,,,,,,,0,,,,,,none,779974
780124,2025-08-27,00:35,2025,El Paso Chihuahuas,Tacoma Rainiers,Miguel Cienfuegos,Jhonathan Díaz,800550.0,646242.0,schedule_probable_pitcher,1,10,13,0,0,0,5,9,0,0,0,0,4,9,9,0,No Line,0.0,none,-1,16,18,1,post,Final,Final,,,,,,,,,,,,,0,,,,,,none,780124
779893,2025-08-27,01:35,2025,Reno Aces,Sacramento River Cats,Casey Kelly,Hayden Birdsong,543391.0,806185.0,schedule_probable_pitcher,1,1,17,0,0,0,0,0,0,0,3,0,2,0,5,0,No Line,0.0,none,-1,5,18,1,post,Final,Final,,,,,,,,,,,,,0,,,,,,none,779893
780048,2025-08-27,02:05,2025,Las Vegas Aviators,Iowa Cubs,Kade Morris,Antonio Santos,695034.0,665733.0,schedule_probable_pitcher,1,10,0,0,0,0,0,0,0,7,0,0,0,7,0,0,No Line,0.0,none,-1,8,6,1,post,Final,Final,,,,,,,,,,,,,0,,,,,,none,780048
781027,2025-08-27,16:05,2025,Louisville Bats,Columbus Clippers,T.J. Sikkema,Joey Cantillo,674674.0,676282.0,schedule_probable_pitcher,1,8,2,1,0,0,0,0,0,1,0,0,1,2,1,0,No Line,0.0,none,-1,8,5,1,post,Final,Final,,,,,,,,,,,,,0,,,,,,none,781027
780125,2025-08-27,18:05,2025,El Paso Chihuahuas,Tacoma Rainiers,Matt Waldron,Dylan File,663362.0,668766.0,schedule_probable_pitcher,1,6,3,1,3,0,0,0,0,0,0,0,0,1,3,0,No Line,0.0,none,-1,13,8,1,post,Final,Final,,,,,,,,,,,,,0,,,,,,none,780125
780342,2025-08-27,22:35,2025,Toledo Mud Hens,St. Paul Saints,Troy Watson,Kendry Rojas,681890.0,696070.0,schedule_probable_pitcher,1,1,3,0,0,0,0,0,0,0,0,0,0,0,0,0,No Line,0.0,none,-1,7,5,1,post,Final,Final,,,,,,,,,,,,,0,,,,,,none,780342
780570,2025-08-27,22:35,2025,Scranton/Wilkes-Barre RailRiders,Syracuse Mets,Sean Boyle,,682044.0,,schedule_probable_pitcher,1,6,1,0,0,1,0,0,0,0,0,5,0,6,0,0,No Line,0.0,none,-1,9,5,1,post,Final,Final,,,,,,,,,,,,,0,,,,,,none,780570
781322,2025-08-27,22:35,2025,Indianapolis Indians,Buffalo Bisons,,Trey Yesavage,,702056.0,schedule_probable_pitcher,1,3,6,1,3,0,1,0,2,0,0,0,0,1,6,0,No Line,0.0,none,-1,8,7,1,post,Final,Final,,,,,,,,,,,,,0,,,,,,none,781322
781466,2025-08-27,22:35,2025,Durham Bulls,Worcester Red Sox,Jesse Scholtens,Connelly Early,669947.0,813349.0,schedule_probable_pitcher,1,3,5,0,0,0,1,0,1,3,1,0,1,3,4,0,No Line,0.0,none,-1,4,10,1,post,Final,Final,,,,,,,,,,,,,0,,,,,,none,781466
781168,2025-08-27,23:05,2025,Jacksonville Jumbo Shrimp,Rochester Red Wings,Adam Mazur,Bryce Conley,800049.0,676785.0,schedule_probable_pitcher,1,5,6,0,1,2,1,1,0,0,0,1,1,4,3,0,No Line,0.0,none,-1,13,10,1,post,Final,Final,,,,,,,,,,,,,0,,,,,,none,781168
781402,2025-08-27,23:05,2025,Gwinnett Stripers,Norfolk Tides,JR Ritchie,Tyler Wells,702275.0,669330.0,schedule_probable_pitcher,1,2,1,0,0,0,0,0,0,0,0,2,0,2,0,0,No Line,0.0,none,-1,6,2,1,post,Final,Final,,,,,,,,,,,,,0,,,,,,none,781402
780723,2025-08-27,23:35,2025,Omaha Storm Chasers,Lehigh Valley IronPigs,Stephen Kolek,Ryan Cusick,663568.0,680743.0,schedule_probable_pitcher,1,3,15,1,0,1,0,0,0,0,3,0,3,2,6,0,No Line,0.0,none,-1,7,16,1,post,Final,Final,,,,,,,,,,,,,0,,,,,,none,780723
780877,2025-08-27,23:35,2025,Nashville Sounds,Charlotte Knights,Tucker Davidson,Duncan Davitt,656353.0,701474.0,schedule_probable_pitcher,1,10,11,0,0,0,1,2,4,0,0,0,2,2,7,0,No Line,0.0,none,-1,10,13,1,post,Final,Final,,,,,,,,,,,,,0,,,,,,none,780877
779601,2025-08-28,00:05,2025,Sugar Land Space Cowboys,Albuquerque Isotopes,Jose Fleury,Bradley Blalock,800067.0,687134.0,schedule_probable_pitcher,1,4,3,0,0,1,0,0,0,0,0,1,1,2,1,0,No Line,0.0,none,-1,8,7,1,post,Final,Final,,,,,,,,,,,,,0,,,,,,none,779601
779822,2025-08-28,00:05,2025,Round Rock Express,Salt Lake Bees,Carl Edwards Jr.,Sammy Peralta,605218.0,671111.0,schedule_probable_pitcher,1,5,7,1,0,2,0,1,0,0,3,0,1,4,4,0,No Line,0.0,none,-1,8,11,1,post,Final,Final,,,,,,,,,,,,,0,,,,,,none,779822
779976,2025-08-28,00:05,2025,Oklahoma City Comets,Memphis Redbirds,Matt Sauer,Ian Bedell,669422.0,678016.0,schedule_probable_pitcher,1,6,8,0,1,0,1,1,0,3,0,0,3,4,5,0,No Line,0.0,none,-1,10,12,1,post,Final,Final,,,,,,,,,,,,,0,,,,,,none,779976
779891,2025-08-28,01:35,2025,Reno Aces,Sacramento River Cats,Yu-Min Lin,Seth Lonsway,801179.0,675920.0,schedule_probable_pitcher,1,5,11,4,0,0,0,0,0,0,2,0,0,4,2,0,No Line,0.0,none,-1,8,11,1,post,Final,Final,,,,,,,,,,,,,0,,,,,,none,779891
780046,2025-08-28,02:05,2025,Las Vegas Aviators,Iowa Cubs,Blake Beers,Spencer Turnbull,676275.0,605513.0,schedule_probable_pitcher,1,9,11,2,0,1,4,5,4,0,0,0,0,8,8,0,No Line,0.0,none,-1,11,14,1,post,Final,Final,,,,,,,,,,,,,0,,,,,,none,780046
780344,2025-08-28,22:35,2025,Toledo Mud Hens,St. Paul Saints,,David Festa,,701581.0,schedule_probable_pitcher,1,4,5,0,1,0,0,0,2,3,1,0,0,3,4,0,No Line,0.0,none,-1,5,8,1,post,Final,Final,,,,,,,,,,,,,0,,,,,,none,780344
780564,2025-08-28,22:35,2025,Scranton/Wilkes-Barre RailRiders,Syracuse Mets,Kenta Maeda,,628317.0,,schedule_probable_pitcher,1,8,11,0,5,3,3,0,2,0,0,0,0,3,10,0,No Line,0.0,none,-1,11,13,1,post,Final,Final,,,,,,,,,,,,,0,,,,,,none,780564
781026,2025-08-28,22:35,2025,Louisville Bats,Columbus Clippers,Chase Petty,Austin Peterson,695534.0,804926.0,schedule_probable_pitcher,1,0,2,0,0,0,0,0,2,0,0,0,0,0,2,0,No Line,0.0,none,-1,4,3,1,post,Final,Final,,,,,,,,,,,,,0,,,,,,none,781026
781318,2025-08-28,22:35,2025,Indianapolis Indians,Buffalo Bisons,Thomas Harrington,CJ Van Eyk,802419.0,669310.0,schedule_probable_pitcher,1,3,5,0,0,0,5,0,0,0,0,0,0,0,5,0,No Line,0.0,none,-1,8,7,1,post,Final,Final,,,,,,,,,,,,,0,,,,,,none,781318
781468,2025-08-28,22:35,2025,Durham Bulls,Worcester Red Sox,Joe Boyle,José De León,671212.0,592254.0,schedule_probable_pitcher,1,4,1,1,0,0,0,1,0,1,0,1,0,4,0,0,No Line,0.0,none,-1,7,6,1,post,Final,Final,,,,,,,,,,,,,0,,,,,,none,781468
781173,2025-08-28,23:05,2025,Jacksonville Jumbo Shrimp,Rochester Red Wings,Robby Snelling,Kyle Luckham,702281.0,680734.0,schedule_probable_pitcher,1,4,3,1,0,0,2,1,0,0,0,0,0,2,2,0,No Line,0.0,none,-1,8,8,1,post,Final,Final,,,,,,,,,,,,,0,,,,,,none,781173
781403,2025-08-28,23:05,2025,Gwinnett Stripers,Norfolk Tides,Jhancarlos Lara,Levi Wells,702910.0,694370.0,schedule_probable_pitcher,1,4,2,0,0,2,0,0,2,0,0,0,0,2,2,0,No Line,0.0,none,-1,5,2,1,post,Final,Final,,,,,,,,,,,,,0,,,,,,none,781403
780718,2025-08-28,23:35,2025,Omaha Storm Chasers,Lehigh Valley IronPigs,Shane Panzini,Andrew Painter,695556.0,691725.0,schedule_probable_pitcher,1,7,10,0,2,3,0,0,1,1,3,0,0,4,6,0,No Line,0.0,none,-1,10,10,1,post,Final,Final,,,,,,,,,,,,,0,,,,,,none,780718
780867,2025-08-28,23:35,2025,Nashville Sounds,Charlotte Knights,Bruce Zimmermann,Sean Burke,669145.0,680732.0,schedule_probable_pitcher,1,5,2,1,0,3,0,0,1,0,0,0,0,4,1,0,No Line,0.0,none,-1,8,6,1,post,Final,Final,,,,,,,,,,,,,0,,,,,,none,780867
779603,2025-08-29,00:05,2025,Sugar Land Space Cowboys,Albuquerque Isotopes,Jose Fleury,Mason Albright,800067.0,695476.0,schedule_probable_pitcher,1,9,8,3,0,0,3,0,0,1,0,1,0,5,3,0,No Line,0.0,none,-1,12,11,1,post,Final,Final,,,,,,,,,,,,,0,,,,,,none,779603
779818,2025-08-29,00:05,2025,Round Rock Express,Salt Lake Bees,Trey Supak,Caden Dana,657022.0,702674.0,schedule_probable_pitcher,1,7,3,0,0,2,0,3,0,0,0,0,0,5,0,0,No Line,0.0,none,-1,9,5,1,post,Final,Final,,,,,,,,,,,,,0,,,,,,none,779818
779968,2025-08-29,00:05,2025,Oklahoma City Comets,Memphis Redbirds,Kyle Funkhouser,Aaron Wilkerson,608335.0,658792.0,schedule_probable_pitcher,1,3,7,0,4,0,0,0,0,0,1,1,0,1,5,0,No Line,0.0,none,-1,10,10,1,post,Final,Final,,,,,,,,,,,,,0,,,,,,none,779968
780119,2025-08-29,00:35,2025,El Paso Chihuahuas,Tacoma Rainiers,Jackson Wolf,Casey Lawrence,680232.0,596271.0,schedule_probable_pitcher,1,5,9,0,1,4,0,1,0,0,0,0,0,5,1,0,No Line,0.0,none,-1,13,12,1,post,Final,Final,,,,,,,,,,,,,0,,,,,,none,780119
779900,2025-08-29,01:35,2025,Reno Aces,Sacramento River Cats,,JT Brubaker,,664141.0,schedule_probable_pitcher,1,7,21,0,5,0,0,1,13,1,0,0,0,2,18,0,No Line,0.0,none,-1,11,21,1,post,Final,Final,,,,,,,,,,,,,0,,,,,,none,779900
780045,2025-08-29,02:05,2025,Las Vegas Aviators,Iowa Cubs,Ken Waldichuk,Connor Noland,686610.0,690939.0,schedule_probable_pitcher,1,8,4,0,0,0,0,4,0,0,0,4,3,8,3,0,No Line,0.0,none,-1,11,6,1,post,Final,Final,,,,,,,,,,,,,0,,,,,,none,780045
780568,2025-08-29,22:35,2025,Scranton/Wilkes-Barre RailRiders,Syracuse Mets,Allan Winans,,642216.0,,schedule_probable_pitcher,1,6,2,0,0,0,0,1,0,0,0,3,0,4,0,0,No Line,0.0,none,-1,9,7,1,post,Final,Final,,,,,,,,,,,,,0,,,,,,none,780568
781471,2025-08-29,22:35,2025,Durham Bulls,Worcester Red Sox,Yoniel Curet,Shane Drohan,692414.0,675660.0,schedule_probable_pitcher,1,5,3,0,0,0,1,0,0,0,0,1,0,1,1,0,No Line,0.0,none,-1,7,5,1,post,Final,Final,,,,,,,,,,,,,0,,,,,,none,781471
780343,2025-08-29,23:05,2025,Toledo Mud Hens,St. Paul Saints,Keider Montero,John Klein,672456.0,804619.0,schedule_probable_pitcher,1,2,1,0,0,2,0,0,0,0,1,0,0,2,1,0,No Line,0.0,none,-1,4,4,1,post,Final,Final,,,,,,,,,,,,,0,,,,,,none,780343
781171,2025-08-29,23:05,2025,Jacksonville Jumbo Shrimp,Rochester Red Wings,Dax Fulton,Adrian Sampson,690978.0,592716.0,schedule_probable_pitcher,1,1,6,0,0,0,2,0,0,0,2,0,1,0,5,0,No Line,0.0,none,-1,4,12,1,post,Final,Final,,,,,,,,,,,,,0,,,,,,none,781171
781319,2025-08-29,23:05,2025,Indianapolis Indians,Buffalo Bisons,Drake Fellows,Adam Kloffenstein,666148.0,680572.0,schedule_probable_pitcher,1,5,3,0,0,1,0,0,0,0,0,1,1,2,1,0,No Line,0.0,none,-1,11,5,1,post,Final,Final,,,,,,,,,,,,,0,,,,,,none,781319
781405,2025-08-29,23:05,2025,Gwinnett Stripers,Norfolk Tides,José Suarez,Carson Ragsdale,660761.0,685068.0,schedule_probable_pitcher,1,1,0,0,0,0,0,0,0,1,0,0,0,1,0,0,No Line,0.0,none,-1,3,3,1,post,Final,Final,,,,,,,,,,,,,0,,,,,,none,781405
781024,2025-08-29,23:15,2025,Louisville Bats,Columbus Clippers,Charlie Barnes,Ryan Webb,656212.0,669067.0,schedule_probable_pitcher,1,6,4,1,0,0,0,0,0,0,0,2,3,3,3,0,No Line,0.0,none,-1,9,9,1,post,Final,Final,,,,,,,,,,,,,0,,,,,,none,781024
780719,2025-08-29,23:35,2025,Omaha Storm Chasers,Lehigh Valley IronPigs,John Gant,Adonis Medina,607231.0,658431.0,schedule_probable_pitcher,1,4,11,0,1,2,3,0,0,1,0,0,0,3,4,0,No Line,0.0,none,-1,7,15,1,post,Final,Final,,,,,,,,,,,,,0,,,,,,none,780719
780868,2025-08-29,23:35,2025,Nashville Sounds,Charlotte Knights,Robert Gasser,Jonathan Cannon,688107.0,686563.0,schedule_probable_pitcher,1,5,4,2,2,1,0,2,2,0,0,0,0,5,4,0,No Line,0.0,none,-1,10,6,1,post,Final,Final,,,,,,,,,,,,,0,,,,,,none,780868
779600,2025-08-30,00:05,2025,Sugar Land Space Cowboys,Albuquerque Isotopes,Tyler Ivey,Xzavion Curry,663959.0,675540.0,schedule_probable_pitcher,1,3,2,0,0,0,0,0,0,1,2,0,0,1,2,0,No Line,0.0,none,-1,6,5,1,post,Final,Final,,,,,,,,,,,,,0,,,,,,none,779600
779970,2025-08-30,00:05,2025,Oklahoma City Comets,Memphis Redbirds,Zach Penrod,Zach Plesac,683068.0,668676.0,schedule_probable_pitcher,1,7,5,0,1,0,0,0,0,0,0,0,1,0,2,0,No Line,0.0,none,-1,5,8,1,post,Final,Final,,,,,,,,,,,,,0,,,,,,none,779970
779816,2025-08-30,00:15,2025,Round Rock Express,Salt Lake Bees,Cory Abbott,Shaun Anderson,676265.0,641312.0,schedule_probable_pitcher,1,3,5,0,2,3,1,0,0,0,0,0,0,3,3,0,No Line,0.0,none,-1,10,8,1,post,Final,Final,,,,,,,,,,,,,0,,,,,,none,779816
780117,2025-08-30,00:35,2025,El Paso Chihuahuas,Tacoma Rainiers,,Blas Castaño,,680604.0,schedule_probable_pitcher,1,9,11,0,1,3,0,0,0,0,0,0,3,3,4,0,No Line,0.0,none,-1,12,17,1,post,Final,Final,,,,,,,,,,,,,0,,,,,,none,780117
779894,2025-08-30,01:35,2025,Reno Aces,Sacramento River Cats,Spencer Giesting,Mason Black,801517.0,696131.0,schedule_probable_pitcher,1,15,2,1,0,7,0,3,0,0,0,0,0,11,0,0,No Line,0.0,none,-1,17,9,1,post,Final,Final,,,,,,,,,,,,,0,,,,,,none,779894
780044,2025-08-30,02:05,2025,Las Vegas Aviators,Iowa Cubs,Aaron Brooks,Chris Kachmar,605156.0,690148.0,schedule_probable_pitcher,1,2,10,1,1,0,1,0,0,0,0,0,3,1,5,0,No Line,0.0,none,-1,7,11,1,post,Final,Final,,,,,,,,,,,,,0,,,,,,none,780044
780567,2025-08-30,22:05,2025,Scranton/Wilkes-Barre RailRiders,Syracuse Mets,Brendan Beck,,694341.0,,schedule_probable_pitcher,1,0,2,0,0,0,0,0,1,0,0,0,0,0,1,0,No Line,0.0,none,-1,4,3,1,post,Final,Final,,,,,,,,,,,,,0,,,,,,none,780567
781406,2025-08-30,22:05,2025,Gwinnett Stripers,Norfolk Tides,Dane Dunning,Cameron Weston,641540.0,687721.0,schedule_probable_pitcher,1,8,3,0,0,0,3,0,0,4,0,1,0,5,3,0,No Line,0.0,none,-1,10,10,1,post,Final,Final,,,,,,,,,,,,,0,,,,,,none,781406
781172,2025-08-30,22:35,2025,Jacksonville Jumbo Shrimp,Rochester Red Wings,Ryan Weathers,Riley Cornelio,677960.0,683000.0,schedule_probable_pitcher,1,3,4,2,2,0,0,0,0,0,0,0,1,2,3,0,No Line,0.0,none,-1,9,8,1,post,Final,Final,,,,,,,,,,,,,0,,,,,,none,781172
781320,2025-08-30,22:35,2025,Indianapolis Indians,Buffalo Bisons,Chase Shugart,Elieser Hernández,663767.0,622694.0,schedule_probable_pitcher,1,2,1,0,1,0,0,0,0,0,0,2,0,2,1,0,No Line,0.0,none,-1,4,3,1,post,Final,Final,,,,,,,,,,,,,0,,,,,,none,781320
781467,2025-08-30,22:35,2025,Durham Bulls,Worcester Red Sox,Forrest Whitley,Tyler Uberstine,666215.0,700413.0,schedule_probable_pitcher,1,7,2,1,0,0,1,4,0,0,0,2,0,7,1,0,No Line,0.0,none,-1,5,4,1,post,Final,Final,,,,,,,,,,,,,0,,,,,,none,781467
780346,2025-08-30,23:05,2025,Toledo Mud Hens,St. Paul Saints,Sawyer Gipson-Long,Pierson Ohl,687830.0,701487.0,schedule_probable_pitcher,1,13,1,0,0,3,0,0,0,6,0,2,0,11,0,0,No Line,0.0,none,-1,13,7,1,post,Final,Final,,,,,,,,,,,,,0,,,,,,none,780346
780724,2025-08-30,23:05,2025,Omaha Storm Chasers,Lehigh Valley IronPigs,Chandler Champlain,Alan Rangel,669441.0,660604.0,schedule_probable_pitcher,1,6,7,0,0,0,6,6,0,0,1,0,0,6,7,0,No Line,0.0,none,-1,7,6,1,post,Completed Early,Completed Early,,,,,,,,,,,,,0,,,,,,none,780724
781029,2025-08-30,23:15,2025,Louisville Bats,Columbus Clippers,Adam Plutko,Aaron Davenport,592644.0,702126.0,schedule_probable_pitcher,1,9,3,2,0,1,0,0,0,0,0,0,0,3,0,0,No Line,0.0,none,-1,12,7,1,post,Final,Final,,,,,,,,,,,,,0,,,,,,none,781029
779598,2025-08-30,23:35,2025,Sugar Land Space Cowboys,Albuquerque Isotopes,Colton Gordon,Andrew Quezada,676467.0,676768.0,schedule_probable_pitcher,1,3,8,0,0,2,0,0,1,1,3,0,3,3,7,0,No Line,0.0,none,-1,5,13,1,post,Final,Final,,,,,,,,,,,,,0,,,,,,none,779598
780866,2025-08-30,23:35,2025,Nashville Sounds,Charlotte Knights,Chad Patrick,Noah Schultz,694477.0,702273.0,schedule_probable_pitcher,1,10,0,1,0,1,0,0,0,1,0,5,0,8,0,0,No Line,0.0,none,-1,11,2,1,post,Final,Final,,,,,,,,,,,,,0,,,,,,none,780866
779975,2025-08-31,00:05,2025,Oklahoma City Comets,Memphis Redbirds,Landon Knack,Quinn Mathews,689017.0,687273.0,schedule_probable_pitcher,1,2,8,0,1,0,0,0,4,0,2,0,0,0,7,0,No Line,0.0,none,-1,5,11,1,post,Final,Final,,,,,,,,,,,,,0,,,,,,none,779975
779819,2025-08-31,00:15,2025,Round Rock Express,Salt Lake Bees,Michael Plassmeyer,Dakota Hudson,674681.0,641712.0,schedule_probable_pitcher,1,3,2,2,0,0,0,1,0,0,0,0,0,3,0,0,No Line,0.0,none,-1,9,6,1,post,Final,Final,,,,,,,,,,,,,0,,,,,,none,779819
780118,2025-08-31,00:35,2025,El Paso Chihuahuas,Tacoma Rainiers,JP Sears,Sauryn Lao,676664.0,666659.0,schedule_probable_pitcher,1,6,10,0,1,2,0,0,0,0,0,1,4,3,5,0,No Line,0.0,none,-1,9,17,1,post,Final,Final,,,,,,,,,,,,,0,,,,,,none,780118
779895,2025-08-31,01:35,2025,Reno Aces,Sacramento River Cats,Dylan Ray,Trevor McDonald,691009.0,686790.0,schedule_probable_pitcher,1,5,0,0,0,1,0,3,0,0,0,1,0,5,0,0,No Line,0.0,none,-1,8,5,1,post,Final,Final,,,,,,,,,,,,,0,,,,,,none,779895
780043,2025-08-31,02:05,2025,Las Vegas Aviators,Iowa Cubs,Mitch Spence,Will Sanders,687765.0,691739.0,schedule_probable_pitcher,1,8,10,2,2,0,0,0,1,3,0,1,3,6,6,0,No Line,0.0,none,-1,8,16,1,post,Final,Final,,,,,,,,,,,,,0,,,,,,none,780043
780566,2025-08-31,17:05,2025,Scranton/Wilkes-Barre RailRiders,Syracuse Mets,Erick Leal,,612797.0,,schedule_probable_pitcher,1,0,3,0,0,0,0,0,2,0,0,0,0,0,2,0,No Line,0.0,none,-1,3,3,1,post,Final,Final,,,,,,,,,,,,,0,,,,,,none,780566
781395,2025-08-31,17:05,2025,Gwinnett Stripers,Norfolk Tides,Carlos Carrasco,Trey Gibson,471911.0,694346.0,schedule_probable_pitcher,1,4,6,1,0,3,2,0,0,0,1,0,0,4,3,0,No Line,0.0,none,-1,10,8,1,post,Final,Final,,,,,,,,,,,,,0,,,,,,none,781395
781463,2025-08-31,17:05,2025,Durham Bulls,Worcester Red Sox,Logan Workman,,694312.0,,schedule_probable_pitcher,1,1,10,0,4,0,0,1,0,0,0,0,1,1,5,0,No Line,0.0,none,-1,4,6,1,post,Final,Final,,,,,,,,,,,,,0,,,,,,none,781463
781317,2025-08-31,17:35,2025,Indianapolis Indians,Buffalo Bisons,Nick Dombkowski,Alek Manoah,694298.0,666201.0,schedule_probable_pitcher,1,2,6,0,0,2,0,0,1,0,0,0,0,2,1,0,No Line,0.0,none,-1,6,6,1,post,Final,Final,,,,,,,,,,,,,0,,,,,,none,781317
779817,2025-08-31,18:05,2025,Round Rock Express,Salt Lake Bees,Ben Anderson,Brett Kerry,670391.0,695049.0,schedule_probable_pitcher,1,2,4,0,0,0,0,1,3,1,0,0,1,2,4,0,No Line,0.0,none,-1,3,7,1,post,Final,Final,,,,,,,,,,,,,0,,,,,,none,779817
780120,2025-08-31,18:05,2025,El Paso Chihuahuas,Tacoma Rainiers,Miguel Cienfuegos,Jhonathan Díaz,800550.0,646242.0,schedule_probable_pitcher,1,1,2,0,0,1,0,0,2,0,0,0,0,1,2,0,No Line,0.0,none,-1,7,6,1,post,Final,Final,,,,,,,,,,,,,0,,,,,,none,780120
779896,2025-08-31,20:05,2025,Reno Aces,Sacramento River Cats,Casey Kelly,Hayden Birdsong,543391.0,806185.0,schedule_probable_pitcher,1,7,9,2,2,0,0,1,0,0,0,0,2,3,4,0,No Line,0.0,none,-1,16,15,1,post,Final,Final,,,,,,,,,,,,,0,,,,,,none,779896
780345,2025-08-31,22:05,2025,Toledo Mud Hens,St. Paul Saints,Randy Dobnak,Pablo López,677976.0,641154.0,schedule_probable_pitcher,1,2,1,0,0,0,0,0,0,0,0,0,0,0,0,0,No Line,0.0,none,-1,10,5,1,post,Final,Final,,,,,,,,,,,,,0,,,,,,none,780345
780710,2025-08-31,22:05,2025,Omaha Storm Chasers,Lehigh Valley IronPigs,Ben Kudrna,Mitch Neunborn,695667.0,666748.0,schedule_probable_pitcher,1,0,0,0,0,0,0,0,0,0,0,0,0,0,0,0,No Line,0.0,none,-1,0,0,1,post,Cancelled,Cancelled,,,,,,,,,,,,,0,,,,,,none,780710
781022,2025-08-31,22:05,2025,Louisville Bats,Columbus Clippers,Jose Franco,John Means,683742.0,607644.0,schedule_probable_pitcher,1,7,5,0,0,0,0,1,0,0,1,3,0,4,1,0,No Line,0.0,none,-1,8,11,1,post,Final,Final,,,,,,,,,,,,,0,,,,,,none,781022
781162,2025-08-31,22:35,2025,Jacksonville Jumbo Shrimp,Rochester Red Wings,Patrick Monteverde,Andry Lara,687287.0,691251.0,schedule_probable_pitcher,1,6,5,1,0,3,1,0,1,0,0,2,0,6,2,0,No Line,0.0,none,-1,5,9,1,post,Final,Final,,,,,,,,,,,,,0,,,,,,none,781162
779962,2025-08-31,23:05,2025,Oklahoma City Comets,Memphis Redbirds,Christian Romero,Curtis Taylor,699071.0,668954.0,schedule_probable_pitcher,1,4,3,0,0,0,0,0,0,0,2,2,1,2,3,0,No Line,0.0,none,-1,8,7,1,post,Final,Final,,,,,,,,,,,,,0,,,,,,none,779962
780865,2025-08-31,23:05,2025,Nashville Sounds,Charlotte Knights,Garrett Stallings,Chase Plymell,668831.0,684384.0,schedule_probable_pitcher,1,7,0,4,0,0,0,0,0,0,0,0,0,4,0,0,No Line,0.0,none,-1,8,4,1,post,Final,Final,,,,,,,,,,,,,0,,,,,,none,780865
779594,2025-08-31,23:35,2025,Sugar Land Space Cowboys,Albuquerque Isotopes,Ethan Pecko,Gabriel Hughes,814490.0,687312.0,schedule_probable_pitcher,1,1,8,0,0,0,0,0,2,0,0,1,0,1,2,0,No Line,0.0,none,-1,6,10,1,post,Final,Final,,,,,,,,,,,,,0,,,,,,none,779594
780039,2025-09-01,01:05,2025,Las Vegas Aviators,Iowa Cubs,Kade Morris,Antonio Santos,695034.0,665733.0,schedule_probable_pitcher,1,6,9,0,0,1,4,2,0,0,0,2,1,5,5,0,No Line,0.0,none,-1,15,12,1,post,Final,Final,,,,,,,,,,,,,0,,,,,,none,780039
781396,2025-09-01,20:05,2025,Gwinnett Stripers,Durham Bulls,JR Ritchie,,702275.0,,schedule_probable_pitcher,1,1,4,0,0,0,0,0,0,0,0,0,0,0,0,0,No Line,0.0,none,-1,5,6,1,post,Final,Final,,,,,,,,,,,,,0,,,,,,none,781396
780268,2025-09-02,22:05,2025,Worcester Red Sox,Scranton/Wilkes-Barre RailRiders,Connelly Early,Sean Boyle,813349.0,682044.0,schedule_probable_pitcher,1,7,8,1,0,0,0,0,0,1,0,3,0,5,0,0,No Line,0.0,none,-1,10,11,1,post,Final,Final,,,,,,,,,,,,,0,,,,,,none,780268
781698,2025-09-02,22:05,2025,Buffalo Bisons,Syracuse Mets,Paxton Schultz,,687606.0,,schedule_probable_pitcher,1,4,3,0,2,0,0,0,0,0,0,3,1,3,3,0,No Line,0.0,none,-1,9,10,1,post,Final,Final,,,,,,,,,,,,,0,,,,,,none,781698
781551,2025-09-02,22:15,2025,Columbus Clippers,Indianapolis Indians,Austin Peterson,Jarod Bayless,804926.0,663681.0,schedule_probable_pitcher,1,3,5,0,0,0,0,1,0,0,3,0,0,1,3,0,No Line,0.0,none,-1,8,6,1,post,Final,Final,,,,,,,,,,,,,0,,,,,,none,781551
780793,2025-09-02,22:35,2025,Norfolk Tides,Nashville Sounds,Levi Wells,Tucker Davidson,694370.0,656353.0,schedule_probable_pitcher,1,3,4,0,0,0,0,2,2,0,0,0,0,2,2,0,No Line,0.0,none,-1,7,6,1,post,Final,Final,,,,,,,,,,,,,0,,,,,,none,780793
781020,2025-09-02,22:35,2025,Louisville Bats,St. Paul Saints,Chase Petty,Kendry Rojas,695534.0,696070.0,schedule_probable_pitcher,1,9,7,7,1,0,0,0,1,2,0,0,0,9,2,0,No Line,0.0,none,-1,14,11,1,post,Final,Final,,,,,,,,,,,,,0,,,,,,none,781020
781621,2025-09-02,22:35,2025,Charlotte Knights,Jacksonville Jumbo Shrimp,Duncan Davitt,Janson Junk,701474.0,676083.0,schedule_probable_pitcher,1,1,6,1,1,0,0,0,4,0,0,0,0,1,5,0,No Line,0.0,none,-1,4,5,1,post,Final,Final,,,,,,,,,,,,,0,,,,,,none,781621
781103,2025-09-02,22:45,2025,Lehigh Valley IronPigs,Toledo Mud Hens,Mitch Neunborn,,666748.0,,schedule_probable_pitcher,1,10,3,0,0,0,0,0,0,0,2,4,1,4,3,0,No Line,0.0,none,-1,12,5,1,post,Final,Final,,,,,,,,,,,,,0,,,,,,none,781103
781247,2025-09-02,23:38,2025,Iowa Cubs,Omaha Storm Chasers,Austin Gomber,Ben Kudrna,596295.0,695667.0,schedule_probable_pitcher,1,12,0,0,0,0,0,1,0,9,0,0,0,10,0,0,No Line,0.0,none,-1,11,2,1,post,Final,Final,,,,,,,,,,,,,0,,,,,,none,781247
780947,2025-09-02,23:45,2025,Memphis Redbirds,Rochester Red Wings,Max Rajcic,Bryce Conley,691008.0,676785.0,schedule_probable_pitcher,1,9,1,0,0,0,0,0,0,3,0,1,0,4,0,0,No Line,0.0,none,-1,11,9,1,post,Final,Final,,,,,,,,,,,,,0,,,,,,none,780947
779595,2025-09-03,00:05,2025,Sugar Land Space Cowboys,Oklahoma City Comets,Miguel Ullola,Roki Sasaki,699044.0,808963.0,schedule_probable_pitcher,1,5,1,4,0,0,0,0,0,0,0,0,0,4,0,0,No Line,0.0,none,-1,5,2,1,post,Final,Final,,,,,,,,,,,,,0,,,,,,none,779595
780200,2025-09-03,00:35,2025,Albuquerque Isotopes,Round Rock Express,Bradley Blalock,,687134.0,,schedule_probable_pitcher,1,8,6,2,0,3,0,0,0,0,1,1,0,6,1,0,No Line,0.0,none,-1,9,10,1,post,Final,Final,,,,,,,,,,,,,0,,,,,,none,780200
779527,2025-09-03,01:05,2025,Tacoma Rainiers,Reno Aces,Nico Tellache,Yu-Min Lin,688548.0,801179.0,schedule_probable_pitcher,1,1,11,0,0,0,1,1,1,0,3,0,1,1,6,0,No Line,0.0,none,-1,5,16,1,post,Final,Final,,,,,,,,,,,,,0,,,,,,none,779527
779677,2025-09-03,01:05,2025,Salt Lake Bees,El Paso Chihuahuas,Jack Kochanowicz,Matt Waldron,686799.0,663362.0,schedule_probable_pitcher,1,9,11,0,0,2,0,4,0,1,1,0,4,7,5,0,No Line,0.0,none,-1,12,11,1,post,Final,Final,,,,,,,,,,,,,0,,,,,,none,779677
779744,2025-09-03,01:45,2025,Sacramento River Cats,Las Vegas Aviators,Seth Lonsway,Blake Beers,675920.0,676275.0,schedule_probable_pitcher,1,2,3,0,2,2,1,0,0,0,0,0,0,2,3,0,No Line,0.0,none,-1,8,8,1,post,Final,Final,,,,,,,,,,,,,0,,,,,,none,779744
781023,2025-09-03,16:05,2025,Louisville Bats,St. Paul Saints,T.J. Sikkema,Andrew Morris,674674.0,702193.0,schedule_probable_pitcher,1,6,5,2,1,0,1,0,0,0,0,0,0,2,2,0,No Line,0.0,none,-1,8,8,1,post,Final,Final,,,,,,,,,,,,,0,,,,,,none,781023
781242,2025-09-03,17:08,2025,Iowa Cubs,Omaha Storm Chasers,Jordan Wicks,Shane Panzini,696136.0,695556.0,schedule_probable_pitcher,1,4,3,1,0,0,1,1,0,1,0,0,1,3,2,0,No Line,0.0,none,-1,10,8,1,post,Final,Final,,,,,,,,,,,,,0,,,,,,none,781242
781628,2025-09-03,21:05,2025,Charlotte Knights,Jacksonville Jumbo Shrimp,Sean Burke,Robby Snelling,680732.0,702281.0,schedule_probable_pitcher,1,1,3,0,1,0,1,0,1,0,0,0,0,0,3,0,No Line,0.0,none,-1,7,6,1,post,Final,Final,,,,,,,,,,,,,0,,,,,,none,781628
781192,2025-09-03,21:10,2025,Jacksonville Jumbo Shrimp,Charlotte Knights,Morgan McSweeney,Mike Clevinger,669682.0,605182.0,schedule_probable_pitcher,1,2,3,0,0,0,0,0,0,2,0,0,0,2,0,0,No Line,0.0,none,-1,4,8,1,post,Final,Final,,,,,,,,,,,,,0,,,,,,none,781192
780271,2025-09-03,22:05,2025,Worcester Red Sox,Scranton/Wilkes-Barre RailRiders,José De León,Kenta Maeda,592254.0,628317.0,schedule_probable_pitcher,1,1,5,0,0,0,2,0,0,0,0,0,2,0,4,0,No Line,0.0,none,-1,1,8,1,post,Final,Final,,,,,,,,,,,,,0,,,,,,none,780271
781697,2025-09-03,22:05,2025,Buffalo Bisons,Syracuse Mets,CJ Van Eyk,,669310.0,,schedule_probable_pitcher,1,2,10,0,0,0,0,0,2,0,5,2,1,2,8,0,No Line,0.0,none,-1,6,10,1,post,Final,Final,,,,,,,,,,,,,0,,,,,,none,781697
780799,2025-09-03,22:35,2025,Norfolk Tides,Nashville Sounds,Scott Blewett,Robert Gasser,656240.0,688107.0,schedule_probable_pitcher,1,0,4,0,2,0,0,0,1,0,0,0,0,0,3,0,No Line,0.0,none,-1,7,12,1,post,Final,Final,,,,,,,,,,,,,0,,,,,,none,780799
781545,2025-09-03,22:35,2025,Columbus Clippers,Indianapolis Indians,Ryan Webb,Ryder Ryan,669067.0,656924.0,schedule_probable_pitcher,1,9,2,0,0,0,0,0,0,0,0,2,1,2,1,0,No Line,0.0,none,-1,9,8,1,post,Final,Final,,,,,,,,,,,,,0,,,,,,none,781545
781094,2025-09-03,22:45,2025,Lehigh Valley IronPigs,Toledo Mud Hens,Andrew Painter,,691725.0,,schedule_probable_pitcher,1,8,7,2,1,0,0,2,0,1,1,0,1,5,3,0,No Line,0.0,none,-1,14,12,1,post,Final,Final,,,,,,,,,,,,,0,,,,,,none,781094
781394,2025-09-03,23:05,2025,Gwinnett Stripers,Durham Bulls,Jhancarlos Lara,,702910.0,,schedule_probable_pitcher,1,2,8,0,0,0,1,0,1,0,1,0,3,0,6,0,No Line,0.0,none,-1,5,9,1,post,Final,Final,,,,,,,,,,,,,0,,,,,,none,781394
780953,2025-09-03,23:45,2025,Memphis Redbirds,Rochester Red Wings,Ian Bedell,Chase Solesky,678016.0,686678.0,schedule_probable_pitcher,1,4,5,0,0,0,3,2,0,0,2,0,0,2,5,0,No Line,0.0,none,-1,6,7,1,post,Final,Final,,,,,,,,,,,,,0,,,,,,none,780953
779596,2025-09-04,00:05,2025,Sugar Land Space Cowboys,Oklahoma City Comets,Jose Fleury,Matt Sauer,800067.0,669422.0,schedule_probable_pitcher,1,9,7,2,0,1,0,6,0,0,0,0,0,9,0,0,No Line,0.0,none,-1,11,10,1,post,Final,Final,,,,,,,,,,,,,0,,,,,,none,779596
780204,2025-09-04,00:35,2025,Albuquerque Isotopes,Round Rock Express,Mason Albright,Trey Supak,695476.0,657022.0,schedule_probable_pitcher,1,0,3,0,0,0,1,0,1,0,0,0,1,0,3,0,No Line,0.0,none,-1,5,7,1,post,Final,Final,,,,,,,,,,,,,0,,,,,,none,780204
779526,2025-09-04,01:05,2025,Tacoma Rainiers,Reno Aces,Casey Lawrence,Roman Angelo,596271.0,809109.0,schedule_probable_pitcher,1,7,2,0,0,0,0,2,1,0,1,0,0,2,2,0,No Line,0.0,none,-1,9,6,1,post,Final,Final,,,,,,,,,,,,,0,,,,,,none,779526
779678,2025-09-04,01:05,2025,Salt Lake Bees,El Paso Chihuahuas,Sammy Peralta,Jackson Wolf,671111.0,680232.0,schedule_probable_pitcher,1,7,3,2,0,0,0,0,0,5,1,0,1,7,2,0,No Line,0.0,none,-1,11,8,1,post,Final,Final,,,,,,,,,,,,,0,,,,,,none,779678
779750,2025-09-04,01:45,2025,Sacramento River Cats,Las Vegas Aviators,Nick Zwack,Ken Waldichuk,686873.0,686610.0,schedule_probable_pitcher,1,2,3,0,0,0,0,0,2,1,0,0,0,1,2,0,No Line,0.0,none,-1,6,4,1,post,Final,Final,,,,,,,,,,,,,0,,,,,,none,779750
780796,2025-09-04,16:05,2025,Norfolk Tides,Nashville Sounds,Carson Ragsdale,Chad Patrick,685068.0,694477.0,schedule_probable_pitcher,1,5,1,0,0,2,0,0,0,0,0,0,0,2,0,0,No Line,0.0,none,-1,8,5,1,post,Final,Final,,,,,,,,,,,,,0,,,,,,none,780796
781246,2025-09-04,17:08,2025,Iowa Cubs,Omaha Storm Chasers,,,,,schedule,0,4,3,0,2,0,0,0,0,3,1,0,0,3,3,0,No Line,0.0,none,-1,5,11,1,post,Final,Final,,,,,,,,,,,,,0,,,,,,none,781246
781393,2025-09-04,21:05,2025,Gwinnett Stripers,Durham Bulls,José Suarez,Yoniel Curet,660761.0,692414.0,schedule_probable_pitcher,1,6,2,1,1,0,0,2,0,1,1,2,0,6,2,0,No Line,0.0,none,-1,8,5,1,post,Final,Final,,,,,,,,,,,,,0,,,,,,none,781393
781410,2025-09-04,21:10,2025,Gwinnett Stripers,Durham Bulls,Nathan Wiles,,686249.0,,schedule_probable_pitcher,1,2,1,0,0,1,0,0,0,0,0,0,0,1,0,0,No Line,0.0,none,-1,6,6,1,post,Final,Final,,,,,,,,,,,,,0,,,,,,none,781410
780273,2025-09-04,22:05,2025,Worcester Red Sox,Scranton/Wilkes-Barre RailRiders,,Allan Winans,,642216.0,schedule_probable_pitcher,1,2,6,0,0,0,2,2,0,0,1,0,2,2,5,0,No Line,0.0,none,-1,6,9,1,post,Final,Final,,,,,,,,,,,,,0,,,,,,none,780273
781018,2025-09-04,22:35,2025,Louisville Bats,St. Paul Saints,Charlie Barnes,John Klein,656212.0,804619.0,schedule_probable_pitcher,1,4,2,0,0,0,0,3,2,0,0,0,0,3,2,0,No Line,0.0,none,-1,7,10,1,post,Final,Final,,,,,,,,,,,,,0,,,,,,none,781018
781552,2025-09-04,22:35,2025,Columbus Clippers,Indianapolis Indians,Aaron Davenport,Drake Fellows,702126.0,666148.0,schedule_probable_pitcher,1,5,3,0,0,0,0,0,2,1,0,0,0,1,2,0,No Line,0.0,none,-1,8,8,1,post,Final,Final,,,,,,,,,,,,,0,,,,,,none,781552
781619,2025-09-04,23:04,2025,Charlotte Knights,Jacksonville Jumbo Shrimp,Shane Murphy,Ryan Weathers,690294.0,677960.0,schedule_probable_pitcher,1,0,2,0,1,0,0,0,1,0,0,0,0,0,2,0,No Line,0.0,none,-1,7,5,1,post,Completed Early,Completed Early,,,,,,,,,,,,,0,,,,,,none,781619
780942,2025-09-04,23:45,2025,Memphis Redbirds,Rochester Red Wings,Aaron Wilkerson,Kyle Luckham,658792.0,680734.0,schedule_probable_pitcher,1,6,5,0,0,5,0,0,2,0,0,0,1,5,3,0,No Line,0.0,none,-1,10,9,1,post,Final,Final,,,,,,,,,,,,,0,,,,,,none,780942
779597,2025-09-05,00:05,2025,Sugar Land Space Cowboys,Oklahoma City Comets,Tyler Ivey,Landon Knack,663959.0,689017.0,schedule_probable_pitcher,1,7,3,0,0,1,0,0,0,1,2,1,1,3,3,0,No Line,0.0,none,-1,7,5,1,post,Final,Final,,,,,,,,,,,,,0,,,,,,none,779597
780195,2025-09-05,00:35,2025,Albuquerque Isotopes,Round Rock Express,Xzavion Curry,Cory Abbott,675540.0,676265.0,schedule_probable_pitcher,1,10,6,0,0,1,0,3,0,0,5,1,1,5,6,0,No Line,0.0,none,-1,17,8,1,post,Final,Final,,,,,,,,,,,,,0,,,,,,none,780195
779674,2025-09-05,01:05,2025,Salt Lake Bees,El Paso Chihuahuas,Shaun Anderson,Logan Gillaspie,641312.0,670810.0,schedule_probable_pitcher,1,5,6,0,1,0,0,0,2,0,0,3,0,3,3,0,No Line,0.0,none,-1,8,11,1,post,Final,Final,,,,,,,,,,,,,0,,,,,,none,779674
779746,2025-09-05,01:45,2025,Sacramento River Cats,Las Vegas Aviators,Mason Black,Aaron Brooks,696131.0,605156.0,schedule_probable_pitcher,1,8,4,0,0,1,0,1,0,0,0,1,0,3,0,0,No Line,0.0,none,-1,8,7,1,post,Final,Final,,,,,,,,,,,,,0,,,,,,none,779746
779520,2025-09-05,02:05,2025,Tacoma Rainiers,Reno Aces,Blas Castaño,Spencer Giesting,680604.0,801517.0,schedule_probable_pitcher,1,9,6,0,0,0,0,0,0,0,1,0,0,0,1,0,No Line,0.0,none,-1,14,9,1,post,Final,Final,,,,,,,,,,,,,0,,,,,,none,779520
781695,2025-09-05,20:35,2025,Buffalo Bisons,Syracuse Mets,Adam Kloffenstein,,680572.0,,schedule_probable_pitcher,1,5,1,0,0,0,0,4,0,1,1,0,0,5,1,0,No Line,0.0,none,-1,7,5,1,post,Final,Final,,,,,,,,,,,,,0,,,,,,none,781695
781696,2025-09-05,20:40,2025,Buffalo Bisons,Syracuse Mets,Elieser Hernández,,622694.0,,schedule_probable_pitcher,1,1,7,0,0,0,0,0,0,0,6,1,1,1,7,0,No Line,0.0,none,-1,2,8,1,post,Final,Final,,,,,,,,,,,,,0,,,,,,none,781696
781093,2025-09-05,21:05,2025,Lehigh Valley IronPigs,Toledo Mud Hens,Gabe Mosser,,682077.0,,schedule_probable_pitcher,1,3,16,0,0,1,0,2,0,0,0,0,0,3,0,0,No Line,0.0,none,-1,6,15,1,post,Final,Final,,,,,,,,,,,,,0,,,,,,none,781093
780272,2025-09-05,22:05,2025,Worcester Red Sox,Scranton/Wilkes-Barre RailRiders,Connelly Early,Brendan Beck,813349.0,694341.0,schedule_probable_pitcher,1,7,4,4,0,0,0,0,1,0,0,3,0,7,1,0,No Line,0.0,none,-1,9,8,1,post,Final,Final,,,,,,,,,,,,,0,,,,,,none,780272
780797,2025-09-05,22:35,2025,Norfolk Tides,Nashville Sounds,Cameron Weston,Josh Maciejewski,687721.0,656671.0,schedule_probable_pitcher,1,3,1,1,1,0,0,0,0,1,0,0,0,2,1,0,No Line,0.0,none,-1,6,3,1,post,Final,Final,,,,,,,,,,,,,0,,,,,,none,780797
781095,2025-09-05,23:03,2025,Lehigh Valley IronPigs,Toledo Mud Hens,Alan Rangel,,660604.0,,schedule_probable_pitcher,1,8,7,0,0,3,2,1,0,0,0,1,0,5,2,0,No Line,0.0,none,-1,12,12,1,post,Final,Final,,,,,,,,,,,,,0,,,,,,none,781095
781620,2025-09-05,23:04,2025,Charlotte Knights,Jacksonville Jumbo Shrimp,Owen White,Dax Fulton,669391.0,690978.0,schedule_probable_pitcher,1,12,5,0,0,2,1,1,0,4,3,0,0,7,4,0,No Line,0.0,none,-1,16,6,1,post,Final,Final,,,,,,,,,,,,,0,,,,,,none,781620
781398,2025-09-05,23:05,2025,Gwinnett Stripers,Durham Bulls,Carlos Carrasco,,471911.0,,schedule_probable_pitcher,1,0,8,0,0,0,0,0,0,0,1,0,0,0,1,0,No Line,0.0,none,-1,2,11,1,post,Final,Final,,,,,,,,,,,,,0,,,,,,none,781398
781548,2025-09-05,23:05,2025,Columbus Clippers,Indianapolis Indians,Jake Miller,Eddy Yean,681313.0,678868.0,schedule_probable_pitcher,1,5,6,0,2,0,0,0,0,1,2,4,2,5,6,0,No Line,0.0,none,-1,8,8,1,post,Final,Final,,,,,,,,,,,,,0,,,,,,none,781548
781019,2025-09-05,23:15,2025,Louisville Bats,St. Paul Saints,Jose Franco,Mick Abel,683742.0,690953.0,schedule_probable_pitcher,1,5,4,1,1,0,0,0,1,0,0,0,2,1,4,0,No Line,0.0,none,-1,13,12,1,post,Final,Final,,,,,,,,,,,,,0,,,,,,none,781019
779599,2025-09-06,00:05,2025,Sugar Land Space Cowboys,Oklahoma City Comets,J.P. France,Landon Knack,641585.0,689017.0,schedule_probable_pitcher,1,5,2,0,0,0,0,0,0,0,1,0,0,0,1,0,No Line,0.0,none,-1,5,4,1,post,Final,Final,,,,,,,,,,,,,0,,,,,,none,779599
780939,2025-09-06,00:05,2025,Memphis Redbirds,Rochester Red Wings,Zach Plesac,Adrian Sampson,668676.0,592716.0,schedule_probable_pitcher,1,4,5,0,0,0,0,0,0,1,0,2,0,3,0,0,No Line,0.0,none,-1,9,6,1,post,Final,Final,,,,,,,,,,,,,0,,,,,,none,780939
781244,2025-09-06,00:08,2025,Iowa Cubs,Omaha Storm Chasers,Chris Kachmar,Brandon Johnson,690148.0,699489.0,schedule_probable_pitcher,1,12,11,0,2,3,0,4,2,1,0,2,4,10,8,0,No Line,0.0,none,-1,14,14,1,post,Final,Final,,,,,,,,,,,,,0,,,,,,none,781244
780190,2025-09-06,00:35,2025,Albuquerque Isotopes,Round Rock Express,Andrew Quezada,,676768.0,,schedule_probable_pitcher,1,6,9,0,0,0,0,2,0,0,3,0,4,2,7,0,No Line,0.0,none,-1,7,14,1,post,Final,Final,,,,,,,,,,,,,0,,,,,,none,780190
779670,2025-09-06,01:05,2025,Salt Lake Bees,El Paso Chihuahuas,Dakota Hudson,JP Sears,641712.0,676664.0,schedule_probable_pitcher,1,8,7,0,1,1,2,0,0,0,4,1,0,2,7,0,No Line,0.0,none,-1,12,10,1,post,Final,Final,,,,,,,,,,,,,0,,,,,,none,779670
779747,2025-09-06,01:45,2025,Sacramento River Cats,Las Vegas Aviators,Trevor McDonald,Mitch Spence,686790.0,687765.0,schedule_probable_pitcher,1,1,2,0,0,1,0,0,0,0,0,0,1,1,1,0,No Line,0.0,none,-1,8,7,1,post,Final,Final,,,,,,,,,,,,,0,,,,,,none,779747
779515,2025-09-06,02:05,2025,Tacoma Rainiers,Reno Aces,Michael Mariot,Dylan Ray,592527.0,691009.0,schedule_probable_pitcher,1,9,6,1,0,1,0,0,1,2,0,0,1,4,2,0,No Line,0.0,none,-1,9,10,1,post,Final,Final,,,,,,,,,,,,,0,,,,,,none,779515
781694,2025-09-06,17:05,2025,Buffalo Bisons,Syracuse Mets,Alek Manoah,,666201.0,,schedule_probable_pitcher,1,0,10,0,0,0,1,0,0,0,6,0,0,0,7,0,No Line,0.0,none,-1,8,10,1,post,Final,Final,,,,,,,,,,,,,0,,,,,,none,781694
781617,2025-09-06,21:35,2025,Charlotte Knights,Jacksonville Jumbo Shrimp,Evan McKendry,Thomas White,679928.0,806258.0,schedule_probable_pitcher,1,3,11,0,2,0,0,0,0,0,0,3,0,3,2,0,No Line,0.0,none,-1,5,11,1,post,Final,Final,,,,,,,,,,,,,0,,,,,,none,781617
781397,2025-09-06,22:05,2025,Gwinnett Stripers,Durham Bulls,Lucas Braun,,814351.0,,schedule_probable_pitcher,1,4,3,1,0,2,2,0,0,0,0,1,0,4,2,0,No Line,0.0,none,-1,11,6,1,post,Final,Final,,,,,,,,,,,,,0,,,,,,none,781397
780800,2025-09-06,22:35,2025,Norfolk Tides,Nashville Sounds,Trey Gibson,Garrett Stallings,694346.0,668831.0,schedule_probable_pitcher,1,6,7,0,0,0,0,0,2,0,4,1,0,1,6,0,No Line,0.0,none,-1,10,11,1,post,Final,Final,,,,,,,,,,,,,0,,,,,,none,780800
781096,2025-09-06,22:35,2025,Lehigh Valley IronPigs,Toledo Mud Hens,Walker Buehler,,621111.0,,schedule_probable_pitcher,1,5,4,0,1,0,1,0,0,0,0,1,0,1,2,0,No Line,0.0,none,-1,7,10,1,post,Final,Final,,,,,,,,,,,,,0,,,,,,none,781096
780937,2025-09-06,23:05,2025,Memphis Redbirds,Rochester Red Wings,Curtis Taylor,Riley Cornelio,668954.0,683000.0,schedule_probable_pitcher,1,5,3,1,0,2,0,0,0,2,0,0,1,5,1,0,No Line,0.0,none,-1,7,10,1,post,Final,Final,,,,,,,,,,,,,0,,,,,,none,780937
781544,2025-09-06,23:05,2025,Columbus Clippers,Indianapolis Indians,Doug Nikhazy,Nick Dombkowski,680951.0,694298.0,schedule_probable_pitcher,1,12,0,3,0,0,0,2,0,0,0,1,0,6,0,0,No Line,0.0,none,-1,12,6,1,post,Final,Final,,,,,,,,,,,,,0,,,,,,none,781544
781248,2025-09-06,23:08,2025,Iowa Cubs,Omaha Storm Chasers,Jaxon Wiggins,John Gant,694393.0,607231.0,schedule_probable_pitcher,1,5,3,3,1,0,0,0,0,0,0,0,0,3,1,0,No Line,0.0,none,-1,9,8,1,post,Final,Final,,,,,,,,,,,,,0,,,,,,none,781248
781017,2025-09-06,23:15,2025,Louisville Bats,St. Paul Saints,Adam Plutko,Connor Prielipp,592644.0,687570.0,schedule_probable_pitcher,1,4,3,0,0,1,0,0,0,0,0,1,0,2,0,0,No Line,0.0,none,-1,8,7,1,post,Final,Final,,,,,,,,,,,,,0,,,,,,none,781017
779589,2025-09-07,00:05,2025,Sugar Land Space Cowboys,Oklahoma City Comets,Ethan Pecko,Robinson Ortiz,814490.0,673662.0,schedule_probable_pitcher,1,2,0,0,0,0,0,0,0,0,0,2,0,2,0,0,No Line,0.0,none,-1,7,4,1,post,Final,Final,,,,,,,,,,,,,0,,,,,,none,779589
780191,2025-09-07,00:35,2025,Albuquerque Isotopes,Round Rock Express,Gabriel Hughes,Jose Corniell,687312.0,692030.0,schedule_probable_pitcher,1,5,3,0,0,3,0,1,0,0,0,0,0,4,0,0,No Line,0.0,none,-1,7,5,1,post,Completed Early,Completed Early,,,,,,,,,,,,,0,,,,,,none,780191
779513,2025-09-07,01:05,2025,Tacoma Rainiers,Reno Aces,Jhonathan Díaz,Casey Kelly,646242.0,543391.0,schedule_probable_pitcher,1,10,0,4,0,0,0,1,0,1,0,0,0,6,0,0,No Line,0.0,none,-1,13,5,1,post,Final,Final,,,,,,,,,,,,,0,,,,,,none,779513
779664,2025-09-07,01:05,2025,Salt Lake Bees,El Paso Chihuahuas,,Stephen Jones,,682240.0,schedule_probable_pitcher,1,6,5,0,0,1,0,0,0,0,2,4,0,5,2,0,No Line,0.0,none,-1,9,12,1,post,Final,Final,,,,,,,,,,,,,0,,,,,,none,779664
779749,2025-09-07,01:37,2025,Sacramento River Cats,Las Vegas Aviators,Hayden Birdsong,Kade Morris,806185.0,695034.0,schedule_probable_pitcher,1,0,12,0,3,0,1,0,0,0,1,0,0,0,5,0,No Line,0.0,none,-1,5,17,1,post,Final,Final,,,,,,,,,,,,,0,,,,,,none,779749
781693,2025-09-07,16:05,2025,Buffalo Bisons,Syracuse Mets,Easton Lucas,,687922.0,,schedule_probable_pitcher,1,10,6,1,1,1,0,5,0,1,2,2,0,10,3,0,No Line,0.0,none,-1,10,4,1,post,Final,Final,,,,,,,,,,,,,0,,,,,,none,781693
780267,2025-09-07,17:05,2025,Worcester Red Sox,Scranton/Wilkes-Barre RailRiders,Connelly Early,Erick Leal,813349.0,612797.0,schedule_probable_pitcher,1,6,5,0,1,2,2,2,0,0,0,0,0,4,3,0,No Line,0.0,none,-1,7,9,1,post,Final,Final,,,,,,,,,,,,,0,,,,,,none,780267
780794,2025-09-07,17:05,2025,Norfolk Tides,Nashville Sounds,Levi Wells,Tucker Davidson,694370.0,656353.0,schedule_probable_pitcher,1,7,9,0,0,0,1,0,1,0,3,0,0,0,5,0,No Line,0.0,none,-1,10,7,1,post,Final,Final,,,,,,,,,,,,,0,,,,,,none,780794
781021,2025-09-07,17:05,2025,Louisville Bats,St. Paul Saints,Chase Petty,Kendry Rojas,695534.0,696070.0,schedule_probable_pitcher,1,6,1,0,0,1,0,0,0,1,0,1,0,3,0,0,No Line,0.0,none,-1,8,9,1,post,Final,Final,,,,,,,,,,,,,0,,,,,,none,781021
781390,2025-09-07,17:05,2025,Gwinnett Stripers,Durham Bulls,JR Ritchie,,702275.0,,schedule_probable_pitcher,1,2,4,0,0,0,0,0,0,1,0,0,0,1,0,0,No Line,0.0,none,-1,5,8,1,post,Final,Final,,,,,,,,,,,,,0,,,,,,none,781390
781535,2025-09-07,17:05,2025,Columbus Clippers,Indianapolis Indians,John Means,,607644.0,,schedule_probable_pitcher,1,9,10,0,0,0,2,0,0,1,1,4,2,5,5,0,No Line,0.0,none,-1,9,11,1,post,Final,Final,,,,,,,,,,,,,0,,,,,,none,781535
781615,2025-09-07,17:05,2025,Charlotte Knights,Jacksonville Jumbo Shrimp,Duncan Davitt,Alex Williams,701474.0,677354.0,schedule_probable_pitcher,1,9,7,1,1,2,0,0,0,0,0,3,0,6,1,0,No Line,0.0,none,-1,12,11,1,post,Final,Final,,,,,,,,,,,,,0,,,,,,none,781615
780266,2025-09-07,17:10,2025,Worcester Red Sox,Scranton/Wilkes-Barre RailRiders,,Sean Boyle,,682044.0,schedule_probable_pitcher,1,0,5,0,1,0,3,0,1,0,0,0,0,0,5,0,No Line,0.0,none,-1,4,10,1,post,Final,Final,,,,,,,,,,,,,0,,,,,,none,780266
781092,2025-09-07,17:35,2025,Lehigh Valley IronPigs,Toledo Mud Hens,Mitch Neunborn,,666748.0,,schedule_probable_pitcher,1,2,16,0,0,0,4,0,0,1,3,0,0,1,7,0,No Line,0.0,none,-1,5,14,1,post,Final,Final,,,,,,,,,,,,,0,,,,,,none,781092
779661,2025-09-07,18:05,2025,Salt Lake Bees,El Paso Chihuahuas,Angel Felipe,Matt Waldron,665734.0,663362.0,schedule_probable_pitcher,1,6,10,0,0,3,2,0,2,1,0,0,0,4,4,0,No Line,0.0,none,-1,11,9,1,post,Final,Final,,,,,,,,,,,,,0,,,,,,none,779661
780945,2025-09-07,18:05,2025,Memphis Redbirds,Rochester Red Wings,Max Rajcic,Bryce Conley,691008.0,676785.0,schedule_probable_pitcher,1,12,11,0,0,0,1,0,5,0,0,7,1,7,7,0,No Line,0.0,none,-1,12,14,1,post,Final,Final,,,,,,,,,,,,,0,,,,,,none,780945
781243,2025-09-07,18:08,2025,Iowa Cubs,Omaha Storm Chasers,Austin Gomber,Cole Ragans,596295.0,666142.0,schedule_probable_pitcher,1,5,3,0,0,0,0,1,0,1,0,2,1,4,1,0,No Line,0.0,none,-1,6,9,1,post,Final,Final,,,,,,,,,,,,,0,,,,,,none,781243
780192,2025-09-07,19:35,2025,Albuquerque Isotopes,Round Rock Express,Bradley Blalock,Carl Edwards Jr.,687134.0,605218.0,schedule_probable_pitcher,1,3,8,0,0,0,0,0,3,1,0,0,0,1,3,0,No Line,0.0,none,-1,12,14,1,post,Final,Final,,,,,,,,,,,,,0,,,,,,none,780192
779748,2025-09-07,20:05,2025,Sacramento River Cats,Las Vegas Aviators,Seth Lonsway,Blake Beers,675920.0,676275.0,schedule_probable_pitcher,1,3,1,1,0,0,0,1,0,0,0,0,1,2,1,0,No Line,0.0,none,-1,6,7,1,post,Final,Final,,,,,,,,,,,,,0,,,,,,none,779748
779519,2025-09-07,20:35,2025,Tacoma Rainiers,Reno Aces,Nico Tellache,Yu-Min Lin,688548.0,801179.0,schedule_probable_pitcher,1,1,8,0,0,0,0,0,2,0,0,0,1,0,3,0,No Line,0.0,none,-1,7,14,1,post,Final,Final,,,,,,,,,,,,,0,,,,,,none,779519
779585,2025-09-07,23:35,2025,Sugar Land Space Cowboys,Oklahoma City Comets,Miguel Ullola,Christian Romero,699044.0,699071.0,schedule_probable_pitcher,1,1,7,0,0,0,1,1,0,0,0,0,1,1,2,0,No Line,0.0,none,-1,2,7,1,post,Final,Final,,,,,,,,,,,,,0,,,,,,none,779585
780714,2025-09-09,17:05,2025,Omaha Storm Chasers,Charlotte Knights,Shane Panzini,Mike Clevinger,695556.0,605182.0,schedule_probable_pitcher,1,7,1,0,1,0,0,1,0,1,0,2,0,4,1,0,No Line,0.0,none,-1,10,5,1,post,Final,Final,,,,,,,,,,,,,0,,,,,,none,780714
780647,2025-09-09,22:05,2025,Rochester Red Wings,Buffalo Bisons,Chase Solesky,CJ Van Eyk,686678.0,669310.0,schedule_probable_pitcher,1,5,4,0,0,0,2,0,0,3,0,0,0,3,2,0,No Line,0.0,none,-1,10,10,1,post,Final,Final,,,,,,,,,,,,,0,,,,,,none,780647
780341,2025-09-09,22:35,2025,Toledo Mud Hens,Louisville Bats,Troy Watson,T.J. Sikkema,681890.0,674674.0,schedule_probable_pitcher,1,0,3,0,0,0,0,0,1,0,0,0,0,0,1,0,No Line,0.0,none,-1,4,9,1,post,Final,Final,,,,,,,,,,,,,0,,,,,,none,780341
780417,2025-09-09,22:35,2025,Syracuse Mets,Worcester Red Sox,,José De León,,592254.0,schedule_probable_pitcher,1,3,2,0,0,0,0,1,2,2,0,0,0,3,2,0,No Line,0.0,none,-1,6,5,1,post,Final,Final,,,,,,,,,,,,,0,,,,,,none,780417
780569,2025-09-09,22:35,2025,Scranton/Wilkes-Barre RailRiders,Lehigh Valley IronPigs,Kenta Maeda,Gabe Mosser,628317.0,682077.0,schedule_probable_pitcher,1,4,5,0,2,0,0,0,0,2,0,0,0,2,2,0,No Line,0.0,none,-1,5,9,1,post,Final,Final,,,,,,,,,,,,,0,,,,,,none,780569
781316,2025-09-09,22:35,2025,Indianapolis Indians,Iowa Cubs,Eddy Yean,Connor Noland,678868.0,690939.0,schedule_probable_pitcher,1,0,7,0,0,0,0,0,0,0,0,0,0,0,0,0,No Line,0.0,none,-1,7,8,1,post,Final,Final,,,,,,,,,,,,,0,,,,,,none,781316
781469,2025-09-09,22:35,2025,Durham Bulls,Norfolk Tides,Joe Boyle,Carson Ragsdale,671212.0,685068.0,schedule_probable_pitcher,1,8,3,1,0,0,0,3,3,2,0,1,0,7,3,0,No Line,0.0,none,-1,10,4,1,post,Final,Final,,,,,,,,,,,,,0,,,,,,none,781469
779966,2025-09-09,23:05,2025,Oklahoma City Comets,Sacramento River Cats,Roki Sasaki,Nick Zwack,808963.0,686873.0,schedule_probable_pitcher,1,4,6,2,0,0,0,1,0,1,0,0,3,4,3,0,No Line,0.0,none,-1,9,7,1,post,Final,Final,,,,,,,,,,,,,0,,,,,,none,779966
781167,2025-09-09,23:05,2025,Jacksonville Jumbo Shrimp,Memphis Redbirds,Robby Snelling,Zach Plesac,702281.0,668676.0,schedule_probable_pitcher,1,5,2,0,1,0,0,0,0,2,0,1,0,3,1,0,No Line,0.0,none,-1,6,6,1,post,Final,Final,,,,,,,,,,,,,0,,,,,,none,781167
780870,2025-09-09,23:35,2025,Nashville Sounds,Gwinnett Stripers,Bruce Zimmermann,Jhancarlos Lara,669145.0,702910.0,schedule_probable_pitcher,1,8,1,2,0,0,0,1,0,1,0,3,0,7,0,0,No Line,0.0,none,-1,4,2,1,post,Final,Final,,,,,,,,,,,,,0,,,,,,none,780870
780490,2025-09-09,23:37,2025,St. Paul Saints,Columbus Clippers,Andrew Morris,Austin Peterson,702193.0,804926.0,schedule_probable_pitcher,1,1,2,0,0,1,2,0,0,0,0,0,0,1,2,0,No Line,0.0,none,-1,3,3,1,post,Final,Final,,,,,,,,,,,,,0,,,,,,none,780490
779823,2025-09-10,00:05,2025,Round Rock Express,Sugar Land Space Cowboys,Trey Supak,Jose Fleury,657022.0,800067.0,schedule_probable_pitcher,1,4,3,0,0,0,1,0,0,0,0,1,1,1,2,0,No Line,0.0,none,-1,6,6,1,post,Final,Final,,,,,,,,,,,,,0,,,,,,none,779823
780114,2025-09-10,00:35,2025,El Paso Chihuahuas,Albuquerque Isotopes,Jackson Wolf,Mason Albright,680232.0,695476.0,schedule_probable_pitcher,1,15,7,0,0,3,2,3,0,0,0,4,1,10,3,0,No Line,0.0,none,-1,13,12,1,post,Final,Final,,,,,,,,,,,,,0,,,,,,none,780114
779665,2025-09-10,01:05,2025,Salt Lake Bees,Tacoma Rainiers,Shaun Anderson,Blas Castaño,641312.0,680604.0,schedule_probable_pitcher,1,6,1,0,0,1,0,0,0,3,0,0,1,4,1,0,No Line,0.0,none,-1,7,9,1,post,Final,Final,,,,,,,,,,,,,0,,,,,,none,779665
779898,2025-09-10,01:35,2025,Reno Aces,Las Vegas Aviators,Roman Angelo,Ken Waldichuk,809109.0,686610.0,schedule_probable_pitcher,1,10,6,0,3,0,0,1,3,0,0,0,0,1,6,0,No Line,0.0,none,-1,12,7,1,post,Final,Final,,,,,,,,,,,,,0,,,,,,none,779898
779963,2025-09-10,17:05,2025,Oklahoma City Comets,Sacramento River Cats,Andrew Heaney,Trevor McDonald,571760.0,686790.0,schedule_probable_pitcher,1,5,1,0,0,3,0,0,0,2,0,0,0,5,0,0,No Line,0.0,none,-1,8,3,1,post,Final,Final,,,,,,,,,,,,,0,,,,,,none,779963
780571,2025-09-10,17:05,2025,Scranton/Wilkes-Barre RailRiders,Lehigh Valley IronPigs,Allan Winans,Andrew Painter,642216.0,691725.0,schedule_probable_pitcher,1,1,4,0,0,0,1,0,0,0,0,0,0,0,1,0,No Line,0.0,none,-1,5,9,1,post,Final,Final,,,,,,,,,,,,,0,,,,,,none,780571
781314,2025-09-10,17:35,2025,Indianapolis Indians,Iowa Cubs,Drake Fellows,,666148.0,,schedule_probable_pitcher,1,8,3,4,0,1,0,0,0,1,0,0,1,6,1,0,No Line,0.0,none,-1,9,6,1,post,Final,Final,,,,,,,,,,,,,0,,,,,,none,781314
780113,2025-09-10,18:05,2025,El Paso Chihuahuas,Albuquerque Isotopes,Victor Lizarraga,Xzavion Curry,694205.0,675540.0,schedule_probable_pitcher,1,10,21,0,7,0,3,0,1,0,1,0,1,0,13,0,No Line,0.0,none,-1,17,27,1,post,Final,Final,,,,,,,,,,,,,0,,,,,,none,780113
779810,2025-09-10,21:30,2025,Round Rock Express,Sugar Land Space Cowboys,Cory Abbott,Tyler Ivey,676265.0,663959.0,schedule_probable_pitcher,1,5,3,0,0,0,0,3,0,0,2,0,0,3,2,0,No Line,0.0,none,-1,6,7,1,post,Final,Final,,,,,,,,,,,,,0,,,,,,none,779810
779844,2025-09-10,21:35,2025,Round Rock Express,Sugar Land Space Cowboys,Ben Anderson,Michael Knorr,670391.0,681077.0,schedule_probable_pitcher,1,4,7,0,4,0,0,0,2,1,0,0,0,1,6,0,No Line,0.0,none,-1,5,7,1,post,Final,Final,,,,,,,,,,,,,0,,,,,,none,779844
780640,2025-09-10,22:05,2025,Rochester Red Wings,Buffalo Bisons,Kyle Luckham,Trey Yesavage,680734.0,702056.0,schedule_probable_pitcher,1,2,9,0,5,0,1,0,0,0,0,1,0,1,6,0,No Line,0.0,none,-1,6,11,1,post,Final,Final,,,,,,,,,,,,,0,,,,,,none,780640
780339,2025-09-10,22:35,2025,Toledo Mud Hens,Louisville Bats,José Urquidy,Jose Franco,664353.0,683742.0,schedule_probable_pitcher,1,0,2,0,0,0,0,0,0,0,1,0,0,0,1,0,No Line,0.0,none,-1,3,6,1,post,Final,Final,,,,,,,,,,,,,0,,,,,,none,780339
780420,2025-09-10,22:35,2025,Syracuse Mets,Worcester Red Sox,,Shane Drohan,,675660.0,schedule_probable_pitcher,1,1,4,0,1,0,3,0,0,0,0,0,0,0,4,0,No Line,0.0,none,-1,5,11,1,post,Final,Final,,,,,,,,,,,,,0,,,,,,none,780420
781464,2025-09-10,22:35,2025,Durham Bulls,Norfolk Tides,Yoniel Curet,Nestor German,692414.0,815148.0,schedule_probable_pitcher,1,17,9,1,0,3,0,1,6,2,0,5,1,12,7,0,No Line,0.0,none,-1,13,12,1,post,Final,Final,,,,,,,,,,,,,0,,,,,,none,781464
781166,2025-09-10,23:05,2025,Jacksonville Jumbo Shrimp,Memphis Redbirds,Patrick Monteverde,Aaron Wilkerson,687287.0,658792.0,schedule_probable_pitcher,1,9,8,0,0,0,2,0,0,1,0,0,0,1,2,0,No Line,0.0,none,-1,14,10,1,post,Final,Final,,,,,,,,,,,,,0,,,,,,none,781166
780717,2025-09-10,23:35,2025,Omaha Storm Chasers,Charlotte Knights,Spencer Turnbull,Jonathan Cannon,605513.0,686563.0,schedule_probable_pitcher,1,3,2,0,1,1,0,1,1,0,0,0,0,2,2,0,No Line,0.0,none,-1,6,6,1,post,Final,Final,,,,,,,,,,,,,0,,,,,,none,780717
780869,2025-09-10,23:35,2025,Nashville Sounds,Gwinnett Stripers,Alexander Cornielle,José Suarez,529017.0,660761.0,schedule_probable_pitcher,1,4,7,2,2,0,0,1,0,0,0,0,0,3,2,0,No Line,0.0,none,-1,13,10,1,post,Final,Final,,,,,,,,,,,,,0,,,,,,none,780869
780484,2025-09-10,23:37,2025,St. Paul Saints,Columbus Clippers,John Klein,Ryan Webb,804619.0,669067.0,schedule_probable_pitcher,1,1,7,0,0,0,0,1,3,0,0,0,2,1,5,0,No Line,0.0,none,-1,7,7,1,post,Final,Final,,,,,,,,,,,,,0,,,,,,none,780484
779668,2025-09-11,01:05,2025,Salt Lake Bees,Tacoma Rainiers,Dakota Hudson,Michael Mariot,641712.0,592527.0,schedule_probable_pitcher,1,8,4,0,0,0,0,1,1,0,1,5,0,6,2,0,No Line,0.0,none,-1,14,11,1,post,Final,Final,,,,,,,,,,,,,0,,,,,,none,779668
779883,2025-09-11,01:35,2025,Reno Aces,Las Vegas Aviators,Spencer Giesting,Aaron Brooks,801517.0,605156.0,schedule_probable_pitcher,1,0,3,0,0,0,1,0,0,0,0,0,1,0,2,0,No Line,0.0,none,-1,8,9,1,post,Final,Final,,,,,,,,,,,,,0,,,,,,none,779883
780639,2025-09-11,22:05,2025,Rochester Red Wings,Buffalo Bisons,Adrian Sampson,Elieser Hernández,592716.0,622694.0,schedule_probable_pitcher,1,8,7,0,0,2,3,1,0,0,0,2,1,5,4,0,No Line,0.0,none,-1,11,8,1,post,Final,Final,,,,,,,,,,,,,0,,,,,,none,780639
780338,2025-09-11,22:35,2025,Toledo Mud Hens,Louisville Bats,Jordan Balazovic,Charlie Barnes,666364.0,656212.0,schedule_probable_pitcher,1,11,4,6,0,3,0,0,1,0,0,0,0,9,1,0,No Line,0.0,none,-1,18,7,1,post,Final,Final,,,,,,,,,,,,,0,,,,,,none,780338
780415,2025-09-11,22:35,2025,Syracuse Mets,Worcester Red Sox,,Tyler Uberstine,,700413.0,schedule_probable_pitcher,1,1,10,0,3,0,4,0,0,0,0,0,0,0,7,0,No Line,0.0,none,-1,4,13,1,post,Final,Final,,,,,,,,,,,,,0,,,,,,none,780415
780563,2025-09-11,22:35,2025,Scranton/Wilkes-Barre RailRiders,Lehigh Valley IronPigs,Brendan Beck,Alan Rangel,694341.0,660604.0,schedule_probable_pitcher,1,3,2,0,0,0,0,0,0,0,1,0,0,0,1,0,No Line,0.0,none,-1,7,7,1,post,Final,Final,,,,,,,,,,,,,0,,,,,,none,780563
781315,2025-09-11,22:35,2025,Indianapolis Indians,Iowa Cubs,Hunter Barco,Jordan Wicks,682995.0,696136.0,schedule_probable_pitcher,1,2,6,0,0,0,0,1,0,0,0,0,2,1,2,0,No Line,0.0,none,-1,4,16,1,post,Final,Final,,,,,,,,,,,,,0,,,,,,none,781315
781470,2025-09-11,22:35,2025,Durham Bulls,Norfolk Tides,Forrest Whitley,Cameron Weston,666215.0,687721.0,schedule_probable_pitcher,1,4,7,0,0,0,4,1,0,0,0,0,2,1,6,0,No Line,0.0,none,-1,9,11,1,post,Final,Final,,,,,,,,,,,,,0,,,,,,none,781470
781164,2025-09-11,23:05,2025,Jacksonville Jumbo Shrimp,Memphis Redbirds,Dax Fulton,Quinn Mathews,690978.0,687273.0,schedule_probable_pitcher,1,4,3,0,0,0,1,0,0,2,0,1,0,3,1,0,No Line,0.0,none,-1,9,11,1,post,Final,Final,,,,,,,,,,,,,0,,,,,,none,781164
780708,2025-09-11,23:35,2025,Omaha Storm Chasers,Charlotte Knights,John Gant,Owen White,607231.0,669391.0,schedule_probable_pitcher,1,11,3,0,1,0,0,1,0,0,0,5,0,6,1,0,No Line,0.0,none,-1,15,7,1,post,Final,Final,,,,,,,,,,,,,0,,,,,,none,780708
780864,2025-09-11,23:35,2025,Nashville Sounds,Gwinnett Stripers,Garrett Stallings,Carlos Carrasco,668831.0,471911.0,schedule_probable_pitcher,1,6,4,1,2,0,0,1,0,0,0,0,0,2,2,0,No Line,0.0,none,-1,10,10,1,post,Final,Final,,,,,,,,,,,,,0,,,,,,none,780864
780488,2025-09-11,23:37,2025,St. Paul Saints,Columbus Clippers,Darren McCaughan,Doug Nikhazy,670766.0,680951.0,schedule_probable_pitcher,1,3,4,0,0,1,0,1,0,0,0,0,4,2,4,0,No Line,0.0,none,-1,5,6,1,post,Final,Final,,,,,,,,,,,,,0,,,,,,none,780488
779808,2025-09-12,00:05,2025,Round Rock Express,Sugar Land Space Cowboys,Cal Quantrill,Colton Gordon,615698.0,676467.0,schedule_probable_pitcher,1,10,2,0,0,0,0,3,0,5,0,0,0,8,0,0,No Line,0.0,none,-1,11,5,1,post,Final,Final,,,,,,,,,,,,,0,,,,,,none,779808
779965,2025-09-12,00:05,2025,Oklahoma City Comets,Sacramento River Cats,Kyle Funkhouser,John Michael Bertrand,608335.0,802609.0,schedule_probable_pitcher,1,1,8,1,0,0,0,0,0,0,0,0,1,1,1,0,No Line,0.0,none,-1,9,12,1,post,Final,Final,,,,,,,,,,,,,0,,,,,,none,779965
780115,2025-09-12,00:35,2025,El Paso Chihuahuas,Albuquerque Isotopes,Victor Lizarraga,Andrew Quezada,694205.0,676768.0,schedule_probable_pitcher,1,4,2,1,1,0,0,3,0,0,0,0,0,4,1,0,No Line,0.0,none,-1,10,6,1,post,Final,Final,,,,,,,,,,,,,0,,,,,,none,780115
779663,2025-09-12,01:05,2025,Salt Lake Bees,Tacoma Rainiers,Sam Aldegheri,Casey Lawrence,691951.0,596271.0,schedule_probable_pitcher,1,4,7,0,0,0,1,1,0,1,0,1,2,3,3,0,No Line,0.0,none,-1,9,12,1,post,Final,Final,,,,,,,,,,,,,0,,,,,,none,779663
779885,2025-09-12,01:35,2025,Reno Aces,Las Vegas Aviators,Dylan Ray,Yunior Tur,691009.0,814305.0,schedule_probable_pitcher,1,6,5,0,0,0,0,3,0,0,5,1,0,4,5,0,No Line,0.0,none,-1,9,10,1,post,Final,Final,,,,,,,,,,,,,0,,,,,,none,779885
780638,2025-09-12,22:05,2025,Rochester Red Wings,Buffalo Bisons,Riley Cornelio,Alek Manoah,683000.0,666201.0,schedule_probable_pitcher,1,3,4,0,0,0,0,1,0,0,1,0,0,1,1,0,No Line,0.0,none,-1,6,4,1,post,Final,Final,,,,,,,,,,,,,0,,,,,,none,780638
780413,2025-09-12,22:35,2025,Syracuse Mets,Worcester Red Sox,,Jack Anderson,,681252.0,schedule_probable_pitcher,1,3,1,0,0,0,1,0,0,0,0,2,0,2,1,0,No Line,0.0,none,-1,6,3,1,post,Final,Final,,,,,,,,,,,,,0,,,,,,none,780413
780565,2025-09-12,22:35,2025,Scranton/Wilkes-Barre RailRiders,Lehigh Valley IronPigs,Sean Boyle,Ryan Cusick,682044.0,680743.0,schedule_probable_pitcher,1,5,9,0,1,4,0,0,0,0,1,0,0,4,2,0,No Line,0.0,none,-1,6,8,1,post,Final,Final,,,,,,,,,,,,,0,,,,,,none,780565
781465,2025-09-12,22:35,2025,Durham Bulls,Norfolk Tides,Logan Workman,Trey Gibson,694312.0,694346.0,schedule_probable_pitcher,1,5,3,0,0,0,0,0,0,0,1,3,0,3,1,0,No Line,0.0,none,-1,9,3,1,post,Final,Final,,,,,,,,,,,,,0,,,,,,none,781465
780340,2025-09-12,23:05,2025,Toledo Mud Hens,Louisville Bats,Lael Lockhart,Chase Petty,679712.0,695534.0,schedule_probable_pitcher,1,12,4,0,0,2,1,4,0,0,2,1,0,7,3,0,No Line,0.0,none,-1,18,11,1,post,Final,Final,,,,,,,,,,,,,0,,,,,,none,780340
781163,2025-09-12,23:05,2025,Jacksonville Jumbo Shrimp,Memphis Redbirds,Thomas White,Curtis Taylor,806258.0,668954.0,schedule_probable_pitcher,1,1,6,0,2,0,0,1,0,0,0,0,1,1,3,0,No Line,0.0,none,-1,3,7,1,post,Final,Final,,,,,,,,,,,,,0,,,,,,none,781163
781312,2025-09-12,23:05,2025,Indianapolis Indians,Iowa Cubs,Nick Dombkowski,Austin Gomber,694298.0,596295.0,schedule_probable_pitcher,1,4,0,0,0,0,0,0,0,0,0,0,0,0,0,0,No Line,0.0,none,-1,6,2,1,post,Final,Final,,,,,,,,,,,,,0,,,,,,none,781312
780709,2025-09-12,23:35,2025,Omaha Storm Chasers,Charlotte Knights,Cole Ragans,Shane Murphy,666142.0,690294.0,schedule_probable_pitcher,1,10,1,0,0,0,0,0,0,0,0,0,0,0,0,0,No Line,0.0,none,-1,12,6,1,post,Final,Final,,,,,,,,,,,,,0,,,,,,none,780709
780861,2025-09-12,23:35,2025,Nashville Sounds,Gwinnett Stripers,Tucker Davidson,Lucas Braun,656353.0,814351.0,schedule_probable_pitcher,1,3,0,0,0,0,0,0,0,0,0,0,0,0,0,0,No Line,0.0,none,-1,3,4,1,post,Final,Final,,,,,,,,,,,,,0,,,,,,none,780861
780491,2025-09-12,23:37,2025,St. Paul Saints,Columbus Clippers,Mick Abel,Aaron Davenport,690953.0,702126.0,schedule_probable_pitcher,1,4,3,0,0,1,0,0,0,1,3,0,0,2,3,0,No Line,0.0,none,-1,4,9,1,post,Final,Final,,,,,,,,,,,,,0,,,,,,none,780491
779964,2025-09-13,00:05,2025,Oklahoma City Comets,Sacramento River Cats,Landon Knack,Hayden Birdsong,689017.0,806185.0,schedule_probable_pitcher,1,8,2,0,0,3,2,0,0,0,0,5,0,8,2,0,No Line,0.0,none,-1,11,9,1,post,Final,Final,,,,,,,,,,,,,0,,,,,,none,779964
779807,2025-09-13,00:15,2025,Round Rock Express,Sugar Land Space Cowboys,Tyler Mahle,Ethan Pecko,641816.0,814490.0,schedule_probable_pitcher,1,2,0,0,0,2,0,0,0,0,0,0,0,2,0,0,No Line,0.0,none,-1,6,5,1,post,Final,Final,,,,,,,,,,,,,0,,,,,,none,779807
780108,2025-09-13,00:35,2025,El Paso Chihuahuas,Albuquerque Isotopes,Logan Gillaspie,Gabriel Hughes,670810.0,687312.0,schedule_probable_pitcher,1,0,9,0,2,0,0,0,2,0,4,0,1,0,9,0,No Line,0.0,none,-1,2,11,1,post,Completed Early,Completed Early,,,,,,,,,,,,,0,,,,,,none,780108
779667,2025-09-13,01:05,2025,Salt Lake Bees,Tacoma Rainiers,,Jhonathan Díaz,,646242.0,schedule_probable_pitcher,1,5,10,0,6,0,0,4,0,0,2,0,1,4,9,0,No Line,0.0,none,-1,9,12,1,post,Final,Final,,,,,,,,,,,,,0,,,,,,none,779667
779887,2025-09-13,01:35,2025,Reno Aces,Las Vegas Aviators,Bryce Jarvis,Kade Morris,686826.0,695034.0,schedule_probable_pitcher,1,3,10,0,0,1,0,0,0,1,3,0,1,2,4,0,No Line,0.0,none,-1,8,11,1,post,Final,Final,,,,,,,,,,,,,0,,,,,,none,779887
781495,2025-09-13,17:05,2025,Durham Bulls,Norfolk Tides,Jesse Scholtens,Levi Wells,669947.0,694370.0,schedule_probable_pitcher,1,6,2,0,0,0,0,1,0,1,1,0,1,2,2,0,No Line,0.0,none,-1,7,2,1,post,Final,Final,,,,,,,,,,,,,0,,,,,,none,781495
780561,2025-09-13,20:05,2025,Scranton/Wilkes-Barre RailRiders,Lehigh Valley IronPigs,Erick Leal,Mitch Neunborn,612797.0,666748.0,schedule_probable_pitcher,1,8,5,0,1,0,0,0,0,4,3,2,0,6,4,0,No Line,0.0,none,-1,9,8,1,post,Final,Final,,,,,,,,,,,,,0,,,,,,none,780561
780336,2025-09-13,21:05,2025,Toledo Mud Hens,Louisville Bats,,Rhett Lowder,,695076.0,schedule_probable_pitcher,1,5,6,0,0,1,0,0,1,0,2,0,0,1,3,0,No Line,0.0,none,-1,7,12,1,post,Final,Final,,,,,,,,,,,,,0,,,,,,none,780336
779815,2025-09-13,21:30,2025,Round Rock Express,Sugar Land Space Cowboys,Jose Corniell,Miguel Ullola,692030.0,699044.0,schedule_probable_pitcher,1,3,1,0,0,0,0,0,0,3,0,0,0,3,0,0,No Line,0.0,none,-1,3,3,1,post,Final,Final,,,,,,,,,,,,,0,,,,,,none,779815
779846,2025-09-13,21:35,2025,Round Rock Express,Sugar Land Space Cowboys,Josh Stephan,Cody Bolton,695776.0,675989.0,schedule_probable_pitcher,1,5,4,0,2,0,0,0,0,1,0,0,0,1,2,0,No Line,0.0,none,-1,9,6,1,post,Final,Final,,,,,,,,,,,,,0,,,,,,none,779846
780634,2025-09-13,22:05,2025,Rochester Red Wings,Buffalo Bisons,Bryce Conley,,676785.0,,schedule_probable_pitcher,1,3,4,0,3,0,0,1,0,1,0,0,0,2,3,0,No Line,0.0,none,-1,7,8,1,post,Final,Final,,,,,,,,,,,,,0,,,,,,none,780634
780489,2025-09-13,22:07,2025,St. Paul Saints,Columbus Clippers,Connor Prielipp,Will Dion,687570.0,702021.0,schedule_probable_pitcher,1,3,9,0,0,0,0,2,0,0,4,0,0,2,4,0,No Line,0.0,none,-1,5,10,1,post,Final,Final,,,,,,,,,,,,,0,,,,,,none,780489
780412,2025-09-13,22:35,2025,Syracuse Mets,Worcester Red Sox,,,,,schedule,0,4,6,0,4,0,0,0,2,0,0,2,0,2,6,0,No Line,0.0,none,-1,7,7,1,post,Final,Final,,,,,,,,,,,,,0,,,,,,none,780412
781165,2025-09-13,22:35,2025,Jacksonville Jumbo Shrimp,Memphis Redbirds,Thomas White,Max Rajcic,806258.0,691008.0,schedule_probable_pitcher,1,11,2,0,1,5,0,2,0,3,1,1,0,11,2,0,No Line,0.0,none,-1,14,4,1,post,Final,Final,,,,,,,,,,,,,0,,,,,,none,781165
781313,2025-09-13,22:35,2025,Indianapolis Indians,Iowa Cubs,,Jaxon Wiggins,,694393.0,schedule_probable_pitcher,1,5,2,0,0,0,0,1,0,0,0,1,0,2,0,0,No Line,0.0,none,-1,10,5,1,post,Final,Final,,,,,,,,,,,,,0,,,,,,none,781313
781462,2025-09-13,22:35,2025,Durham Bulls,Norfolk Tides,,Scott Blewett,,656240.0,schedule_probable_pitcher,1,1,3,0,0,0,0,0,0,0,2,1,0,1,2,0,No Line,0.0,none,-1,12,6,1,post,Final,Final,,,,,,,,,,,,,0,,,,,,none,781462
779967,2025-09-13,23:05,2025,Oklahoma City Comets,Sacramento River Cats,Christian Romero,Seth Lonsway,699071.0,675920.0,schedule_probable_pitcher,1,6,1,1,0,2,0,1,0,0,0,0,0,4,0,0,No Line,0.0,none,-1,8,5,1,post,Final,Final,,,,,,,,,,,,,0,,,,,,none,779967
780715,2025-09-13,23:05,2025,Omaha Storm Chasers,Charlotte Knights,Stephen Nogosek,Duncan Davitt,668665.0,701474.0,schedule_probable_pitcher,1,8,3,0,1,0,0,0,0,0,0,2,0,2,1,0,No Line,0.0,none,-1,12,8,1,post,Final,Final,,,,,,,,,,,,,0,,,,,,none,780715
780863,2025-09-13,23:35,2025,Nashville Sounds,Gwinnett Stripers,Carlos Rodriguez,JR Ritchie,692230.0,702275.0,schedule_probable_pitcher,1,3,1,0,0,0,0,0,0,1,1,0,0,1,1,0,No Line,0.0,none,-1,7,5,1,post,Final,Final,,,,,,,,,,,,,0,,,,,,none,780863
780112,2025-09-14,00:35,2025,El Paso Chihuahuas,Albuquerque Isotopes,Matt Waldron,Matt Turner,663362.0,676666.0,schedule_probable_pitcher,1,16,3,0,0,0,1,3,0,2,0,0,0,5,1,0,No Line,0.0,none,-1,12,6,1,post,Final,Final,,,,,,,,,,,,,0,,,,,,none,780112
779662,2025-09-14,01:05,2025,Salt Lake Bees,Tacoma Rainiers,Angel Felipe,Nico Tellache,665734.0,688548.0,schedule_probable_pitcher,1,5,9,4,2,0,0,0,0,0,2,0,0,4,4,0,No Line,0.0,none,-1,9,19,1,post,Final,Final,,,,,,,,,,,,,0,,,,,,none,779662
779886,2025-09-14,01:05,2025,Reno Aces,Las Vegas Aviators,Yu-Min Lin,Blake Beers,801179.0,676275.0,schedule_probable_pitcher,1,9,1,1,0,5,0,1,1,0,0,0,0,7,1,0,No Line,0.0,none,-1,13,7,1,post,Final,Final,,,,,,,,,,,,,0,,,,,,none,779886
780405,2025-09-14,17:05,2025,Syracuse Mets,Worcester Red Sox,,José De León,,592254.0,schedule_probable_pitcher,1,7,2,0,0,0,0,0,0,0,2,0,0,0,2,0,No Line,0.0,none,-1,6,4,1,post,Final,Final,,,,,,,,,,,,,0,,,,,,none,780405
780562,2025-09-14,17:05,2025,Scranton/Wilkes-Barre RailRiders,Lehigh Valley IronPigs,Kenta Maeda,Gabe Mosser,628317.0,682077.0,schedule_probable_pitcher,1,1,6,0,2,0,0,0,2,0,0,0,0,0,4,0,No Line,0.0,none,-1,6,11,1,post,Final,Final,,,,,,,,,,,,,0,,,,,,none,780562
780635,2025-09-14,17:05,2025,Rochester Red Wings,Buffalo Bisons,Chase Solesky,CJ Van Eyk,686678.0,669310.0,schedule_probable_pitcher,1,5,4,2,1,1,0,2,0,0,0,0,0,5,1,0,No Line,0.0,none,-1,11,9,1,post,Final,Final,,,,,,,,,,,,,0,,,,,,none,780635
781461,2025-09-14,17:05,2025,Durham Bulls,Norfolk Tides,Joe Boyle,Michael Caldon,671212.0,828511.0,schedule_probable_pitcher,1,5,7,0,2,2,0,0,0,2,0,0,0,4,2,0,No Line,0.0,none,-1,8,9,1,post,Final,Final,,,,,,,,,,,,,0,,,,,,none,781461
781310,2025-09-14,17:35,2025,Indianapolis Indians,Iowa Cubs,Po-Yu Chen,,696040.0,,schedule_probable_pitcher,1,4,0,0,0,0,0,2,0,1,0,0,0,3,0,0,No Line,0.0,none,-1,6,5,1,post,Final,Final,,,,,,,,,,,,,0,,,,,,none,781310
779666,2025-09-14,18:05,2025,Salt Lake Bees,Tacoma Rainiers,Shaun Anderson,Blas Castaño,641312.0,680604.0,schedule_probable_pitcher,1,8,15,0,2,0,0,2,3,0,0,3,5,5,10,0,No Line,0.0,none,-1,13,13,1,post,Final,Final,,,,,,,,,,,,,0,,,,,,none,779666
779811,2025-09-14,18:05,2025,Round Rock Express,Sugar Land Space Cowboys,Trey Supak,Jose Fleury,657022.0,800067.0,schedule_probable_pitcher,1,2,10,2,2,0,3,0,1,0,2,0,0,2,8,0,No Line,0.0,none,-1,4,13,1,post,Final,Final,,,,,,,,,,,,,0,,,,,,none,779811
780110,2025-09-14,18:05,2025,El Paso Chihuahuas,Albuquerque Isotopes,Jackson Wolf,Mason Albright,680232.0,695476.0,schedule_probable_pitcher,1,13,8,7,0,0,0,0,0,0,0,0,2,7,2,0,No Line,0.0,none,-1,13,15,1,post,Final,Final,,,,,,,,,,,,,0,,,,,,none,780110
780335,2025-09-14,18:05,2025,Toledo Mud Hens,Louisville Bats,,T.J. Sikkema,,674674.0,schedule_probable_pitcher,1,5,4,1,1,0,0,0,0,4,0,0,1,5,2,0,No Line,0.0,none,-1,9,8,1,post,Final,Final,,,,,,,,,,,,,0,,,,,,none,780335
781161,2025-09-14,18:05,2025,Jacksonville Jumbo Shrimp,Memphis Redbirds,Riskiel Tineo,Zach Plesac,805144.0,668676.0,schedule_probable_pitcher,1,2,4,0,0,1,0,1,0,0,0,0,2,2,2,0,No Line,0.0,none,-1,6,6,1,post,Final,Final,,,,,,,,,,,,,0,,,,,,none,781161
779961,2025-09-14,19:05,2025,Oklahoma City Comets,Sacramento River Cats,Andrew Heaney,Nick Zwack,571760.0,686873.0,schedule_probable_pitcher,1,12,2,4,0,0,0,2,0,2,0,3,0,11,0,0,No Line,0.0,none,-1,15,7,1,post,Final,Final,,,,,,,,,,,,,0,,,,,,none,779961
780711,2025-09-14,19:05,2025,Omaha Storm Chasers,Charlotte Knights,Shane Panzini,Mike Clevinger,695556.0,605182.0,schedule_probable_pitcher,1,0,8,0,1,0,0,0,0,0,6,0,0,0,7,0,No Line,0.0,none,-1,3,10,1,post,Final,Final,,,,,,,,,,,,,0,,,,,,none,780711
780485,2025-09-14,19:07,2025,St. Paul Saints,Columbus Clippers,Kendry Rojas,John Means,696070.0,607644.0,schedule_probable_pitcher,1,11,7,0,2,0,2,2,0,6,0,0,0,8,4,0,No Line,0.0,none,-1,11,10,1,post,Final,Final,,,,,,,,,,,,,0,,,,,,none,780485
779884,2025-09-14,20:05,2025,Reno Aces,Las Vegas Aviators,Roman Angelo,Ken Waldichuk,809109.0,686610.0,schedule_probable_pitcher,1,8,0,3,0,2,0,0,0,0,0,0,0,5,0,0,No Line,0.0,none,-1,9,5,1,post,Final,Final,,,,,,,,,,,,,0,,,,,,none,779884
780862,2025-09-14,23:05,2025,Nashville Sounds,Gwinnett Stripers,Bruce Zimmermann,Jhancarlos Lara,669145.0,702910.0,schedule_probable_pitcher,1,7,2,0,0,4,0,0,1,2,0,1,0,7,1,0,No Line,0.0,none,-1,9,5,1,post,Final,Final,,,,,,,,,,,,,0,,,,,,none,780862
779516,2025-09-16,19:05,2025,Tacoma Rainiers,Oklahoma City Comets,Logan Evans,Garrett McDaniels,688138.0,680729.0,schedule_probable_pitcher,1,5,7,0,0,0,4,0,1,1,0,1,1,2,6,0,No Line,0.0,none,-1,9,11,1,post,Final,Final,,,,,,,,,,,,,0,,,,,,none,779516
780265,2025-09-16,22:05,2025,Worcester Red Sox,Rochester Red Wings,Shane Drohan,,675660.0,,schedule_probable_pitcher,1,6,5,3,0,1,0,0,0,0,0,0,2,4,2,0,No Line,0.0,none,-1,9,9,1,post,Final,Final,,,,,,,,,,,,,0,,,,,,none,780265
781691,2025-09-16,22:05,2025,Buffalo Bisons,Scranton/Wilkes-Barre RailRiders,Hayden Juenger,Allan Winans,696522.0,642216.0,schedule_probable_pitcher,1,1,3,0,0,0,0,0,0,0,2,1,0,1,2,0,No Line,0.0,none,-1,6,9,1,post,Final,Final,,,,,,,,,,,,,0,,,,,,none,781691
781534,2025-09-16,22:15,2025,Columbus Clippers,Omaha Storm Chasers,Ryan Webb,Spencer Turnbull,669067.0,605513.0,schedule_probable_pitcher,1,9,2,0,0,3,0,0,0,2,0,0,0,5,0,0,No Line,0.0,none,-1,8,5,1,post,Final,Final,,,,,,,,,,,,,0,,,,,,none,781534
781013,2025-09-16,22:35,2025,Louisville Bats,Nashville Sounds,Jose Franco,Alexander Cornielle,683742.0,529017.0,schedule_probable_pitcher,1,3,1,2,0,0,0,1,0,0,0,0,1,3,1,0,No Line,0.0,none,-1,5,5,1,post,Final,Final,,,,,,,,,,,,,0,,,,,,none,781013
781616,2025-09-16,22:35,2025,Charlotte Knights,Durham Bulls,Jonathan Cannon,Garrett Acton,686563.0,670183.0,schedule_probable_pitcher,1,6,9,0,0,2,0,0,0,0,5,0,1,2,6,0,No Line,0.0,none,-1,9,14,1,post,Final,Final,,,,,,,,,,,,,0,,,,,,none,781616
781086,2025-09-16,22:45,2025,Lehigh Valley IronPigs,Syracuse Mets,Alan Rangel,,660604.0,,schedule_probable_pitcher,1,3,4,1,1,0,0,0,0,0,0,0,2,1,3,0,No Line,0.0,none,-1,7,7,1,post,Final,Final,,,,,,,,,,,,,0,,,,,,none,781086
781391,2025-09-16,23:05,2025,Gwinnett Stripers,Indianapolis Indians,Carlos Carrasco,Drake Fellows,471911.0,666148.0,schedule_probable_pitcher,1,1,8,1,3,0,0,0,2,0,2,0,0,1,7,0,No Line,0.0,none,-1,6,13,1,post,Final,Final,,,,,,,,,,,,,0,,,,,,none,781391
781241,2025-09-16,23:38,2025,Iowa Cubs,Toledo Mud Hens,Jordan Wicks,Randy Dobnak,696136.0,677976.0,schedule_probable_pitcher,1,4,8,0,3,0,0,1,0,3,0,0,0,4,3,0,No Line,0.0,none,-1,11,8,1,post,Final,Final,,,,,,,,,,,,,0,,,,,,none,781241
780938,2025-09-16,23:45,2025,Memphis Redbirds,St. Paul Saints,Aaron Wilkerson,Andrew Morris,658792.0,702193.0,schedule_probable_pitcher,1,7,6,0,1,0,0,0,0,1,1,0,0,1,2,0,No Line,0.0,none,-1,7,9,1,post,Final,Final,,,,,,,,,,,,,0,,,,,,none,780938
779587,2025-09-17,00:05,2025,Sugar Land Space Cowboys,El Paso Chihuahuas,Tyler Ivey,,663959.0,,schedule_probable_pitcher,1,3,5,1,0,0,1,1,2,0,0,0,0,2,3,0,No Line,0.0,none,-1,5,12,1,post,Final,Final,,,,,,,,,,,,,0,,,,,,none,779587
780193,2025-09-17,00:35,2025,Albuquerque Isotopes,Reno Aces,Xzavion Curry,Spencer Giesting,675540.0,801517.0,schedule_probable_pitcher,1,7,8,0,6,0,0,3,0,1,2,0,0,4,8,0,No Line,0.0,none,-1,11,13,1,post,Final,Final,,,,,,,,,,,,,0,,,,,,none,780193
780041,2025-09-17,01:35,2025,Las Vegas Aviators,Salt Lake Bees,Yunior Tur,,814305.0,,schedule_probable_pitcher,1,4,3,0,0,0,0,0,0,2,0,0,0,2,0,0,No Line,0.0,none,-1,10,6,1,post,Final,Final,,,,,,,,,,,,,0,,,,,,none,780041
779737,2025-09-17,01:45,2025,Sacramento River Cats,Round Rock Express,Carson Whisenhunt,Ben Anderson,687931.0,670391.0,schedule_probable_pitcher,1,3,8,0,3,0,0,0,0,3,0,0,0,3,3,0,No Line,0.0,none,-1,7,9,1,post,Final,Final,,,,,,,,,,,,,0,,,,,,none,779737
781008,2025-09-17,16:05,2025,Louisville Bats,Nashville Sounds,Charlie Barnes,Garrett Stallings,656212.0,668831.0,schedule_probable_pitcher,1,1,4,1,0,0,0,0,1,0,0,0,0,1,1,0,No Line,0.0,none,-1,9,10,1,post,Final,Final,,,,,,,,,,,,,0,,,,,,none,781008
781392,2025-09-17,16:05,2025,Gwinnett Stripers,Indianapolis Indians,Lucas Braun,Beau Burrows,814351.0,663366.0,schedule_probable_pitcher,1,5,0,0,0,3,0,0,0,0,0,1,0,4,0,0,No Line,0.0,none,-1,6,2,1,post,Final,Final,,,,,,,,,,,,,0,,,,,,none,781392
781231,2025-09-17,17:08,2025,Iowa Cubs,Toledo Mud Hens,,Lael Lockhart,,679712.0,schedule_probable_pitcher,1,1,5,0,0,1,1,0,1,0,0,0,0,1,2,0,No Line,0.0,none,-1,4,8,1,post,Completed Early,Completed Early,,,,,,,,,,,,,0,,,,,,none,781231
780783,2025-09-17,21:05,2025,Norfolk Tides,Jacksonville Jumbo Shrimp,Nestor German,Thomas White,815148.0,806258.0,schedule_probable_pitcher,1,2,5,0,0,1,1,0,0,0,0,1,1,2,2,0,No Line,0.0,none,-1,1,6,1,post,Final,Final,,,,,,,,,,,,,0,,,,,,none,780783
780791,2025-09-17,21:10,2025,Norfolk Tides,Jacksonville Jumbo Shrimp,Cameron Weston,Robby Snelling,687721.0,702281.0,schedule_probable_pitcher,1,1,3,0,0,0,0,0,0,0,1,0,2,0,3,0,No Line,0.0,none,-1,3,7,1,post,Final,Final,,,,,,,,,,,,,0,,,,,,none,780791
780270,2025-09-17,22:05,2025,Worcester Red Sox,Rochester Red Wings,Tyler Uberstine,Adrian Sampson,700413.0,592716.0,schedule_probable_pitcher,1,3,1,0,0,2,0,0,0,0,0,1,0,3,0,0,No Line,0.0,none,-1,10,8,1,post,Final,Final,,,,,,,,,,,,,0,,,,,,none,780270
781683,2025-09-17,22:05,2025,Buffalo Bisons,Scranton/Wilkes-Barre RailRiders,Elieser Hernández,Joel Kuhnel,622694.0,669270.0,schedule_probable_pitcher,1,1,6,0,1,1,0,0,0,0,2,0,0,1,3,0,No Line,0.0,none,-1,9,7,1,post,Final,Final,,,,,,,,,,,,,0,,,,,,none,781683
781537,2025-09-17,22:15,2025,Columbus Clippers,Omaha Storm Chasers,Aaron Davenport,John Gant,702126.0,607231.0,schedule_probable_pitcher,1,3,0,0,0,0,0,0,0,3,0,0,0,3,0,0,No Line,0.0,none,-1,6,4,1,post,Final,Final,,,,,,,,,,,,,0,,,,,,none,781537
781618,2025-09-17,22:35,2025,Charlotte Knights,Durham Bulls,Evan McKendry,Forrest Whitley,679928.0,666215.0,schedule_probable_pitcher,1,3,7,0,0,0,0,0,0,0,3,0,3,0,6,0,No Line,0.0,none,-1,8,8,1,post,Final,Final,,,,,,,,,,,,,0,,,,,,none,781618
781089,2025-09-17,22:45,2025,Lehigh Valley IronPigs,Syracuse Mets,Andrew Painter,Brandon Waddell,691725.0,663399.0,schedule_probable_pitcher,1,3,4,2,0,0,0,0,0,0,3,0,0,2,3,0,No Line,0.0,none,-1,8,11,1,post,Final,Final,,,,,,,,,,,,,0,,,,,,none,781089
780940,2025-09-17,23:05,2025,Memphis Redbirds,St. Paul Saints,Quinn Mathews,John Klein,687273.0,804619.0,schedule_probable_pitcher,1,8,3,3,0,2,0,0,0,0,2,0,0,5,2,0,No Line,0.0,none,-1,13,8,1,post,Final,Final,,,,,,,,,,,,,0,,,,,,none,780940
779586,2025-09-18,00:05,2025,Sugar Land Space Cowboys,El Paso Chihuahuas,Joey Mancini,Victor Lizarraga,686223.0,694205.0,schedule_probable_pitcher,1,2,13,1,0,0,0,1,0,0,2,0,0,2,2,0,No Line,0.0,none,-1,7,18,1,post,Final,Final,,,,,,,,,,,,,0,,,,,,none,779586
780194,2025-09-18,00:05,2025,Albuquerque Isotopes,Reno Aces,Kyle Brnovich,Dylan Ray,686599.0,691009.0,schedule_probable_pitcher,1,9,7,4,5,2,0,0,1,0,1,0,0,6,7,0,No Line,0.0,none,-1,16,6,1,post,Final,Final,,,,,,,,,,,,,0,,,,,,none,780194
779518,2025-09-18,01:05,2025,Tacoma Rainiers,Oklahoma City Comets,Jhonathan Díaz,Kyle Funkhouser,646242.0,608335.0,schedule_probable_pitcher,1,6,1,2,0,0,0,0,0,0,0,0,0,2,0,0,No Line,0.0,none,-1,11,5,1,post,Final,Final,,,,,,,,,,,,,0,,,,,,none,779518
780040,2025-09-18,01:35,2025,Las Vegas Aviators,Salt Lake Bees,Aaron Brooks,Dakota Hudson,605156.0,641712.0,schedule_probable_pitcher,1,6,11,0,3,0,0,0,1,0,0,0,4,0,8,0,No Line,0.0,none,-1,11,15,1,post,Final,Final,,,,,,,,,,,,,0,,,,,,none,780040
779740,2025-09-18,01:45,2025,Sacramento River Cats,Round Rock Express,Blade Tidwell,Cal Quantrill,694918.0,615698.0,schedule_probable_pitcher,1,5,2,1,0,0,0,0,2,0,0,1,0,2,2,0,No Line,0.0,none,-1,10,6,1,post,Final,Final,,,,,,,,,,,,,0,,,,,,none,779740
780785,2025-09-18,16:05,2025,Norfolk Tides,Jacksonville Jumbo Shrimp,Trey Gibson,Nigel Belgrave,694346.0,811310.0,schedule_probable_pitcher,1,5,8,0,0,0,0,0,0,0,0,0,0,0,0,0,No Line,0.0,none,-1,10,10,1,post,Final,Final,,,,,,,,,,,,,0,,,,,,none,780785
780941,2025-09-18,16:05,2025,Memphis Redbirds,St. Paul Saints,Curtis Taylor,Darren McCaughan,668954.0,670766.0,schedule_probable_pitcher,1,10,4,0,0,0,0,2,1,2,0,3,0,7,1,0,No Line,0.0,none,-1,14,5,1,post,Final,Final,,,,,,,,,,,,,0,,,,,,none,780941
780188,2025-09-18,17:05,2025,Albuquerque Isotopes,Reno Aces,Gabriel Hughes,,687312.0,,schedule_probable_pitcher,1,1,7,0,0,0,2,0,0,1,1,0,0,1,3,0,No Line,0.0,none,-1,6,13,1,post,Final,Final,,,,,,,,,,,,,0,,,,,,none,780188
781690,2025-09-18,17:05,2025,Buffalo Bisons,Scranton/Wilkes-Barre RailRiders,Alek Manoah,Joel Kuhnel,666201.0,669270.0,schedule_probable_pitcher,1,2,0,1,0,0,0,0,0,0,0,1,0,2,0,0,No Line,0.0,none,-1,5,2,1,post,Final,Final,,,,,,,,,,,,,0,,,,,,none,781690
780261,2025-09-18,22:05,2025,Worcester Red Sox,Rochester Red Wings,Jack Anderson,Riley Cornelio,681252.0,683000.0,schedule_probable_pitcher,1,1,10,0,0,1,2,0,0,0,0,0,2,1,4,0,No Line,0.0,none,-1,10,11,1,post,Final,Final,,,,,,,,,,,,,0,,,,,,none,780261
781542,2025-09-18,22:15,2025,Columbus Clippers,Omaha Storm Chasers,Will Dion,,702021.0,,schedule_probable_pitcher,1,5,7,0,0,0,1,0,1,0,0,3,0,3,2,0,No Line,0.0,none,-1,11,11,1,post,Final,Final,,,,,,,,,,,,,0,,,,,,none,781542
781016,2025-09-18,22:35,2025,Louisville Bats,Nashville Sounds,Chase Petty,Tucker Davidson,695534.0,656353.0,schedule_probable_pitcher,1,4,15,0,2,3,6,0,0,0,4,0,2,3,14,0,No Line,0.0,none,-1,11,18,1,post,Final,Final,,,,,,,,,,,,,0,,,,,,none,781016
781091,2025-09-18,22:45,2025,Lehigh Valley IronPigs,Syracuse Mets,Griff McGarry,,676046.0,,schedule_probable_pitcher,1,8,2,0,1,0,0,0,0,4,0,0,0,4,1,0,No Line,0.0,none,-1,10,3,1,post,Final,Final,,,,,,,,,,,,,0,,,,,,none,781091
781614,2025-09-18,23:04,2025,Charlotte Knights,Durham Bulls,Shane Murphy,Logan Workman,690294.0,694312.0,schedule_probable_pitcher,1,2,3,1,0,0,0,1,1,0,0,0,1,2,2,0,No Line,0.0,none,-1,4,9,1,post,Final,Final,,,,,,,,,,,,,0,,,,,,none,781614
781388,2025-09-18,23:05,2025,Gwinnett Stripers,Indianapolis Indians,Brian Moran,Nick Dombkowski,572383.0,694298.0,schedule_probable_pitcher,1,3,6,1,2,1,0,0,0,0,1,1,1,3,4,0,No Line,0.0,none,-1,10,9,1,post,Final,Final,,,,,,,,,,,,,0,,,,,,none,781388
781238,2025-09-18,23:38,2025,Iowa Cubs,Toledo Mud Hens,Austin Gomber,,596295.0,,schedule_probable_pitcher,1,4,10,0,0,1,0,0,0,0,2,0,0,1,2,0,No Line,0.0,none,-1,7,11,1,post,Final,Final,,,,,,,,,,,,,0,,,,,,none,781238
779591,2025-09-19,00:05,2025,Sugar Land Space Cowboys,El Paso Chihuahuas,Ethan Pecko,JP Sears,814490.0,676664.0,schedule_probable_pitcher,1,1,5,0,0,1,0,0,3,0,0,0,0,1,3,0,No Line,0.0,none,-1,3,6,1,post,Final,Final,,,,,,,,,,,,,0,,,,,,none,779591
779741,2025-09-19,01:45,2025,Sacramento River Cats,Round Rock Express,Hayden Birdsong,,806185.0,,schedule_probable_pitcher,1,17,9,0,3,0,0,9,1,0,1,4,0,13,5,0,No Line,0.0,none,-1,16,13,1,post,Final,Final,,,,,,,,,,,,,0,,,,,,none,779741
779517,2025-09-19,02:05,2025,Tacoma Rainiers,Oklahoma City Comets,Casey Lawrence,Andrew Heaney,596271.0,571760.0,schedule_probable_pitcher,1,10,12,0,1,0,7,0,0,0,0,0,0,0,8,0,No Line,0.0,none,-1,5,14,1,post,Final,Final,,,,,,,,,,,,,0,,,,,,none,779517
780042,2025-09-19,02:05,2025,Las Vegas Aviators,Salt Lake Bees,Kade Morris,Brett Kerry,695034.0,695049.0,schedule_probable_pitcher,1,4,8,1,0,0,0,0,0,1,0,0,0,2,0,0,No Line,0.0,none,-1,7,7,1,post,Final,Final,,,,,,,,,,,,,0,,,,,,none,780042
780263,2025-09-19,22:05,2025,Worcester Red Sox,Rochester Red Wings,Isaac Coffey,Josiah Gray,806190.0,680686.0,schedule_probable_pitcher,1,7,8,0,0,0,0,0,0,2,2,0,2,2,4,0,No Line,0.0,none,-1,13,8,1,post,Final,Final,,,,,,,,,,,,,0,,,,,,none,780263
781689,2025-09-19,22:05,2025,Buffalo Bisons,Scranton/Wilkes-Barre RailRiders,Adam Kloffenstein,Sean Boyle,680572.0,682044.0,schedule_probable_pitcher,1,2,10,1,2,0,0,0,0,0,0,0,5,1,7,0,No Line,0.0,none,-1,6,16,1,post,Final,Final,,,,,,,,,,,,,0,,,,,,none,781689
780789,2025-09-19,22:35,2025,Norfolk Tides,Jacksonville Jumbo Shrimp,Levi Wells,Morgan McSweeney,694370.0,669682.0,schedule_probable_pitcher,1,5,0,0,0,0,0,0,0,1,0,0,0,1,0,0,No Line,0.0,none,-1,5,3,1,post,Final,Final,,,,,,,,,,,,,0,,,,,,none,780789
781613,2025-09-19,23:04,2025,Charlotte Knights,Durham Bulls,Duncan Davitt,Santiago Suarez,701474.0,800571.0,schedule_probable_pitcher,1,8,7,0,0,0,2,1,0,1,3,0,0,2,5,0,No Line,0.0,none,-1,8,8,1,post,Final,Final,,,,,,,,,,,,,0,,,,,,none,781613
781090,2025-09-19,23:05,2025,Lehigh Valley IronPigs,Syracuse Mets,Mitch Neunborn,,666748.0,,schedule_probable_pitcher,1,1,8,0,1,0,0,0,0,0,5,0,0,0,6,0,No Line,0.0,none,-1,4,12,1,post,Final,Final,,,,,,,,,,,,,0,,,,,,none,781090
781387,2025-09-19,23:05,2025,Gwinnett Stripers,Indianapolis Indians,JR Ritchie,Colin Holderman,702275.0,670059.0,schedule_probable_pitcher,1,6,12,0,0,1,0,0,0,0,2,0,3,1,5,0,No Line,0.0,none,-1,10,13,1,post,Final,Final,,,,,,,,,,,,,0,,,,,,none,781387
781536,2025-09-19,23:05,2025,Columbus Clippers,Omaha Storm Chasers,John Means,Ryan Ramsey,607644.0,687547.0,schedule_probable_pitcher,1,7,4,1,0,1,0,0,0,0,0,1,0,3,0,0,No Line,0.0,none,-1,12,7,1,post,Final,Final,,,,,,,,,,,,,0,,,,,,none,781536
781007,2025-09-19,23:15,2025,Louisville Bats,Nashville Sounds,T.J. Sikkema,Carlos Rodriguez,674674.0,692230.0,schedule_probable_pitcher,1,4,6,1,0,1,0,0,3,0,0,1,0,3,3,0,No Line,0.0,none,-1,6,12,1,post,Final,Final,,,,,,,,,,,,,0,,,,,,none,781007
779593,2025-09-20,00:05,2025,Sugar Land Space Cowboys,El Paso Chihuahuas,Cody Bolton,Matt Waldron,675989.0,663362.0,schedule_probable_pitcher,1,8,5,0,0,0,0,0,1,1,0,1,0,2,1,0,No Line,0.0,none,-1,9,7,1,post,Final,Final,,,,,,,,,,,,,0,,,,,,none,779593
780943,2025-09-20,00:05,2025,Memphis Redbirds,St. Paul Saints,Max Rajcic,Connor Prielipp,691008.0,687570.0,schedule_probable_pitcher,1,3,7,2,4,0,0,0,1,0,1,1,1,3,7,0,No Line,0.0,none,-1,5,10,1,post,Final,Final,,,,,,,,,,,,,0,,,,,,none,780943
781240,2025-09-20,00:08,2025,Iowa Cubs,Toledo Mud Hens,,Jordan Balazovic,,666364.0,schedule_probable_pitcher,1,1,0,0,0,0,0,0,0,0,0,0,0,0,0,0,No Line,0.0,none,-1,5,8,1,post,Final,Final,,,,,,,,,,,,,0,,,,,,none,781240
780189,2025-09-20,00:35,2025,Albuquerque Isotopes,Reno Aces,,Bryce Jarvis,,686826.0,schedule_probable_pitcher,1,8,4,0,1,0,0,4,0,2,3,2,0,8,4,0,No Line,0.0,none,-1,9,9,1,post,Final,Final,,,,,,,,,,,,,0,,,,,,none,780189
779739,2025-09-20,01:45,2025,Sacramento River Cats,Round Rock Express,Seth Lonsway,Winston Santos,675920.0,692437.0,schedule_probable_pitcher,1,2,5,1,0,0,0,0,3,0,1,0,0,1,4,0,No Line,0.0,none,-1,8,9,1,post,Final,Final,,,,,,,,,,,,,0,,,,,,none,779739
779514,2025-09-20,02:05,2025,Tacoma Rainiers,Oklahoma City Comets,Blas Castaño,Landon Knack,680604.0,689017.0,schedule_probable_pitcher,1,2,5,0,0,0,0,0,4,0,0,0,0,0,4,0,No Line,0.0,none,-1,7,11,1,post,Final,Final,,,,,,,,,,,,,0,,,,,,none,779514
780037,2025-09-20,02:05,2025,Las Vegas Aviators,Salt Lake Bees,Blake Beers,Walbert Urena,676275.0,700712.0,schedule_probable_pitcher,1,3,2,0,0,0,0,0,2,1,0,0,0,1,2,0,No Line,0.0,none,-1,8,8,1,post,Final,Final,,,,,,,,,,,,,0,,,,,,none,780037
781611,2025-09-20,16:35,2025,Charlotte Knights,Durham Bulls,Bryse Wilson,Garrett Gainey,669060.0,822535.0,schedule_probable_pitcher,1,1,5,0,0,0,0,0,0,0,3,0,0,0,3,0,No Line,0.0,none,-1,6,8,1,post,Final,Final,,,,,,,,,,,,,0,,,,,,none,781611
781688,2025-09-20,17:05,2025,Buffalo Bisons,Scranton/Wilkes-Barre RailRiders,CJ Van Eyk,Elmer Rodríguez,669310.0,695684.0,schedule_probable_pitcher,1,4,2,0,0,0,0,1,1,1,0,2,1,4,2,0,No Line,0.0,none,-1,9,6,1,post,Final,Final,,,,,,,,,,,,,0,,,,,,none,781688
780264,2025-09-20,20:05,2025,Worcester Red Sox,Rochester Red Wings,José De León,Chase Solesky,592254.0,686678.0,schedule_probable_pitcher,1,4,3,0,0,0,0,3,0,0,0,0,1,3,1,0,No Line,0.0,none,-1,6,5,1,post,Final,Final,,,,,,,,,,,,,0,,,,,,none,780264
780936,2025-09-20,20:05,2025,Memphis Redbirds,St. Paul Saints,Zach Plesac,Kendry Rojas,668676.0,696070.0,schedule_probable_pitcher,1,3,11,0,0,1,0,0,3,0,0,1,0,2,3,0,No Line,0.0,none,-1,9,13,1,post,Final,Final,,,,,,,,,,,,,0,,,,,,none,780936
781541,2025-09-20,21:05,2025,Columbus Clippers,Omaha Storm Chasers,Daniel Espino,Shane Panzini,682982.0,695556.0,schedule_probable_pitcher,1,7,8,0,4,2,0,0,0,1,0,0,0,3,4,0,No Line,0.0,none,-1,8,13,1,post,Final,Final,,,,,,,,,,,,,0,,,,,,none,781541
781609,2025-09-20,21:35,2025,Charlotte Knights,Durham Bulls,Mike Clevinger,,605182.0,,schedule_probable_pitcher,1,3,2,0,0,0,0,0,0,2,1,1,1,3,2,0,No Line,0.0,none,-1,6,4,1,post,Final,Final,,,,,,,,,,,,,0,,,,,,none,781609
781385,2025-09-20,22:05,2025,Gwinnett Stripers,Indianapolis Indians,Ian Anderson,Po-Yu Chen,666120.0,696040.0,schedule_probable_pitcher,1,3,5,0,2,1,0,0,2,0,0,0,0,1,4,0,No Line,0.0,none,-1,10,11,1,post,Final,Final,,,,,,,,,,,,,0,,,,,,none,781385
780790,2025-09-20,22:35,2025,Norfolk Tides,Jacksonville Jumbo Shrimp,Thaddeus Ward,Dax Fulton,663658.0,690978.0,schedule_probable_pitcher,1,6,9,0,0,0,0,0,2,3,1,1,0,4,3,0,No Line,0.0,none,-1,9,12,1,post,Final,Final,,,,,,,,,,,,,0,,,,,,none,780790
781087,2025-09-20,22:35,2025,Lehigh Valley IronPigs,Syracuse Mets,Gabe Mosser,,682077.0,,schedule_probable_pitcher,1,5,3,0,0,0,3,0,0,1,0,0,0,1,3,0,No Line,0.0,none,-1,12,7,1,post,Final,Final,,,,,,,,,,,,,0,,,,,,none,781087
781233,2025-09-20,23:08,2025,Iowa Cubs,Toledo Mud Hens,Jaxon Wiggins,,694393.0,,schedule_probable_pitcher,1,2,4,0,3,0,0,0,0,0,0,2,1,2,4,0,No Line,0.0,none,-1,7,7,1,post,Final,Final,,,,,,,,,,,,,0,,,,,,none,781233
781010,2025-09-20,23:15,2025,Louisville Bats,Nashville Sounds,Adam Plutko,Bruce Zimmermann,592644.0,669145.0,schedule_probable_pitcher,1,9,8,1,4,0,0,6,3,0,0,0,0,7,7,0,No Line,0.0,none,-1,11,12,1,post,Final,Final,,,,,,,,,,,,,0,,,,,,none,781010
779592,2025-09-21,00:05,2025,Sugar Land Space Cowboys,El Paso Chihuahuas,Trey Dombroski,Jackson Wolf,690667.0,680232.0,schedule_probable_pitcher,1,3,5,0,2,0,0,0,2,0,0,2,0,2,4,0,No Line,0.0,none,-1,7,7,1,post,Final,Final,,,,,,,,,,,,,0,,,,,,none,779592
780185,2025-09-21,00:35,2025,Albuquerque Isotopes,Reno Aces,Mason Albright,Yu-Min Lin,695476.0,801179.0,schedule_probable_pitcher,1,10,5,0,0,4,0,1,0,1,1,4,0,10,1,0,No Line,0.0,none,-1,14,9,1,post,Final,Final,,,,,,,,,,,,,0,,,,,,none,780185
779512,2025-09-21,01:05,2025,Tacoma Rainiers,Oklahoma City Comets,Logan Evans,Christian Romero,688138.0,699071.0,schedule_probable_pitcher,1,8,7,1,0,0,1,0,2,3,2,0,0,4,5,0,No Line,0.0,none,-1,13,10,1,post,Final,Final,,,,,,,,,,,,,0,,,,,,none,779512
779738,2025-09-21,01:37,2025,Sacramento River Cats,Round Rock Express,Nick Zwack,Jose Corniell,686873.0,692030.0,schedule_probable_pitcher,1,4,2,0,2,0,0,0,0,0,0,1,0,1,2,0,No Line,0.0,none,-1,7,8,1,post,Final,Final,,,,,,,,,,,,,0,,,,,,none,779738
780038,2025-09-21,02:05,2025,Las Vegas Aviators,Salt Lake Bees,Ken Waldichuk,Joel Hurtado,686610.0,805871.0,schedule_probable_pitcher,1,6,4,0,1,0,0,0,1,2,0,0,0,2,2,0,No Line,0.0,none,-1,7,7,1,post,Final,Final,,,,,,,,,,,,,0,,,,,,none,780038
781687,2025-09-21,16:05,2025,Buffalo Bisons,Scranton/Wilkes-Barre RailRiders,Easton Lucas,Kenta Maeda,687922.0,628317.0,schedule_probable_pitcher,1,1,2,0,0,0,0,0,0,0,1,0,1,0,2,0,No Line,0.0,none,-1,4,5,1,post,Final,Final,,,,,,,,,,,,,0,,,,,,none,781687
780262,2025-09-21,17:05,2025,Worcester Red Sox,Rochester Red Wings,Shane Drohan,Jake Eder,675660.0,671109.0,schedule_probable_pitcher,1,9,8,1,0,1,0,1,0,3,2,2,2,8,4,0,No Line,0.0,none,-1,15,10,1,post,Final,Final,,,,,,,,,,,,,0,,,,,,none,780262
780787,2025-09-21,17:05,2025,Norfolk Tides,Jacksonville Jumbo Shrimp,Michael Caldon,Adam Mazur,828511.0,800049.0,schedule_probable_pitcher,1,4,1,2,0,0,0,0,0,0,1,0,0,2,1,0,No Line,0.0,none,-1,9,7,1,post,Final,Final,,,,,,,,,,,,,0,,,,,,none,780787
781011,2025-09-21,17:05,2025,Louisville Bats,Nashville Sounds,Jose Franco,Alexander Cornielle,683742.0,529017.0,schedule_probable_pitcher,1,4,11,1,0,0,0,0,3,1,0,0,0,2,3,0,No Line,0.0,none,-1,8,15,1,post,Final,Final,,,,,,,,,,,,,0,,,,,,none,781011
781085,2025-09-21,17:05,2025,Lehigh Valley IronPigs,Syracuse Mets,Alan Rangel,,660604.0,,schedule_probable_pitcher,1,0,9,0,0,0,0,0,2,0,0,0,1,0,3,0,No Line,0.0,none,-1,2,13,1,post,Final,Final,,,,,,,,,,,,,0,,,,,,none,781085
781389,2025-09-21,17:05,2025,Gwinnett Stripers,Indianapolis Indians,Carlos Carrasco,Drake Fellows,471911.0,666148.0,schedule_probable_pitcher,1,4,6,1,1,0,2,1,0,1,0,0,0,3,3,0,No Line,0.0,none,-1,12,12,1,post,Final,Final,,,,,,,,,,,,,0,,,,,,none,781389
781540,2025-09-21,17:05,2025,Columbus Clippers,Omaha Storm Chasers,Ryan Webb,Spencer Turnbull,669067.0,605513.0,schedule_probable_pitcher,1,3,1,0,0,0,0,0,0,1,0,0,0,1,0,0,No Line,0.0,none,-1,6,3,1,post,Final,Final,,,,,,,,,,,,,0,,,,,,none,781540
780944,2025-09-21,18:05,2025,Memphis Redbirds,St. Paul Saints,Aaron Wilkerson,Andrew Morris,658792.0,702193.0,schedule_probable_pitcher,1,8,3,4,0,1,1,0,0,1,0,0,0,6,1,0,No Line,0.0,none,-1,9,5,1,post,Final,Final,,,,,,,,,,,,,0,,,,,,none,780944
781234,2025-09-21,18:08,2025,Iowa Cubs,Toledo Mud Hens,Will Sanders,,691739.0,,schedule_probable_pitcher,1,2,7,0,0,0,0,0,3,0,3,0,0,0,6,0,No Line,0.0,none,-1,5,11,1,post,Final,Final,,,,,,,,,,,,,0,,,,,,none,781234
779588,2025-09-21,19:05,2025,Sugar Land Space Cowboys,El Paso Chihuahuas,Jose Fleury,Luis Gutierrez,800067.0,692294.0,schedule_probable_pitcher,1,12,6,0,0,0,3,0,0,2,0,2,1,4,4,0,No Line,0.0,none,-1,13,10,1,post,Completed Early,Completed Early,,,,,,,,,,,,,0,,,,,,none,779588
780031,2025-09-21,19:05,2025,Las Vegas Aviators,Salt Lake Bees,Yunior Tur,Shaun Anderson,814305.0,641312.0,schedule_probable_pitcher,1,4,8,2,6,1,1,1,0,0,1,0,0,4,8,0,No Line,0.0,none,-1,8,8,1,post,Final,Final,,,,,,,,,,,,,0,,,,,,none,780031
780187,2025-09-21,19:35,2025,Albuquerque Isotopes,Reno Aces,Xzavion Curry,Casey Kelly,675540.0,543391.0,schedule_probable_pitcher,1,2,3,0,0,0,1,0,0,0,0,0,1,0,2,0,No Line,0.0,none,-1,6,6,1,post,Final,Final,,,,,,,,,,,,,0,,,,,,none,780187
779736,2025-09-21,20:05,2025,Sacramento River Cats,Round Rock Express,Carson Whisenhunt,Trey Supak,687931.0,657022.0,schedule_probable_pitcher,1,2,4,0,0,0,0,2,1,0,2,0,0,2,3,0,No Line,0.0,none,-1,8,11,1,post,Final,Final,,,,,,,,,,,,,0,,,,,,none,779736
779511,2025-09-21,20:35,2025,Tacoma Rainiers,Oklahoma City Comets,Michael Mariot,Andrew Heaney,592527.0,571760.0,schedule_probable_pitcher,1,3,1,1,1,0,0,0,0,2,0,0,0,3,1,0,No Line,0.0,none,-1,3,10,1,post,Final,Final,,,,,,,,,,,,,0,,,,,,none,779511
814163,2025-09-23,23:05,2025,Jacksonville Jumbo Shrimp,Scranton/Wilkes-Barre RailRiders,Robby Snelling,Brendan Beck,702281.0,694341.0,schedule_probable_pitcher,1,4,5,0,0,0,0,2,0,0,4,0,0,2,4,0,No Line,0.0,none,-1,7,8,1,post,Final,Final,,,,,,,,,,,,,0,,,,,,none,814163
814161,2025-09-24,02:05,2025,Las Vegas Aviators,Tacoma Rainiers,Kade Morris,Jhonathan Díaz,695034.0,646242.0,schedule_probable_pitcher,1,7,1,0,0,0,0,0,0,0,0,2,0,2,0,0,No Line,0.0,none,-1,9,5,1,post,Final,Final,,,,,,,,,,,,,0,,,,,,none,814161
814160,2025-09-24,23:05,2025,Jacksonville Jumbo Shrimp,Scranton/Wilkes-Barre RailRiders,Thomas White,Allan Winans,806258.0,642216.0,schedule_probable_pitcher,1,6,4,0,0,2,0,2,2,1,0,0,0,5,2,0,No Line,0.0,none,-1,9,6,1,post,Final,Final,,,,,,,,,,,,,0,,,,,,none,814160
814159,2025-09-25,02:05,2025,Las Vegas Aviators,Tacoma Rainiers,Aaron Brooks,Blas Castaño,605156.0,680604.0,schedule_probable_pitcher,1,7,3,2,0,2,1,0,2,0,0,0,0,4,3,0,No Line,0.0,none,-1,10,6,1,post,Final,Final,,,,,,,,,,,,,0,,,,,,none,814159
814162,2025-09-25,23:05,2025,Jacksonville Jumbo Shrimp,Scranton/Wilkes-Barre RailRiders,Adam Mazur,Elmer Rodríguez,800049.0,695684.0,schedule_probable_pitcher,1,7,4,5,0,1,0,1,0,0,0,0,0,7,0,0,No Line,0.0,none,-1,9,7,1,post,Final,Final,,,,,,,,,,,,,0,,,,,,none,814162
814158,2025-09-28,02:05,2025,Jacksonville Jumbo Shrimp,Las Vegas Aviators,Morgan McSweeney,Ken Waldichuk,669682.0,686610.0,schedule_probable_pitcher,1,8,7,0,0,0,0,4,1,0,0,2,0,6,1,0,No Line,0.0,none,-1,9,5,1,post,Final,Final,,,,,,,,,,,,,0,,,,,,none,814158
831752,2026-03-23,00:07,2026,Sacramento River Cats,San Francisco Giants,John Michael Bertrand,Tyler Mahle,802609.0,641816.0,schedule_probable_pitcher,1,2,1,0,0,0,0,0,0,1,0,0,0,1,0,0,No Line,0.0,none,-1,4,5,1,post,Final,Final,,,,,,,,,,,,,0,,,,,,none,831752
831443,2026-03-24,00:10,2026,Houston Astros,Sugar Land Space Cowboys,Tatsuya Imai,,837227.0,,schedule_probable_pitcher,1,9,1,0,0,2,0,0,0,0,0,0,0,2,0,0,No Line,0.0,none,-1,11,4,1,post,Completed Early,Completed Early,,,,,,,,,,,,,0,,,,,,none,831443
831441,2026-03-25,00:10,2026,Houston Astros,Sugar Land Space Cowboys,Lance McCullers Jr.,Miguel Ullola,621121.0,699044.0,schedule_probable_pitcher,1,6,5,0,1,0,0,0,1,0,0,2,0,2,2,0,No Line,0.0,none,-1,11,11,1,post,Final,Final,,,,,,,,,,,,,0,,,,,,none,831441
816976,2026-03-27,17:05,2026,Buffalo Bisons,Scranton/Wilkes-Barre RailRiders,Grant Rogers,Brendan Beck,814804.0,694341.0,schedule_probable_pitcher,1,0,8,0,0,0,1,0,5,0,0,0,0,0,6,0,No Line,0.0,none,-1,3,9,1,post,Final,Final,,,,,,,,,,,,,0,,,,,,none,816976
815556,2026-03-27,20:05,2026,Worcester Red Sox,Syracuse Mets,Jake Bennett,Jonah Tong,687562.0,804636.0,schedule_probable_pitcher,1,1,3,0,0,0,0,0,0,0,2,0,0,0,2,0,No Line,0.0,none,-1,5,7,1,post,Final,Final,,,,,,,,,,,,,0,,,,,,none,815556
815173,2026-03-27,21:05,2026,Reno Aces,Tacoma Rainiers,Kohl Drake,Jhonathan Díaz,684442.0,646242.0,schedule_probable_pitcher,1,6,7,1,0,0,0,1,2,0,1,0,0,2,3,0,No Line,0.0,none,-1,11,10,1,post,Final,Final,,,,,,,,,,,,,0,,,,,,none,815173
816376,2026-03-27,22:05,2026,Lehigh Valley IronPigs,Toledo Mud Hens,Alan Rangel,Sean Guenther,660604.0,674944.0,schedule_probable_pitcher,1,5,2,0,0,0,1,0,0,0,0,0,0,0,1,0,No Line,0.0,none,-1,9,8,1,post,Final,Final,,,,,,,,,,,,,0,,,,,,none,816376
816076,2026-03-27,22:35,2026,Norfolk Tides,Nashville Sounds,Trey Gibson,Robert Gasser,694346.0,688107.0,schedule_probable_pitcher,1,6,4,0,1,0,1,0,1,0,0,0,0,0,3,0,No Line,0.0,none,-1,5,9,1,post,Completed Early,Completed Early,,,,,,,,,,,,,0,,,,,,none,816076
816601,2026-03-27,22:35,2026,Indianapolis Indians,St. Paul Saints,Noah Davis,Connor Prielipp,663562.0,687570.0,schedule_probable_pitcher,1,2,4,1,3,0,0,0,0,0,0,0,1,1,4,0,No Line,0.0,none,-1,4,9,1,post,Final,Final,,,,,,,,,,,,,0,,,,,,none,816601
816902,2026-03-27,23:04,2026,Charlotte Knights,Durham Bulls,Hagen Smith,Logan Workman,696146.0,694312.0,schedule_probable_pitcher,1,19,2,2,1,0,0,2,0,11,0,0,0,15,1,0,No Line,0.0,none,-1,18,5,1,post,Final,Final,,,,,,,,,,,,,0,,,,,,none,816902
816453,2026-03-27,23:05,2026,Jacksonville Jumbo Shrimp,Rochester Red Wings,Robby Snelling,Andrew Alvarez,702281.0,674841.0,schedule_probable_pitcher,1,7,8,2,0,0,1,0,0,3,0,0,0,5,1,0,No Line,0.0,none,-1,6,8,1,post,Final,Final,,,,,,,,,,,,,0,,,,,,none,816453
816676,2026-03-27,23:05,2026,Gwinnett Stripers,Memphis Redbirds,JR Ritchie,Richard Fitts,702275.0,690916.0,schedule_probable_pitcher,1,0,3,0,0,0,1,0,0,0,1,0,1,0,3,0,No Line,0.0,none,-1,3,8,1,post,Final,Final,,,,,,,,,,,,,0,,,,,,none,816676
816303,2026-03-27,23:15,2026,Louisville Bats,Omaha Storm Chasers,Chase Petty,Ryan Bergert,695534.0,686701.0,schedule_probable_pitcher,1,2,1,1,0,0,0,1,0,0,0,0,0,2,0,0,No Line,0.0,none,-1,9,8,1,post,Final,Final,,,,,,,,,,,,,0,,,,,,none,816303
814875,2026-03-28,00:05,2026,Sugar Land Space Cowboys,Round Rock Express,Jason Alexander,Trey Supak,669920.0,657022.0,schedule_probable_pitcher,1,4,7,1,0,1,0,0,3,0,0,0,0,2,3,0,No Line,0.0,none,-1,8,10,1,post,Final,Final,,,,,,,,,,,,,0,,,,,,none,814875
815254,2026-03-28,00:05,2026,Oklahoma City Comets,Albuquerque Isotopes,Cole Irvin,Tanner Gordon,608344.0,685299.0,schedule_probable_pitcher,1,1,3,1,0,0,3,0,0,0,0,0,0,1,3,0,No Line,0.0,none,-1,5,7,1,post,Final,Final,,,,,,,,,,,,,0,,,,,,none,815254
816521,2026-03-28,00:08,2026,Iowa Cubs,Columbus Clippers,Javier Assad,Ryan Webb,665871.0,669067.0,schedule_probable_pitcher,1,5,2,0,0,0,0,1,0,0,0,0,0,1,0,0,No Line,0.0,none,-1,6,8,1,post,Final,Final,,,,,,,,,,,,,0,,,,,,none,816521
815026,2026-03-28,01:45,2026,Sacramento River Cats,El Paso Chihuahuas,Carson Whisenhunt,,687931.0,,schedule_probable_pitcher,1,3,9,0,0,0,0,0,0,1,0,0,6,1,6,0,No Line,0.0,none,-1,10,11,1,post,Final,Final,,,,,,,,,,,,,0,,,,,,none,815026
815323,2026-03-28,02:05,2026,Las Vegas Aviators,Salt Lake Bees,Kade Morris,Victor Mederos,695034.0,682989.0,schedule_probable_pitcher,1,12,1,0,0,2,0,0,1,7,0,2,0,11,1,0,No Line,0.0,none,-1,13,7,1,post,Final,Final,,,,,,,,,,,,,0,,,,,,none,815323
816298,2026-03-28,17:05,2026,Louisville Bats,Omaha Storm Chasers,Julian Aguiar,Luinder Avila,687924.0,679883.0,schedule_probable_pitcher,1,6,5,1,0,0,0,1,0,0,0,0,2,2,2,0,No Line,0.0,none,-1,12,8,1,post,Final,Final,,,,,,,,,,,,,0,,,,,,none,816298
815555,2026-03-28,20:05,2026,Worcester Red Sox,Syracuse Mets,Tyler Uberstine,Joander Suarez,700413.0,680933.0,schedule_probable_pitcher,1,5,3,0,1,1,0,0,0,1,0,2,0,4,1,0,No Line,0.0,none,-1,7,5,1,post,Final,Final,,,,,,,,,,,,,0,,,,,,none,815555
816603,2026-03-28,20:05,2026,Indianapolis Indians,St. Paul Saints,Nick Dombkowski,Zebby Matthews,694298.0,805673.0,schedule_probable_pitcher,1,7,9,0,0,0,2,2,0,3,0,0,3,5,5,0,No Line,0.0,none,-1,14,12,1,post,Final,Final,,,,,,,,,,,,,0,,,,,,none,816603
816523,2026-03-28,20:08,2026,Iowa Cubs,Columbus Clippers,Jaxon Wiggins,Rorik Maltrud,694393.0,702045.0,schedule_probable_pitcher,1,3,4,3,0,0,0,0,1,0,0,0,0,3,1,0,No Line,0.0,none,-1,6,12,1,post,Final,Final,,,,,,,,,,,,,0,,,,,,none,816523
816371,2026-03-28,20:35,2026,Lehigh Valley IronPigs,Toledo Mud Hens,Ryan Cusick,Bryan Sammons,680743.0,676614.0,schedule_probable_pitcher,1,1,0,0,0,0,0,0,0,0,0,1,0,1,0,0,No Line,0.0,none,-1,7,4,1,post,Final,Final,,,,,,,,,,,,,0,,,,,,none,816371
816671,2026-03-28,22:05,2026,Gwinnett Stripers,Memphis Redbirds,Carlos Carrasco,Bruce Zimmermann,471911.0,669145.0,schedule_probable_pitcher,1,2,3,1,0,0,0,0,1,0,0,0,0,1,1,0,No Line,0.0,none,-1,8,8,1,post,Final,Final,,,,,,,,,,,,,0,,,,,,none,816671
816900,2026-03-28,22:05,2026,Charlotte Knights,Durham Bulls,Tanner McDougal,Brody Hopkins,701780.0,811315.0,schedule_probable_pitcher,1,2,1,0,0,0,0,0,1,1,0,0,0,1,1,0,No Line,0.0,none,-1,4,4,1,post,Final,Final,,,,,,,,,,,,,0,,,,,,none,816900
816075,2026-03-28,22:35,2026,Norfolk Tides,Nashville Sounds,Nestor German,Coleman Crow,815148.0,689441.0,schedule_probable_pitcher,1,7,6,0,0,2,0,0,0,0,0,0,2,2,2,0,No Line,0.0,none,-1,15,13,1,post,Final,Final,,,,,,,,,,,,,0,,,,,,none,816075
816455,2026-03-28,22:35,2026,Jacksonville Jumbo Shrimp,Rochester Red Wings,Bradley Blalock,Mitchell Parker,687134.0,680730.0,schedule_probable_pitcher,1,3,6,0,0,0,0,0,0,1,0,0,4,1,4,0,No Line,0.0,none,-1,5,7,1,post,Final,Final,,,,,,,,,,,,,0,,,,,,none,816455
814874,2026-03-28,23:05,2026,Sugar Land Space Cowboys,Round Rock Express,Colton Gordon,Josh Stephan,676467.0,695776.0,schedule_probable_pitcher,1,3,2,0,0,0,0,0,1,0,0,2,0,2,1,0,No Line,0.0,none,-1,6,5,1,post,Final,Final,,,,,,,,,,,,,0,,,,,,none,814874
815174,2026-03-28,23:05,2026,Reno Aces,Tacoma Rainiers,Dylan Ray,Casey Lawrence,691009.0,596271.0,schedule_probable_pitcher,1,8,4,0,0,0,0,0,0,3,0,0,1,3,1,0,No Line,0.0,none,-1,12,11,1,post,Final,Final,,,,,,,,,,,,,0,,,,,,none,815174
815249,2026-03-28,23:05,2026,Oklahoma City Comets,Albuquerque Isotopes,Ryder Ryan,Valente Bellozo,656924.0,678368.0,schedule_probable_pitcher,1,13,6,0,3,1,0,2,3,3,0,0,0,6,6,0,No Line,0.0,none,-1,16,13,1,post,Final,Final,,,,,,,,,,,,,0,,,,,,none,815249
815027,2026-03-29,01:37,2026,Sacramento River Cats,El Paso Chihuahuas,Carson Seymour,,693313.0,,schedule_probable_pitcher,1,5,4,2,0,0,0,0,0,0,2,0,1,2,3,0,No Line,0.0,none,-1,5,5,1,post,Final,Final,,,,,,,,,,,,,0,,,,,,none,815027
815326,2026-03-29,02:05,2026,Las Vegas Aviators,Salt Lake Bees,Joey Estes,Sam Aldegheri,683155.0,691951.0,schedule_probable_pitcher,1,13,4,1,0,5,0,0,0,1,0,0,0,7,0,0,No Line,0.0,none,-1,12,2,1,post,Final,Final,,,,,,,,,,,,,0,,,,,,none,815326
816972,2026-03-29,16:35,2026,Buffalo Bisons,Scranton/Wilkes-Barre RailRiders,Chad Dallas,Carlos Lagrange,689149.0,801739.0,schedule_probable_pitcher,1,4,5,0,0,0,0,1,1,0,2,2,0,3,3,0,No Line,0.0,none,-1,7,12,1,post,Final,Final,,,,,,,,,,,,,0,,,,,,none,816972
816975,2026-03-29,16:40,2026,Buffalo Bisons,Scranton/Wilkes-Barre RailRiders,Austin Voth,Dom Hamel,608723.0,687589.0,schedule_probable_pitcher,1,7,3,0,1,0,1,1,0,6,0,0,1,7,3,0,No Line,0.0,none,-1,7,5,1,post,Final,Final,,,,,,,,,,,,,0,,,,,,none,816975
815545,2026-03-29,17:05,2026,Worcester Red Sox,Syracuse Mets,Payton Tolle,Bryce Conley,801139.0,676785.0,schedule_probable_pitcher,1,8,10,0,0,0,2,3,4,1,0,1,0,5,6,0,No Line,0.0,none,-1,8,8,1,post,Final,Final,,,,,,,,,,,,,0,,,,,,none,815545
816068,2026-03-29,17:05,2026,Norfolk Tides,Nashville Sounds,Levi Wells,Tate Kuehner,694370.0,804249.0,schedule_probable_pitcher,1,2,6,0,1,0,0,0,0,0,0,1,2,1,3,0,No Line,0.0,none,-1,4,7,1,post,Final,Final,,,,,,,,,,,,,0,,,,,,none,816068
816305,2026-03-29,17:05,2026,Louisville Bats,Omaha Storm Chasers,Davis Daniel,Aaron Sanchez,669721.0,592717.0,schedule_probable_pitcher,1,10,4,6,0,0,0,0,2,1,0,2,0,9,2,0,No Line,0.0,none,-1,10,8,1,post,Final,Final,,,,,,,,,,,,,0,,,,,,none,816305
816675,2026-03-29,17:05,2026,Gwinnett Stripers,Memphis Redbirds,Elieser Hernández,Brycen Mautz,622694.0,802408.0,schedule_probable_pitcher,1,5,6,0,1,0,3,0,0,0,0,1,0,1,4,0,No Line,0.0,none,-1,8,9,1,post,Final,Final,,,,,,,,,,,,,0,,,,,,none,816675
816899,2026-03-29,17:05,2026,Charlotte Knights,Durham Bulls,Duncan Davitt,Chase Solesky,701474.0,686678.0,schedule_probable_pitcher,1,4,3,0,2,1,0,1,0,1,0,0,0,3,2,0,No Line,0.0,none,-1,6,6,1,post,Final,Final,,,,,,,,,,,,,0,,,,,,none,816899
816374,2026-03-29,17:15,2026,Lehigh Valley IronPigs,Toledo Mud Hens,Ryan Cusick,Keider Montero,680743.0,672456.0,schedule_probable_pitcher,1,8,7,0,2,0,1,0,0,0,0,2,0,2,3,0,No Line,0.0,none,-1,7,11,1,post,Final,Final,,,,,,,,,,,,,0,,,,,,none,816374
816598,2026-03-29,17:35,2026,Indianapolis Indians,St. Paul Saints,Antwone Kelly,Andrew Morris,699008.0,702193.0,schedule_probable_pitcher,1,1,4,0,0,0,1,1,2,0,0,0,1,1,4,0,No Line,0.0,none,-1,5,8,1,post,Final,Final,,,,,,,,,,,,,0,,,,,,none,816598
816446,2026-03-29,18:05,2026,Jacksonville Jumbo Shrimp,Rochester Red Wings,Braxton Garrett,Luis Perales,666129.0,691384.0,schedule_probable_pitcher,1,4,3,0,0,1,0,2,0,0,0,0,1,3,1,0,No Line,0.0,none,-1,7,7,1,post,Final,Final,,,,,,,,,,,,,0,,,,,,none,816446
816525,2026-03-29,18:08,2026,Iowa Cubs,Columbus Clippers,Jaxon Wiggins,Yorman Gómez,694393.0,691414.0,schedule_probable_pitcher,1,5,7,1,0,3,0,1,1,0,0,0,0,5,1,0,No Line,0.0,none,-1,5,5,1,post,Final,Final,,,,,,,,,,,,,0,,,,,,none,816525
814876,2026-03-29,19:05,2026,Sugar Land Space Cowboys,Round Rock Express,Spencer Arrighetti,Cal Quantrill,681293.0,615698.0,schedule_probable_pitcher,1,8,1,4,0,3,0,0,0,0,0,0,0,7,0,0,No Line,0.0,none,-1,8,5,1,post,Final,Final,,,,,,,,,,,,,0,,,,,,none,814876
815250,2026-03-29,19:05,2026,Oklahoma City Comets,Albuquerque Isotopes,Christian Romero,Adam Laskey,699071.0,669445.0,schedule_probable_pitcher,1,13,4,0,3,4,0,0,0,1,0,4,1,9,4,0,No Line,0.0,none,-1,14,7,1,post,Final,Final,,,,,,,,,,,,,0,,,,,,none,815250
815324,2026-03-29,19:05,2026,Las Vegas Aviators,Salt Lake Bees,Mason Barnett,George Klassen,686930.0,691946.0,schedule_probable_pitcher,1,6,1,0,1,1,0,0,0,0,0,1,0,2,1,0,No Line,0.0,none,-1,11,6,1,post,Final,Final,,,,,,,,,,,,,0,,,,,,none,815324
815021,2026-03-29,20:05,2026,Sacramento River Cats,El Paso Chihuahuas,Blade Tidwell,Marco Gonzales,694918.0,594835.0,schedule_probable_pitcher,1,5,4,2,0,0,0,1,0,0,0,0,1,3,1,0,No Line,0.0,none,-1,10,4,1,post,Final,Final,,,,,,,,,,,,,0,,,,,,none,815021
815176,2026-03-29,20:05,2026,Reno Aces,Tacoma Rainiers,Yu-Min Lin,Dane Dunning,801179.0,641540.0,schedule_probable_pitcher,1,4,9,0,3,0,0,3,0,0,2,0,1,3,6,0,No Line,0.0,none,-1,6,14,1,post,Final,Final,,,,,,,,,,,,,0,,,,,,none,815176
815703,2026-03-31,19:05,2026,Syracuse Mets,Toledo Mud Hens,Carl Edwards Jr.,Ricky Vanasco,605218.0,676568.0,schedule_probable_pitcher,1,1,5,0,5,0,0,0,0,1,0,0,0,1,5,0,No Line,0.0,none,-1,3,5,1,post,Completed Early,Completed Early,,,,,,,,,,,,,0,,,,,,none,815703
816830,2026-03-31,22:15,2026,Columbus Clippers,Indianapolis Indians,Logan Allen,Thomas Harrington,671106.0,802419.0,schedule_probable_pitcher,1,3,1,0,0,1,1,0,0,2,0,0,0,3,1,0,No Line,0.0,none,-1,4,6,1,post,Final,Final,,,,,,,,,,,,,0,,,,,,none,816830
816301,2026-03-31,22:35,2026,Louisville Bats,Iowa Cubs,Brandon Leibrandt,Riley Martin,605335.0,702303.0,schedule_probable_pitcher,1,8,7,0,2,1,0,0,0,1,1,3,1,5,4,0,No Line,0.0,none,-1,8,13,1,post,Final,Final,,,,,,,,,,,,,0,,,,,,none,816301
816751,2026-03-31,22:45,2026,Durham Bulls,Lehigh Valley IronPigs,K.C. Hunt,Jean Cabrera,687268.0,691893.0,schedule_probable_pitcher,1,3,4,0,2,1,0,0,1,0,0,0,1,1,4,0,No Line,0.0,none,-1,8,8,1,post,Final,Final,,,,,,,,,,,,,0,,,,,,none,816751
816447,2026-03-31,23:05,2026,Jacksonville Jumbo Shrimp,Sugar Land Space Cowboys,Ryan Gusto,Miguel Ullola,687473.0,699044.0,schedule_probable_pitcher,1,2,5,0,0,0,0,0,0,0,1,0,2,0,3,0,No Line,0.0,none,-1,2,11,1,post,Final,Final,,,,,,,,,,,,,0,,,,,,none,816447
815999,2026-03-31,23:35,2026,Omaha Storm Chasers,Buffalo Bisons,Ryan Ramsey,CJ Van Eyk,687547.0,669310.0,schedule_probable_pitcher,1,4,6,1,0,0,2,0,1,0,0,0,1,1,4,0,No Line,0.0,none,-1,11,10,1,post,Final,Final,,,,,,,,,,,,,0,,,,,,none,815999
816151,2026-03-31,23:35,2026,Nashville Sounds,Charlotte Knights,Shane Drohan,Jonathan Cannon,675660.0,686563.0,schedule_probable_pitcher,1,7,3,2,1,0,0,2,0,0,2,3,0,7,3,0,No Line,0.0,none,-1,9,7,1,post,Final,Final,,,,,,,,,,,,,0,,,,,,none,816151
815775,2026-03-31,23:37,2026,St. Paul Saints,Worcester Red Sox,Christian MacLeod,,681306.0,,schedule_probable_pitcher,1,3,19,0,8,1,0,0,0,2,1,0,0,3,9,0,No Line,0.0,none,-1,6,13,1,post,Final,Final,,,,,,,,,,,,,0,,,,,,none,815775
815100,2026-04-01,00:05,2026,Round Rock Express,Gwinnett Stripers,,Lucas Braun,,814351.0,schedule_probable_pitcher,1,3,5,0,2,0,0,0,0,0,0,2,0,2,2,0,No Line,0.0,none,-1,11,7,1,post,Final,Final,,,,,,,,,,,,,0,,,,,,none,815100
816225,2026-04-01,00:05,2026,Memphis Redbirds,Norfolk Tides,Hunter Dobbins,Cade Povich,690928.0,700249.0,schedule_probable_pitcher,1,10,5,0,0,3,0,1,3,1,0,0,0,5,3,0,No Line,0.0,none,-1,10,9,1,post,Final,Final,,,,,,,,,,,,,0,,,,,,none,816225
814952,2026-04-01,00:35,2026,Salt Lake Bees,Sacramento River Cats,Mitch Farris,Seth Lonsway,815083.0,675920.0,schedule_probable_pitcher,1,13,5,0,0,0,0,0,2,2,0,1,3,3,5,0,No Line,0.0,none,-1,13,11,1,post,Final,Final,,,,,,,,,,,,,0,,,,,,none,814952
815476,2026-04-01,00:35,2026,Albuquerque Isotopes,Reno Aces,Gabriel Hughes,Thomas Hatch,687312.0,641672.0,schedule_probable_pitcher,1,1,8,0,0,1,1,0,0,0,0,0,0,1,1,0,No Line,0.0,none,-1,8,9,1,post,Final,Final,,,,,,,,,,,,,0,,,,,,none,815476
814801,2026-04-01,01:05,2026,Tacoma Rainiers,El Paso Chihuahuas,Randy Dobnak,JP Sears,677976.0,676664.0,schedule_probable_pitcher,1,4,6,0,2,0,1,0,1,0,0,2,2,2,6,0,No Line,0.0,none,-1,9,10,1,post,Final,Final,,,,,,,,,,,,,0,,,,,,none,814801
815328,2026-04-01,01:05,2026,Las Vegas Aviators,Oklahoma City Comets,Gage Jump,Logan Allen,695611.0,663531.0,schedule_probable_pitcher,1,8,13,1,1,0,0,0,1,0,0,2,1,3,3,0,No Line,0.0,none,-1,12,18,1,post,Final,Final,,,,,,,,,,,,,0,,,,,,none,815328
816293,2026-04-01,16:05,2026,Louisville Bats,Iowa Cubs,Chase Petty,Connor Noland,695534.0,690939.0,schedule_probable_pitcher,1,7,12,4,0,0,7,0,0,0,0,0,0,4,7,0,No Line,0.0,none,-1,11,12,1,post,Final,Final,,,,,,,,,,,,,0,,,,,,none,816293
816448,2026-04-01,16:05,2026,Jacksonville Jumbo Shrimp,Sugar Land Space Cowboys,Dax Fulton,Jason Alexander,690978.0,669920.0,schedule_probable_pitcher,1,3,10,0,0,1,5,1,0,1,0,0,0,3,5,0,No Line,0.0,none,-1,7,8,1,post,Final,Final,,,,,,,,,,,,,0,,,,,,none,816448
815705,2026-04-01,17:05,2026,Syracuse Mets,Toledo Mud Hens,Jack Wenninger,Lael Lockhart,811307.0,679712.0,schedule_probable_pitcher,1,4,2,1,0,0,0,0,0,0,0,1,0,2,0,0,No Line,0.0,none,-1,8,10,1,post,Final,Final,,,,,,,,,,,,,0,,,,,,none,815705
815995,2026-04-01,17:05,2026,Omaha Storm Chasers,Buffalo Bisons,Ryan Bergert,Josh Fleming,686701.0,676596.0,schedule_probable_pitcher,1,3,0,0,0,0,0,0,0,1,0,0,0,1,0,0,No Line,0.0,none,-1,8,3,1,post,Final,Final,,,,,,,,,,,,,0,,,,,,none,815995
816227,2026-04-01,17:05,2026,Memphis Redbirds,Norfolk Tides,Quinn Mathews,Brandon Young,687273.0,687064.0,schedule_probable_pitcher,1,4,3,1,0,0,0,0,0,0,1,0,0,1,1,0,No Line,0.0,none,-1,8,8,1,post,Final,Final,,,,,,,,,,,,,0,,,,,,none,816227
815327,2026-04-01,18:05,2026,Las Vegas Aviators,Oklahoma City Comets,Chen Zhong-Ao Zhuang,Carlos Duran,800018.0,679922.0,schedule_probable_pitcher,1,11,5,0,3,2,0,2,0,0,0,1,2,5,5,0,No Line,0.0,none,-1,11,11,1,post,Final,Final,,,,,,,,,,,,,0,,,,,,none,815327
815774,2026-04-01,18:07,2026,St. Paul Saints,Worcester Red Sox,Andrew Bash,,687856.0,,schedule_probable_pitcher,1,4,5,0,0,0,0,4,0,0,1,0,0,4,1,0,No Line,0.0,none,-1,7,13,1,post,Final,Final,,,,,,,,,,,,,0,,,,,,none,815774
815923,2026-04-01,20:05,2026,Rochester Red Wings,Scranton/Wilkes-Barre RailRiders,Riley Cornelio,Brendan Beck,683000.0,694341.0,schedule_probable_pitcher,1,5,4,1,2,0,0,0,0,0,0,3,0,4,2,0,No Line,0.0,none,-1,8,7,1,post,Final,Final,,,,,,,,,,,,,0,,,,,,none,815923
816827,2026-04-01,22:15,2026,Columbus Clippers,Indianapolis Indians,Trenton Denholm,Wilber Dotel,671143.0,696062.0,schedule_probable_pitcher,1,6,1,1,1,1,0,0,0,1,0,0,0,3,1,0,No Line,0.0,none,-1,9,3,1,post,Final,Final,,,,,,,,,,,,,0,,,,,,none,816827
816752,2026-04-01,22:45,2026,Durham Bulls,Lehigh Valley IronPigs,Jesse Scholtens,Bryse Wilson,669947.0,669060.0,schedule_probable_pitcher,1,6,1,2,0,0,0,0,0,3,0,0,0,5,0,0,No Line,0.0,none,-1,7,5,1,post,Final,Final,,,,,,,,,,,,,0,,,,,,none,816752
816154,2026-04-01,23:35,2026,Nashville Sounds,Charlotte Knights,Carlos Rodriguez,Noah Schultz,692230.0,702273.0,schedule_probable_pitcher,1,3,9,0,0,1,1,0,2,0,2,0,0,1,5,0,No Line,0.0,none,-1,4,13,1,post,Final,Final,,,,,,,,,,,,,0,,,,,,none,816154
815098,2026-04-01,23:45,2026,Round Rock Express,Gwinnett Stripers,Austin Gomber,JR Ritchie,596295.0,702275.0,schedule_probable_pitcher,1,3,6,0,0,0,6,0,0,0,0,0,0,0,6,0,No Line,0.0,none,-1,6,11,1,post,Final,Final,,,,,,,,,,,,,0,,,,,,none,815098
814948,2026-04-02,00:35,2026,Salt Lake Bees,Sacramento River Cats,Huascar Ynoa,John Michael Bertrand,660623.0,802609.0,schedule_probable_pitcher,1,5,10,0,1,1,1,1,1,0,6,0,0,2,9,0,No Line,0.0,none,-1,9,14,1,post,Completed Early,Completed Early,,,,,,,,,,,,,0,,,,,,none,814948
815473,2026-04-02,00:35,2026,Albuquerque Isotopes,Reno Aces,Sean Sullivan,Mitch Bratt,807743.0,683352.0,schedule_probable_pitcher,1,0,1,0,0,0,0,0,0,0,0,0,1,0,1,0,No Line,0.0,none,-1,4,6,1,post,Final,Final,,,,,,,,,,,,,0,,,,,,none,815473
815469,2026-04-02,18:05,2026,Albuquerque Isotopes,Reno Aces,Tanner Gordon,Kohl Drake,685299.0,684442.0,schedule_probable_pitcher,1,3,1,0,0,0,0,0,0,0,0,0,0,0,0,0,No Line,0.0,none,-1,5,5,1,post,Final,Final,,,,,,,,,,,,,0,,,,,,none,815469
815700,2026-04-02,20:05,2026,Syracuse Mets,Toledo Mud Hens,Jonah Tong,Bryan Sammons,804636.0,676614.0,schedule_probable_pitcher,1,7,17,0,3,0,4,1,0,2,1,1,7,4,15,0,No Line,0.0,none,-1,13,18,1,post,Final,Final,,,,,,,,,,,,,0,,,,,,none,815700
815925,2026-04-02,22:05,2026,Rochester Red Wings,Scranton/Wilkes-Barre RailRiders,Andrew Alvarez,Elmer Rodríguez,674841.0,695684.0,schedule_probable_pitcher,1,3,1,1,0,0,0,0,0,0,0,0,0,1,0,0,No Line,0.0,none,-1,7,2,1,post,Final,Final,,,,,,,,,,,,,0,,,,,,none,815925
816826,2026-04-02,22:15,2026,Columbus Clippers,Indianapolis Indians,Pedro Avila,Noah Davis,658648.0,663562.0,schedule_probable_pitcher,1,9,8,0,2,0,0,0,1,0,0,0,0,0,3,0,No Line,0.0,none,-1,9,6,1,post,Final,Final,,,,,,,,,,,,,0,,,,,,none,816826
816292,2026-04-02,22:35,2026,Louisville Bats,Iowa Cubs,Julian Aguiar,Javier Assad,687924.0,665871.0,schedule_probable_pitcher,1,10,11,0,4,3,0,1,4,4,0,1,1,9,9,0,No Line,0.0,none,-1,15,11,1,post,Final,Final,,,,,,,,,,,,,0,,,,,,none,816292
816750,2026-04-02,22:45,2026,Durham Bulls,Lehigh Valley IronPigs,Logan Workman,Alan Rangel,694312.0,660604.0,schedule_probable_pitcher,1,0,4,0,0,0,3,0,0,0,0,0,1,0,4,0,No Line,0.0,none,-1,4,8,1,post,Final,Final,,,,,,,,,,,,,0,,,,,,none,816750
816443,2026-04-02,23:05,2026,Jacksonville Jumbo Shrimp,Sugar Land Space Cowboys,Patrick Monteverde,Colton Gordon,687287.0,676467.0,schedule_probable_pitcher,1,2,3,2,0,0,0,0,3,0,0,0,0,2,3,0,No Line,0.0,none,-1,5,4,1,post,Final,Final,,,,,,,,,,,,,0,,,,,,none,816443
816000,2026-04-02,23:35,2026,Omaha Storm Chasers,Buffalo Bisons,Luinder Avila,Grant Rogers,679883.0,814804.0,schedule_probable_pitcher,1,9,7,3,0,1,1,0,2,0,0,1,0,5,3,0,No Line,0.0,none,-1,11,8,1,post,Final,Final,,,,,,,,,,,,,0,,,,,,none,816000
816148,2026-04-02,23:35,2026,Nashville Sounds,Charlotte Knights,Garrett Stallings,Hagen Smith,668831.0,696146.0,schedule_probable_pitcher,1,4,0,0,0,2,0,0,0,1,0,0,0,3,0,0,No Line,0.0,none,-1,8,7,1,post,Final,Final,,,,,,,,,,,,,0,,,,,,none,816148
815099,2026-04-02,23:45,2026,Round Rock Express,Gwinnett Stripers,Trey Supak,Carlos Carrasco,657022.0,471911.0,schedule_probable_pitcher,1,7,8,1,0,0,2,1,1,0,0,1,3,3,6,0,No Line,0.0,none,-1,8,9,1,post,Final,Final,,,,,,,,,,,,,0,,,,,,none,815099
816228,2026-04-02,23:45,2026,Memphis Redbirds,Norfolk Tides,Richard Fitts,Trey Gibson,690916.0,694346.0,schedule_probable_pitcher,1,6,2,0,0,3,0,0,0,1,0,0,0,4,0,0,No Line,0.0,none,-1,12,10,1,post,Final,Final,,,,,,,,,,,,,0,,,,,,none,816228
814798,2026-04-03,02:05,2026,Tacoma Rainiers,El Paso Chihuahuas,Gabe Mosser,Matt Waldron,682077.0,663362.0,schedule_probable_pitcher,1,3,1,0,0,0,0,0,0,0,0,0,0,0,0,0,No Line,0.0,none,-1,6,5,1,post,Final,Final,,,,,,,,,,,,,0,,,,,,none,814798
815317,2026-04-03,02:05,2026,Las Vegas Aviators,Oklahoma City Comets,Kade Morris,Cole Irvin,695034.0,608344.0,schedule_probable_pitcher,1,4,2,0,0,0,0,0,2,0,0,0,0,0,2,0,No Line,0.0,none,-1,8,6,1,post,Final,Final,,,,,,,,,,,,,0,,,,,,none,815317
815922,2026-04-03,11:05,2026,Rochester Red Wings,Scranton/Wilkes-Barre RailRiders,Mitchell Parker,Carlos Lagrange,680730.0,801739.0,schedule_probable_pitcher,1,2,4,0,1,0,2,1,0,0,0,1,1,2,4,0,No Line,0.0,none,-1,2,13,1,post,Final,Final,,,,,,,,,,,,,0,,,,,,none,815922
815920,2026-04-03,11:10,2026,Rochester Red Wings,Scranton/Wilkes-Barre RailRiders,Zach Penrod,Adam Kloffenstein,683068.0,680572.0,schedule_probable_pitcher,1,4,17,0,1,0,0,0,0,0,0,0,6,0,7,0,No Line,0.0,none,-1,6,14,1,post,Final,Final,,,,,,,,,,,,,0,,,,,,none,815920
816226,2026-04-03,12:05,2026,Memphis Redbirds,Norfolk Tides,Bruce Zimmermann,Dean Kremer,669145.0,665152.0,schedule_probable_pitcher,1,5,4,0,1,0,0,1,1,1,0,1,0,3,2,0,No Line,0.0,none,-1,8,8,1,post,Final,Final,,,,,,,,,,,,,0,,,,,,none,816226
815691,2026-04-03,14:05,2026,Syracuse Mets,Toledo Mud Hens,Joander Suarez,Ty Madden,680933.0,680744.0,schedule_probable_pitcher,1,1,7,1,1,0,2,0,1,0,3,0,0,1,7,0,No Line,0.0,none,-1,12,9,1,post,Final,Final,,,,,,,,,,,,,0,,,,,,none,815691
816829,2026-04-03,16:15,2026,Columbus Clippers,Indianapolis Indians,Rorik Maltrud,Nick Dombkowski,702045.0,694298.0,schedule_probable_pitcher,1,10,11,2,0,0,0,1,0,0,0,4,2,7,2,0,No Line,0.0,none,-1,16,14,1,post,Final,Final,,,,,,,,,,,,,0,,,,,,none,816829
816754,2026-04-03,16:45,2026,Durham Bulls,Lehigh Valley IronPigs,Brody Hopkins,Zack Wheeler,811315.0,554430.0,schedule_probable_pitcher,1,6,10,0,0,0,0,5,0,0,0,0,0,5,0,0,No Line,0.0,none,-1,7,12,1,post,Final,Final,,,,,,,,,,,,,0,,,,,,none,816754
816442,2026-04-03,17:05,2026,Jacksonville Jumbo Shrimp,Sugar Land Space Cowboys,Robby Snelling,Spencer Arrighetti,702281.0,681293.0,schedule_probable_pitcher,1,0,5,0,3,0,0,0,0,0,0,0,1,0,4,0,No Line,0.0,none,-1,1,9,1,post,Final,Final,,,,,,,,,,,,,0,,,,,,none,816442
816294,2026-04-03,17:15,2026,Louisville Bats,Iowa Cubs,Davis Daniel,Will Sanders,669721.0,691739.0,schedule_probable_pitcher,1,2,7,1,0,1,5,0,0,0,0,0,0,2,5,0,No Line,0.0,none,-1,7,11,1,post,Final,Final,,,,,,,,,,,,,0,,,,,,none,816294
816149,2026-04-03,17:35,2026,Nashville Sounds,Charlotte Knights,Coleman Crow,Duncan Davitt,689441.0,701474.0,schedule_probable_pitcher,1,7,6,0,0,5,0,0,0,0,1,2,1,7,2,0,No Line,0.0,none,-1,6,12,1,post,Final,Final,,,,,,,,,,,,,0,,,,,,none,816149
815769,2026-04-03,17:37,2026,St. Paul Saints,Worcester Red Sox,Connor Prielipp,,687570.0,,schedule_probable_pitcher,1,0,0,0,0,0,0,0,0,0,0,0,0,0,0,0,No Line,0.0,none,-1,0,0,1,post,Cancelled,Cancelled,,,,,,,,,,,,,0,,,,,,none,815769
815101,2026-04-03,18:05,2026,Round Rock Express,Gwinnett Stripers,Josh Stephan,Didier Fuentes,695776.0,800311.0,schedule_probable_pitcher,1,1,8,0,2,0,0,0,0,0,2,0,0,0,4,0,No Line,0.0,none,-1,4,10,1,post,Final,Final,,,,,,,,,,,,,0,,,,,,none,815101
814947,2026-04-03,18:35,2026,Salt Lake Bees,Sacramento River Cats,Walbert Urena,Carson Whisenhunt,700712.0,687931.0,schedule_probable_pitcher,1,6,5,0,0,0,0,0,1,0,1,1,0,1,2,0,No Line,0.0,none,-1,6,6,1,post,Final,Final,,,,,,,,,,,,,0,,,,,,none,814947
815470,2026-04-03,18:35,2026,Albuquerque Isotopes,Reno Aces,,,,,schedule,0,0,8,0,0,0,0,0,0,0,0,0,3,0,3,0,No Line,0.0,none,-1,4,18,1,post,Final,Final,,,,,,,,,,,,,0,,,,,,none,815470
814795,2026-04-03,20:05,2026,Tacoma Rainiers,El Paso Chihuahuas,Jhonathan Díaz,Marco Gonzales,646242.0,594835.0,schedule_probable_pitcher,1,5,10,4,4,0,2,0,0,0,0,0,0,4,6,0,No Line,0.0,none,-1,8,13,1,post,Final,Final,,,,,,,,,,,,,0,,,,,,none,814795
815316,2026-04-03,20:05,2026,Las Vegas Aviators,Oklahoma City Comets,Joey Estes,Ryder Ryan,683155.0,656924.0,schedule_probable_pitcher,1,3,7,1,4,0,3,0,0,0,0,0,0,1,7,0,No Line,0.0,none,-1,6,9,1,post,Final,Final,,,,,,,,,,,,,0,,,,,,none,815316
815696,2026-04-04,11:05,2026,Syracuse Mets,Toledo Mud Hens,Joander Suarez,,680933.0,,schedule_probable_pitcher,1,9,7,2,1,2,2,0,1,1,1,2,2,7,7,0,No Line,0.0,none,-1,13,10,1,post,Final,Final,,,,,,,,,,,,,0,,,,,,none,815696
815921,2026-04-04,11:05,2026,Rochester Red Wings,Scranton/Wilkes-Barre RailRiders,Luis Perales,Dom Hamel,691384.0,687589.0,schedule_probable_pitcher,1,3,4,0,0,2,2,0,0,1,0,0,0,3,2,0,No Line,0.0,none,-1,5,7,1,post,Final,Final,,,,,,,,,,,,,0,,,,,,none,815921
816296,2026-04-04,11:05,2026,Louisville Bats,Iowa Cubs,Darren McCaughan,Jaxon Wiggins,670766.0,694393.0,schedule_probable_pitcher,1,6,8,2,0,1,1,1,3,0,4,2,0,6,8,0,No Line,0.0,none,-1,6,9,1,post,Completed Early,Completed Early,,,,,,,,,,,,,0,,,,,,none,816296
815996,2026-04-04,13:05,2026,Omaha Storm Chasers,Buffalo Bisons,Aaron Sanchez,Chad Dallas,592717.0,689149.0,schedule_probable_pitcher,1,0,8,0,1,0,2,0,0,0,2,0,0,0,5,0,No Line,0.0,none,-1,3,10,1,post,Final,Final,,,,,,,,,,,,,0,,,,,,none,815996
815771,2026-04-04,13:07,2026,St. Paul Saints,Worcester Red Sox,Zebby Matthews,,805673.0,,schedule_probable_pitcher,1,3,5,0,2,0,0,0,2,0,1,0,0,0,5,0,No Line,0.0,none,-1,6,10,1,post,Final,Final,,,,,,,,,,,,,0,,,,,,none,815771
815998,2026-04-04,13:10,2026,Omaha Storm Chasers,Buffalo Bisons,Mitch Spence,Devereaux Harrison,687765.0,687288.0,schedule_probable_pitcher,1,6,4,3,0,0,0,1,1,0,0,2,0,6,1,0,No Line,0.0,none,-1,5,7,1,post,Final,Final,,,,,,,,,,,,,0,,,,,,none,815998
816821,2026-04-04,14:05,2026,Columbus Clippers,Indianapolis Indians,Ryan Webb,Antwone Kelly,669067.0,699008.0,schedule_probable_pitcher,1,7,5,3,3,0,0,0,0,4,1,0,0,7,4,0,No Line,0.0,none,-1,10,11,1,post,Completed Early,Completed Early,,,,,,,,,,,,,0,,,,,,none,816821
814950,2026-04-04,16:05,2026,Salt Lake Bees,Sacramento River Cats,Sam Aldegheri,Trevor McDonald,691951.0,686790.0,schedule_probable_pitcher,1,5,4,0,0,0,1,2,0,0,1,1,2,3,4,0,No Line,0.0,none,-1,6,8,1,post,Final,Final,,,,,,,,,,,,,0,,,,,,none,814950
814951,2026-04-04,16:10,2026,Salt Lake Bees,Sacramento River Cats,,Carson Seymour,,693313.0,schedule_probable_pitcher,1,1,7,0,0,0,1,0,4,0,0,1,0,1,5,0,No Line,0.0,none,-1,5,11,1,post,Final,Final,,,,,,,,,,,,,0,,,,,,none,814951
816449,2026-04-04,16:35,2026,Jacksonville Jumbo Shrimp,Sugar Land Space Cowboys,Bradley Blalock,Peter Lambert,687134.0,663567.0,schedule_probable_pitcher,1,4,1,0,1,0,0,0,0,1,0,0,0,1,1,0,No Line,0.0,none,-1,5,2,1,post,Final,Final,,,,,,,,,,,,,0,,,,,,none,816449
816740,2026-04-04,16:45,2026,Durham Bulls,Lehigh Valley IronPigs,Chase Solesky,Ryan Cusick,686678.0,680743.0,schedule_probable_pitcher,1,9,7,2,0,0,2,0,2,0,0,7,0,9,4,0,No Line,0.0,none,-1,5,8,1,post,Final,Final,,,,,,,,,,,,,0,,,,,,none,816740
814799,2026-04-04,18:05,2026,Tacoma Rainiers,El Paso Chihuahuas,Casey Lawrence,,596271.0,,schedule_probable_pitcher,1,2,5,1,0,0,0,0,1,0,0,0,0,1,1,0,No Line,0.0,none,-1,6,7,1,post,Final,Final,,,,,,,,,,,,,0,,,,,,none,814799
815097,2026-04-04,18:05,2026,Round Rock Express,Gwinnett Stripers,Cal Quantrill,Elieser Hernández,615698.0,622694.0,schedule_probable_pitcher,1,5,2,0,0,0,0,1,0,1,0,0,0,2,0,0,No Line,0.0,none,-1,9,6,1,post,Final,Final,,,,,,,,,,,,,0,,,,,,none,815097
814803,2026-04-04,18:10,2026,Tacoma Rainiers,El Paso Chihuahuas,Dane Dunning,Evan Fitterer,641540.0,683157.0,schedule_probable_pitcher,1,1,2,0,2,0,0,0,0,0,0,0,0,0,2,0,No Line,0.0,none,-1,4,6,1,post,Final,Final,,,,,,,,,,,,,0,,,,,,none,814803
815471,2026-04-04,18:35,2026,Albuquerque Isotopes,Reno Aces,Adam Laskey,,669445.0,,schedule_probable_pitcher,1,5,4,0,0,0,1,0,0,1,0,1,0,2,1,0,No Line,0.0,none,-1,8,10,1,post,Final,Final,,,,,,,,,,,,,0,,,,,,none,815471
815319,2026-04-04,20:05,2026,Las Vegas Aviators,Oklahoma City Comets,Mason Barnett,River Ryan,686930.0,689981.0,schedule_probable_pitcher,1,8,5,0,0,0,2,0,1,3,0,2,1,5,4,0,No Line,0.0,none,-1,12,8,1,post,Final,Final,,,,,,,,,,,,,0,,,,,,none,815319
815697,2026-04-05,11:05,2026,Syracuse Mets,Toledo Mud Hens,Carl Edwards Jr.,Keider Montero,605218.0,672456.0,schedule_probable_pitcher,1,4,3,0,1,0,0,0,0,0,0,0,0,0,1,0,No Line,0.0,none,-1,10,4,1,post,Final,Final,,,,,,,,,,,,,0,,,,,,none,815697
815926,2026-04-05,11:05,2026,Rochester Red Wings,Scranton/Wilkes-Barre RailRiders,Andry Lara,Luis Gil,691251.0,661563.0,schedule_probable_pitcher,1,5,16,2,1,1,3,0,1,0,1,0,4,3,10,0,No Line,0.0,none,-1,7,18,1,post,Final,Final,,,,,,,,,,,,,0,,,,,,none,815926
816297,2026-04-05,11:05,2026,Louisville Bats,Iowa Cubs,Brandon Leibrandt,Vince Velasquez,605335.0,592826.0,schedule_probable_pitcher,1,2,6,0,1,0,0,1,1,0,3,0,1,1,6,0,No Line,0.0,none,-1,5,11,1,post,Final,Final,,,,,,,,,,,,,0,,,,,,none,816297
816822,2026-04-05,11:05,2026,Columbus Clippers,Indianapolis Indians,Jack Leftwich,Thomas Harrington,676393.0,802419.0,schedule_probable_pitcher,1,2,7,0,0,0,1,0,1,0,3,0,0,0,5,0,No Line,0.0,none,-1,4,12,1,post,Final,Final,,,,,,,,,,,,,0,,,,,,none,816822
815772,2026-04-05,11:37,2026,St. Paul Saints,Worcester Red Sox,Andrew Morris,,702193.0,,schedule_probable_pitcher,1,2,4,1,0,1,0,0,0,0,0,0,0,2,0,0,No Line,0.0,none,-1,4,7,1,post,Final,Final,,,,,,,,,,,,,0,,,,,,none,815772
815776,2026-04-05,11:42,2026,St. Paul Saints,Worcester Red Sox,John Klein,,804619.0,,schedule_probable_pitcher,1,9,11,0,1,1,5,0,2,2,0,3,0,6,8,0,No Line,0.0,none,-1,8,10,1,post,Final,Final,,,,,,,,,,,,,0,,,,,,none,815776
815096,2026-04-05,12:05,2026,Round Rock Express,Gwinnett Stripers,Dane Acker,Lucas Braun,686769.0,814351.0,schedule_probable_pitcher,1,0,1,0,0,0,0,0,0,0,0,0,0,0,0,0,No Line,0.0,none,-1,3,4,1,post,Final,Final,,,,,,,,,,,,,0,,,,,,none,815096
816144,2026-04-05,12:05,2026,Nashville Sounds,Charlotte Knights,Tate Kuehner,Tanner McDougal,804249.0,701780.0,schedule_probable_pitcher,1,7,5,0,0,0,0,0,1,1,3,0,1,1,5,0,No Line,0.0,none,-1,6,9,1,post,Final,Final,,,,,,,,,,,,,0,,,,,,none,816144
816217,2026-04-05,12:05,2026,Memphis Redbirds,Norfolk Tides,Max Rajcic,Levi Wells,691008.0,694370.0,schedule_probable_pitcher,1,1,9,1,1,0,4,0,0,0,2,0,0,1,7,0,No Line,0.0,none,-1,7,5,1,post,Final,Final,,,,,,,,,,,,,0,,,,,,none,816217
816445,2026-04-05,12:05,2026,Jacksonville Jumbo Shrimp,Sugar Land Space Cowboys,Braxton Garrett,Miguel Ullola,666129.0,699044.0,schedule_probable_pitcher,1,2,0,0,0,0,0,0,0,0,0,2,0,2,0,0,No Line,0.0,none,-1,6,2,1,post,Final,Final,,,,,,,,,,,,,0,,,,,,none,816445
816220,2026-04-05,12:10,2026,Memphis Redbirds,Norfolk Tides,Brycen Mautz,Nestor German,802408.0,815148.0,schedule_probable_pitcher,1,7,3,2,0,0,2,2,0,1,1,2,0,7,3,0,No Line,0.0,none,-1,8,6,1,post,Final,Final,,,,,,,,,,,,,0,,,,,,none,816220
815321,2026-04-05,13:05,2026,Las Vegas Aviators,Oklahoma City Comets,Gage Jump,Logan Allen,695611.0,663531.0,schedule_probable_pitcher,1,9,3,0,1,2,0,1,1,2,0,0,0,5,2,0,No Line,0.0,none,-1,12,3,1,post,Final,Final,,,,,,,,,,,,,0,,,,,,none,815321
816001,2026-04-05,13:05,2026,Omaha Storm Chasers,Buffalo Bisons,Ben Kudrna,CJ Van Eyk,695667.0,669310.0,schedule_probable_pitcher,1,4,3,0,2,3,0,0,0,0,0,1,1,4,3,0,No Line,0.0,none,-1,8,7,1,post,Final,Final,,,,,,,,,,,,,0,,,,,,none,816001
815472,2026-04-05,13:35,2026,Albuquerque Isotopes,Reno Aces,Gabriel Hughes,,687312.0,,schedule_probable_pitcher,1,2,3,0,0,1,0,0,0,0,0,0,0,1,0,0,No Line,0.0,none,-1,9,7,1,post,Final,Final,,,,,,,,,,,,,0,,,,,,none,815472
814939,2026-04-05,14:05,2026,Salt Lake Bees,Sacramento River Cats,,Seth Lonsway,,675920.0,schedule_probable_pitcher,1,5,9,0,3,1,0,0,0,1,0,0,0,2,3,0,No Line,0.0,none,-1,9,12,1,post,Final,Final,,,,,,,,,,,,,0,,,,,,none,814939
814796,2026-04-05,14:35,2026,Tacoma Rainiers,El Paso Chihuahuas,Randy Dobnak,JP Sears,677976.0,676664.0,schedule_probable_pitcher,1,6,5,0,0,0,0,1,0,0,3,4,2,5,5,0,No Line,0.0,none,-1,8,11,1,post,Final,Final,,,,,,,,,,,,,0,,,,,,none,814796
816744,2026-04-05,15:05,2026,Durham Bulls,Lehigh Valley IronPigs,K.C. Hunt,,687268.0,,schedule_probable_pitcher,1,3,5,0,0,0,0,0,2,0,2,0,0,0,4,0,No Line,0.0,none,-1,7,8,1,post,Final,Final,,,,,,,,,,,,,0,,,,,,none,816744
815627,2026-04-07,14:05,2026,Toledo Mud Hens,St. Paul Saints,Lael Lockhart,Andrew Bash,679712.0,687856.0,schedule_probable_pitcher,1,1,0,1,0,0,0,0,0,0,0,0,0,1,0,0,No Line,0.0,none,-1,6,1,1,post,Final,Final,,,,,,,,,,,,,0,,,,,,none,815627
815547,2026-04-07,16:05,2026,Worcester Red Sox,Columbus Clippers,,Trenton Denholm,,671143.0,schedule_probable_pitcher,1,10,14,2,4,0,0,0,3,1,0,1,0,4,7,0,No Line,0.0,none,-1,14,16,1,post,Final,Final,,,,,,,,,,,,,0,,,,,,none,815547
816599,2026-04-07,16:05,2026,Indianapolis Indians,Louisville Bats,Wilber Dotel,Chase Petty,696062.0,695534.0,schedule_probable_pitcher,1,0,8,0,2,0,2,0,0,0,0,0,3,0,7,0,No Line,0.0,none,-1,1,12,1,post,Final,Final,,,,,,,,,,,,,0,,,,,,none,816599
816073,2026-04-07,16:35,2026,Norfolk Tides,Jacksonville Jumbo Shrimp,Andrew Magno,Tyler Zuber,687841.0,676604.0,schedule_probable_pitcher,1,2,6,2,0,0,0,0,1,0,1,0,1,2,3,0,No Line,0.0,none,-1,3,9,1,post,Final,Final,,,,,,,,,,,,,0,,,,,,none,816073
816375,2026-04-07,16:35,2026,Lehigh Valley IronPigs,Rochester Red Wings,Jean Cabrera,Riley Cornelio,691893.0,683000.0,schedule_probable_pitcher,1,8,10,0,0,0,0,1,5,0,2,0,1,1,8,0,No Line,0.0,none,-1,10,14,1,post,Final,Final,,,,,,,,,,,,,0,,,,,,none,816375
816673,2026-04-07,16:35,2026,Gwinnett Stripers,Nashville Sounds,JR Ritchie,Carlos Rodriguez,702275.0,692230.0,schedule_probable_pitcher,1,4,1,0,0,2,0,0,0,2,0,0,0,4,0,0,No Line,0.0,none,-1,7,2,1,post,Final,Final,,,,,,,,,,,,,0,,,,,,none,816673
816898,2026-04-07,16:35,2026,Charlotte Knights,Memphis Redbirds,Jonathan Cannon,,686563.0,,schedule_probable_pitcher,1,4,9,0,1,0,0,0,0,0,0,1,2,1,3,0,No Line,0.0,none,-1,9,10,1,post,Final,Final,,,,,,,,,,,,,0,,,,,,none,816898
815247,2026-04-07,17:05,2026,Oklahoma City Comets,Round Rock Express,Jackson Ferris,Austin Gomber,701328.0,596295.0,schedule_probable_pitcher,1,4,3,1,0,0,0,2,0,0,2,1,0,4,2,0,No Line,0.0,none,-1,9,7,1,post,Final,Final,,,,,,,,,,,,,0,,,,,,none,815247
816527,2026-04-07,17:38,2026,Iowa Cubs,Omaha Storm Chasers,Connor Noland,Ryan Bergert,690939.0,686701.0,schedule_probable_pitcher,1,1,8,0,0,1,0,0,2,0,0,0,4,1,6,0,No Line,0.0,none,-1,3,10,1,post,Final,Final,,,,,,,,,,,,,0,,,,,,none,816527
814872,2026-04-07,18:05,2026,Sugar Land Space Cowboys,Tacoma Rainiers,Jason Alexander,Gabe Mosser,669920.0,682077.0,schedule_probable_pitcher,1,0,1,0,0,0,0,0,0,0,0,0,0,0,0,0,No Line,0.0,none,-1,3,5,1,post,Final,Final,,,,,,,,,,,,,0,,,,,,none,814872
815397,2026-04-07,18:35,2026,El Paso Chihuahuas,Albuquerque Isotopes,Sean Boyle,Sean Sullivan,682044.0,807743.0,schedule_probable_pitcher,1,4,8,0,2,0,2,0,1,1,3,1,0,2,8,0,No Line,0.0,none,-1,5,13,1,post,Final,Final,,,,,,,,,,,,,0,,,,,,none,815397
815172,2026-04-07,19:05,2026,Reno Aces,Salt Lake Bees,Thomas Hatch,Huascar Ynoa,641672.0,660623.0,schedule_probable_pitcher,1,9,4,2,1,0,2,1,0,6,0,0,0,9,3,0,No Line,0.0,none,-1,9,8,1,post,Final,Final,,,,,,,,,,,,,0,,,,,,none,815172
815023,2026-04-07,19:45,2026,Sacramento River Cats,Las Vegas Aviators,John Michael Bertrand,Chen Zhong-Ao Zhuang,802609.0,800018.0,schedule_probable_pitcher,1,5,3,0,0,0,0,3,0,1,0,1,3,5,3,0,No Line,0.0,none,-1,9,7,1,post,Final,Final,,,,,,,,,,,,,0,,,,,,none,815023
816600,2026-04-08,09:05,2026,Indianapolis Indians,Louisville Bats,Noah Davis,Julian Aguiar,663562.0,687924.0,schedule_probable_pitcher,1,5,0,0,0,0,0,0,0,3,0,2,0,5,0,0,No Line,0.0,none,-1,9,2,1,post,Final,Final,,,,,,,,,,,,,0,,,,,,none,816600
815244,2026-04-08,10:05,2026,Oklahoma City Comets,Round Rock Express,Cole Irvin,Trey Supak,608344.0,657022.0,schedule_probable_pitcher,1,2,6,0,1,1,2,0,0,0,0,0,0,1,3,0,No Line,0.0,none,-1,9,12,1,post,Final,Final,,,,,,,,,,,,,0,,,,,,none,815244
815548,2026-04-08,10:05,2026,Worcester Red Sox,Columbus Clippers,,Pedro Avila,,658648.0,schedule_probable_pitcher,1,8,5,1,3,0,0,0,0,4,0,0,0,5,3,0,No Line,0.0,none,-1,7,5,1,post,Final,Final,,,,,,,,,,,,,0,,,,,,none,815548
816973,2026-04-08,10:35,2026,Buffalo Bisons,Syracuse Mets,Grant Rogers,Jonah Tong,814804.0,804636.0,schedule_probable_pitcher,1,2,0,0,0,1,0,1,0,0,0,0,0,2,0,0,No Line,0.0,none,-1,3,5,1,post,Final,Final,,,,,,,,,,,,,0,,,,,,none,816973
816974,2026-04-08,10:40,2026,Buffalo Bisons,Syracuse Mets,,Jack Wenninger,,811307.0,schedule_probable_pitcher,1,4,3,2,0,0,0,0,3,0,0,0,0,2,3,0,No Line,0.0,none,-1,2,5,1,post,Final,Final,,,,,,,,,,,,,0,,,,,,none,816974
816520,2026-04-08,11:08,2026,Iowa Cubs,Omaha Storm Chasers,Charlie Barnes,Ethan Bosacker,656212.0,815073.0,schedule_probable_pitcher,1,12,4,2,0,3,0,1,0,0,2,0,0,6,2,0,No Line,0.0,none,-1,11,7,1,post,Final,Final,,,,,,,,,,,,,0,,,,,,none,816520
815399,2026-04-08,12:05,2026,El Paso Chihuahuas,Albuquerque Isotopes,Marco Gonzales,Tanner Gordon,594835.0,685299.0,schedule_probable_pitcher,1,5,13,0,1,0,1,0,2,4,6,0,0,4,10,0,No Line,0.0,none,-1,5,17,1,post,Final,Final,,,,,,,,,,,,,0,,,,,,none,815399
815625,2026-04-08,16:35,2026,Toledo Mud Hens,St. Paul Saints,Sawyer Gipson-Long,Matt Bowman,687830.0,621199.0,schedule_probable_pitcher,1,3,4,0,1,0,0,0,0,0,0,1,0,1,1,0,No Line,0.0,none,-1,9,5,1,post,Final,Final,,,,,,,,,,,,,0,,,,,,none,815625
815856,2026-04-08,16:35,2026,Scranton/Wilkes-Barre RailRiders,Durham Bulls,Yerry De los Santos,Logan Workman,660787.0,694312.0,schedule_probable_pitcher,1,7,6,0,0,0,0,0,0,0,2,0,3,0,5,0,No Line,0.0,none,-1,5,7,1,post,Final,Final,,,,,,,,,,,,,0,,,,,,none,815856
816071,2026-04-08,16:35,2026,Norfolk Tides,Jacksonville Jumbo Shrimp,Dean Kremer,Dax Fulton,665152.0,690978.0,schedule_probable_pitcher,1,1,7,0,0,0,0,0,0,0,0,0,0,0,0,0,No Line,0.0,none,-1,3,12,1,post,Final,Final,,,,,,,,,,,,,0,,,,,,none,816071
816373,2026-04-08,16:35,2026,Lehigh Valley IronPigs,Rochester Red Wings,Zack Wheeler,Andrew Alvarez,554430.0,674841.0,schedule_probable_pitcher,1,3,6,0,0,0,0,0,0,0,1,0,0,0,1,0,No Line,0.0,none,-1,4,8,1,post,Final,Final,,,,,,,,,,,,,0,,,,,,none,816373
816670,2026-04-08,16:35,2026,Gwinnett Stripers,Nashville Sounds,Didier Fuentes,Garrett Stallings,800311.0,668831.0,schedule_probable_pitcher,1,5,0,0,0,0,0,0,0,0,0,4,0,4,0,0,No Line,0.0,none,-1,8,2,1,post,Final,Final,,,,,,,,,,,,,0,,,,,,none,816670
816897,2026-04-08,16:35,2026,Charlotte Knights,Memphis Redbirds,Noah Schultz,,702273.0,,schedule_probable_pitcher,1,7,3,0,2,0,0,7,0,0,0,0,0,7,2,0,No Line,0.0,none,-1,9,3,1,post,Final,Final,,,,,,,,,,,,,0,,,,,,none,816897
814873,2026-04-08,18:05,2026,Sugar Land Space Cowboys,Tacoma Rainiers,Colton Gordon,Jhonathan Díaz,676467.0,646242.0,schedule_probable_pitcher,1,1,3,0,0,0,0,0,0,0,1,0,0,0,1,0,No Line,0.0,none,-1,7,7,1,post,Final,Final,,,,,,,,,,,,,0,,,,,,none,814873
815175,2026-04-08,19:05,2026,Reno Aces,Salt Lake Bees,Mitch Bratt,Walbert Urena,683352.0,700712.0,schedule_probable_pitcher,1,14,8,0,0,3,0,0,4,0,2,1,2,4,8,0,No Line,0.0,none,-1,14,10,1,post,Final,Final,,,,,,,,,,,,,0,,,,,,none,815175
815022,2026-04-08,19:45,2026,Sacramento River Cats,Las Vegas Aviators,Trevor McDonald,Kade Morris,686790.0,695034.0,schedule_probable_pitcher,1,8,7,2,0,0,1,0,1,0,1,2,0,4,3,0,No Line,0.0,none,-1,11,6,1,post,Final,Final,,,,,,,,,,,,,0,,,,,,none,815022
816070,2026-04-09,10:05,2026,Norfolk Tides,Jacksonville Jumbo Shrimp,Trey Gibson,Patrick Monteverde,694346.0,687287.0,schedule_probable_pitcher,1,2,3,0,0,2,0,0,0,0,1,0,0,2,1,0,No Line,0.0,none,-1,7,7,1,post,Final,Final,,,,,,,,,,,,,0,,,,,,none,816070
816971,2026-04-09,11:05,2026,Buffalo Bisons,Syracuse Mets,Michael Plassmeyer,Christian Scott,674681.0,681035.0,schedule_probable_pitcher,1,4,5,0,0,0,1,0,0,0,3,0,0,0,4,0,No Line,0.0,none,-1,5,5,1,post,Final,Final,,,,,,,,,,,,,0,,,,,,none,816971
815546,2026-04-09,16:05,2026,Worcester Red Sox,Columbus Clippers,Jack Anderson,Logan Allen,681252.0,671106.0,schedule_probable_pitcher,1,5,0,0,0,3,0,0,0,0,0,1,0,4,0,0,No Line,0.0,none,-1,7,4,1,post,Final,Final,,,,,,,,,,,,,0,,,,,,none,815546
815626,2026-04-09,16:35,2026,Toledo Mud Hens,St. Paul Saints,Ty Madden,John Klein,680744.0,804619.0,schedule_probable_pitcher,1,5,3,0,0,0,1,1,0,0,0,3,0,4,1,0,No Line,0.0,none,-1,9,7,1,post,Final,Final,,,,,,,,,,,,,0,,,,,,none,815626
815855,2026-04-09,16:35,2026,Scranton/Wilkes-Barre RailRiders,Durham Bulls,Brendan Beck,Marcus Johnson,694341.0,687189.0,schedule_probable_pitcher,1,5,4,2,0,0,0,0,0,0,0,0,3,2,3,0,No Line,0.0,none,-1,13,4,1,post,Final,Final,,,,,,,,,,,,,0,,,,,,none,815855
816370,2026-04-09,16:35,2026,Lehigh Valley IronPigs,Rochester Red Wings,Alan Rangel,Mitchell Parker,660604.0,680730.0,schedule_probable_pitcher,1,8,2,0,0,0,0,0,1,4,0,1,0,5,1,0,No Line,0.0,none,-1,11,9,1,post,Final,Final,,,,,,,,,,,,,0,,,,,,none,816370
816594,2026-04-09,16:35,2026,Indianapolis Indians,Louisville Bats,Nick Dombkowski,Davis Daniel,694298.0,669721.0,schedule_probable_pitcher,1,1,5,0,0,0,3,0,1,0,0,1,1,1,5,0,No Line,0.0,none,-1,5,8,1,post,Final,Final,,,,,,,,,,,,,0,,,,,,none,816594
816896,2026-04-09,17:04,2026,Charlotte Knights,Memphis Redbirds,Duncan Davitt,Richard Fitts,701474.0,690916.0,schedule_probable_pitcher,1,1,4,0,0,0,1,1,1,0,1,0,0,1,3,0,No Line,0.0,none,-1,7,12,1,post,Final,Final,,,,,,,,,,,,,0,,,,,,none,816896
816669,2026-04-09,17:05,2026,Gwinnett Stripers,Nashville Sounds,Carlos Carrasco,Logan Henderson,471911.0,701656.0,schedule_probable_pitcher,1,3,6,0,0,0,1,0,0,0,0,3,0,3,1,0,No Line,0.0,none,-1,6,13,1,post,Final,Final,,,,,,,,,,,,,0,,,,,,none,816669
815245,2026-04-09,17:35,2026,Oklahoma City Comets,Round Rock Express,Ryder Ryan,,656924.0,,schedule_probable_pitcher,1,5,6,2,0,0,0,0,1,0,0,1,1,3,2,0,No Line,0.0,none,-1,13,13,1,post,Final,Final,,,,,,,,,,,,,0,,,,,,none,815245
814868,2026-04-09,18:05,2026,Sugar Land Space Cowboys,Tacoma Rainiers,Spencer Arrighetti,Dane Dunning,681293.0,641540.0,schedule_probable_pitcher,1,3,2,2,0,0,2,0,0,0,0,0,0,2,2,0,No Line,0.0,none,-1,7,5,1,post,Final,Final,,,,,,,,,,,,,0,,,,,,none,814868
815401,2026-04-09,18:35,2026,El Paso Chihuahuas,Albuquerque Isotopes,Matt Waldron,Keegan Thompson,663362.0,624522.0,schedule_probable_pitcher,1,1,6,0,0,0,0,0,0,0,0,1,0,1,0,0,No Line,0.0,none,-1,4,8,1,post,Final,Final,,,,,,,,,,,,,0,,,,,,none,815401
815171,2026-04-09,19:05,2026,Reno Aces,Salt Lake Bees,Kohl Drake,Sam Aldegheri,684442.0,691951.0,schedule_probable_pitcher,1,10,5,0,0,0,1,1,1,0,0,4,1,5,3,0,No Line,0.0,none,-1,14,11,1,post,Final,Final,,,,,,,,,,,,,0,,,,,,none,815171
815024,2026-04-09,19:45,2026,Sacramento River Cats,Las Vegas Aviators,Carson Whisenhunt,Joey Estes,687931.0,683155.0,schedule_probable_pitcher,1,9,0,1,0,0,0,2,0,2,0,0,0,5,0,0,No Line,0.0,none,-1,15,4,1,post,Final,Final,,,,,,,,,,,,,0,,,,,,none,815024
816966,2026-04-10,11:05,2026,Buffalo Bisons,Syracuse Mets,Chad Dallas,Anderson Severino,689149.0,644429.0,schedule_probable_pitcher,1,7,1,0,0,3,0,4,0,0,0,0,0,7,0,0,No Line,0.0,none,-1,7,3,1,post,Completed Early,Completed Early,,,,,,,,,,,,,0,,,,,,none,816966
815845,2026-04-10,14:35,2026,Scranton/Wilkes-Barre RailRiders,Durham Bulls,Elmer Rodríguez,Brody Hopkins,695684.0,811315.0,schedule_probable_pitcher,1,2,10,2,0,0,0,0,2,0,0,0,0,2,2,0,No Line,0.0,none,-1,5,6,1,post,Final,Final,,,,,,,,,,,,,0,,,,,,none,815845
815549,2026-04-10,16:05,2026,Worcester Red Sox,Columbus Clippers,Jake Bennett,Ryan Webb,687562.0,669067.0,schedule_probable_pitcher,1,8,5,0,0,2,0,1,0,1,0,0,0,4,0,0,No Line,0.0,none,-1,8,6,1,post,Final,Final,,,,,,,,,,,,,0,,,,,,none,815549
816524,2026-04-10,16:08,2026,Iowa Cubs,Omaha Storm Chasers,Will Sanders,Aaron Sanchez,691739.0,592717.0,schedule_probable_pitcher,1,4,6,0,0,0,3,0,0,0,0,2,0,2,3,0,No Line,0.0,none,-1,7,7,1,post,Final,Final,,,,,,,,,,,,,0,,,,,,none,816524
816522,2026-04-10,16:13,2026,Iowa Cubs,Omaha Storm Chasers,Tyler Beede,,595881.0,,schedule_probable_pitcher,1,1,6,1,0,0,0,0,4,0,0,0,0,1,4,0,No Line,0.0,none,-1,5,10,1,post,Final,Final,,,,,,,,,,,,,0,,,,,,none,816522
816069,2026-04-10,16:35,2026,Norfolk Tides,Jacksonville Jumbo Shrimp,Nestor German,Robby Snelling,815148.0,702281.0,schedule_probable_pitcher,1,4,2,0,0,0,1,0,0,0,0,0,0,0,1,0,No Line,0.0,none,-1,5,6,1,post,Final,Final,,,,,,,,,,,,,0,,,,,,none,816069
816372,2026-04-10,16:35,2026,Lehigh Valley IronPigs,Rochester Red Wings,Connor Gillispie,Luis Perales,687362.0,691384.0,schedule_probable_pitcher,1,7,2,0,0,2,0,0,0,0,0,0,0,2,0,0,No Line,0.0,none,-1,10,7,1,post,Final,Final,,,,,,,,,,,,,0,,,,,,none,816372
816590,2026-04-10,16:35,2026,Indianapolis Indians,Louisville Bats,Antwone Kelly,Darren McCaughan,699008.0,670766.0,schedule_probable_pitcher,1,2,8,1,5,0,0,0,0,0,0,0,0,1,5,0,No Line,0.0,none,-1,8,9,1,post,Final,Final,,,,,,,,,,,,,0,,,,,,none,816590
816894,2026-04-10,17:04,2026,Charlotte Knights,Memphis Redbirds,Hagen Smith,Bruce Zimmermann,696146.0,669145.0,schedule_probable_pitcher,1,9,8,0,0,0,0,1,0,1,0,0,0,2,0,0,No Line,0.0,none,-1,8,13,1,post,Final,Final,,,,,,,,,,,,,0,,,,,,none,816894
815629,2026-04-10,17:05,2026,Toledo Mud Hens,St. Paul Saints,Dylan File,Connor Prielipp,668766.0,687570.0,schedule_probable_pitcher,1,3,4,0,0,0,0,2,0,0,2,0,2,2,4,0,No Line,0.0,none,-1,8,11,1,post,Final,Final,,,,,,,,,,,,,0,,,,,,none,815629
816674,2026-04-10,17:05,2026,Gwinnett Stripers,Nashville Sounds,Elieser Hernández,Robert Gasser,622694.0,688107.0,schedule_probable_pitcher,1,6,5,0,0,0,0,4,0,0,1,0,1,4,2,0,No Line,0.0,none,-1,9,12,1,post,Final,Final,,,,,,,,,,,,,0,,,,,,none,816674
814869,2026-04-10,18:05,2026,Sugar Land Space Cowboys,Tacoma Rainiers,Peter Lambert,Casey Lawrence,663567.0,596271.0,schedule_probable_pitcher,1,5,2,0,0,0,0,0,0,0,0,0,0,0,0,0,No Line,0.0,none,-1,8,7,1,post,Final,Final,,,,,,,,,,,,,0,,,,,,none,814869
815248,2026-04-10,18:05,2026,Oklahoma City Comets,Round Rock Express,Christian Romero,Cal Quantrill,699071.0,615698.0,schedule_probable_pitcher,1,1,0,0,0,0,0,0,0,0,0,0,0,0,0,0,No Line,0.0,none,-1,3,6,1,post,Final,Final,,,,,,,,,,,,,0,,,,,,none,815248
815404,2026-04-10,18:35,2026,El Paso Chihuahuas,Albuquerque Isotopes,Griffin Canning,Gabriel Hughes,656288.0,687312.0,schedule_probable_pitcher,1,10,8,0,0,0,0,0,0,0,2,7,3,7,5,0,No Line,0.0,none,-1,13,14,1,post,Final,Final,,,,,,,,,,,,,0,,,,,,none,815404
815167,2026-04-10,19:05,2026,Reno Aces,Salt Lake Bees,Dylan Ray,Brett Kerry,691009.0,695049.0,schedule_probable_pitcher,1,3,6,0,1,0,2,0,1,1,0,2,1,3,5,0,No Line,0.0,none,-1,10,8,1,post,Final,Final,,,,,,,,,,,,,0,,,,,,none,815167
815013,2026-04-10,19:45,2026,Sacramento River Cats,Las Vegas Aviators,Carson Seymour,Mason Barnett,693313.0,686930.0,schedule_probable_pitcher,1,11,0,0,0,0,0,5,0,4,0,0,0,9,0,0,No Line,0.0,none,-1,16,6,1,post,Final,Final,,,,,,,,,,,,,0,,,,,,none,815013
816970,2026-04-11,11:05,2026,Buffalo Bisons,Syracuse Mets,CJ Van Eyk,Carl Edwards Jr.,669310.0,605218.0,schedule_probable_pitcher,1,5,0,1,0,0,0,3,0,0,0,0,0,4,0,0,No Line,0.0,none,-1,7,3,1,post,Final,Final,,,,,,,,,,,,,0,,,,,,none,816970
815847,2026-04-11,13:05,2026,Scranton/Wilkes-Barre RailRiders,Durham Bulls,Carlos Lagrange,,801739.0,,schedule_probable_pitcher,1,2,4,1,0,0,0,0,0,0,2,0,0,1,2,0,No Line,0.0,none,-1,4,6,1,post,Final,Final,,,,,,,,,,,,,0,,,,,,none,815847
815849,2026-04-11,13:10,2026,Scranton/Wilkes-Barre RailRiders,Durham Bulls,Adam Kloffenstein,,680572.0,,schedule_probable_pitcher,1,9,5,0,0,0,0,0,1,6,1,1,2,7,4,0,No Line,0.0,none,-1,7,6,1,post,Final,Final,,,,,,,,,,,,,0,,,,,,none,815849
815544,2026-04-11,14:05,2026,Worcester Red Sox,Columbus Clippers,Kutter Crawford,Rorik Maltrud,676710.0,702045.0,schedule_probable_pitcher,1,0,7,0,3,0,0,0,2,0,0,0,0,0,5,0,No Line,0.0,none,-1,3,9,1,post,Final,Final,,,,,,,,,,,,,0,,,,,,none,815544
816516,2026-04-11,14:08,2026,Iowa Cubs,Omaha Storm Chasers,Vince Velasquez,Ryan Ramsey,592826.0,687547.0,schedule_probable_pitcher,1,7,3,0,2,0,0,0,0,0,0,3,0,3,2,0,No Line,0.0,none,-1,9,9,1,post,Final,Final,,,,,,,,,,,,,0,,,,,,none,816516
815616,2026-04-11,15:05,2026,Toledo Mud Hens,St. Paul Saints,Carlos Peña,Zebby Matthews,685329.0,805673.0,schedule_probable_pitcher,1,3,0,0,0,0,0,0,0,0,0,3,0,3,0,0,No Line,0.0,none,-1,7,2,1,post,Final,Final,,,,,,,,,,,,,0,,,,,,none,815616
816672,2026-04-11,16:05,2026,Gwinnett Stripers,Nashville Sounds,Lucas Braun,Tate Kuehner,814351.0,804249.0,schedule_probable_pitcher,1,4,3,0,1,1,0,0,1,1,0,0,0,2,2,0,No Line,0.0,none,-1,9,11,1,post,Final,Final,,,,,,,,,,,,,0,,,,,,none,816672
816895,2026-04-11,16:05,2026,Charlotte Knights,Memphis Redbirds,Tanner McDougal,Brycen Mautz,701780.0,802408.0,schedule_probable_pitcher,1,4,6,0,0,0,0,1,0,0,0,0,2,1,2,0,No Line,0.0,none,-1,7,7,1,post,Final,Final,,,,,,,,,,,,,0,,,,,,none,816895
816067,2026-04-11,16:35,2026,Norfolk Tides,Jacksonville Jumbo Shrimp,Levi Wells,Bradley Blalock,694370.0,687134.0,schedule_probable_pitcher,1,3,2,0,0,0,0,2,0,0,0,0,2,2,2,0,No Line,0.0,none,-1,6,5,1,post,Final,Final,,,,,,,,,,,,,0,,,,,,none,816067
816365,2026-04-11,16:35,2026,Lehigh Valley IronPigs,Rochester Red Wings,Ryan Cusick,Andry Lara,680743.0,691251.0,schedule_probable_pitcher,1,0,5,0,0,0,0,0,1,0,0,0,0,0,1,0,No Line,0.0,none,-1,3,7,1,post,Final,Final,,,,,,,,,,,,,0,,,,,,none,816365
816593,2026-04-11,16:35,2026,Indianapolis Indians,Louisville Bats,Thomas Harrington,Brandon Leibrandt,802419.0,605335.0,schedule_probable_pitcher,1,5,8,0,0,0,0,1,2,0,0,0,1,1,3,0,No Line,0.0,none,-1,6,10,1,post,Final,Final,,,,,,,,,,,,,0,,,,,,none,816593
814870,2026-04-11,17:05,2026,Sugar Land Space Cowboys,Tacoma Rainiers,Miguel Ullola,Randy Dobnak,699044.0,677976.0,schedule_probable_pitcher,1,3,2,0,0,0,0,0,1,0,1,1,0,1,2,0,No Line,0.0,none,-1,8,6,1,post,Final,Final,,,,,,,,,,,,,0,,,,,,none,814870
815170,2026-04-11,17:05,2026,Reno Aces,Salt Lake Bees,Yu-Min Lin,Huascar Ynoa,801179.0,660623.0,schedule_probable_pitcher,1,8,3,2,0,0,0,0,2,0,0,1,0,3,2,0,No Line,0.0,none,-1,12,7,1,post,Final,Final,,,,,,,,,,,,,0,,,,,,none,815170
815246,2026-04-11,17:05,2026,Oklahoma City Comets,Round Rock Express,River Ryan,,689981.0,,schedule_probable_pitcher,1,10,9,0,2,1,0,1,0,0,1,0,0,2,3,0,No Line,0.0,none,-1,12,12,1,post,Final,Final,,,,,,,,,,,,,0,,,,,,none,815246
815402,2026-04-11,18:35,2026,El Paso Chihuahuas,Albuquerque Isotopes,JP Sears,,676664.0,,schedule_probable_pitcher,1,0,4,0,0,0,0,0,3,0,0,0,0,0,3,0,No Line,0.0,none,-1,4,8,1,post,Final,Final,,,,,,,,,,,,,0,,,,,,none,815402
815543,2026-04-12,11:05,2026,Worcester Red Sox,Columbus Clippers,Payton Tolle,Trenton Denholm,801139.0,671143.0,schedule_probable_pitcher,1,8,2,0,0,2,0,4,0,1,0,0,0,7,0,0,No Line,0.0,none,-1,7,8,1,post,Final,Final,,,,,,,,,,,,,0,,,,,,none,815543
816074,2026-04-12,11:05,2026,Norfolk Tides,Jacksonville Jumbo Shrimp,Brandon Young,Braxton Garrett,687064.0,666129.0,schedule_probable_pitcher,1,0,2,0,0,0,0,0,0,0,0,0,0,0,0,0,No Line,0.0,none,-1,1,5,1,post,Final,Final,,,,,,,,,,,,,0,,,,,,none,816074
816663,2026-04-12,11:05,2026,Gwinnett Stripers,Nashville Sounds,JR Ritchie,Carlos Rodriguez,702275.0,692230.0,schedule_probable_pitcher,1,5,1,1,0,0,0,0,0,0,0,1,0,2,0,0,No Line,0.0,none,-1,10,4,1,post,Final,Final,,,,,,,,,,,,,0,,,,,,none,816663
816892,2026-04-12,11:05,2026,Charlotte Knights,Memphis Redbirds,Jonathan Cannon,Hancel Rincon,686563.0,684516.0,schedule_probable_pitcher,1,13,4,0,3,0,0,7,0,0,0,1,0,8,3,0,No Line,0.0,none,-1,12,7,1,post,Final,Final,,,,,,,,,,,,,0,,,,,,none,816892
816969,2026-04-12,11:05,2026,Buffalo Bisons,Syracuse Mets,,Daniel Duarte,,650960.0,schedule_probable_pitcher,1,2,3,0,0,0,0,0,0,1,0,0,0,1,0,0,No Line,0.0,none,-1,7,9,1,post,Final,Final,,,,,,,,,,,,,0,,,,,,none,816969
816363,2026-04-12,11:15,2026,Lehigh Valley IronPigs,Rochester Red Wings,Tucker Davidson,Riley Cornelio,656353.0,683000.0,schedule_probable_pitcher,1,4,6,0,0,0,1,1,5,0,0,0,0,1,6,0,No Line,0.0,none,-1,5,10,1,post,Final,Final,,,,,,,,,,,,,0,,,,,,none,816363
815848,2026-04-12,11:35,2026,Scranton/Wilkes-Barre RailRiders,Durham Bulls,Dom Hamel,,687589.0,,schedule_probable_pitcher,1,3,4,0,1,0,0,0,0,0,1,2,1,2,3,0,No Line,0.0,none,-1,4,6,1,post,Final,Final,,,,,,,,,,,,,0,,,,,,none,815848
816591,2026-04-12,11:35,2026,Indianapolis Indians,Louisville Bats,Wilber Dotel,Chase Petty,696062.0,695534.0,schedule_probable_pitcher,1,9,5,0,0,5,2,0,0,0,0,1,0,6,2,0,No Line,0.0,none,-1,11,11,1,post,Final,Final,,,,,,,,,,,,,0,,,,,,none,816591
815392,2026-04-12,12:05,2026,El Paso Chihuahuas,Albuquerque Isotopes,Sean Boyle,,682044.0,,schedule_probable_pitcher,1,12,19,0,0,0,6,1,0,2,0,0,0,3,6,0,No Line,0.0,none,-1,13,17,1,post,Final,Final,,,,,,,,,,,,,0,,,,,,none,815392
815617,2026-04-12,12:05,2026,Toledo Mud Hens,St. Paul Saints,Lael Lockhart,Kendry Rojas,679712.0,696070.0,schedule_probable_pitcher,1,11,8,0,0,0,0,0,5,2,1,2,0,4,6,0,No Line,0.0,none,-1,11,10,1,post,Final,Final,,,,,,,,,,,,,0,,,,,,none,815617
816518,2026-04-12,12:08,2026,Iowa Cubs,Omaha Storm Chasers,Connor Noland,Stephen Kolek,690939.0,663568.0,schedule_probable_pitcher,1,0,0,0,0,0,0,0,0,0,0,0,0,0,0,0,No Line,0.0,none,-1,0,0,1,post,Cancelled,Cancelled,,,,,,,,,,,,,0,,,,,,none,816518
815019,2026-04-12,12:10,2026,Sacramento River Cats,Las Vegas Aviators,John Michael Bertrand,,802609.0,,schedule_probable_pitcher,1,0,0,0,0,0,0,0,0,0,0,0,0,0,0,0,No Line,0.0,none,-1,0,0,1,post,Cancelled,Cancelled,,,,,,,,,,,,,0,,,,,,none,815019
814871,2026-04-12,13:05,2026,Sugar Land Space Cowboys,Tacoma Rainiers,Jason Alexander,Gabe Mosser,669920.0,682077.0,schedule_probable_pitcher,1,2,1,0,0,0,0,0,0,1,0,0,1,1,1,0,No Line,0.0,none,-1,6,4,1,post,Final,Final,,,,,,,,,,,,,0,,,,,,none,814871
815242,2026-04-12,13:05,2026,Oklahoma City Comets,Round Rock Express,Jackson Ferris,Austin Gomber,701328.0,596295.0,schedule_probable_pitcher,1,12,11,0,0,8,2,0,2,1,5,0,0,9,9,0,No Line,0.0,none,-1,12,9,1,post,Final,Final,,,,,,,,,,,,,0,,,,,,none,815242
815166,2026-04-12,14:05,2026,Reno Aces,Salt Lake Bees,Thomas Hatch,,641672.0,,schedule_probable_pitcher,1,2,5,1,0,0,0,0,1,0,1,0,1,1,3,0,No Line,0.0,none,-1,10,8,1,post,Final,Final,,,,,,,,,,,,,0,,,,,,none,815166
815018,2026-04-12,16:05,2026,Sacramento River Cats,Las Vegas Aviators,Seth Lonsway,,675920.0,,schedule_probable_pitcher,1,0,0,0,0,0,0,0,0,0,0,0,0,0,0,0,No Line,0.0,none,-1,0,0,1,post,Cancelled,Cancelled,,,,,,,,,,,,,0,,,,,,none,815018
816444,2026-04-14,09:05,2026,Jacksonville Jumbo Shrimp,Charlotte Knights,Dax Fulton,Doug Nikhazy,690978.0,680951.0,schedule_probable_pitcher,1,3,0,0,0,0,0,0,0,0,0,0,0,0,0,0,No Line,0.0,none,-1,6,3,1,post,Final,Final,,,,,,,,,,,,,0,,,,,,none,816444
816743,2026-04-14,09:05,2026,Durham Bulls,Norfolk Tides,Logan Workman,Cameron Weston,694312.0,687721.0,schedule_probable_pitcher,1,4,3,0,0,1,0,1,3,0,0,1,0,3,3,0,No Line,0.0,none,-1,7,3,1,post,Final,Final,,,,,,,,,,,,,0,,,,,,none,816743
815089,2026-04-14,11:05,2026,Round Rock Express,El Paso Chihuahuas,Trey Supak,,657022.0,,schedule_probable_pitcher,1,6,4,1,1,0,2,1,1,0,0,2,0,4,4,0,No Line,0.0,none,-1,10,7,1,post,Final,Final,,,,,,,,,,,,,0,,,,,,none,815089
816002,2026-04-14,11:05,2026,Omaha Storm Chasers,Indianapolis Indians,Stephen Kolek,Noah Davis,663568.0,663562.0,schedule_probable_pitcher,1,6,2,0,0,0,0,2,0,0,0,2,0,4,0,0,No Line,0.0,none,-1,7,8,1,post,Final,Final,,,,,,,,,,,,,0,,,,,,none,816002
815924,2026-04-14,16:05,2026,Rochester Red Wings,Buffalo Bisons,Andrew Alvarez,,674841.0,,schedule_probable_pitcher,1,3,5,1,2,0,0,0,0,0,0,0,0,1,2,0,No Line,0.0,none,-1,13,8,1,post,Final,Final,,,,,,,,,,,,,0,,,,,,none,815924
816295,2026-04-14,16:05,2026,Louisville Bats,Toledo Mud Hens,Davis Daniel,Sawyer Gipson-Long,669721.0,687830.0,schedule_probable_pitcher,1,18,4,1,0,2,0,3,0,2,1,5,0,13,1,0,No Line,0.0,none,-1,19,10,1,post,Final,Final,,,,,,,,,,,,,0,,,,,,none,816295
816819,2026-04-14,16:15,2026,Columbus Clippers,Iowa Cubs,Pedro Avila,Connor Noland,658648.0,690939.0,schedule_probable_pitcher,1,1,8,1,0,0,2,0,1,0,0,0,5,1,8,0,No Line,0.0,none,-1,6,9,1,post,Final,Final,,,,,,,,,,,,,0,,,,,,none,816819
815698,2026-04-14,16:35,2026,Syracuse Mets,Scranton/Wilkes-Barre RailRiders,Jonah Tong,Brendan Beck,804636.0,694341.0,schedule_probable_pitcher,1,8,6,1,0,3,1,0,0,2,0,0,5,6,6,0,No Line,0.0,none,-1,8,9,1,post,Final,Final,,,,,,,,,,,,,0,,,,,,none,815698
816218,2026-04-14,17:05,2026,Memphis Redbirds,Gwinnett Stripers,Hunter Dobbins,Didier Fuentes,690928.0,800311.0,schedule_probable_pitcher,1,4,3,4,0,0,0,0,0,0,0,0,1,4,1,0,No Line,0.0,none,-1,5,6,1,post,Final,Final,,,,,,,,,,,,,0,,,,,,none,816218
816142,2026-04-14,17:35,2026,Nashville Sounds,Worcester Red Sox,Shane Drohan,Patrick Sandoval,675660.0,663776.0,schedule_probable_pitcher,1,9,4,3,0,2,0,1,1,0,1,2,0,8,2,0,No Line,0.0,none,-1,9,7,1,post,Final,Final,,,,,,,,,,,,,0,,,,,,none,816142
815773,2026-04-14,17:37,2026,St. Paul Saints,Lehigh Valley IronPigs,Andrew Bash,Jean Cabrera,687856.0,691893.0,schedule_probable_pitcher,1,7,11,0,2,0,0,1,2,4,0,0,0,5,4,0,No Line,0.0,none,-1,9,15,1,post,Final,Final,,,,,,,,,,,,,0,,,,,,none,815773
814942,2026-04-14,18:35,2026,Salt Lake Bees,Sugar Land Space Cowboys,Houston Harding,Joey Mancini,699613.0,686223.0,schedule_probable_pitcher,1,8,3,2,1,0,0,3,2,0,0,0,0,5,3,0,No Line,0.0,none,-1,5,4,1,post,Final,Final,,,,,,,,,,,,,0,,,,,,none,814942
815475,2026-04-14,18:35,2026,Albuquerque Isotopes,Oklahoma City Comets,Luis Peralta,Cole Irvin,678821.0,608344.0,schedule_probable_pitcher,1,6,9,0,0,1,5,0,2,0,0,1,1,2,8,0,No Line,0.0,none,-1,9,12,1,post,Final,Final,,,,,,,,,,,,,0,,,,,,none,815475
815165,2026-04-14,19:05,2026,Reno Aces,Las Vegas Aviators,Mitch Bratt,Mason Barnett,683352.0,686930.0,schedule_probable_pitcher,1,0,3,0,0,0,0,0,0,0,0,0,0,0,0,0,No Line,0.0,none,-1,1,3,1,post,Final,Final,,,,,,,,,,,,,0,,,,,,none,815165
816289,2026-04-15,09:05,2026,Louisville Bats,Toledo Mud Hens,Sam Benschoter,Bryan Sammons,680397.0,676614.0,schedule_probable_pitcher,1,9,5,0,0,0,1,0,0,0,2,5,0,5,3,0,No Line,0.0,none,-1,13,6,1,post,Final,Final,,,,,,,,,,,,,0,,,,,,none,816289
815993,2026-04-15,10:05,2026,Omaha Storm Chasers,Indianapolis Indians,Luinder Avila,Nick Dombkowski,679883.0,694298.0,schedule_probable_pitcher,1,6,4,0,0,4,0,0,0,0,2,0,2,4,4,0,No Line,0.0,none,-1,7,10,1,post,Final,Final,,,,,,,,,,,,,0,,,,,,none,815993
816222,2026-04-15,10:05,2026,Memphis Redbirds,Gwinnett Stripers,Quinn Mathews,Anthony Molina,687273.0,683627.0,schedule_probable_pitcher,1,3,10,0,0,1,0,0,0,0,0,0,0,1,0,0,No Line,0.0,none,-1,8,14,1,post,Final,Final,,,,,,,,,,,,,0,,,,,,none,816222
815919,2026-04-15,11:05,2026,Rochester Red Wings,Buffalo Bisons,Shinnosuke Ogasawara,Trey Yesavage,829272.0,702056.0,schedule_probable_pitcher,1,6,3,1,0,2,1,0,2,0,0,0,0,3,3,0,No Line,0.0,none,-1,10,8,1,post,Final,Final,,,,,,,,,,,,,0,,,,,,none,815919
816820,2026-04-15,16:15,2026,Columbus Clippers,Iowa Cubs,Logan Allen,,671106.0,,schedule_probable_pitcher,1,9,4,0,0,0,3,0,0,2,1,1,0,3,4,0,No Line,0.0,none,-1,12,10,1,post,Final,Final,,,,,,,,,,,,,0,,,,,,none,816820
815693,2026-04-15,16:35,2026,Syracuse Mets,Scranton/Wilkes-Barre RailRiders,Christian Scott,Elmer Rodríguez,681035.0,695684.0,schedule_probable_pitcher,1,1,4,0,1,0,1,0,0,0,0,0,0,0,2,0,No Line,0.0,none,-1,5,5,1,post,Final,Final,,,,,,,,,,,,,0,,,,,,none,815693
816747,2026-04-15,16:45,2026,Durham Bulls,Norfolk Tides,Marcus Johnson,Trey Gibson,687189.0,694346.0,schedule_probable_pitcher,1,2,5,0,0,0,0,0,2,2,0,0,0,2,2,0,No Line,0.0,none,-1,4,12,1,post,Final,Final,,,,,,,,,,,,,0,,,,,,none,816747
816437,2026-04-15,17:05,2026,Jacksonville Jumbo Shrimp,Charlotte Knights,Patrick Monteverde,Duncan Davitt,687287.0,701474.0,schedule_probable_pitcher,1,3,2,0,0,1,0,0,0,1,1,0,0,2,1,0,No Line,0.0,none,-1,9,6,1,post,Final,Final,,,,,,,,,,,,,0,,,,,,none,816437
816143,2026-04-15,17:35,2026,Nashville Sounds,Worcester Red Sox,Logan Henderson,Alec Gamboa,701656.0,687941.0,schedule_probable_pitcher,1,5,3,1,1,2,0,0,0,2,0,0,0,5,1,0,No Line,0.0,none,-1,8,7,1,post,Final,Final,,,,,,,,,,,,,0,,,,,,none,816143
815770,2026-04-15,17:37,2026,St. Paul Saints,Lehigh Valley IronPigs,John Klein,Bryse Wilson,804619.0,669060.0,schedule_probable_pitcher,1,9,7,0,0,1,0,1,1,5,2,1,0,8,3,0,No Line,0.0,none,-1,13,12,1,post,Final,Final,,,,,,,,,,,,,0,,,,,,none,815770
815093,2026-04-15,17:45,2026,Round Rock Express,El Paso Chihuahuas,Josh Stephan,Matt Waldron,695776.0,663362.0,schedule_probable_pitcher,1,1,14,0,0,0,5,0,2,0,3,0,0,0,10,0,No Line,0.0,none,-1,2,16,1,post,Final,Final,,,,,,,,,,,,,0,,,,,,none,815093
814941,2026-04-15,18:35,2026,Salt Lake Bees,Sugar Land Space Cowboys,Brett Kerry,Jose Fleury,695049.0,800067.0,schedule_probable_pitcher,1,9,8,0,1,1,0,0,3,0,0,3,1,4,5,0,No Line,0.0,none,-1,11,17,1,post,Final,Final,,,,,,,,,,,,,0,,,,,,none,814941
815474,2026-04-15,18:35,2026,Albuquerque Isotopes,Oklahoma City Comets,Gabriel Hughes,Ryder Ryan,687312.0,656924.0,schedule_probable_pitcher,1,4,3,0,0,0,0,1,1,0,1,1,0,2,2,0,No Line,0.0,none,-1,10,7,1,post,Final,Final,,,,,,,,,,,,,0,,,,,,none,815474
814793,2026-04-15,19:05,2026,Tacoma Rainiers,Sacramento River Cats,Jhonathan Díaz,Carson Whisenhunt,646242.0,687931.0,schedule_probable_pitcher,1,6,7,0,6,4,1,1,0,0,0,1,0,6,7,0,No Line,0.0,none,-1,8,7,1,post,Completed Early,Completed Early,,,,,,,,,,,,,0,,,,,,none,814793
815168,2026-04-15,19:05,2026,Reno Aces,Las Vegas Aviators,Kohl Drake,Gage Jump,684442.0,695611.0,schedule_probable_pitcher,1,5,8,0,0,0,1,0,2,0,4,5,1,5,8,0,No Line,0.0,none,-1,7,9,1,post,Final,Final,,,,,,,,,,,,,0,,,,,,none,815168
816816,2026-04-16,10:05,2026,Columbus Clippers,Iowa Cubs,Ryan Webb,,669067.0,,schedule_probable_pitcher,1,10,11,0,2,3,3,0,2,0,0,0,0,3,7,0,No Line,0.0,none,-1,14,15,1,post,Final,Final,,,,,,,,,,,,,0,,,,,,none,816816
815467,2026-04-16,12:05,2026,Albuquerque Isotopes,Oklahoma City Comets,,Christian Romero,,699071.0,schedule_probable_pitcher,1,9,5,0,4,0,0,0,0,0,0,0,0,0,4,0,No Line,0.0,none,-1,14,12,1,post,Final,Final,,,,,,,,,,,,,0,,,,,,none,815467
816290,2026-04-16,16:35,2026,Louisville Bats,Toledo Mud Hens,Jose Franco,Ty Madden,683742.0,680744.0,schedule_probable_pitcher,1,5,10,0,0,2,4,0,2,0,1,0,0,2,7,0,No Line,0.0,none,-1,9,12,1,post,Final,Final,,,,,,,,,,,,,0,,,,,,none,816290
816745,2026-04-16,16:45,2026,Durham Bulls,Norfolk Tides,Brody Hopkins,Nestor German,811315.0,815148.0,schedule_probable_pitcher,1,2,7,0,0,0,0,0,1,0,0,1,1,1,2,0,No Line,0.0,none,-1,4,7,1,post,Final,Final,,,,,,,,,,,,,0,,,,,,none,816745
816434,2026-04-16,17:05,2026,Jacksonville Jumbo Shrimp,Charlotte Knights,Thomas White,Hagen Smith,806258.0,696146.0,schedule_probable_pitcher,1,5,3,0,0,0,1,0,0,0,1,3,0,3,2,0,No Line,0.0,none,-1,7,7,1,post,Final,Final,,,,,,,,,,,,,0,,,,,,none,816434
815994,2026-04-16,17:35,2026,Omaha Storm Chasers,Indianapolis Indians,Aaron Sanchez,Antwone Kelly,592717.0,699008.0,schedule_probable_pitcher,1,5,12,1,0,1,0,1,2,0,0,0,1,3,3,0,No Line,0.0,none,-1,10,11,1,post,Final,Final,,,,,,,,,,,,,0,,,,,,none,815994
815768,2026-04-16,17:37,2026,St. Paul Saints,Lehigh Valley IronPigs,Connor Prielipp,Alan Rangel,687570.0,660604.0,schedule_probable_pitcher,1,5,1,0,0,0,0,2,0,0,1,0,0,2,1,0,No Line,0.0,none,-1,12,7,1,post,Final,Final,,,,,,,,,,,,,0,,,,,,none,815768
815094,2026-04-16,17:45,2026,Round Rock Express,El Paso Chihuahuas,Dane Acker,Griffin Canning,686769.0,656288.0,schedule_probable_pitcher,1,10,9,0,0,2,3,5,3,2,0,0,1,9,7,0,No Line,0.0,none,-1,10,8,1,post,Final,Final,,,,,,,,,,,,,0,,,,,,none,815094
816216,2026-04-16,17:45,2026,Memphis Redbirds,Gwinnett Stripers,Bruce Zimmermann,Carlos Carrasco,669145.0,471911.0,schedule_probable_pitcher,1,2,4,0,0,0,2,0,0,0,0,0,0,0,2,0,No Line,0.0,none,-1,7,13,1,post,Final,Final,,,,,,,,,,,,,0,,,,,,none,816216
814794,2026-04-16,18:30,2026,Tacoma Rainiers,Sacramento River Cats,Dane Dunning,Carson Seymour,641540.0,693313.0,schedule_probable_pitcher,1,3,1,0,0,1,0,0,1,1,0,1,0,3,1,0,No Line,0.0,none,-1,7,1,1,post,Final,Final,,,,,,,,,,,,,0,,,,,,none,814794
814797,2026-04-16,18:35,2026,Tacoma Rainiers,Sacramento River Cats,Casey Lawrence,Trevor McDonald,596271.0,686790.0,schedule_probable_pitcher,1,8,1,0,0,1,0,0,1,5,0,0,0,6,1,0,No Line,0.0,none,-1,8,10,1,post,Final,Final,,,,,,,,,,,,,0,,,,,,none,814797
815169,2026-04-16,19:05,2026,Reno Aces,Las Vegas Aviators,Dylan Ray,Kade Morris,691009.0,695034.0,schedule_probable_pitcher,1,5,10,0,0,0,0,0,0,0,0,0,0,0,0,0,No Line,0.0,none,-1,8,9,1,post,Final,Final,,,,,,,,,,,,,0,,,,,,none,815169
815917,2026-04-17,14:05,2026,Rochester Red Wings,Buffalo Bisons,Luis Perales,Chad Dallas,691384.0,689149.0,schedule_probable_pitcher,1,2,6,0,0,1,3,0,0,0,0,0,0,1,3,0,No Line,0.0,none,-1,7,5,1,post,Final,Final,,,,,,,,,,,,,0,,,,,,none,815917
815912,2026-04-17,14:10,2026,Rochester Red Wings,Buffalo Bisons,Chandler Champlain,,669441.0,,schedule_probable_pitcher,1,5,3,5,3,0,0,0,0,0,0,0,0,5,3,0,No Line,0.0,none,-1,6,3,1,post,Final,Final,,,,,,,,,,,,,0,,,,,,none,815912
816817,2026-04-17,16:15,2026,Columbus Clippers,Iowa Cubs,Rorik Maltrud,Vince Velasquez,702045.0,592826.0,schedule_probable_pitcher,1,5,3,0,0,0,1,0,1,0,0,1,0,1,2,0,No Line,0.0,none,-1,7,5,1,post,Final,Final,,,,,,,,,,,,,0,,,,,,none,816817
815694,2026-04-17,16:35,2026,Syracuse Mets,Scranton/Wilkes-Barre RailRiders,Jack Wenninger,Carlos Lagrange,811307.0,801739.0,schedule_probable_pitcher,1,5,3,0,0,0,0,2,0,1,1,2,0,5,1,0,No Line,0.0,none,-1,8,7,1,post,Final,Final,,,,,,,,,,,,,0,,,,,,none,815694
816291,2026-04-17,16:35,2026,Louisville Bats,Toledo Mud Hens,Brandon Leibrandt,Dylan File,605335.0,668766.0,schedule_probable_pitcher,1,2,6,0,0,0,1,0,0,0,0,1,1,1,2,0,No Line,0.0,none,-1,6,14,1,post,Final,Final,,,,,,,,,,,,,0,,,,,,none,816291
816742,2026-04-17,16:45,2026,Durham Bulls,Norfolk Tides,Chase Solesky,Levi Wells,686678.0,694370.0,schedule_probable_pitcher,1,19,9,0,0,0,0,1,6,5,3,5,0,11,9,0,No Line,0.0,none,-1,20,11,1,post,Final,Final,,,,,,,,,,,,,0,,,,,,none,816742
816146,2026-04-17,17:05,2026,Nashville Sounds,Worcester Red Sox,,Jake Bennett,,687562.0,schedule_probable_pitcher,1,4,2,0,0,0,0,0,0,0,1,0,0,0,1,0,No Line,0.0,none,-1,9,6,1,post,Final,Final,,,,,,,,,,,,,0,,,,,,none,816146
816438,2026-04-17,17:05,2026,Jacksonville Jumbo Shrimp,Charlotte Knights,Robby Snelling,Tanner McDougal,702281.0,701780.0,schedule_probable_pitcher,1,4,1,0,0,0,0,0,0,3,0,0,0,3,0,0,No Line,0.0,none,-1,5,5,1,post,Final,Final,,,,,,,,,,,,,0,,,,,,none,816438
815989,2026-04-17,17:35,2026,Omaha Storm Chasers,Indianapolis Indians,Ryan Ramsey,Thomas Harrington,687547.0,802419.0,schedule_probable_pitcher,1,4,2,2,0,0,1,1,1,1,0,0,0,4,2,0,No Line,0.0,none,-1,4,4,1,post,Final,Final,,,,,,,,,,,,,0,,,,,,none,815989
815763,2026-04-17,17:37,2026,St. Paul Saints,Lehigh Valley IronPigs,Zebby Matthews,Connor Gillispie,805673.0,687362.0,schedule_probable_pitcher,1,7,4,3,1,0,0,3,1,1,0,0,2,7,4,0,No Line,0.0,none,-1,5,12,1,post,Final,Final,,,,,,,,,,,,,0,,,,,,none,815763
815091,2026-04-17,18:05,2026,Round Rock Express,El Paso Chihuahuas,Patrick Murphy,JP Sears,641907.0,676664.0,schedule_probable_pitcher,1,9,7,2,1,0,0,3,3,2,0,0,3,7,7,0,No Line,0.0,none,-1,11,10,1,post,Final,Final,,,,,,,,,,,,,0,,,,,,none,815091
816219,2026-04-17,18:05,2026,Memphis Redbirds,Gwinnett Stripers,Brycen Mautz,Elieser Hernández,802408.0,622694.0,schedule_probable_pitcher,1,5,3,0,0,0,0,0,0,1,0,3,2,4,2,0,No Line,0.0,none,-1,11,8,1,post,Final,Final,,,,,,,,,,,,,0,,,,,,none,816219
816147,2026-04-17,18:16,2026,Nashville Sounds,Worcester Red Sox,Tate Kuehner,,804249.0,,schedule_probable_pitcher,1,4,2,0,1,0,0,0,0,2,0,0,0,2,1,0,No Line,0.0,none,-1,6,7,1,post,Final,Final,,,,,,,,,,,,,0,,,,,,none,816147
814946,2026-04-17,18:35,2026,Salt Lake Bees,Sugar Land Space Cowboys,Kaleb Ort,Miguel Ullola,672391.0,699044.0,schedule_probable_pitcher,1,6,12,0,7,0,1,2,0,1,0,1,0,4,8,0,No Line,0.0,none,-1,11,16,1,post,Final,Final,,,,,,,,,,,,,0,,,,,,none,814946
815462,2026-04-17,18:35,2026,Albuquerque Isotopes,Oklahoma City Comets,,Logan Allen,,663531.0,schedule_probable_pitcher,1,12,13,0,0,0,0,1,2,1,1,1,8,3,11,0,No Line,0.0,none,-1,10,13,1,post,Final,Final,,,,,,,,,,,,,0,,,,,,none,815462
815160,2026-04-17,19:05,2026,Reno Aces,Las Vegas Aviators,Yu-Min Lin,Joey Estes,801179.0,683155.0,schedule_probable_pitcher,1,10,4,2,0,0,0,2,2,0,0,0,0,4,2,0,No Line,0.0,none,-1,11,7,1,post,Final,Final,,,,,,,,,,,,,0,,,,,,none,815160
814792,2026-04-17,20:05,2026,Tacoma Rainiers,Sacramento River Cats,Randy Dobnak,Seth Lonsway,677976.0,675920.0,schedule_probable_pitcher,1,7,6,0,4,0,0,0,0,5,0,1,1,6,5,0,No Line,0.0,none,-1,12,9,1,post,Final,Final,,,,,,,,,,,,,0,,,,,,none,814792
815692,2026-04-18,10:35,2026,Syracuse Mets,Scranton/Wilkes-Barre RailRiders,Carl Edwards Jr.,Adam Kloffenstein,605218.0,680572.0,schedule_probable_pitcher,1,9,4,3,0,0,0,5,2,0,1,1,0,9,3,0,No Line,0.0,none,-1,9,4,1,post,Final,Final,,,,,,,,,,,,,0,,,,,,none,815692
815695,2026-04-18,10:40,2026,Syracuse Mets,Scranton/Wilkes-Barre RailRiders,Bryce Conley,Dom Hamel,676785.0,687589.0,schedule_probable_pitcher,1,7,4,0,0,1,0,2,0,1,1,3,0,7,1,0,No Line,0.0,none,-1,10,6,1,post,Final,Final,,,,,,,,,,,,,0,,,,,,none,815695
815915,2026-04-18,11:05,2026,Rochester Red Wings,Buffalo Bisons,Andry Lara,CJ Van Eyk,691251.0,669310.0,schedule_probable_pitcher,1,3,6,0,0,1,2,0,2,0,0,1,0,2,4,0,No Line,0.0,none,-1,11,11,1,post,Final,Final,,,,,,,,,,,,,0,,,,,,none,815915
816285,2026-04-18,11:05,2026,Louisville Bats,Toledo Mud Hens,Nick Sando,Lael Lockhart,805311.0,679712.0,schedule_probable_pitcher,1,4,2,0,0,0,0,0,0,0,0,3,0,3,0,0,No Line,0.0,none,-1,8,3,1,post,Final,Final,,,,,,,,,,,,,0,,,,,,none,816285
816215,2026-04-18,12:05,2026,Memphis Redbirds,Gwinnett Stripers,Pete Hansen,JR Ritchie,677337.0,702275.0,schedule_probable_pitcher,1,1,2,0,0,0,0,0,0,0,0,0,0,0,0,0,No Line,0.0,none,-1,5,9,1,post,Final,Final,,,,,,,,,,,,,0,,,,,,none,816215
815990,2026-04-18,13:05,2026,Omaha Storm Chasers,Indianapolis Indians,Ben Sears,Wilber Dotel,700786.0,696062.0,schedule_probable_pitcher,1,3,11,2,0,1,2,0,1,0,3,0,2,3,8,0,No Line,0.0,none,-1,5,10,1,post,Final,Final,,,,,,,,,,,,,0,,,,,,none,815990
815764,2026-04-18,13:07,2026,St. Paul Saints,Lehigh Valley IronPigs,Andrew Bash,Ryan Cusick,687856.0,680743.0,schedule_probable_pitcher,1,6,10,2,2,0,0,0,0,1,0,1,4,4,6,0,No Line,0.0,none,-1,7,16,1,post,Final,Final,,,,,,,,,,,,,0,,,,,,none,815764
816815,2026-04-18,14:05,2026,Columbus Clippers,Iowa Cubs,Trenton Denholm,,671143.0,,schedule_probable_pitcher,1,6,7,0,0,0,2,0,0,0,0,0,0,0,2,0,No Line,0.0,none,-1,9,8,1,post,Final,Final,,,,,,,,,,,,,0,,,,,,none,816815
814944,2026-04-18,16:05,2026,Salt Lake Bees,Sugar Land Space Cowboys,,Jason Alexander,,669920.0,schedule_probable_pitcher,1,1,2,0,0,0,0,0,0,0,2,0,0,0,2,0,No Line,0.0,none,-1,3,5,1,post,Final,Final,,,,,,,,,,,,,0,,,,,,none,814944
814940,2026-04-18,16:10,2026,Salt Lake Bees,Sugar Land Space Cowboys,,Jason Alexander,,669920.0,schedule_probable_pitcher,1,8,3,3,1,0,0,0,0,1,0,0,0,4,1,0,No Line,0.0,none,-1,10,3,1,post,Final,Final,,,,,,,,,,,,,0,,,,,,none,814940
816435,2026-04-18,16:35,2026,Jacksonville Jumbo Shrimp,Charlotte Knights,Bradley Blalock,Shane Smith,687134.0,681343.0,schedule_probable_pitcher,1,0,2,0,0,0,0,0,1,0,0,0,0,0,1,0,No Line,0.0,none,-1,2,5,1,post,Final,Final,,,,,,,,,,,,,0,,,,,,none,816435
816746,2026-04-18,16:45,2026,Durham Bulls,Norfolk Tides,,Brandon Young,,687064.0,schedule_probable_pitcher,1,3,7,0,2,0,0,0,0,0,0,1,1,1,3,0,No Line,0.0,none,-1,4,9,1,post,Final,Final,,,,,,,,,,,,,0,,,,,,none,816746
815163,2026-04-18,17:05,2026,Reno Aces,Las Vegas Aviators,Thomas Hatch,Luis Morales,641672.0,806960.0,schedule_probable_pitcher,1,6,9,0,0,0,0,1,0,0,0,0,1,1,1,0,No Line,0.0,none,-1,13,13,1,post,Final,Final,,,,,,,,,,,,,0,,,,,,none,815163
816137,2026-04-18,17:35,2026,Nashville Sounds,Worcester Red Sox,Easton McGee,,668834.0,,schedule_probable_pitcher,1,2,1,1,0,0,1,0,0,0,0,0,0,1,1,0,No Line,0.0,none,-1,5,5,1,post,Final,Final,,,,,,,,,,,,,0,,,,,,none,816137
815464,2026-04-18,18:35,2026,Albuquerque Isotopes,Oklahoma City Comets,,Jackson Ferris,,701328.0,schedule_probable_pitcher,1,8,6,0,0,1,0,2,3,0,1,0,1,3,5,0,No Line,0.0,none,-1,10,9,1,post,Final,Final,,,,,,,,,,,,,0,,,,,,none,815464
814789,2026-04-18,19:05,2026,Tacoma Rainiers,Sacramento River Cats,Bryce Miller,John Michael Bertrand,682243.0,802609.0,schedule_probable_pitcher,1,6,4,1,0,3,3,0,0,0,1,2,0,6,4,0,No Line,0.0,none,-1,8,7,1,post,Final,Final,,,,,,,,,,,,,0,,,,,,none,814789
815095,2026-04-19,11:05,2026,Round Rock Express,El Paso Chihuahuas,Austin Gomber,Triston McKenzie,596295.0,663474.0,schedule_probable_pitcher,1,2,5,0,1,1,0,0,1,0,3,0,0,1,5,0,No Line,0.0,none,-1,6,7,1,post,Final,Final,,,,,,,,,,,,,0,,,,,,none,815095
815914,2026-04-19,11:05,2026,Rochester Red Wings,Buffalo Bisons,Riley Cornelio,Josh Fleming,683000.0,676596.0,schedule_probable_pitcher,1,6,4,0,0,0,0,0,0,3,0,1,1,4,1,0,No Line,0.0,none,-1,10,10,1,post,Final,Final,,,,,,,,,,,,,0,,,,,,none,815914
816282,2026-04-19,11:05,2026,Louisville Bats,Toledo Mud Hens,Davis Daniel,Sawyer Gipson-Long,669721.0,687830.0,schedule_probable_pitcher,1,2,1,2,0,0,0,0,0,0,0,0,0,2,0,0,No Line,0.0,none,-1,4,5,1,post,Final,Final,,,,,,,,,,,,,0,,,,,,none,816282
816741,2026-04-19,11:05,2026,Durham Bulls,Norfolk Tides,Logan Workman,Cade Povich,694312.0,700249.0,schedule_probable_pitcher,1,6,3,0,0,0,0,1,0,0,0,0,0,1,0,0,No Line,0.0,none,-1,10,3,1,post,Final,Final,,,,,,,,,,,,,0,,,,,,none,816741
816818,2026-04-19,11:05,2026,Columbus Clippers,Iowa Cubs,Pedro Avila,Connor Noland,658648.0,690939.0,schedule_probable_pitcher,1,12,8,5,2,0,0,2,2,2,1,0,0,9,5,0,No Line,0.0,none,-1,15,12,1,post,Final,Final,,,,,,,,,,,,,0,,,,,,none,816818
816139,2026-04-19,12:05,2026,Nashville Sounds,Worcester Red Sox,Shane Drohan,Patrick Sandoval,675660.0,663776.0,schedule_probable_pitcher,1,2,4,0,0,0,0,0,0,0,0,0,2,0,2,0,No Line,0.0,none,-1,5,9,1,post,Final,Final,,,,,,,,,,,,,0,,,,,,none,816139
816221,2026-04-19,12:05,2026,Memphis Redbirds,Gwinnett Stripers,Hunter Dobbins,Didier Fuentes,690928.0,800311.0,schedule_probable_pitcher,1,6,5,3,0,0,0,0,1,0,2,1,1,4,4,0,No Line,0.0,none,-1,8,11,1,post,Final,Final,,,,,,,,,,,,,0,,,,,,none,816221
816440,2026-04-19,12:05,2026,Jacksonville Jumbo Shrimp,Charlotte Knights,Ryan Gusto,Adisyn Coffey,687473.0,676249.0,schedule_probable_pitcher,1,4,9,1,4,2,0,0,2,0,0,0,0,3,6,0,No Line,0.0,none,-1,8,8,1,post,Final,Final,,,,,,,,,,,,,0,,,,,,none,816440
815090,2026-04-19,12:46,2026,Round Rock Express,El Paso Chihuahuas,Trey Supak,,657022.0,,schedule_probable_pitcher,1,4,1,1,0,0,0,0,0,0,1,0,0,1,1,0,No Line,0.0,none,-1,8,6,1,post,Final,Final,,,,,,,,,,,,,0,,,,,,none,815090
815988,2026-04-19,13:05,2026,Omaha Storm Chasers,Indianapolis Indians,Stephen Kolek,Noah Davis,663568.0,663562.0,schedule_probable_pitcher,1,4,2,1,1,0,0,1,0,0,0,1,1,3,2,0,No Line,0.0,none,-1,10,9,1,post,Final,Final,,,,,,,,,,,,,0,,,,,,none,815988
815766,2026-04-19,13:07,2026,St. Paul Saints,Lehigh Valley IronPigs,John Klein,Tucker Davidson,804619.0,656353.0,schedule_probable_pitcher,1,12,8,1,1,0,0,6,1,1,2,0,0,8,4,0,No Line,0.0,none,-1,13,16,1,post,Final,Final,,,,,,,,,,,,,0,,,,,,none,815766
815463,2026-04-19,13:35,2026,Albuquerque Isotopes,Oklahoma City Comets,Sean Sullivan,Cole Irvin,807743.0,608344.0,schedule_probable_pitcher,1,17,4,5,0,0,2,1,0,1,0,2,1,9,3,0,No Line,0.0,none,-1,18,9,1,post,Final,Final,,,,,,,,,,,,,0,,,,,,none,815463
814945,2026-04-19,14:05,2026,Salt Lake Bees,Sugar Land Space Cowboys,,Brandon Bielak,,656232.0,schedule_probable_pitcher,1,4,7,0,1,0,1,1,0,0,0,0,1,1,3,0,No Line,0.0,none,-1,10,12,1,post,Final,Final,,,,,,,,,,,,,0,,,,,,none,814945
815158,2026-04-19,14:05,2026,Reno Aces,Las Vegas Aviators,Mitch Bratt,Brooks Kriske,683352.0,621139.0,schedule_probable_pitcher,1,6,4,0,1,1,0,0,0,0,3,3,0,4,4,0,No Line,0.0,none,-1,13,8,1,post,Final,Final,,,,,,,,,,,,,0,,,,,,none,815158
814786,2026-04-19,14:35,2026,Tacoma Rainiers,Sacramento River Cats,Jhonathan Díaz,Sam Hentges,646242.0,656529.0,schedule_probable_pitcher,1,0,1,0,0,0,1,0,0,0,0,0,0,0,1,0,No Line,0.0,none,-1,5,4,1,post,Final,Final,,,,,,,,,,,,,0,,,,,,none,814786
816891,2026-04-21,09:05,2026,Charlotte Knights,Nashville Sounds,Duncan Davitt,Logan Henderson,701474.0,701656.0,schedule_probable_pitcher,1,1,5,0,0,0,0,0,0,0,0,0,0,0,0,0,No Line,0.0,none,-1,7,9,1,post,Final,Final,,,,,,,,,,,,,0,,,,,,none,816891
815538,2026-04-21,16:05,2026,Worcester Red Sox,Syracuse Mets,,Jonah Tong,,804636.0,schedule_probable_pitcher,1,3,12,0,0,0,0,0,0,0,2,0,4,0,6,0,No Line,0.0,none,-1,10,12,1,post,Final,Final,,,,,,,,,,,,,0,,,,,,none,815538
816662,2026-04-21,16:05,2026,Gwinnett Stripers,Jacksonville Jumbo Shrimp,Spencer Strider,Braxton Garrett,675911.0,666129.0,schedule_probable_pitcher,1,2,0,0,0,0,0,0,0,0,0,0,0,0,0,0,No Line,0.0,none,-1,0,1,1,post,Final,Final,,,,,,,,,,,,,0,,,,,,none,816662
816968,2026-04-21,16:05,2026,Buffalo Bisons,Columbus Clippers,Trey Yesavage,,702056.0,,schedule_probable_pitcher,1,2,5,1,2,0,0,0,2,0,0,0,0,1,4,0,No Line,0.0,none,-1,4,6,1,post,Final,Final,,,,,,,,,,,,,0,,,,,,none,816968
815618,2026-04-21,16:35,2026,Toledo Mud Hens,Omaha Storm Chasers,Bryan Sammons,Luinder Avila,676614.0,679883.0,schedule_probable_pitcher,1,5,10,0,0,1,1,0,1,3,3,0,5,4,10,0,No Line,0.0,none,-1,8,7,1,post,Final,Final,,,,,,,,,,,,,0,,,,,,none,815618
815846,2026-04-21,16:35,2026,Scranton/Wilkes-Barre RailRiders,Rochester Red Wings,Brendan Beck,Shinnosuke Ogasawara,694341.0,829272.0,schedule_probable_pitcher,1,7,1,0,0,1,0,3,1,0,0,1,0,5,1,0,No Line,0.0,none,-1,10,3,1,post,Final,Final,,,,,,,,,,,,,0,,,,,,none,815846
816072,2026-04-21,16:35,2026,Norfolk Tides,Memphis Redbirds,Trey Gibson,Quinn Mathews,694346.0,687273.0,schedule_probable_pitcher,1,7,3,1,1,1,0,0,0,0,0,4,0,6,1,0,No Line,0.0,none,-1,8,6,1,post,Final,Final,,,,,,,,,,,,,0,,,,,,none,816072
816366,2026-04-21,16:35,2026,Lehigh Valley IronPigs,Durham Bulls,Jean Cabrera,Marcus Johnson,691893.0,687189.0,schedule_probable_pitcher,1,8,7,2,2,0,1,2,0,0,2,1,1,5,6,0,No Line,0.0,none,-1,9,12,1,post,Final,Final,,,,,,,,,,,,,0,,,,,,none,816366
816596,2026-04-21,16:35,2026,Indianapolis Indians,St. Paul Saints,José Urquidy,Mike Paredes,664353.0,702474.0,schedule_probable_pitcher,1,7,5,0,0,1,0,2,0,3,1,0,4,6,5,0,No Line,0.0,none,-1,12,7,1,post,Final,Final,,,,,,,,,,,,,0,,,,,,none,816596
815243,2026-04-21,17:35,2026,Oklahoma City Comets,Tacoma Rainiers,Ryder Ryan,Casey Lawrence,656924.0,596271.0,schedule_probable_pitcher,1,5,4,4,0,0,1,1,0,0,2,0,0,5,3,0,No Line,0.0,none,-1,10,9,1,post,Final,Final,,,,,,,,,,,,,0,,,,,,none,815243
816515,2026-04-21,17:38,2026,Iowa Cubs,Louisville Bats,Paul Campbell,Jose Franco,669294.0,683742.0,schedule_probable_pitcher,1,3,10,0,0,0,5,0,0,3,1,0,1,3,7,0,No Line,0.0,none,-1,9,14,1,post,Final,Final,,,,,,,,,,,,,0,,,,,,none,816515
815393,2026-04-21,18:35,2026,El Paso Chihuahuas,Reno Aces,Jackson Wolf,Kohl Drake,680232.0,684442.0,schedule_probable_pitcher,1,13,6,0,0,2,0,0,3,2,3,1,0,5,6,0,No Line,0.0,none,-1,16,8,1,post,Final,Final,,,,,,,,,,,,,0,,,,,,none,815393
815318,2026-04-21,20:05,2026,Las Vegas Aviators,Salt Lake Bees,Gage Jump,,695611.0,,schedule_probable_pitcher,1,5,8,0,0,2,0,1,3,0,3,0,0,3,6,0,No Line,0.0,none,-1,14,14,1,post,Final,Final,,,,,,,,,,,,,0,,,,,,none,815318
816668,2026-04-22,09:05,2026,Gwinnett Stripers,Jacksonville Jumbo Shrimp,Austin Pope,Dax Fulton,687166.0,690978.0,schedule_probable_pitcher,1,11,9,0,4,2,1,2,1,0,2,0,0,4,8,0,No Line,0.0,none,-1,14,14,1,post,Final,Final,,,,,,,,,,,,,0,,,,,,none,816668
816519,2026-04-22,11:08,2026,Iowa Cubs,Louisville Bats,Charlie Barnes,Darren McCaughan,656212.0,670766.0,schedule_probable_pitcher,1,15,9,0,0,0,2,1,0,1,0,4,1,6,3,0,No Line,0.0,none,-1,14,14,1,post,Final,Final,,,,,,,,,,,,,0,,,,,,none,816519
815391,2026-04-22,12:05,2026,El Paso Chihuahuas,Reno Aces,Griffin Canning,Dylan Ray,656288.0,691009.0,schedule_probable_pitcher,1,13,11,2,0,1,2,0,0,2,1,3,1,8,4,0,No Line,0.0,none,-1,20,13,1,post,Final,Final,,,,,,,,,,,,,0,,,,,,none,815391
815540,2026-04-22,13:05,2026,Worcester Red Sox,Syracuse Mets,,Brandon Waddell,,663399.0,schedule_probable_pitcher,1,7,6,3,0,0,0,0,0,0,0,0,2,3,2,0,No Line,0.0,none,-1,12,9,1,post,Final,Final,,,,,,,,,,,,,0,,,,,,none,815540
816592,2026-04-22,16:05,2026,Indianapolis Indians,St. Paul Saints,Hunter Barco,Andrew Bash,682995.0,687856.0,schedule_probable_pitcher,1,12,0,0,0,3,0,2,0,4,0,2,0,11,0,0,No Line,0.0,none,-1,15,4,1,post,Final,Final,,,,,,,,,,,,,0,,,,,,none,816592
816967,2026-04-22,16:05,2026,Buffalo Bisons,Columbus Clippers,Austin Voth,Ryan Webb,608723.0,669067.0,schedule_probable_pitcher,1,5,3,0,2,1,1,0,0,0,0,2,0,3,3,0,No Line,0.0,none,-1,9,5,1,post,Final,Final,,,,,,,,,,,,,0,,,,,,none,816967
815619,2026-04-22,16:35,2026,Toledo Mud Hens,Omaha Storm Chasers,Ty Madden,Aaron Sanchez,680744.0,592717.0,schedule_probable_pitcher,1,8,2,0,1,2,0,1,0,0,0,4,1,7,2,0,No Line,0.0,none,-1,10,3,1,post,Final,Final,,,,,,,,,,,,,0,,,,,,none,815619
815844,2026-04-22,16:35,2026,Scranton/Wilkes-Barre RailRiders,Rochester Red Wings,Elmer Rodríguez,Chandler Champlain,695684.0,669441.0,schedule_probable_pitcher,1,0,2,0,0,0,0,0,0,0,1,0,0,0,1,0,No Line,0.0,none,-1,2,7,1,post,Final,Final,,,,,,,,,,,,,0,,,,,,none,815844
816064,2026-04-22,16:35,2026,Norfolk Tides,Memphis Redbirds,Nestor German,Bruce Zimmermann,815148.0,669145.0,schedule_probable_pitcher,1,7,9,0,0,0,2,3,1,3,3,0,2,6,8,0,No Line,0.0,none,-1,12,11,1,post,Final,Final,,,,,,,,,,,,,0,,,,,,none,816064
816369,2026-04-22,16:35,2026,Lehigh Valley IronPigs,Durham Bulls,Bryse Wilson,Brody Hopkins,669060.0,811315.0,schedule_probable_pitcher,1,4,1,2,0,0,0,0,0,1,0,0,0,3,0,0,No Line,0.0,none,-1,5,5,1,post,Final,Final,,,,,,,,,,,,,0,,,,,,none,816369
816889,2026-04-22,16:35,2026,Charlotte Knights,Nashville Sounds,Hagen Smith,Thomas Pannone,696146.0,623381.0,schedule_probable_pitcher,1,9,4,5,0,4,1,0,0,0,0,0,2,9,3,0,No Line,0.0,none,-1,8,8,1,post,Final,Final,,,,,,,,,,,,,0,,,,,,none,816889
815241,2026-04-22,17:05,2026,Oklahoma City Comets,Tacoma Rainiers,Christian Romero,Dane Dunning,699071.0,641540.0,schedule_probable_pitcher,1,9,7,0,0,0,0,4,1,0,1,3,0,7,2,0,No Line,0.0,none,-1,6,9,1,post,Final,Final,,,,,,,,,,,,,0,,,,,,none,815241
815017,2026-04-22,19:35,2026,Sacramento River Cats,Albuquerque Isotopes,Carson Whisenhunt,Gabriel Hughes,687931.0,687312.0,schedule_probable_pitcher,1,0,6,0,0,0,3,0,0,0,0,0,3,0,6,0,No Line,0.0,none,-1,6,6,1,post,Final,Final,,,,,,,,,,,,,0,,,,,,none,815017
815320,2026-04-22,20:05,2026,Las Vegas Aviators,Salt Lake Bees,Kade Morris,,695034.0,,schedule_probable_pitcher,1,3,14,0,1,0,2,0,0,0,0,0,4,0,7,0,No Line,0.0,none,-1,6,15,1,post,Final,Final,,,,,,,,,,,,,0,,,,,,none,815320
816595,2026-04-23,09:05,2026,Indianapolis Indians,St. Paul Saints,Chris Devenski,John Klein,606965.0,804619.0,schedule_probable_pitcher,1,6,1,2,0,0,0,1,0,3,1,0,0,6,1,0,No Line,0.0,none,-1,9,2,1,post,Final,Final,,,,,,,,,,,,,0,,,,,,none,816595
815236,2026-04-23,10:05,2026,Oklahoma City Comets,Tacoma Rainiers,Logan Allen,Randy Dobnak,663531.0,677976.0,schedule_probable_pitcher,1,1,3,0,0,0,0,0,0,1,0,0,3,1,3,0,No Line,0.0,none,-1,3,9,1,post,Final,Final,,,,,,,,,,,,,0,,,,,,none,815236
815535,2026-04-23,10:05,2026,Worcester Red Sox,Syracuse Mets,Alec Gamboa,Jack Wenninger,687941.0,811307.0,schedule_probable_pitcher,1,10,4,0,0,0,0,2,3,0,1,4,0,6,4,0,No Line,0.0,none,-1,9,10,1,post,Final,Final,,,,,,,,,,,,,0,,,,,,none,815535
816063,2026-04-23,10:05,2026,Norfolk Tides,Memphis Redbirds,Levi Wells,Brycen Mautz,694370.0,802408.0,schedule_probable_pitcher,1,2,5,0,0,0,0,0,1,0,0,1,1,1,2,0,No Line,0.0,none,-1,6,7,1,post,Final,Final,,,,,,,,,,,,,0,,,,,,none,816063
816512,2026-04-23,11:08,2026,Iowa Cubs,Louisville Bats,Jordan Wicks,Chase Petty,696136.0,695534.0,schedule_probable_pitcher,1,0,1,0,0,0,0,0,0,0,0,0,0,0,0,0,No Line,0.0,none,-1,3,10,1,post,Final,Final,,,,,,,,,,,,,0,,,,,,none,816512
814862,2026-04-23,16:05,2026,Sugar Land Space Cowboys,Round Rock Express,Nate Pearson,,663878.0,,schedule_probable_pitcher,1,3,5,2,1,0,0,0,0,0,0,1,1,3,2,0,No Line,0.0,none,-1,5,9,1,post,Final,Final,,,,,,,,,,,,,0,,,,,,none,814862
816965,2026-04-23,16:05,2026,Buffalo Bisons,Columbus Clippers,Grant Rogers,Rorik Maltrud,814804.0,702045.0,schedule_probable_pitcher,1,6,5,0,0,0,0,1,0,1,0,0,0,2,0,0,No Line,0.0,none,-1,10,7,1,post,Final,Final,,,,,,,,,,,,,0,,,,,,none,816965
814867,2026-04-23,16:10,2026,Sugar Land Space Cowboys,Round Rock Express,Miguel Ullola,,699044.0,,schedule_probable_pitcher,1,5,12,0,0,0,0,0,7,4,0,0,0,4,7,0,No Line,0.0,none,-1,6,8,1,post,Final,Final,,,,,,,,,,,,,0,,,,,,none,814867
815621,2026-04-23,16:35,2026,Toledo Mud Hens,Omaha Storm Chasers,Dylan File,Ryan Ramsey,668766.0,687547.0,schedule_probable_pitcher,1,6,1,0,0,0,0,4,0,2,0,0,0,6,0,0,No Line,0.0,none,-1,11,7,1,post,Final,Final,,,,,,,,,,,,,0,,,,,,none,815621
815843,2026-04-23,16:35,2026,Scranton/Wilkes-Barre RailRiders,Rochester Red Wings,Carlos Lagrange,Luis Perales,801739.0,691384.0,schedule_probable_pitcher,1,6,5,0,0,2,1,0,0,0,1,2,0,4,2,0,No Line,0.0,none,-1,8,10,1,post,Final,Final,,,,,,,,,,,,,0,,,,,,none,815843
816362,2026-04-23,16:35,2026,Lehigh Valley IronPigs,Durham Bulls,Alan Rangel,Chase Solesky,660604.0,686678.0,schedule_probable_pitcher,1,5,3,3,0,0,1,0,0,0,1,2,0,5,2,0,No Line,0.0,none,-1,11,7,1,post,Final,Final,,,,,,,,,,,,,0,,,,,,none,816362
816890,2026-04-23,17:04,2026,Charlotte Knights,Nashville Sounds,Tanner McDougal,Tate Kuehner,701780.0,804249.0,schedule_probable_pitcher,1,3,2,1,0,0,1,0,0,0,0,0,0,1,1,0,No Line,0.0,none,-1,6,6,1,post,Final,Final,,,,,,,,,,,,,0,,,,,,none,816890
816667,2026-04-23,17:05,2026,Gwinnett Stripers,Jacksonville Jumbo Shrimp,Elieser Hernández,Thomas White,622694.0,806258.0,schedule_probable_pitcher,1,6,5,0,0,0,0,0,0,0,2,0,0,0,2,0,No Line,0.0,none,-1,6,11,1,post,Final,Final,,,,,,,,,,,,,0,,,,,,none,816667
815394,2026-04-23,18:35,2026,El Paso Chihuahuas,Reno Aces,JP Sears,Yu-Min Lin,676664.0,801179.0,schedule_probable_pitcher,1,8,5,5,0,1,0,0,0,0,4,0,0,6,4,0,No Line,0.0,none,-1,10,9,1,post,Final,Final,,,,,,,,,,,,,0,,,,,,none,815394
815020,2026-04-23,19:45,2026,Sacramento River Cats,Albuquerque Isotopes,Carson Seymour,,693313.0,,schedule_probable_pitcher,1,12,10,0,0,1,6,8,0,0,0,0,3,9,9,0,No Line,0.0,none,-1,15,10,1,post,Final,Final,,,,,,,,,,,,,0,,,,,,none,815020
815315,2026-04-23,20:05,2026,Las Vegas Aviators,Salt Lake Bees,Joey Estes,,683155.0,,schedule_probable_pitcher,1,3,5,1,0,0,0,0,1,0,0,0,0,1,1,0,No Line,0.0,none,-1,8,8,1,post,Final,Final,,,,,,,,,,,,,0,,,,,,none,815315
815537,2026-04-24,16:05,2026,Worcester Red Sox,Syracuse Mets,,Daniel Duarte,,650960.0,schedule_probable_pitcher,1,0,3,0,0,0,0,0,3,0,0,0,0,0,3,0,No Line,0.0,none,-1,2,7,1,post,Final,Final,,,,,,,,,,,,,0,,,,,,none,815537
816962,2026-04-24,16:05,2026,Buffalo Bisons,Columbus Clippers,Chad Dallas,Trenton Denholm,689149.0,671143.0,schedule_probable_pitcher,1,6,12,0,1,0,5,0,0,3,2,0,0,3,8,0,No Line,0.0,none,-1,11,13,1,post,Final,Final,,,,,,,,,,,,,0,,,,,,none,816962
815842,2026-04-24,16:35,2026,Scranton/Wilkes-Barre RailRiders,Rochester Red Wings,Adam Kloffenstein,Andry Lara,680572.0,691251.0,schedule_probable_pitcher,1,4,3,0,0,0,0,0,1,0,0,0,1,0,2,0,No Line,0.0,none,-1,4,11,1,post,Final,Final,,,,,,,,,,,,,0,,,,,,none,815842
816061,2026-04-24,16:35,2026,Norfolk Tides,Memphis Redbirds,Cameron Weston,Pete Hansen,687721.0,677337.0,schedule_probable_pitcher,1,1,0,0,0,0,0,0,0,0,0,0,0,0,0,0,No Line,0.0,none,-1,7,7,1,post,Final,Final,,,,,,,,,,,,,0,,,,,,none,816061
816367,2026-04-24,16:35,2026,Lehigh Valley IronPigs,Durham Bulls,Ryan Cusick,Jonathan Heasley,680743.0,669169.0,schedule_probable_pitcher,1,5,12,3,0,0,0,0,7,0,0,1,0,4,7,0,No Line,0.0,none,-1,7,9,1,post,Final,Final,,,,,,,,,,,,,0,,,,,,none,816367
816585,2026-04-24,16:35,2026,Indianapolis Indians,St. Paul Saints,Joe La Sorsa,John Brebbia,686747.0,605154.0,schedule_probable_pitcher,1,4,3,1,0,0,0,0,0,0,0,0,1,1,1,0,No Line,0.0,none,-1,6,6,1,post,Final,Final,,,,,,,,,,,,,0,,,,,,none,816585
816893,2026-04-24,17:04,2026,Charlotte Knights,Nashville Sounds,Shane Smith,Coleman Crow,681343.0,689441.0,schedule_probable_pitcher,1,11,9,1,0,1,1,2,4,4,0,0,0,8,5,0,No Line,0.0,none,-1,7,10,1,post,Final,Final,,,,,,,,,,,,,0,,,,,,none,816893
815622,2026-04-24,17:05,2026,Toledo Mud Hens,Omaha Storm Chasers,Lael Lockhart,Stephen Kolek,679712.0,663568.0,schedule_probable_pitcher,1,4,3,0,0,0,0,0,1,2,2,2,0,4,3,0,No Line,0.0,none,-1,6,6,1,post,Completed Early,Completed Early,,,,,,,,,,,,,0,,,,,,none,815622
816666,2026-04-24,17:05,2026,Gwinnett Stripers,Jacksonville Jumbo Shrimp,Lucas Braun,Robby Snelling,814351.0,702281.0,schedule_probable_pitcher,1,3,6,0,0,1,4,1,0,0,0,0,0,2,4,0,No Line,0.0,none,-1,6,7,1,post,Final,Final,,,,,,,,,,,,,0,,,,,,none,816666
814863,2026-04-24,18:05,2026,Sugar Land Space Cowboys,Round Rock Express,Ethan Pecko,Austin Gomber,814490.0,596295.0,schedule_probable_pitcher,1,5,2,0,0,1,0,1,0,0,1,1,0,3,1,0,No Line,0.0,none,-1,5,4,1,post,Final,Final,,,,,,,,,,,,,0,,,,,,none,814863
815234,2026-04-24,18:05,2026,Oklahoma City Comets,Tacoma Rainiers,Jackson Ferris,Gabe Mosser,701328.0,682077.0,schedule_probable_pitcher,1,5,10,0,0,2,3,0,0,0,1,2,3,4,7,0,No Line,0.0,none,-1,7,18,1,post,Final,Final,,,,,,,,,,,,,0,,,,,,none,815234
816517,2026-04-24,18:08,2026,Iowa Cubs,Louisville Bats,Trent Thornton,Brandon Leibrandt,663423.0,605335.0,schedule_probable_pitcher,1,4,5,0,0,1,0,0,0,0,0,0,0,1,0,0,No Line,0.0,none,-1,9,16,1,post,Final,Final,,,,,,,,,,,,,0,,,,,,none,816517
815390,2026-04-24,18:35,2026,El Paso Chihuahuas,Reno Aces,Evan Fitterer,Thomas Hatch,683157.0,641672.0,schedule_probable_pitcher,1,6,7,1,0,1,0,0,0,1,0,1,0,4,0,0,No Line,0.0,none,-1,12,7,1,post,Final,Final,,,,,,,,,,,,,0,,,,,,none,815390
815016,2026-04-24,19:45,2026,Sacramento River Cats,Albuquerque Isotopes,Trevor McDonald,Patrick Weigel,686790.0,622256.0,schedule_probable_pitcher,1,4,3,0,0,2,0,0,0,1,0,1,0,4,0,0,No Line,0.0,none,-1,6,6,1,post,Final,Final,,,,,,,,,,,,,0,,,,,,none,815016
815314,2026-04-24,20:05,2026,Las Vegas Aviators,Salt Lake Bees,Luis Morales,,806960.0,,schedule_probable_pitcher,1,19,9,0,2,9,0,0,0,0,0,2,1,11,3,0,No Line,0.0,none,-1,22,12,1,post,Final,Final,,,,,,,,,,,,,0,,,,,,none,815314
815541,2026-04-25,14:05,2026,Worcester Red Sox,Syracuse Mets,,Bryce Conley,,676785.0,schedule_probable_pitcher,1,9,2,0,0,0,0,0,0,1,0,0,0,1,0,0,No Line,0.0,none,-1,12,4,1,post,Final,Final,,,,,,,,,,,,,0,,,,,,none,815541
816586,2026-04-25,14:05,2026,Indianapolis Indians,St. Paul Saints,Noah Davis,Mike Paredes,663562.0,702474.0,schedule_probable_pitcher,1,0,4,0,0,0,0,0,3,0,0,0,0,0,3,0,No Line,0.0,none,-1,7,8,1,post,Final,Final,,,,,,,,,,,,,0,,,,,,none,816586
816888,2026-04-25,14:05,2026,Charlotte Knights,Nashville Sounds,Doug Nikhazy,Robert Gasser,680951.0,688107.0,schedule_probable_pitcher,1,5,12,0,4,1,1,2,4,2,1,0,2,5,12,0,No Line,0.0,none,-1,8,15,1,post,Final,Final,,,,,,,,,,,,,0,,,,,,none,816888
816513,2026-04-25,14:08,2026,Iowa Cubs,Louisville Bats,Connor Noland,Davis Daniel,690939.0,669721.0,schedule_probable_pitcher,1,5,0,2,0,2,0,0,0,0,0,1,0,5,0,0,No Line,0.0,none,-1,10,5,1,post,Final,Final,,,,,,,,,,,,,0,,,,,,none,816513
816145,2026-04-25,14:10,2026,Nashville Sounds,Charlotte Knights,,,,,schedule,0,6,16,1,2,0,7,3,0,0,3,1,0,5,12,0,No Line,0.0,none,-1,10,16,1,post,Final,Final,,,,,,,,,,,,,0,,,,,,none,816145
815620,2026-04-25,15:05,2026,Toledo Mud Hens,Omaha Storm Chasers,Sawyer Gipson-Long,Mitch Spence,687830.0,687765.0,schedule_probable_pitcher,1,2,0,0,0,0,0,2,0,0,0,0,0,2,0,0,No Line,0.0,none,-1,5,5,1,post,Final,Final,,,,,,,,,,,,,0,,,,,,none,815620
814864,2026-04-25,15:35,2026,Sugar Land Space Cowboys,Round Rock Express,Jason Alexander,Trey Supak,669920.0,657022.0,schedule_probable_pitcher,1,3,5,0,3,0,0,1,2,2,0,0,0,3,5,0,No Line,0.0,none,-1,5,9,1,post,Final,Final,,,,,,,,,,,,,0,,,,,,none,814864
814866,2026-04-25,15:40,2026,Sugar Land Space Cowboys,Round Rock Express,Josh Hendrickson,Mason Thompson,681973.0,666168.0,schedule_probable_pitcher,1,3,5,0,0,0,0,0,0,0,0,0,2,0,2,0,No Line,0.0,none,-1,6,9,1,post,Final,Final,,,,,,,,,,,,,0,,,,,,none,814866
816665,2026-04-25,16:05,2026,Gwinnett Stripers,Jacksonville Jumbo Shrimp,Victor Mederos,Bradley Blalock,682989.0,687134.0,schedule_probable_pitcher,1,4,1,0,0,0,0,3,0,0,1,0,0,3,1,0,No Line,0.0,none,-1,10,3,1,post,Final,Final,,,,,,,,,,,,,0,,,,,,none,816665
816065,2026-04-25,16:35,2026,Norfolk Tides,Memphis Redbirds,Cade Povich,Hunter Dobbins,700249.0,690928.0,schedule_probable_pitcher,1,7,8,3,1,0,1,0,1,0,0,0,0,3,3,0,No Line,0.0,none,-1,10,10,1,post,Final,Final,,,,,,,,,,,,,0,,,,,,none,816065
815237,2026-04-25,17:05,2026,Oklahoma City Comets,Tacoma Rainiers,Cole Irvin,Jhonathan Díaz,608344.0,646242.0,schedule_probable_pitcher,1,2,3,0,0,0,1,0,0,0,1,0,0,0,2,0,No Line,0.0,none,-1,7,8,1,post,Final,Final,,,,,,,,,,,,,0,,,,,,none,815237
815014,2026-04-25,17:30,2026,Sacramento River Cats,Albuquerque Isotopes,Seth Lonsway,Valente Bellozo,675920.0,678368.0,schedule_probable_pitcher,1,3,5,0,1,0,0,0,0,0,0,0,0,0,1,0,No Line,0.0,none,-1,4,7,1,post,Final,Final,,,,,,,,,,,,,0,,,,,,none,815014
815015,2026-04-25,17:35,2026,Sacramento River Cats,Albuquerque Isotopes,John Michael Bertrand,,802609.0,,schedule_probable_pitcher,1,9,2,6,0,3,1,0,0,0,0,0,0,9,1,0,No Line,0.0,none,-1,12,10,1,post,Final,Final,,,,,,,,,,,,,0,,,,,,none,815015
815395,2026-04-25,18:35,2026,El Paso Chihuahuas,Reno Aces,,Mitch Bratt,,683352.0,schedule_probable_pitcher,1,2,8,1,0,0,0,0,0,0,0,0,2,1,2,0,No Line,0.0,none,-1,7,10,1,post,Final,Final,,,,,,,,,,,,,0,,,,,,none,815395
815309,2026-04-25,20:05,2026,Las Vegas Aviators,Salt Lake Bees,Mason Barnett,,686930.0,,schedule_probable_pitcher,1,4,0,0,0,0,0,0,0,0,0,0,0,0,0,0,No Line,0.0,none,-1,6,2,1,post,Final,Final,,,,,,,,,,,,,0,,,,,,none,815309
816963,2026-04-26,10:05,2026,Buffalo Bisons,Columbus Clippers,Josh Fleming,Logan Allen,676596.0,671106.0,schedule_probable_pitcher,1,6,3,0,1,5,0,0,1,0,0,1,0,6,2,0,No Line,0.0,none,-1,7,6,1,post,Final,Final,,,,,,,,,,,,,0,,,,,,none,816963
816964,2026-04-26,10:10,2026,Buffalo Bisons,Columbus Clippers,CJ Van Eyk,,669310.0,,schedule_probable_pitcher,1,4,6,0,0,1,0,0,3,0,0,1,0,2,3,0,No Line,0.0,none,-1,7,8,1,post,Final,Final,,,,,,,,,,,,,0,,,,,,none,816964
815536,2026-04-26,11:05,2026,Worcester Red Sox,Syracuse Mets,,Jonah Tong,,804636.0,schedule_probable_pitcher,1,6,2,0,0,0,0,3,0,0,0,0,2,3,2,0,No Line,0.0,none,-1,10,7,1,post,Final,Final,,,,,,,,,,,,,0,,,,,,none,815536
815834,2026-04-26,11:05,2026,Scranton/Wilkes-Barre RailRiders,Rochester Red Wings,Dom Hamel,Andrew Alvarez,687589.0,674841.0,schedule_probable_pitcher,1,6,1,0,0,2,1,1,0,0,0,3,0,6,1,0,No Line,0.0,none,-1,10,6,1,post,Final,Final,,,,,,,,,,,,,0,,,,,,none,815834
816062,2026-04-26,11:05,2026,Norfolk Tides,Memphis Redbirds,Trey Gibson,Quinn Mathews,694346.0,687273.0,schedule_probable_pitcher,1,4,14,0,0,0,1,1,9,0,1,0,0,1,11,0,No Line,0.0,none,-1,7,14,1,post,Final,Final,,,,,,,,,,,,,0,,,,,,none,816062
816664,2026-04-26,11:05,2026,Gwinnett Stripers,Jacksonville Jumbo Shrimp,Spencer Strider,Ryan Gusto,675911.0,687473.0,schedule_probable_pitcher,1,5,10,0,0,0,0,1,0,0,0,0,1,1,1,0,No Line,0.0,none,-1,9,14,1,post,Final,Final,,,,,,,,,,,,,0,,,,,,none,816664
816887,2026-04-26,11:05,2026,Charlotte Knights,Nashville Sounds,Duncan Davitt,Logan Henderson,701474.0,701656.0,schedule_probable_pitcher,1,1,5,0,0,0,3,0,0,0,0,0,0,0,3,0,No Line,0.0,none,-1,5,10,1,post,Final,Final,,,,,,,,,,,,,0,,,,,,none,816887
815835,2026-04-26,11:10,2026,Scranton/Wilkes-Barre RailRiders,Rochester Red Wings,Brendan Beck,Shinnosuke Ogasawara,694341.0,829272.0,schedule_probable_pitcher,1,4,9,0,1,0,1,0,4,0,1,2,0,2,7,0,No Line,0.0,none,-1,6,10,1,post,Final,Final,,,,,,,,,,,,,0,,,,,,none,815835
816364,2026-04-26,11:15,2026,Lehigh Valley IronPigs,Durham Bulls,Jean Cabrera,Marcus Johnson,691893.0,687189.0,schedule_probable_pitcher,1,6,0,4,0,0,0,0,0,2,0,0,0,6,0,0,No Line,0.0,none,-1,7,4,1,post,Final,Final,,,,,,,,,,,,,0,,,,,,none,816364
816368,2026-04-26,11:20,2026,Lehigh Valley IronPigs,Durham Bulls,,,,,schedule,0,4,2,0,0,0,2,3,0,0,0,0,0,3,2,0,No Line,0.0,none,-1,7,3,1,post,Final,Final,,,,,,,,,,,,,0,,,,,,none,816368
816587,2026-04-26,11:35,2026,Indianapolis Indians,St. Paul Saints,José Urquidy,Zebby Matthews,664353.0,805673.0,schedule_probable_pitcher,1,1,3,0,2,0,0,0,0,0,0,0,0,0,2,0,No Line,0.0,none,-1,5,6,1,post,Final,Final,,,,,,,,,,,,,0,,,,,,none,816587
815396,2026-04-26,12:05,2026,El Paso Chihuahuas,Reno Aces,Jackson Wolf,Kohl Drake,680232.0,684442.0,schedule_probable_pitcher,1,9,5,2,1,3,2,3,1,0,0,0,0,8,4,0,No Line,0.0,none,-1,11,7,1,post,Final,Final,,,,,,,,,,,,,0,,,,,,none,815396
815613,2026-04-26,12:05,2026,Toledo Mud Hens,Omaha Storm Chasers,Bryan Sammons,Luinder Avila,676614.0,679883.0,schedule_probable_pitcher,1,2,1,0,0,0,1,0,0,0,0,1,0,1,1,0,No Line,0.0,none,-1,3,5,1,post,Final,Final,,,,,,,,,,,,,0,,,,,,none,815613
816514,2026-04-26,12:08,2026,Iowa Cubs,Louisville Bats,Paul Campbell,Sam Benschoter,669294.0,680397.0,schedule_probable_pitcher,1,6,12,0,5,1,0,0,2,0,4,1,1,2,12,0,No Line,0.0,none,-1,14,17,1,post,Final,Final,,,,,,,,,,,,,0,,,,,,none,816514
814865,2026-04-26,13:05,2026,Sugar Land Space Cowboys,Round Rock Express,Cody Bolton,,675989.0,,schedule_probable_pitcher,1,4,3,0,0,0,1,0,0,1,1,0,0,1,2,0,No Line,0.0,none,-1,8,10,1,post,Final,Final,,,,,,,,,,,,,0,,,,,,none,814865
815307,2026-04-26,13:05,2026,Las Vegas Aviators,Salt Lake Bees,Gage Jump,,695611.0,,schedule_probable_pitcher,1,10,4,2,0,4,1,0,1,0,2,3,0,9,4,0,No Line,0.0,none,-1,14,6,1,post,Final,Final,,,,,,,,,,,,,0,,,,,,none,815307
815008,2026-04-26,14:05,2026,Sacramento River Cats,Albuquerque Isotopes,Sam Hentges,Sean Sullivan,656529.0,807743.0,schedule_probable_pitcher,1,6,8,0,0,0,1,2,3,1,0,0,0,3,4,0,No Line,0.0,none,-1,13,10,1,post,Final,Final,,,,,,,,,,,,,0,,,,,,none,815008
815238,2026-04-26,15:05,2026,Oklahoma City Comets,Tacoma Rainiers,Garrett McDaniels,Casey Lawrence,680729.0,596271.0,schedule_probable_pitcher,1,6,8,0,3,2,0,0,0,2,0,1,1,5,4,0,No Line,0.0,none,-1,5,12,1,post,Final,Final,,,,,,,,,,,,,0,,,,,,none,815238
816735,2026-04-28,09:05,2026,Durham Bulls,Jacksonville Jumbo Shrimp,Aaron Brooks,Braxton Garrett,605156.0,666129.0,schedule_probable_pitcher,1,9,7,2,0,0,1,1,0,0,4,2,0,5,5,0,No Line,0.0,none,-1,11,9,1,post,Final,Final,,,,,,,,,,,,,0,,,,,,none,816735
815765,2026-04-28,10:07,2026,St. Paul Saints,Iowa Cubs,John Klein,Jordan Wicks,804619.0,696136.0,schedule_probable_pitcher,1,9,5,5,0,1,0,0,3,1,0,1,0,8,3,0,No Line,0.0,none,-1,11,5,1,post,Final,Final,,,,,,,,,,,,,0,,,,,,none,815765
815991,2026-04-28,11:05,2026,Omaha Storm Chasers,Louisville Bats,Aaron Sanchez,Darren McCaughan,592717.0,670766.0,schedule_probable_pitcher,1,1,5,1,0,0,0,0,2,0,0,0,0,1,2,0,No Line,0.0,none,-1,4,9,1,post,Final,Final,,,,,,,,,,,,,0,,,,,,none,815991
815164,2026-04-28,12:05,2026,Reno Aces,Sugar Land Space Cowboys,Joe Ross,Miguel Ullola,605452.0,699044.0,schedule_probable_pitcher,1,4,7,0,0,0,0,1,0,0,2,0,1,1,3,0,No Line,0.0,none,-1,6,11,1,post,Final,Final,,,,,,,,,,,,,0,,,,,,none,815164
815918,2026-04-28,16:05,2026,Rochester Red Wings,Worcester Red Sox,Chandler Champlain,,669441.0,,schedule_probable_pitcher,1,10,1,0,1,2,0,0,0,4,0,3,0,9,1,0,No Line,0.0,none,-1,13,5,1,post,Final,Final,,,,,,,,,,,,,0,,,,,,none,815918
816883,2026-04-28,16:05,2026,Charlotte Knights,Gwinnett Stripers,Hagen Smith,Javy Guerra,696146.0,642770.0,schedule_probable_pitcher,1,7,10,0,0,0,0,0,2,0,0,1,1,1,3,0,No Line,0.0,none,-1,15,12,1,post,Final,Final,,,,,,,,,,,,,0,,,,,,none,816883
816808,2026-04-28,16:15,2026,Columbus Clippers,Toledo Mud Hens,Austin Peterson,Ty Madden,804926.0,680744.0,schedule_probable_pitcher,1,8,6,0,0,2,0,1,0,0,0,0,0,3,0,0,No Line,0.0,none,-1,15,10,1,post,Final,Final,,,,,,,,,,,,,0,,,,,,none,816808
815688,2026-04-28,16:35,2026,Syracuse Mets,Lehigh Valley IronPigs,Brandon Waddell,Alan Rangel,663399.0,660604.0,schedule_probable_pitcher,1,10,4,3,0,0,2,0,1,1,1,1,0,5,4,0,No Line,0.0,none,-1,11,9,1,post,Final,Final,,,,,,,,,,,,,0,,,,,,none,815688
815836,2026-04-28,16:35,2026,Scranton/Wilkes-Barre RailRiders,Buffalo Bisons,Yerry De los Santos,,660787.0,,schedule_probable_pitcher,1,9,6,1,5,2,0,2,0,0,0,3,0,8,5,0,No Line,0.0,none,-1,10,7,1,post,Final,Final,,,,,,,,,,,,,0,,,,,,none,815836
815092,2026-04-28,17:45,2026,Round Rock Express,Oklahoma City Comets,Ben Anderson,Christian Romero,670391.0,699071.0,schedule_probable_pitcher,1,3,7,0,5,3,1,0,0,0,0,0,1,3,7,0,No Line,0.0,none,-1,6,10,1,post,Final,Final,,,,,,,,,,,,,0,,,,,,none,815092
814943,2026-04-28,18:35,2026,Salt Lake Bees,Sacramento River Cats,,Carson Whisenhunt,,687931.0,schedule_probable_pitcher,1,2,5,0,0,1,0,0,0,0,0,0,2,1,2,0,No Line,0.0,none,-1,7,9,1,post,Final,Final,,,,,,,,,,,,,0,,,,,,none,814943
815468,2026-04-28,18:35,2026,Albuquerque Isotopes,El Paso Chihuahuas,,,,,schedule,0,2,16,1,0,0,2,0,0,0,6,0,1,1,9,0,No Line,0.0,none,-1,6,13,1,post,Final,Final,,,,,,,,,,,,,0,,,,,,none,815468
814790,2026-04-28,19:05,2026,Tacoma Rainiers,Las Vegas Aviators,Randy Dobnak,Kade Morris,677976.0,695034.0,schedule_probable_pitcher,1,1,2,0,0,0,0,1,0,0,0,0,0,1,0,0,No Line,0.0,none,-1,6,10,1,post,Final,Final,,,,,,,,,,,,,0,,,,,,none,814790
816886,2026-04-29,09:05,2026,Charlotte Knights,Gwinnett Stripers,Tanner McDougal,Elieser Hernández,701780.0,622694.0,schedule_probable_pitcher,1,10,9,0,0,1,1,2,3,0,0,3,0,6,4,0,No Line,0.0,none,-1,13,10,1,post,Final,Final,,,,,,,,,,,,,0,,,,,,none,816886
816214,2026-04-29,11:05,2026,Memphis Redbirds,Indianapolis Indians,,Antwone Kelly,,699008.0,schedule_probable_pitcher,1,3,0,0,0,0,0,2,0,0,0,1,0,3,0,0,No Line,0.0,none,-1,4,5,1,post,Final,Final,,,,,,,,,,,,,0,,,,,,none,816214
816211,2026-04-29,11:10,2026,Memphis Redbirds,Indianapolis Indians,,Joe La Sorsa,,686747.0,schedule_probable_pitcher,1,0,9,0,0,0,0,0,0,0,0,0,5,0,5,0,No Line,0.0,none,-1,2,12,1,post,Final,Final,,,,,,,,,,,,,0,,,,,,none,816211
816809,2026-04-29,16:15,2026,Columbus Clippers,Toledo Mud Hens,Ryan Webb,Dylan File,669067.0,668766.0,schedule_probable_pitcher,1,1,3,0,0,0,0,0,2,0,0,0,0,0,2,0,No Line,0.0,none,-1,4,6,1,post,Final,Final,,,,,,,,,,,,,0,,,,,,none,816809
816737,2026-04-29,16:45,2026,Durham Bulls,Jacksonville Jumbo Shrimp,Chase Solesky,Dax Fulton,686678.0,690978.0,schedule_probable_pitcher,1,4,11,1,4,2,0,0,0,0,3,0,0,3,7,0,No Line,0.0,none,-1,6,12,1,post,Final,Final,,,,,,,,,,,,,0,,,,,,none,816737
815992,2026-04-29,17:35,2026,Omaha Storm Chasers,Louisville Bats,Stephen Kolek,Chase Petty,663568.0,695534.0,schedule_probable_pitcher,1,1,5,0,0,0,0,0,3,0,0,0,0,0,3,0,No Line,0.0,none,-1,6,11,1,post,Final,Final,,,,,,,,,,,,,0,,,,,,none,815992
816138,2026-04-29,17:35,2026,Nashville Sounds,Norfolk Tides,Thomas Pannone,Nestor German,623381.0,815148.0,schedule_probable_pitcher,1,7,4,0,1,0,0,1,0,0,0,0,0,1,1,0,No Line,0.0,none,-1,9,9,1,post,Final,Final,,,,,,,,,,,,,0,,,,,,none,816138
815767,2026-04-29,17:37,2026,St. Paul Saints,Iowa Cubs,Ryan Gallagher,Ty Blach,801594.0,621389.0,schedule_probable_pitcher,1,4,11,0,0,3,1,0,2,0,1,0,2,3,6,0,No Line,0.0,none,-1,7,14,1,post,Final,Final,,,,,,,,,,,,,0,,,,,,none,815767
815086,2026-04-29,17:45,2026,Round Rock Express,Oklahoma City Comets,Josh Stephan,Logan Allen,695776.0,663531.0,schedule_probable_pitcher,1,6,3,3,0,0,0,0,0,0,0,2,3,5,3,0,No Line,0.0,none,-1,8,9,1,post,Final,Final,,,,,,,,,,,,,0,,,,,,none,815086
815466,2026-04-29,18:05,2026,Albuquerque Isotopes,El Paso Chihuahuas,Gabriel Hughes,JP Sears,687312.0,676664.0,schedule_probable_pitcher,1,6,7,0,3,0,1,0,0,0,1,3,0,3,5,0,No Line,0.0,none,-1,10,14,1,post,Final,Final,,,,,,,,,,,,,0,,,,,,none,815466
814937,2026-04-29,18:35,2026,Salt Lake Bees,Sacramento River Cats,,Carson Seymour,,693313.0,schedule_probable_pitcher,1,7,17,0,3,2,3,0,0,0,4,0,4,2,14,0,No Line,0.0,none,-1,12,15,1,post,Final,Final,,,,,,,,,,,,,0,,,,,,none,814937
814785,2026-04-29,19:05,2026,Tacoma Rainiers,Las Vegas Aviators,Gabe Mosser,Joey Estes,682077.0,683155.0,schedule_probable_pitcher,1,1,2,0,0,0,1,0,0,0,0,0,0,0,1,0,No Line,0.0,none,-1,2,5,1,post,Final,Final,,,,,,,,,,,,,0,,,,,,none,814785
815159,2026-04-29,19:05,2026,Reno Aces,Sugar Land Space Cowboys,Yu-Min Lin,Colton Gordon,801179.0,676467.0,schedule_probable_pitcher,1,5,2,0,0,0,1,0,0,0,0,0,1,0,2,0,No Line,0.0,none,-1,8,5,1,post,Final,Final,,,,,,,,,,,,,0,,,,,,none,815159
815913,2026-04-30,09:05,2026,Rochester Red Wings,Worcester Red Sox,Zach Penrod,,683068.0,,schedule_probable_pitcher,1,3,4,1,2,0,1,0,1,0,0,1,0,2,4,0,No Line,0.0,none,-1,5,4,1,post,Final,Final,,,,,,,,,,,,,0,,,,,,none,815913
815911,2026-04-30,09:10,2026,Rochester Red Wings,Worcester Red Sox,Riley Cornelio,,683000.0,,schedule_probable_pitcher,1,3,7,0,1,0,0,1,3,0,1,0,2,1,7,0,No Line,0.0,none,-1,6,10,1,post,Final,Final,,,,,,,,,,,,,0,,,,,,none,815911
815465,2026-04-30,11:05,2026,Albuquerque Isotopes,El Paso Chihuahuas,Valente Bellozo,Evan Fitterer,678368.0,683157.0,schedule_probable_pitcher,1,2,12,0,2,0,0,0,0,1,0,0,2,1,4,0,No Line,0.0,none,-1,7,13,1,post,Final,Final,,,,,,,,,,,,,0,,,,,,none,815465
815684,2026-04-30,14:05,2026,Syracuse Mets,Lehigh Valley IronPigs,Jack Wenninger,Bryse Wilson,811307.0,669060.0,schedule_probable_pitcher,1,7,0,1,0,0,0,4,0,0,0,2,0,7,0,0,No Line,0.0,none,-1,10,4,1,post,Final,Final,,,,,,,,,,,,,0,,,,,,none,815684
815689,2026-04-30,14:10,2026,Syracuse Mets,Lehigh Valley IronPigs,,Chuck King,,666155.0,schedule_probable_pitcher,1,4,3,0,0,0,0,0,0,1,0,1,0,2,0,0,No Line,0.0,none,-1,9,5,1,post,Final,Final,,,,,,,,,,,,,0,,,,,,none,815689
815839,2026-04-30,16:35,2026,Scranton/Wilkes-Barre RailRiders,Buffalo Bisons,Carlos Lagrange,Austin Voth,801739.0,608723.0,schedule_probable_pitcher,1,5,4,1,0,0,0,0,1,1,1,0,0,2,2,0,No Line,0.0,none,-1,13,5,1,post,Final,Final,,,,,,,,,,,,,0,,,,,,none,815839
816136,2026-04-30,16:35,2026,Nashville Sounds,Norfolk Tides,Robert Gasser,Levi Wells,688107.0,694370.0,schedule_probable_pitcher,1,2,5,0,0,2,1,0,0,0,1,0,1,2,3,0,No Line,0.0,none,-1,5,10,1,post,Final,Final,,,,,,,,,,,,,0,,,,,,none,816136
816811,2026-04-30,16:35,2026,Columbus Clippers,Toledo Mud Hens,Trenton Denholm,Sean Guenther,671143.0,674944.0,schedule_probable_pitcher,1,3,8,0,0,0,2,3,2,0,0,0,3,3,7,0,No Line,0.0,none,-1,3,13,1,post,Final,Final,,,,,,,,,,,,,0,,,,,,none,816811
816141,2026-04-30,16:40,2026,Nashville Sounds,Norfolk Tides,Coleman Crow,Andrew Magno,689441.0,687841.0,schedule_probable_pitcher,1,3,1,0,0,0,0,3,0,0,0,0,0,3,0,0,No Line,0.0,none,-1,7,3,1,post,Final,Final,,,,,,,,,,,,,0,,,,,,none,816141
816734,2026-04-30,16:45,2026,Durham Bulls,Jacksonville Jumbo Shrimp,,Thomas White,,806258.0,schedule_probable_pitcher,1,10,3,0,1,0,0,1,0,0,0,3,1,4,2,0,No Line,0.0,none,-1,12,8,1,post,Final,Final,,,,,,,,,,,,,0,,,,,,none,816734
816885,2026-04-30,17:04,2026,Charlotte Knights,Gwinnett Stripers,Shane Smith,Victor Mederos,681343.0,682989.0,schedule_probable_pitcher,1,5,9,0,0,0,0,1,4,2,2,1,0,4,6,0,No Line,0.0,none,-1,11,13,1,post,Final,Final,,,,,,,,,,,,,0,,,,,,none,816885
815982,2026-04-30,17:35,2026,Omaha Storm Chasers,Louisville Bats,Ryan Ramsey,Brandon Leibrandt,687547.0,605335.0,schedule_probable_pitcher,1,8,7,0,0,0,2,0,0,0,0,2,0,2,2,0,No Line,0.0,none,-1,9,9,1,post,Final,Final,,,,,,,,,,,,,0,,,,,,none,815982
815761,2026-04-30,17:37,2026,St. Paul Saints,Iowa Cubs,Matt Bowman,Charlie Barnes,621199.0,656212.0,schedule_probable_pitcher,1,3,1,0,0,0,0,1,0,0,0,2,0,3,0,0,No Line,0.0,none,-1,2,8,1,post,Final,Final,,,,,,,,,,,,,0,,,,,,none,815761
815084,2026-04-30,17:45,2026,Round Rock Express,Oklahoma City Comets,Austin Gomber,Jackson Ferris,596295.0,701328.0,schedule_probable_pitcher,1,2,3,0,0,0,0,0,0,2,0,0,1,2,1,0,No Line,0.0,none,-1,4,9,1,post,Final,Final,,,,,,,,,,,,,0,,,,,,none,815084
816213,2026-04-30,17:45,2026,Memphis Redbirds,Indianapolis Indians,Brycen Mautz,Thomas Harrington,802408.0,802419.0,schedule_probable_pitcher,1,5,2,0,0,3,0,0,1,0,0,1,0,4,1,0,No Line,0.0,none,-1,7,9,1,post,Final,Final,,,,,,,,,,,,,0,,,,,,none,816213
814936,2026-04-30,18:35,2026,Salt Lake Bees,Sacramento River Cats,,Spencer Bivens,,702352.0,schedule_probable_pitcher,1,4,2,3,1,0,0,0,0,1,0,0,0,4,1,0,No Line,0.0,none,-1,5,4,1,post,Final,Final,,,,,,,,,,,,,0,,,,,,none,814936
815161,2026-04-30,19:05,2026,Reno Aces,Sugar Land Space Cowboys,Thomas Hatch,J.P. France,641672.0,641585.0,schedule_probable_pitcher,1,3,2,0,1,1,0,0,0,2,0,0,0,3,1,0,No Line,0.0,none,-1,8,5,1,post,Final,Final,,,,,,,,,,,,,0,,,,,,none,815161
814784,2026-04-30,20:05,2026,Tacoma Rainiers,Las Vegas Aviators,Bryce Miller,Yunior Tur,682243.0,814305.0,schedule_probable_pitcher,1,5,1,0,0,0,0,0,0,1,0,0,0,1,0,0,No Line,0.0,none,-1,9,9,1,post,Final,Final,,,,,,,,,,,,,0,,,,,,none,814784
815841,2026-05-01,15:05,2026,Scranton/Wilkes-Barre RailRiders,Buffalo Bisons,Adam Kloffenstein,Chad Dallas,680572.0,689149.0,schedule_probable_pitcher,1,2,0,0,0,1,0,1,0,0,0,0,0,2,0,0,No Line,0.0,none,-1,7,2,1,post,Final,Final,,,,,,,,,,,,,0,,,,,,none,815841
815840,2026-05-01,15:10,2026,Scranton/Wilkes-Barre RailRiders,Buffalo Bisons,Dom Hamel,Grant Rogers,687589.0,814804.0,schedule_probable_pitcher,1,3,8,2,5,0,0,1,2,0,0,0,1,3,8,0,No Line,0.0,none,-1,8,9,1,post,Final,Final,,,,,,,,,,,,,0,,,,,,none,815840
815916,2026-05-01,16:05,2026,Rochester Red Wings,Worcester Red Sox,Andry Lara,,691251.0,,schedule_probable_pitcher,1,5,10,0,1,3,1,2,0,0,0,0,1,5,3,0,No Line,0.0,none,-1,8,13,1,post,Final,Final,,,,,,,,,,,,,0,,,,,,none,815916
816812,2026-05-01,16:15,2026,Columbus Clippers,Toledo Mud Hens,Pedro Avila,Sawyer Gipson-Long,658648.0,687830.0,schedule_probable_pitcher,1,5,18,1,0,0,0,3,0,0,0,0,3,4,3,0,No Line,0.0,none,-1,10,18,1,post,Completed Early,Completed Early,,,,,,,,,,,,,0,,,,,,none,816812
815687,2026-05-01,16:35,2026,Syracuse Mets,Lehigh Valley IronPigs,Bryce Conley,Ryan Cusick,676785.0,680743.0,schedule_probable_pitcher,1,6,3,0,1,0,0,1,0,5,0,0,2,6,3,0,No Line,0.0,none,-1,6,4,1,post,Completed Early,Completed Early,,,,,,,,,,,,,0,,,,,,none,815687
816736,2026-05-01,16:45,2026,Durham Bulls,Jacksonville Jumbo Shrimp,,Robby Snelling,,702281.0,schedule_probable_pitcher,1,0,12,0,4,0,0,0,1,0,4,0,0,0,9,0,No Line,0.0,none,-1,1,12,1,post,Final,Final,,,,,,,,,,,,,0,,,,,,none,816736
816884,2026-05-01,17:04,2026,Charlotte Knights,Gwinnett Stripers,Tyler Schweitzer,Brett Sears,805326.0,822412.0,schedule_probable_pitcher,1,3,4,0,0,0,0,0,0,0,0,1,0,1,0,0,No Line,0.0,none,-1,6,7,1,post,Final,Final,,,,,,,,,,,,,0,,,,,,none,816884
815983,2026-05-01,17:35,2026,Omaha Storm Chasers,Louisville Bats,Mitch Spence,Davis Daniel,687765.0,669721.0,schedule_probable_pitcher,1,5,9,0,3,0,0,0,1,2,3,0,0,2,7,0,No Line,0.0,none,-1,8,13,1,post,Final,Final,,,,,,,,,,,,,0,,,,,,none,815983
816134,2026-05-01,17:35,2026,Nashville Sounds,Norfolk Tides,Quinn Priester,Christian Herberholz,682990.0,815179.0,schedule_probable_pitcher,1,5,6,2,3,0,2,0,0,0,1,0,0,2,6,0,No Line,0.0,none,-1,10,15,1,post,Final,Final,,,,,,,,,,,,,0,,,,,,none,816134
815762,2026-05-01,17:37,2026,St. Paul Saints,Iowa Cubs,John Brebbia,Connor Noland,605154.0,690939.0,schedule_probable_pitcher,1,5,6,1,1,0,1,3,0,1,0,0,2,5,4,0,No Line,0.0,none,-1,8,11,1,post,Final,Final,,,,,,,,,,,,,0,,,,,,none,815762
815087,2026-05-01,18:05,2026,Round Rock Express,Oklahoma City Comets,Trey Supak,Cole Irvin,657022.0,608344.0,schedule_probable_pitcher,1,1,8,0,0,0,1,1,0,0,1,0,0,1,2,0,No Line,0.0,none,-1,7,9,1,post,Final,Final,,,,,,,,,,,,,0,,,,,,none,815087
816208,2026-05-01,18:05,2026,Memphis Redbirds,Indianapolis Indians,Pete Hansen,Noah Davis,677337.0,663562.0,schedule_probable_pitcher,1,11,7,0,1,0,1,2,1,2,0,0,0,4,3,0,No Line,0.0,none,-1,12,10,1,post,Final,Final,,,,,,,,,,,,,0,,,,,,none,816208
814935,2026-05-01,18:35,2026,Salt Lake Bees,Sacramento River Cats,,Seth Lonsway,,675920.0,schedule_probable_pitcher,1,18,8,4,0,4,4,0,1,5,0,0,0,13,5,0,No Line,0.0,none,-1,22,14,1,post,Final,Final,,,,,,,,,,,,,0,,,,,,none,814935
815457,2026-05-01,18:35,2026,Albuquerque Isotopes,El Paso Chihuahuas,Sean Sullivan,Marco Gonzales,807743.0,594835.0,schedule_probable_pitcher,1,26,8,0,0,4,1,7,0,0,0,7,1,18,2,0,No Line,0.0,none,-1,23,16,1,post,Final,Final,,,,,,,,,,,,,0,,,,,,none,815457
815162,2026-05-01,19:05,2026,Reno Aces,Sugar Land Space Cowboys,Mitch Bratt,Ethan Pecko,683352.0,814490.0,schedule_probable_pitcher,1,4,3,0,0,1,0,0,1,0,0,0,0,1,1,0,No Line,0.0,none,-1,10,7,1,post,Final,Final,,,,,,,,,,,,,0,,,,,,none,815162
814791,2026-05-01,20:05,2026,Tacoma Rainiers,Las Vegas Aviators,Dane Dunning,Mason Barnett,641540.0,686930.0,schedule_probable_pitcher,1,7,11,0,3,0,0,1,0,4,5,0,1,5,9,0,No Line,0.0,none,-1,9,15,1,post,Final,Final,,,,,,,,,,,,,0,,,,,,none,814791
815686,2026-05-02,11:05,2026,Syracuse Mets,Lehigh Valley IronPigs,Jonah Tong,Jean Cabrera,804636.0,691893.0,schedule_probable_pitcher,1,6,9,3,1,1,0,0,0,0,0,2,0,6,1,0,No Line,0.0,none,-1,8,5,1,post,Final,Final,,,,,,,,,,,,,0,,,,,,none,815686
815909,2026-05-02,11:05,2026,Rochester Red Wings,Worcester Red Sox,Andrew Alvarez,,674841.0,,schedule_probable_pitcher,1,7,5,0,0,0,0,4,0,0,2,0,1,4,3,0,No Line,0.0,none,-1,7,7,1,post,Final,Final,,,,,,,,,,,,,0,,,,,,none,815909
816210,2026-05-02,12:05,2026,Memphis Redbirds,Indianapolis Indians,Quinn Mathews,José Urquidy,687273.0,664353.0,schedule_probable_pitcher,1,13,4,3,1,1,0,2,0,3,0,0,0,9,1,0,No Line,0.0,none,-1,16,6,1,post,Final,Final,,,,,,,,,,,,,0,,,,,,none,816210
815838,2026-05-02,13:05,2026,Scranton/Wilkes-Barre RailRiders,Buffalo Bisons,Brendan Beck,CJ Van Eyk,694341.0,669310.0,schedule_probable_pitcher,1,2,4,0,0,0,0,1,1,0,0,1,0,2,1,0,No Line,0.0,none,-1,7,8,1,post,Final,Final,,,,,,,,,,,,,0,,,,,,none,815838
815758,2026-05-02,13:07,2026,St. Paul Saints,Iowa Cubs,Zebby Matthews,Doug Nikhazy,805673.0,680951.0,schedule_probable_pitcher,1,16,2,3,0,2,1,4,0,2,0,1,0,12,1,0,No Line,0.0,none,-1,16,6,1,post,Final,Final,,,,,,,,,,,,,0,,,,,,none,815758
816814,2026-05-02,14:05,2026,Columbus Clippers,Toledo Mud Hens,Logan Allen,Bryan Sammons,671106.0,676614.0,schedule_probable_pitcher,1,5,3,0,0,2,1,0,0,0,2,1,0,3,3,0,No Line,0.0,none,-1,8,7,1,post,Final,Final,,,,,,,,,,,,,0,,,,,,none,816814
816882,2026-05-02,16:05,2026,Charlotte Knights,Gwinnett Stripers,,Owen Murphy,,702566.0,schedule_probable_pitcher,1,21,1,0,0,4,0,0,0,1,0,0,0,5,0,0,No Line,0.0,none,-1,22,6,1,post,Final,Final,,,,,,,,,,,,,0,,,,,,none,816882
816738,2026-05-02,16:45,2026,Durham Bulls,Jacksonville Jumbo Shrimp,Aaron Brooks,Bradley Blalock,605156.0,687134.0,schedule_probable_pitcher,1,3,7,1,0,0,0,0,0,0,4,0,0,1,4,0,No Line,0.0,none,-1,2,13,1,post,Final,Final,,,,,,,,,,,,,0,,,,,,none,816738
815156,2026-05-02,17:05,2026,Reno Aces,Sugar Land Space Cowboys,Kohl Drake,Josh Hendrickson,684442.0,681973.0,schedule_probable_pitcher,1,7,8,0,0,2,1,0,3,0,0,0,0,2,4,0,No Line,0.0,none,-1,10,9,1,post,Final,Final,,,,,,,,,,,,,0,,,,,,none,815156
815985,2026-05-02,17:05,2026,Omaha Storm Chasers,Louisville Bats,Ben Sears,,700786.0,,schedule_probable_pitcher,1,8,4,1,1,0,0,0,1,0,0,4,1,5,3,0,No Line,0.0,none,-1,13,10,1,post,Final,Final,,,,,,,,,,,,,0,,,,,,none,815985
816140,2026-05-02,17:35,2026,Nashville Sounds,Norfolk Tides,,Cameron Weston,,687721.0,schedule_probable_pitcher,1,2,5,1,0,0,2,0,0,0,0,0,1,1,3,0,No Line,0.0,none,-1,6,9,1,post,Final,Final,,,,,,,,,,,,,0,,,,,,none,816140
815082,2026-05-02,18:05,2026,Round Rock Express,Oklahoma City Comets,Mason Thompson,Chayce McDermott,666168.0,694646.0,schedule_probable_pitcher,1,6,7,0,0,0,3,3,1,0,0,1,0,4,4,0,No Line,0.0,none,-1,7,12,1,post,Final,Final,,,,,,,,,,,,,0,,,,,,none,815082
814938,2026-05-02,18:35,2026,Salt Lake Bees,Sacramento River Cats,,John Michael Bertrand,,802609.0,schedule_probable_pitcher,1,4,7,0,0,1,0,1,3,1,1,0,0,3,4,0,No Line,0.0,none,-1,7,15,1,post,Final,Final,,,,,,,,,,,,,0,,,,,,none,814938
815460,2026-05-02,18:35,2026,Albuquerque Isotopes,El Paso Chihuahuas,Parker Mushinski,Sean Boyle,656786.0,682044.0,schedule_probable_pitcher,1,19,7,0,5,0,0,1,0,7,0,7,0,15,5,0,No Line,0.0,none,-1,17,12,1,post,Final,Final,,,,,,,,,,,,,0,,,,,,none,815460
814788,2026-05-02,19:05,2026,Tacoma Rainiers,Las Vegas Aviators,Casey Lawrence,Gage Jump,596271.0,695611.0,schedule_probable_pitcher,1,4,3,1,0,0,0,0,0,0,2,1,0,2,2,0,No Line,0.0,none,-1,8,10,1,post,Final,Final,,,,,,,,,,,,,0,,,,,,none,814788
815690,2026-05-03,11:05,2026,Syracuse Mets,Lehigh Valley IronPigs,Daniel Duarte,Alan Rangel,650960.0,660604.0,schedule_probable_pitcher,1,5,0,0,0,1,0,0,0,0,0,0,0,1,0,0,No Line,0.0,none,-1,9,4,1,post,Final,Final,,,,,,,,,,,,,0,,,,,,none,815690
815910,2026-05-03,11:05,2026,Rochester Red Wings,Worcester Red Sox,Chandler Champlain,,669441.0,,schedule_probable_pitcher,1,6,3,1,0,0,0,0,0,1,1,0,0,2,1,0,No Line,0.0,none,-1,12,7,1,post,Final,Final,,,,,,,,,,,,,0,,,,,,none,815910
816733,2026-05-03,11:05,2026,Durham Bulls,Jacksonville Jumbo Shrimp,,Ryan Gusto,,687473.0,schedule_probable_pitcher,1,2,9,0,2,0,0,0,2,0,0,2,0,2,4,0,No Line,0.0,none,-1,4,11,1,post,Final,Final,,,,,,,,,,,,,0,,,,,,none,816733
816807,2026-05-03,11:05,2026,Columbus Clippers,Toledo Mud Hens,Austin Peterson,Tanner Rainey,804926.0,663432.0,schedule_probable_pitcher,1,6,3,1,0,0,0,0,0,0,1,1,0,2,1,0,No Line,0.0,none,-1,9,4,1,post,Final,Final,,,,,,,,,,,,,0,,,,,,none,816807
816879,2026-05-03,11:05,2026,Charlotte Knights,Gwinnett Stripers,Hagen Smith,Lucas Braun,696146.0,814351.0,schedule_probable_pitcher,1,10,9,0,2,3,0,0,0,0,1,0,0,3,3,0,No Line,0.0,none,-1,15,14,1,post,Final,Final,,,,,,,,,,,,,0,,,,,,none,816879
815837,2026-05-03,11:35,2026,Scranton/Wilkes-Barre RailRiders,Buffalo Bisons,Danny Watson,,702130.0,,schedule_probable_pitcher,1,7,1,1,0,0,1,0,0,6,0,0,0,7,1,0,No Line,0.0,none,-1,6,6,1,post,Final,Final,,,,,,,,,,,,,0,,,,,,none,815837
815085,2026-05-03,12:05,2026,Round Rock Express,Oklahoma City Comets,Ben Anderson,Blake Snell,670391.0,605483.0,schedule_probable_pitcher,1,3,10,2,0,0,0,0,1,0,0,0,0,2,1,0,No Line,0.0,none,-1,6,12,1,post,Final,Final,,,,,,,,,,,,,0,,,,,,none,815085
816135,2026-05-03,12:05,2026,Nashville Sounds,Norfolk Tides,Carlos Rodriguez,Trace Bright,692230.0,687238.0,schedule_probable_pitcher,1,5,1,0,0,0,0,2,0,0,0,0,0,2,0,0,No Line,0.0,none,-1,7,4,1,post,Final,Final,,,,,,,,,,,,,0,,,,,,none,816135
816207,2026-05-03,12:05,2026,Memphis Redbirds,Indianapolis Indians,Hancel Rincon,Hunter Barco,684516.0,682995.0,schedule_probable_pitcher,1,5,9,0,1,1,5,0,0,2,0,1,0,4,6,0,No Line,0.0,none,-1,10,13,1,post,Final,Final,,,,,,,,,,,,,0,,,,,,none,816207
815984,2026-05-03,13:05,2026,Omaha Storm Chasers,Louisville Bats,Aaron Sanchez,Darren McCaughan,592717.0,670766.0,schedule_probable_pitcher,1,8,14,0,1,0,0,4,3,0,0,1,2,5,6,0,No Line,0.0,none,-1,12,13,1,post,Final,Final,,,,,,,,,,,,,0,,,,,,none,815984
815754,2026-05-03,13:07,2026,St. Paul Saints,Iowa Cubs,Andrew Bash,Jordan Wicks,687856.0,696136.0,schedule_probable_pitcher,1,8,7,2,0,0,0,4,0,0,0,1,0,7,0,0,No Line,0.0,none,-1,12,10,1,post,Final,Final,,,,,,,,,,,,,0,,,,,,none,815754
815459,2026-05-03,13:35,2026,Albuquerque Isotopes,El Paso Chihuahuas,Carson Palmquist,,687223.0,,schedule_probable_pitcher,1,4,3,0,1,0,0,3,0,0,0,0,0,3,1,0,No Line,0.0,none,-1,9,6,1,post,Final,Final,,,,,,,,,,,,,0,,,,,,none,815459
814934,2026-05-03,14:05,2026,Salt Lake Bees,Sacramento River Cats,Huascar Ynoa,Carson Whisenhunt,660623.0,687931.0,schedule_probable_pitcher,1,8,7,0,0,2,1,0,1,0,2,0,0,2,4,0,No Line,0.0,none,-1,8,7,1,post,Final,Final,,,,,,,,,,,,,0,,,,,,none,814934
815154,2026-05-03,14:05,2026,Reno Aces,Sugar Land Space Cowboys,,Brandon Bielak,,656232.0,schedule_probable_pitcher,1,9,6,0,2,0,0,0,2,0,0,2,0,2,4,0,No Line,0.0,none,-1,11,9,1,post,Final,Final,,,,,,,,,,,,,0,,,,,,none,815154
814787,2026-05-03,14:35,2026,Tacoma Rainiers,Las Vegas Aviators,Randy Dobnak,Kade Morris,677976.0,695034.0,schedule_probable_pitcher,1,0,3,0,0,0,0,0,0,0,0,0,0,0,0,0,No Line,0.0,none,-1,5,11,1,post,Final,Final,,,,,,,,,,,,,0,,,,,,none,814787
816360,2026-05-05,09:00,2026,Lehigh Valley IronPigs,Buffalo Bisons,,Hayden Juenger,,696522.0,schedule_probable_pitcher,1,7,5,0,0,0,0,0,0,0,0,3,0,3,0,0,No Line,0.0,none,-1,8,13,1,post,Final,Final,,,,,,,,,,,,,0,,,,,,none,816360
815539,2026-05-05,16:05,2026,Worcester Red Sox,Scranton/Wilkes-Barre RailRiders,,Carlos Rodón,,607074.0,schedule_probable_pitcher,1,7,6,2,0,0,1,1,3,0,0,0,0,3,4,0,No Line,0.0,none,-1,9,10,1,post,Final,Final,,,,,,,,,,,,,0,,,,,,none,815539
815683,2026-05-05,16:35,2026,Syracuse Mets,Rochester Red Wings,Jack Weisenburger,Shawn Dubin,674073.0,681869.0,schedule_probable_pitcher,1,2,3,1,0,0,0,0,0,0,3,0,0,1,3,0,No Line,0.0,none,-1,5,4,1,post,Completed Early,Completed Early,,,,,,,,,,,,,0,,,,,,none,815683
816059,2026-05-05,16:35,2026,Norfolk Tides,Gwinnett Stripers,Nestor German,Elieser Hernández,815148.0,622694.0,schedule_probable_pitcher,1,3,5,0,0,0,0,0,1,1,0,0,0,1,1,0,No Line,0.0,none,-1,8,6,1,post,Final,Final,,,,,,,,,,,,,0,,,,,,none,816059
816739,2026-05-05,16:45,2026,Durham Bulls,Round Rock Express,,,,,schedule,0,7,6,0,0,0,0,0,0,0,0,2,0,2,0,0,No Line,0.0,none,-1,11,12,1,post,Final,Final,,,,,,,,,,,,,0,,,,,,none,816739
814861,2026-05-05,17:05,2026,Sugar Land Space Cowboys,Albuquerque Isotopes,,Valente Bellozo,,678368.0,schedule_probable_pitcher,1,5,7,2,0,0,0,1,1,1,0,0,3,4,4,0,No Line,0.0,none,-1,8,4,1,post,Final,Final,,,,,,,,,,,,,0,,,,,,none,814861
815240,2026-05-05,17:05,2026,Oklahoma City Comets,Salt Lake Bees,Logan Allen,Caden Dana,663531.0,702674.0,schedule_probable_pitcher,1,7,9,1,1,1,0,0,0,0,0,5,0,7,1,0,No Line,0.0,none,-1,5,13,1,post,Final,Final,,,,,,,,,,,,,0,,,,,,none,815240
816436,2026-05-05,17:05,2026,Jacksonville Jumbo Shrimp,Charlotte Knights,Braxton Garrett,,666129.0,,schedule_probable_pitcher,1,3,5,0,0,0,0,0,0,2,1,1,3,3,4,0,No Line,0.0,none,-1,8,10,1,post,Final,Final,,,,,,,,,,,,,0,,,,,,none,816436
816508,2026-05-05,17:38,2026,Iowa Cubs,Columbus Clippers,Ty Blach,Ryan Webb,621389.0,669067.0,schedule_probable_pitcher,1,6,9,1,0,0,0,0,3,0,3,3,1,4,7,0,No Line,0.0,none,-1,8,16,1,post,Final,Final,,,,,,,,,,,,,0,,,,,,none,816508
815382,2026-05-05,18:05,2026,El Paso Chihuahuas,Tacoma Rainiers,Evan Fitterer,Gabe Mosser,683157.0,682077.0,schedule_probable_pitcher,1,10,9,0,0,3,1,4,0,0,2,0,1,7,4,0,No Line,0.0,none,-1,15,10,1,post,Final,Final,,,,,,,,,,,,,0,,,,,,none,815382
815006,2026-05-05,19:45,2026,Sacramento River Cats,Reno Aces,Carson Seymour,Yu-Min Lin,693313.0,801179.0,schedule_probable_pitcher,1,0,4,0,0,0,0,0,0,0,2,0,0,0,2,0,No Line,0.0,none,-1,6,7,1,post,Final,Final,,,,,,,,,,,,,0,,,,,,none,815006
815308,2026-05-05,20:05,2026,Las Vegas Aviators,St. Paul Saints,Joey Estes,Ryan Gallagher,683155.0,801594.0,schedule_probable_pitcher,1,7,15,2,0,1,4,0,0,0,1,3,0,6,5,0,No Line,0.0,none,-1,11,15,1,post,Final,Final,,,,,,,,,,,,,0,,,,,,none,815308
815542,2026-05-06,09:05,2026,Worcester Red Sox,Scranton/Wilkes-Barre RailRiders,,Carlos Lagrange,,801739.0,schedule_probable_pitcher,1,7,9,1,0,0,0,0,0,2,0,2,4,5,4,0,No Line,0.0,none,-1,9,10,1,post,Final,Final,,,,,,,,,,,,,0,,,,,,none,815542
815611,2026-05-06,09:05,2026,Toledo Mud Hens,Memphis Redbirds,Dylan File,Brycen Mautz,668766.0,802408.0,schedule_probable_pitcher,1,4,3,0,2,0,0,1,1,1,0,0,0,2,3,0,No Line,0.0,none,-1,8,10,1,post,Final,Final,,,,,,,,,,,,,0,,,,,,none,815611
816287,2026-05-06,09:05,2026,Louisville Bats,Nashville Sounds,Brandon Leibrandt,Robert Gasser,605335.0,688107.0,schedule_probable_pitcher,1,6,4,0,0,2,2,0,0,0,0,1,0,3,2,0,No Line,0.0,none,-1,10,9,1,post,Final,Final,,,,,,,,,,,,,0,,,,,,none,816287
815614,2026-05-06,09:10,2026,Toledo Mud Hens,Memphis Redbirds,Carlos Peña,Bruce Zimmermann,685329.0,669145.0,schedule_probable_pitcher,1,1,3,0,0,0,1,0,2,0,0,0,0,0,3,0,No Line,0.0,none,-1,6,4,1,post,Final,Final,,,,,,,,,,,,,0,,,,,,none,815614
814860,2026-05-06,10:05,2026,Sugar Land Space Cowboys,Albuquerque Isotopes,Miguel Ullola,,699044.0,,schedule_probable_pitcher,1,2,12,0,2,0,0,0,0,1,3,0,1,1,6,0,No Line,0.0,none,-1,6,12,1,post,Final,Final,,,,,,,,,,,,,0,,,,,,none,814860
815235,2026-05-06,10:05,2026,Oklahoma City Comets,Salt Lake Bees,Jackson Ferris,,701328.0,,schedule_probable_pitcher,1,12,5,0,0,0,1,4,1,3,0,0,0,7,2,0,No Line,0.0,none,-1,13,10,1,post,Final,Final,,,,,,,,,,,,,0,,,,,,none,815235
816439,2026-05-06,10:05,2026,Jacksonville Jumbo Shrimp,Charlotte Knights,Patrick Monteverde,Tyler Gilbert,687287.0,656457.0,schedule_probable_pitcher,1,7,6,0,0,0,0,0,0,0,0,0,2,0,2,0,No Line,0.0,none,-1,9,11,1,post,Final,Final,,,,,,,,,,,,,0,,,,,,none,816439
815389,2026-05-06,11:05,2026,El Paso Chihuahuas,Tacoma Rainiers,Marco Gonzales,Jhonathan Díaz,594835.0,646242.0,schedule_probable_pitcher,1,11,10,0,4,0,0,2,2,7,0,0,3,9,9,0,No Line,0.0,none,-1,12,12,1,post,Final,Final,,,,,,,,,,,,,0,,,,,,none,815389
816589,2026-05-06,11:05,2026,Indianapolis Indians,Omaha Storm Chasers,Jared Jones,Ryan Ramsey,683003.0,687547.0,schedule_probable_pitcher,1,0,5,0,0,0,0,0,1,0,0,0,1,0,2,0,No Line,0.0,none,-1,4,10,1,post,Final,Final,,,,,,,,,,,,,0,,,,,,none,816589
816511,2026-05-06,11:08,2026,Iowa Cubs,Columbus Clippers,Charlie Barnes,Trenton Denholm,656212.0,671143.0,schedule_probable_pitcher,1,3,2,0,0,0,0,0,0,0,0,0,0,0,0,0,No Line,0.0,none,-1,4,11,1,post,Final,Final,,,,,,,,,,,,,0,,,,,,none,816511
816588,2026-05-06,11:10,2026,Indianapolis Indians,Omaha Storm Chasers,Antwone Kelly,,699008.0,,schedule_probable_pitcher,1,4,1,0,0,1,0,3,0,0,1,0,0,4,1,0,No Line,0.0,none,-1,3,4,1,post,Final,Final,,,,,,,,,,,,,0,,,,,,none,816588
815009,2026-05-06,13:05,2026,Sacramento River Cats,Reno Aces,Spencer Bivens,Thomas Hatch,702352.0,641672.0,schedule_probable_pitcher,1,9,5,2,0,0,4,0,0,0,0,0,0,2,4,0,No Line,0.0,none,-1,9,8,1,post,Final,Final,,,,,,,,,,,,,0,,,,,,none,815009
815680,2026-05-06,16:35,2026,Syracuse Mets,Rochester Red Wings,Jack Wenninger,Luis Perales,811307.0,691384.0,schedule_probable_pitcher,1,3,1,1,0,1,0,1,0,0,0,0,0,3,0,0,No Line,0.0,none,-1,6,5,1,post,Final,Final,,,,,,,,,,,,,0,,,,,,none,815680
816060,2026-05-06,16:35,2026,Norfolk Tides,Gwinnett Stripers,Cameron Weston,Anthony Molina,687721.0,683627.0,schedule_probable_pitcher,1,6,8,3,0,0,2,1,0,0,0,0,1,4,3,0,No Line,0.0,none,-1,8,9,1,post,Final,Final,,,,,,,,,,,,,0,,,,,,none,816060
816361,2026-05-06,16:45,2026,Lehigh Valley IronPigs,Buffalo Bisons,Chuck King,Austin Voth,666155.0,608723.0,schedule_probable_pitcher,1,1,11,0,2,0,4,0,0,0,0,0,4,0,10,0,No Line,0.0,none,-1,7,15,1,post,Final,Final,,,,,,,,,,,,,0,,,,,,none,816361
816728,2026-05-06,16:45,2026,Durham Bulls,Round Rock Express,,Austin Gomber,,596295.0,schedule_probable_pitcher,1,3,2,3,0,0,0,0,0,0,0,0,0,3,0,0,No Line,0.0,none,-1,5,6,1,post,Final,Final,,,,,,,,,,,,,0,,,,,,none,816728
815311,2026-05-06,20:05,2026,Las Vegas Aviators,St. Paul Saints,Chen Zhong-Ao Zhuang,Mike Paredes,800018.0,702474.0,schedule_probable_pitcher,1,2,11,0,0,0,1,2,1,0,1,0,0,2,3,0,No Line,0.0,none,-1,6,9,1,post,Final,Final,,,,,,,,,,,,,0,,,,,,none,815311
816579,2026-05-07,09:05,2026,Indianapolis Indians,Omaha Storm Chasers,Noah Davis,Mitch Spence,663562.0,687765.0,schedule_probable_pitcher,1,5,4,0,0,0,1,1,1,0,0,0,0,1,2,0,No Line,0.0,none,-1,7,5,1,post,Final,Final,,,,,,,,,,,,,0,,,,,,none,816579
816510,2026-05-07,11:08,2026,Iowa Cubs,Columbus Clippers,Connor Noland,Pedro Avila,690939.0,658648.0,schedule_probable_pitcher,1,2,4,0,1,0,0,2,0,0,0,0,1,2,2,0,No Line,0.0,none,-1,5,7,1,post,Final,Final,,,,,,,,,,,,,0,,,,,,none,816510
816284,2026-05-07,14:35,2026,Louisville Bats,Nashville Sounds,Davis Daniel,Coleman Crow,669721.0,689441.0,schedule_probable_pitcher,1,1,3,1,0,0,0,0,0,0,1,0,1,1,2,0,No Line,0.0,none,-1,3,5,1,post,Final,Final,,,,,,,,,,,,,0,,,,,,none,816284
816286,2026-05-07,14:40,2026,Louisville Bats,Nashville Sounds,Nate Peterson,Thomas Pannone,685396.0,623381.0,schedule_probable_pitcher,1,6,9,2,0,0,0,0,0,1,2,2,4,5,6,0,No Line,0.0,none,-1,12,7,1,post,Final,Final,,,,,,,,,,,,,0,,,,,,none,816286
815528,2026-05-07,16:05,2026,Worcester Red Sox,Scranton/Wilkes-Barre RailRiders,,Adam Kloffenstein,,680572.0,schedule_probable_pitcher,1,10,8,1,0,2,3,0,0,2,1,0,0,5,4,0,No Line,0.0,none,-1,9,15,1,post,Final,Final,,,,,,,,,,,,,0,,,,,,none,815528
815612,2026-05-07,16:35,2026,Toledo Mud Hens,Memphis Redbirds,Bryan Sammons,Hunter Dobbins,676614.0,690928.0,schedule_probable_pitcher,1,4,11,0,0,2,2,0,0,0,0,0,0,2,2,0,No Line,0.0,none,-1,8,12,1,post,Final,Final,,,,,,,,,,,,,0,,,,,,none,815612
815681,2026-05-07,16:35,2026,Syracuse Mets,Rochester Red Wings,Bryce Conley,Andry Lara,676785.0,691251.0,schedule_probable_pitcher,1,3,2,0,0,0,0,0,1,1,0,0,0,1,1,0,No Line,0.0,none,-1,6,6,1,post,Final,Final,,,,,,,,,,,,,0,,,,,,none,815681
816359,2026-05-07,16:45,2026,Lehigh Valley IronPigs,Buffalo Bisons,Jean Cabrera,,691893.0,,schedule_probable_pitcher,1,5,13,3,2,0,0,0,1,0,1,0,8,3,12,0,No Line,0.0,none,-1,10,10,1,post,Final,Final,,,,,,,,,,,,,0,,,,,,none,816359
816732,2026-05-07,16:45,2026,Durham Bulls,Round Rock Express,Ty Johnson,Trey Supak,694494.0,657022.0,schedule_probable_pitcher,1,2,1,1,0,0,0,0,0,0,0,0,0,1,0,0,No Line,0.0,none,-1,5,6,1,post,Final,Final,,,,,,,,,,,,,0,,,,,,none,816732
816441,2026-05-07,17:05,2026,Jacksonville Jumbo Shrimp,Charlotte Knights,Thomas White,Duncan Davitt,806258.0,701474.0,schedule_probable_pitcher,1,1,16,0,4,0,0,0,1,0,0,1,5,1,10,0,No Line,0.0,none,-1,5,14,1,post,Final,Final,,,,,,,,,,,,,0,,,,,,none,816441
815239,2026-05-07,17:35,2026,Oklahoma City Comets,Salt Lake Bees,Cole Irvin,,608344.0,,schedule_probable_pitcher,1,6,5,1,1,0,0,0,1,5,0,0,0,6,2,0,No Line,0.0,none,-1,8,12,1,post,Final,Final,,,,,,,,,,,,,0,,,,,,none,815239
814856,2026-05-07,18:05,2026,Sugar Land Space Cowboys,Albuquerque Isotopes,Colton Gordon,Sean Sullivan,676467.0,807743.0,schedule_probable_pitcher,1,3,10,0,1,0,0,2,0,0,4,0,2,2,7,0,No Line,0.0,none,-1,6,11,1,post,Final,Final,,,,,,,,,,,,,0,,,,,,none,814856
815384,2026-05-07,18:35,2026,El Paso Chihuahuas,Tacoma Rainiers,JP Sears,Dane Dunning,676664.0,641540.0,schedule_probable_pitcher,1,4,1,1,0,2,0,0,0,0,1,0,0,3,1,0,No Line,0.0,none,-1,5,2,1,post,Final,Final,,,,,,,,,,,,,0,,,,,,none,815384
815012,2026-05-07,19:45,2026,Sacramento River Cats,Reno Aces,John Michael Bertrand,,802609.0,,schedule_probable_pitcher,1,6,3,1,0,0,3,3,0,0,0,1,0,5,3,0,No Line,0.0,none,-1,10,8,1,post,Final,Final,,,,,,,,,,,,,0,,,,,,none,815012
815310,2026-05-07,20:05,2026,Las Vegas Aviators,St. Paul Saints,Mason Barnett,Andrew Bash,686930.0,687856.0,schedule_probable_pitcher,1,7,6,4,0,1,0,0,0,0,0,0,0,5,0,0,No Line,0.0,none,-1,10,10,1,post,Final,Final,,,,,,,,,,,,,0,,,,,,none,815310
816058,2026-05-08,15:05,2026,Norfolk Tides,Gwinnett Stripers,Levi Wells,Owen Murphy,694370.0,702566.0,schedule_probable_pitcher,1,1,9,0,0,0,0,0,0,0,0,1,1,1,1,0,No Line,0.0,none,-1,4,11,1,post,Final,Final,,,,,,,,,,,,,0,,,,,,none,816058
816066,2026-05-08,15:10,2026,Norfolk Tides,Gwinnett Stripers,Albert Suárez,Javy Guerra,544150.0,642770.0,schedule_probable_pitcher,1,3,2,1,0,0,1,0,1,0,0,0,0,1,2,0,No Line,0.0,none,-1,9,7,1,post,Final,Final,,,,,,,,,,,,,0,,,,,,none,816066
815530,2026-05-08,16:05,2026,Worcester Red Sox,Scranton/Wilkes-Barre RailRiders,,Dom Hamel,,687589.0,schedule_probable_pitcher,1,8,3,0,1,1,0,0,0,4,0,1,2,6,3,0,No Line,0.0,none,-1,12,9,1,post,Final,Final,,,,,,,,,,,,,0,,,,,,none,815530
815679,2026-05-08,16:35,2026,Syracuse Mets,Rochester Red Wings,Jonah Tong,Andrew Alvarez,804636.0,674841.0,schedule_probable_pitcher,1,5,7,1,0,0,0,0,0,0,0,2,0,3,0,0,No Line,0.0,none,-1,6,7,1,post,Final,Final,,,,,,,,,,,,,0,,,,,,none,815679
816358,2026-05-08,16:45,2026,Lehigh Valley IronPigs,Buffalo Bisons,Tucker Davidson,Hayden Juenger,656353.0,696522.0,schedule_probable_pitcher,1,4,0,2,0,0,0,0,0,1,0,0,0,3,0,0,No Line,0.0,none,-1,9,5,1,post,Final,Final,,,,,,,,,,,,,0,,,,,,none,816358
816730,2026-05-08,16:45,2026,Durham Bulls,Round Rock Express,,,,,schedule,0,4,3,0,1,0,1,0,0,0,0,2,0,2,2,0,No Line,0.0,none,-1,6,8,1,post,Final,Final,,,,,,,,,,,,,0,,,,,,none,816730
815615,2026-05-08,17:05,2026,Toledo Mud Hens,Memphis Redbirds,Sawyer Gipson-Long,Pete Hansen,687830.0,677337.0,schedule_probable_pitcher,1,10,4,0,2,7,0,0,0,0,1,2,0,9,3,0,No Line,0.0,none,-1,9,9,1,post,Final,Final,,,,,,,,,,,,,0,,,,,,none,815615
816428,2026-05-08,17:05,2026,Jacksonville Jumbo Shrimp,Charlotte Knights,Bradley Blalock,David Sandlin,687134.0,689818.0,schedule_probable_pitcher,1,5,8,0,0,3,3,0,0,0,0,0,4,3,7,0,No Line,0.0,none,-1,8,9,1,post,Final,Final,,,,,,,,,,,,,0,,,,,,none,816428
816281,2026-05-08,17:15,2026,Louisville Bats,Nashville Sounds,Darren McCaughan,Tate Kuehner,670766.0,804249.0,schedule_probable_pitcher,1,9,6,0,0,0,3,7,0,0,1,0,1,7,5,0,No Line,0.0,none,-1,13,10,1,post,Final,Final,,,,,,,,,,,,,0,,,,,,none,816281
814853,2026-05-08,18:05,2026,Sugar Land Space Cowboys,Albuquerque Isotopes,Ethan Pecko,Keegan Thompson,814490.0,624522.0,schedule_probable_pitcher,1,1,2,0,0,0,0,0,0,0,0,0,0,0,0,0,No Line,0.0,none,-1,7,6,1,post,Final,Final,,,,,,,,,,,,,0,,,,,,none,814853
815228,2026-05-08,18:05,2026,Oklahoma City Comets,Salt Lake Bees,Christian Romero,,699071.0,,schedule_probable_pitcher,1,7,9,0,0,1,0,0,4,0,2,2,1,3,7,0,No Line,0.0,none,-1,9,14,1,post,Final,Final,,,,,,,,,,,,,0,,,,,,none,815228
816505,2026-05-08,18:08,2026,Iowa Cubs,Columbus Clippers,Doug Nikhazy,Logan Allen,680951.0,671106.0,schedule_probable_pitcher,1,13,12,0,2,2,4,0,0,6,0,3,0,11,6,0,No Line,0.0,none,-1,17,11,1,post,Final,Final,,,,,,,,,,,,,0,,,,,,none,816505
815385,2026-05-08,18:35,2026,El Paso Chihuahuas,Tacoma Rainiers,Sean Boyle,Casey Lawrence,682044.0,596271.0,schedule_probable_pitcher,1,2,17,0,1,0,2,0,0,0,4,0,1,0,8,0,No Line,0.0,none,-1,9,22,1,post,Final,Final,,,,,,,,,,,,,0,,,,,,none,815385
815010,2026-05-08,19:45,2026,Sacramento River Cats,Reno Aces,Carson Whisenhunt,Mitch Bratt,687931.0,683352.0,schedule_probable_pitcher,1,1,2,0,0,1,0,0,1,0,0,0,0,1,1,0,No Line,0.0,none,-1,6,9,1,post,Final,Final,,,,,,,,,,,,,0,,,,,,none,815010
815313,2026-05-08,20:05,2026,Las Vegas Aviators,St. Paul Saints,Gage Jump,Zebby Matthews,695611.0,805673.0,schedule_probable_pitcher,1,4,7,0,1,0,0,1,4,1,0,0,1,2,6,0,No Line,0.0,none,-1,12,9,1,post,Final,Final,,,,,,,,,,,,,0,,,,,,none,815313
815678,2026-05-09,11:05,2026,Syracuse Mets,Rochester Red Wings,Zach Thornton,Chandler Champlain,804267.0,669441.0,schedule_probable_pitcher,1,4,7,0,1,0,0,0,2,0,0,1,0,1,3,0,No Line,0.0,none,-1,6,8,1,post,Final,Final,,,,,,,,,,,,,0,,,,,,none,815678
815531,2026-05-09,14:05,2026,Worcester Red Sox,Scranton/Wilkes-Barre RailRiders,,Brendan Beck,,694341.0,schedule_probable_pitcher,1,0,0,0,0,0,0,0,0,0,0,0,0,0,0,0,No Line,0.0,none,-1,0,0,1,post,Postponed,Postponed,,,,,,,,,,,,,0,,,,,,none,815531
816506,2026-05-09,14:08,2026,Iowa Cubs,Columbus Clippers,Jordan Wicks,Austin Peterson,696136.0,804926.0,schedule_probable_pitcher,1,13,6,0,0,2,0,1,0,0,0,3,0,6,0,0,No Line,0.0,none,-1,17,9,1,post,Final,Final,,,,,,,,,,,,,0,,,,,,none,816506
815610,2026-05-09,15:05,2026,Toledo Mud Hens,Memphis Redbirds,,,,,schedule,0,13,6,1,0,5,0,0,0,0,3,3,2,9,5,0,No Line,0.0,none,-1,17,8,1,post,Final,Final,,,,,,,,,,,,,0,,,,,,none,815610
816578,2026-05-09,16:05,2026,Indianapolis Indians,Omaha Storm Chasers,José Urquidy,Aaron Sanchez,664353.0,592717.0,schedule_probable_pitcher,1,2,1,0,0,0,0,0,0,0,0,0,0,0,0,0,No Line,0.0,none,-1,3,1,1,post,Final,Final,,,,,,,,,,,,,0,,,,,,none,816578
816582,2026-05-09,16:10,2026,Indianapolis Indians,Omaha Storm Chasers,Michael Darrell-Hicks,,690382.0,,schedule_probable_pitcher,1,1,4,1,0,0,0,0,4,0,0,0,0,1,4,0,No Line,0.0,none,-1,5,8,1,post,Final,Final,,,,,,,,,,,,,0,,,,,,none,816582
816052,2026-05-09,16:35,2026,Norfolk Tides,Gwinnett Stripers,Trace Bright,Lucas Braun,687238.0,814351.0,schedule_probable_pitcher,1,3,11,0,0,0,6,0,0,0,2,1,1,1,9,0,No Line,0.0,none,-1,9,14,1,post,Final,Final,,,,,,,,,,,,,0,,,,,,none,816052
816355,2026-05-09,16:35,2026,Lehigh Valley IronPigs,Buffalo Bisons,Alan Rangel,CJ Van Eyk,660604.0,669310.0,schedule_probable_pitcher,1,7,9,0,0,0,2,4,4,0,0,3,0,7,6,0,No Line,0.0,none,-1,5,12,1,post,Final,Final,,,,,,,,,,,,,0,,,,,,none,816355
816433,2026-05-09,16:35,2026,Jacksonville Jumbo Shrimp,Charlotte Knights,Ryan Gusto,Hagen Smith,687473.0,696146.0,schedule_probable_pitcher,1,6,5,0,0,0,0,0,0,1,0,5,0,6,0,0,No Line,0.0,none,-1,8,6,1,post,Final,Final,,,,,,,,,,,,,0,,,,,,none,816433
816731,2026-05-09,16:45,2026,Durham Bulls,Round Rock Express,Logan Workman,Ben Anderson,694312.0,670391.0,schedule_probable_pitcher,1,3,5,0,0,3,3,0,0,0,1,0,0,3,4,0,No Line,0.0,none,-1,6,10,1,post,Final,Final,,,,,,,,,,,,,0,,,,,,none,816731
814855,2026-05-09,17:05,2026,Sugar Land Space Cowboys,Albuquerque Isotopes,Brandon Bielak,Carson Palmquist,656232.0,687223.0,schedule_probable_pitcher,1,11,10,0,2,0,0,3,0,0,5,2,0,5,7,0,No Line,0.0,none,-1,14,13,1,post,Final,Final,,,,,,,,,,,,,0,,,,,,none,814855
815226,2026-05-09,17:05,2026,Oklahoma City Comets,Salt Lake Bees,Jake Eder,,671109.0,,schedule_probable_pitcher,1,7,4,0,1,0,0,1,0,0,0,1,1,2,2,0,No Line,0.0,none,-1,8,6,1,post,Final,Final,,,,,,,,,,,,,0,,,,,,none,815226
816283,2026-05-09,17:15,2026,Louisville Bats,Nashville Sounds,Sam Benschoter,Carlos Rodriguez,680397.0,692230.0,schedule_probable_pitcher,1,10,8,2,3,1,0,0,0,4,3,1,0,8,6,0,No Line,0.0,none,-1,15,9,1,post,Final,Final,,,,,,,,,,,,,0,,,,,,none,816283
815388,2026-05-09,18:35,2026,El Paso Chihuahuas,Tacoma Rainiers,Jackson Wolf,Nick Garcia,680232.0,694356.0,schedule_probable_pitcher,1,3,6,0,0,0,0,0,1,3,1,0,3,3,5,0,No Line,0.0,none,-1,8,10,1,post,Final,Final,,,,,,,,,,,,,0,,,,,,none,815388
815007,2026-05-09,19:37,2026,Sacramento River Cats,Reno Aces,Blade Tidwell,Kohl Drake,694918.0,684442.0,schedule_probable_pitcher,1,2,4,0,0,0,0,2,0,0,2,0,0,2,2,0,No Line,0.0,none,-1,6,4,1,post,Final,Final,,,,,,,,,,,,,0,,,,,,none,815007
815312,2026-05-09,20:05,2026,Las Vegas Aviators,St. Paul Saints,Kade Morris,Trent Baker,695034.0,694536.0,schedule_probable_pitcher,1,8,13,0,2,1,0,2,2,0,3,0,3,3,10,0,No Line,0.0,none,-1,14,14,1,post,Final,Final,,,,,,,,,,,,,0,,,,,,none,815312
815534,2026-05-10,11:05,2026,Worcester Red Sox,Scranton/Wilkes-Barre RailRiders,,Elmer Rodríguez,,695684.0,schedule_probable_pitcher,1,2,3,0,0,0,1,1,0,0,0,0,0,1,1,0,No Line,0.0,none,-1,10,7,1,post,Final,Final,,,,,,,,,,,,,0,,,,,,none,815534
815677,2026-05-10,11:05,2026,Syracuse Mets,Rochester Red Wings,Xzavion Curry,Riley Cornelio,675540.0,683000.0,schedule_probable_pitcher,1,5,8,0,1,0,0,1,0,1,1,0,0,2,2,0,No Line,0.0,none,-1,8,12,1,post,Final,Final,,,,,,,,,,,,,0,,,,,,none,815677
816057,2026-05-10,11:05,2026,Norfolk Tides,Gwinnett Stripers,Nestor German,Carlos Carrasco,815148.0,471911.0,schedule_probable_pitcher,1,4,1,3,0,1,0,0,1,0,0,0,0,4,1,0,No Line,0.0,none,-1,7,6,1,post,Final,Final,,,,,,,,,,,,,0,,,,,,none,816057
816288,2026-05-10,11:05,2026,Louisville Bats,Nashville Sounds,Chase Petty,Garrett Stallings,695534.0,668831.0,schedule_probable_pitcher,1,0,8,0,2,0,1,0,0,0,0,0,2,0,5,0,No Line,0.0,none,-1,4,12,1,post,Final,Final,,,,,,,,,,,,,0,,,,,,none,816288
816729,2026-05-10,11:05,2026,Durham Bulls,Round Rock Express,Brody Hopkins,Josh Stephan,811315.0,695776.0,schedule_probable_pitcher,1,2,3,0,0,0,0,0,0,0,0,0,2,0,2,0,No Line,0.0,none,-1,6,8,1,post,Final,Final,,,,,,,,,,,,,0,,,,,,none,816729
816357,2026-05-10,11:15,2026,Lehigh Valley IronPigs,Buffalo Bisons,Bryse Wilson,Josh Fleming,669060.0,676596.0,schedule_probable_pitcher,1,2,11,0,2,0,0,0,0,0,0,1,5,1,7,0,No Line,0.0,none,-1,5,16,1,post,Final,Final,,,,,,,,,,,,,0,,,,,,none,816357
816580,2026-05-10,11:35,2026,Indianapolis Indians,Omaha Storm Chasers,Wilber Dotel,Ethan Bosacker,696062.0,815073.0,schedule_probable_pitcher,1,0,9,0,1,0,0,0,0,0,0,0,3,0,4,0,No Line,0.0,none,-1,2,13,1,post,Final,Final,,,,,,,,,,,,,0,,,,,,none,816580
815386,2026-05-10,12:05,2026,El Paso Chihuahuas,Tacoma Rainiers,Evan Fitterer,Gabe Mosser,683157.0,682077.0,schedule_probable_pitcher,1,7,6,1,0,0,1,1,0,0,0,0,1,2,2,0,No Line,0.0,none,-1,15,13,1,post,Final,Final,,,,,,,,,,,,,0,,,,,,none,815386
815608,2026-05-10,12:05,2026,Toledo Mud Hens,Memphis Redbirds,Carlos Peña,Scott Blewett,685329.0,656240.0,schedule_probable_pitcher,1,1,8,0,0,0,0,0,0,0,0,0,0,0,0,0,No Line,0.0,none,-1,6,9,1,post,Final,Final,,,,,,,,,,,,,0,,,,,,none,815608
816431,2026-05-10,12:05,2026,Jacksonville Jumbo Shrimp,Charlotte Knights,Josh White,Shane Murphy,687985.0,690294.0,schedule_probable_pitcher,1,6,1,0,0,2,0,2,0,0,0,0,0,4,0,0,No Line,0.0,none,-1,9,4,1,post,Final,Final,,,,,,,,,,,,,0,,,,,,none,816431
816509,2026-05-10,12:08,2026,Iowa Cubs,Columbus Clippers,,Ryan Webb,,669067.0,schedule_probable_pitcher,1,4,9,0,0,0,0,0,3,0,0,1,2,1,5,0,No Line,0.0,none,-1,7,16,1,post,Final,Final,,,,,,,,,,,,,0,,,,,,none,816509
814857,2026-05-10,13:05,2026,Sugar Land Space Cowboys,Albuquerque Isotopes,Ryan Weiss,Valente Bellozo,680802.0,678368.0,schedule_probable_pitcher,1,4,5,3,1,0,0,1,0,0,0,0,0,4,1,0,No Line,0.0,none,-1,7,11,1,post,Final,Final,,,,,,,,,,,,,0,,,,,,none,814857
815232,2026-05-10,13:05,2026,Oklahoma City Comets,Salt Lake Bees,Logan Allen,,663531.0,,schedule_probable_pitcher,1,0,0,0,0,0,0,0,0,0,0,0,0,0,0,0,No Line,0.0,none,-1,0,0,1,post,Cancelled,Cancelled,,,,,,,,,,,,,0,,,,,,none,815232
815302,2026-05-10,13:05,2026,Las Vegas Aviators,St. Paul Saints,Joey Estes,Ryan Gallagher,683155.0,801594.0,schedule_probable_pitcher,1,2,4,1,0,0,3,0,0,0,0,0,0,1,3,0,No Line,0.0,none,-1,8,9,1,post,Final,Final,,,,,,,,,,,,,0,,,,,,none,815302
815011,2026-05-10,13:35,2026,Sacramento River Cats,Reno Aces,,Yu-Min Lin,,801179.0,schedule_probable_pitcher,1,9,7,1,0,0,3,1,0,0,0,1,2,3,5,0,No Line,0.0,none,-1,10,13,1,post,Final,Final,,,,,,,,,,,,,0,,,,,,none,815011
815083,2026-05-12,11:05,2026,Round Rock Express,Sacramento River Cats,Austin Gomber,Spencer Bivens,596295.0,702352.0,schedule_probable_pitcher,1,2,9,0,1,0,0,0,0,0,0,0,0,0,1,0,No Line,0.0,none,-1,2,10,1,post,Final,Final,,,,,,,,,,,,,0,,,,,,none,815083
814779,2026-05-12,12:35,2026,Tacoma Rainiers,Sugar Land Space Cowboys,Jhonathan Díaz,Jason Alexander,646242.0,669920.0,schedule_probable_pitcher,1,6,8,1,1,0,0,0,1,1,0,1,2,3,4,0,No Line,0.0,none,-1,10,11,1,post,Final,Final,,,,,,,,,,,,,0,,,,,,none,814779
815831,2026-05-12,16:05,2026,Scranton/Wilkes-Barre RailRiders,Syracuse Mets,Carlos Lagrange,Jack Wenninger,801739.0,811307.0,schedule_probable_pitcher,1,4,7,0,0,0,1,0,0,0,0,0,0,0,1,0,No Line,0.0,none,-1,6,9,1,post,Final,Final,,,,,,,,,,,,,0,,,,,,none,815831
815905,2026-05-12,16:05,2026,Rochester Red Wings,Lehigh Valley IronPigs,Luis Perales,Chuck King,691384.0,666155.0,schedule_probable_pitcher,1,3,0,1,0,0,0,1,0,0,0,0,0,2,0,0,No Line,0.0,none,-1,6,4,1,post,Final,Final,,,,,,,,,,,,,0,,,,,,none,815905
816277,2026-05-12,16:05,2026,Louisville Bats,Indianapolis Indians,Brandon Leibrandt,Antwone Kelly,605335.0,699008.0,schedule_probable_pitcher,1,8,10,0,1,0,0,0,2,5,1,1,1,6,5,0,No Line,0.0,none,-1,8,17,1,post,Final,Final,,,,,,,,,,,,,0,,,,,,none,816277
816656,2026-05-12,16:05,2026,Gwinnett Stripers,Durham Bulls,,Joe Boyle,,671212.0,schedule_probable_pitcher,1,6,5,0,0,0,0,0,1,0,0,0,1,0,2,0,No Line,0.0,none,-1,9,10,1,post,Final,Final,,,,,,,,,,,,,0,,,,,,none,816656
816958,2026-05-12,16:05,2026,Buffalo Bisons,Worcester Red Sox,Austin Voth,,608723.0,,schedule_probable_pitcher,1,7,2,1,0,2,0,0,1,0,0,0,1,3,2,0,No Line,0.0,none,-1,10,4,1,post,Final,Final,,,,,,,,,,,,,0,,,,,,none,816958
816880,2026-05-12,16:35,2026,Charlotte Knights,Norfolk Tides,Duncan Davitt,Cameron Weston,701474.0,687721.0,schedule_probable_pitcher,1,6,9,3,0,3,3,0,4,0,1,0,0,6,8,0,No Line,0.0,none,-1,7,17,1,post,Final,Final,,,,,,,,,,,,,0,,,,,,none,816880
815986,2026-05-12,17:35,2026,Omaha Storm Chasers,Toledo Mud Hens,,Dylan File,,668766.0,schedule_probable_pitcher,1,1,19,0,2,0,3,0,1,0,2,1,4,1,12,0,No Line,0.0,none,-1,7,19,1,post,Final,Final,,,,,,,,,,,,,0,,,,,,none,815986
816133,2026-05-12,17:35,2026,Nashville Sounds,Iowa Cubs,,Paul Campbell,,669294.0,schedule_probable_pitcher,1,9,3,0,1,1,0,2,0,2,1,4,0,9,2,0,No Line,0.0,none,-1,13,8,1,post,Final,Final,,,,,,,,,,,,,0,,,,,,none,816133
815756,2026-05-12,17:37,2026,St. Paul Saints,Columbus Clippers,John Klein,,804619.0,,schedule_probable_pitcher,1,10,5,8,0,0,0,0,1,0,0,0,0,8,1,0,No Line,0.0,none,-1,13,8,1,post,Final,Final,,,,,,,,,,,,,0,,,,,,none,815756
816212,2026-05-12,17:45,2026,Memphis Redbirds,Jacksonville Jumbo Shrimp,,Dax Fulton,,690978.0,schedule_probable_pitcher,1,5,15,4,0,0,3,0,0,0,0,0,8,4,11,0,No Line,0.0,none,-1,9,14,1,post,Final,Final,,,,,,,,,,,,,0,,,,,,none,816212
814933,2026-05-12,18:35,2026,Salt Lake Bees,El Paso Chihuahuas,Sam Aldegheri,Marco Gonzales,691951.0,594835.0,schedule_probable_pitcher,1,11,4,1,1,6,0,4,0,0,1,0,0,11,2,0,No Line,0.0,none,-1,12,7,1,post,Final,Final,,,,,,,,,,,,,0,,,,,,none,814933
815461,2026-05-12,18:35,2026,Albuquerque Isotopes,Oklahoma City Comets,,Logan Allen,,663531.0,schedule_probable_pitcher,1,2,1,1,0,0,0,0,0,0,0,0,1,1,1,0,No Line,0.0,none,-1,10,5,1,post,Final,Final,,,,,,,,,,,,,0,,,,,,none,815461
815153,2026-05-12,19:05,2026,Reno Aces,Las Vegas Aviators,,Chen Zhong-Ao Zhuang,,800018.0,schedule_probable_pitcher,1,8,6,0,0,1,0,3,2,4,0,0,0,8,2,0,No Line,0.0,none,-1,10,14,1,post,Final,Final,,,,,,,,,,,,,0,,,,,,none,815153
815832,2026-05-13,09:05,2026,Scranton/Wilkes-Barre RailRiders,Syracuse Mets,Brendan Beck,Jack Weisenburger,694341.0,674073.0,schedule_probable_pitcher,1,7,0,1,0,0,0,0,0,6,0,0,0,7,0,0,No Line,0.0,none,-1,10,2,1,post,Final,Final,,,,,,,,,,,,,0,,,,,,none,815832
816280,2026-05-13,09:05,2026,Louisville Bats,Indianapolis Indians,Nate Peterson,Noah Davis,685396.0,663562.0,schedule_probable_pitcher,1,6,5,1,2,1,0,1,2,0,0,0,0,3,4,0,No Line,0.0,none,-1,10,12,1,post,Final,Final,,,,,,,,,,,,,0,,,,,,none,816280
816654,2026-05-13,09:05,2026,Gwinnett Stripers,Durham Bulls,,Ty Johnson,,694494.0,schedule_probable_pitcher,1,2,7,0,0,0,0,0,0,0,0,2,4,2,4,0,No Line,0.0,none,-1,6,14,1,post,Final,Final,,,,,,,,,,,,,0,,,,,,none,816654
815987,2026-05-13,11:05,2026,Omaha Storm Chasers,Toledo Mud Hens,,Bryan Sammons,,676614.0,schedule_probable_pitcher,1,3,2,0,1,0,0,0,0,0,0,0,1,0,2,0,No Line,0.0,none,-1,7,5,1,post,Final,Final,,,,,,,,,,,,,0,,,,,,none,815987
816209,2026-05-13,11:05,2026,Memphis Redbirds,Jacksonville Jumbo Shrimp,,Zach McCambley,,685112.0,schedule_probable_pitcher,1,1,9,0,2,1,0,0,0,0,0,0,0,1,2,0,No Line,0.0,none,-1,8,15,1,post,Final,Final,,,,,,,,,,,,,0,,,,,,none,816209
815906,2026-05-13,16:05,2026,Rochester Red Wings,Lehigh Valley IronPigs,Andry Lara,Ryan Cusick,691251.0,680743.0,schedule_probable_pitcher,1,13,11,2,1,1,6,9,0,1,0,0,0,13,7,0,No Line,0.0,none,-1,14,12,1,post,Final,Final,,,,,,,,,,,,,0,,,,,,none,815906
816961,2026-05-13,16:05,2026,Buffalo Bisons,Worcester Red Sox,Grant Rogers,,814804.0,,schedule_probable_pitcher,1,2,6,0,1,0,0,0,3,0,0,2,0,2,4,0,No Line,0.0,none,-1,7,9,1,post,Final,Final,,,,,,,,,,,,,0,,,,,,none,816961
816881,2026-05-13,16:35,2026,Charlotte Knights,Norfolk Tides,Jonathan Cannon,Albert Suárez,686563.0,544150.0,schedule_probable_pitcher,1,8,9,1,0,0,1,1,0,0,4,0,0,2,5,0,No Line,0.0,none,-1,13,10,1,post,Final,Final,,,,,,,,,,,,,0,,,,,,none,816881
816128,2026-05-13,17:35,2026,Nashville Sounds,Iowa Cubs,Thomas Pannone,Connor Noland,623381.0,690939.0,schedule_probable_pitcher,1,4,1,0,0,0,1,1,0,0,0,2,0,3,1,0,No Line,0.0,none,-1,9,6,1,post,Final,Final,,,,,,,,,,,,,0,,,,,,none,816128
815759,2026-05-13,17:37,2026,St. Paul Saints,Columbus Clippers,Trent Baker,Ryan Webb,694536.0,669067.0,schedule_probable_pitcher,1,3,8,0,0,0,0,0,0,2,0,1,0,3,0,0,No Line,0.0,none,-1,9,11,1,post,Final,Final,,,,,,,,,,,,,0,,,,,,none,815759
815088,2026-05-13,17:45,2026,Round Rock Express,Sacramento River Cats,,Seth Lonsway,,675920.0,schedule_probable_pitcher,1,6,5,0,0,0,0,1,0,0,0,0,1,1,1,0,No Line,0.0,none,-1,9,8,1,post,Final,Final,,,,,,,,,,,,,0,,,,,,none,815088
815458,2026-05-13,18:05,2026,Albuquerque Isotopes,Oklahoma City Comets,,Cole Irvin,,608344.0,schedule_probable_pitcher,1,8,2,0,0,6,0,1,0,0,0,1,1,8,1,0,No Line,0.0,none,-1,9,8,1,post,Final,Final,,,,,,,,,,,,,0,,,,,,none,815458
814927,2026-05-13,18:35,2026,Salt Lake Bees,El Paso Chihuahuas,Shaun Anderson,JP Sears,641312.0,676664.0,schedule_probable_pitcher,1,12,4,0,0,0,0,1,0,0,0,1,4,2,4,0,No Line,0.0,none,-1,14,9,1,post,Final,Final,,,,,,,,,,,,,0,,,,,,none,814927
814782,2026-05-13,19:05,2026,Tacoma Rainiers,Sugar Land Space Cowboys,Dane Dunning,Miguel Ullola,641540.0,699044.0,schedule_probable_pitcher,1,6,1,3,0,0,0,0,0,0,0,0,0,3,0,0,No Line,0.0,none,-1,9,3,1,post,Final,Final,,,,,,,,,,,,,0,,,,,,none,814782
815155,2026-05-13,19:05,2026,Reno Aces,Las Vegas Aviators,Tommy Henry,Geoff Hartlieb,674072.0,664129.0,schedule_probable_pitcher,1,5,6,2,1,0,0,0,0,0,1,1,1,3,3,0,No Line,0.0,none,-1,11,13,1,post,Final,Final,,,,,,,,,,,,,0,,,,,,none,815155
816202,2026-05-14,10:05,2026,Memphis Redbirds,Jacksonville Jumbo Shrimp,,Thomas White,,806258.0,schedule_probable_pitcher,1,6,7,0,1,1,0,2,0,1,0,0,0,4,1,0,No Line,0.0,none,-1,8,13,1,post,Final,Final,,,,,,,,,,,,,0,,,,,,none,816202
815456,2026-05-14,11:05,2026,Albuquerque Isotopes,Oklahoma City Comets,,Christian Romero,,699071.0,schedule_probable_pitcher,1,10,12,0,1,0,0,0,1,0,0,1,0,1,2,0,No Line,0.0,none,-1,13,18,1,post,Final,Final,,,,,,,,,,,,,0,,,,,,none,815456
815152,2026-05-14,12:05,2026,Reno Aces,Las Vegas Aviators,Mitch Bratt,Gage Jump,683352.0,695611.0,schedule_probable_pitcher,1,1,3,0,0,0,0,0,0,0,0,0,3,0,3,0,No Line,0.0,none,-1,6,7,1,post,Final,Final,,,,,,,,,,,,,0,,,,,,none,815152
815908,2026-05-14,16:05,2026,Rochester Red Wings,Lehigh Valley IronPigs,Trevor Gott,Tucker Davidson,641627.0,656353.0,schedule_probable_pitcher,1,3,6,2,0,0,3,1,0,0,1,0,0,3,4,0,No Line,0.0,none,-1,9,12,1,post,Final,Final,,,,,,,,,,,,,0,,,,,,none,815908
816960,2026-05-14,16:05,2026,Buffalo Bisons,Worcester Red Sox,Chad Dallas,,689149.0,,schedule_probable_pitcher,1,4,3,0,1,4,0,0,0,0,0,0,0,4,1,0,No Line,0.0,none,-1,10,6,1,post,Final,Final,,,,,,,,,,,,,0,,,,,,none,816960
815829,2026-05-14,16:35,2026,Scranton/Wilkes-Barre RailRiders,Syracuse Mets,Adam Kloffenstein,Jonah Tong,680572.0,804636.0,schedule_probable_pitcher,1,11,3,2,0,5,1,0,0,4,0,0,1,11,2,0,No Line,0.0,none,-1,14,3,1,post,Final,Final,,,,,,,,,,,,,0,,,,,,none,815829
816278,2026-05-14,16:35,2026,Louisville Bats,Indianapolis Indians,Davis Daniel,José Urquidy,669721.0,664353.0,schedule_probable_pitcher,1,4,2,1,0,0,0,1,2,1,0,0,0,3,2,0,No Line,0.0,none,-1,8,5,1,post,Final,Final,,,,,,,,,,,,,0,,,,,,none,816278
816661,2026-05-14,16:35,2026,Gwinnett Stripers,Durham Bulls,Owen Murphy,Mason Englert,702566.0,669438.0,schedule_probable_pitcher,1,4,5,0,0,0,0,0,3,0,1,1,0,1,4,0,No Line,0.0,none,-1,12,7,1,post,Final,Final,,,,,,,,,,,,,0,,,,,,none,816661
816877,2026-05-14,17:04,2026,Charlotte Knights,Norfolk Tides,David Sandlin,Trey Gibson,689818.0,694346.0,schedule_probable_pitcher,1,4,1,0,0,1,0,0,0,0,0,0,0,1,0,0,No Line,0.0,none,-1,11,5,1,post,Final,Final,,,,,,,,,,,,,0,,,,,,none,816877
815980,2026-05-14,17:35,2026,Omaha Storm Chasers,Toledo Mud Hens,Shane Panzini,Sawyer Gipson-Long,695556.0,687830.0,schedule_probable_pitcher,1,7,6,1,0,2,2,2,0,0,0,0,1,5,3,0,No Line,0.0,none,-1,11,15,1,post,Final,Final,,,,,,,,,,,,,0,,,,,,none,815980
816125,2026-05-14,17:35,2026,Nashville Sounds,Iowa Cubs,Coleman Crow,Doug Nikhazy,689441.0,680951.0,schedule_probable_pitcher,1,6,5,0,0,1,0,1,2,0,0,1,2,3,4,0,No Line,0.0,none,-1,6,13,1,post,Final,Final,,,,,,,,,,,,,0,,,,,,none,816125
815080,2026-05-14,17:45,2026,Round Rock Express,Sacramento River Cats,,Carson Whisenhunt,,687931.0,schedule_probable_pitcher,1,1,12,0,2,0,0,0,0,0,0,1,0,1,2,0,No Line,0.0,none,-1,7,13,1,post,Final,Final,,,,,,,,,,,,,0,,,,,,none,815080
814930,2026-05-14,18:35,2026,Salt Lake Bees,El Paso Chihuahuas,Caden Dana,Fernando Sanchez,702674.0,685719.0,schedule_probable_pitcher,1,2,3,2,0,0,1,0,0,0,1,0,0,2,2,0,No Line,0.0,none,-1,6,5,1,post,Final,Final,,,,,,,,,,,,,0,,,,,,none,814930
814777,2026-05-14,20:05,2026,Tacoma Rainiers,Sugar Land Space Cowboys,Casey Lawrence,Colton Gordon,596271.0,676467.0,schedule_probable_pitcher,1,4,3,1,0,0,1,0,0,0,0,0,0,1,1,0,No Line,0.0,none,-1,7,7,1,post,Final,Final,,,,,,,,,,,,,0,,,,,,none,814777
815760,2026-05-15,15:37,2026,St. Paul Saints,Columbus Clippers,Aaron Rozek,Austin Peterson,702065.0,804926.0,schedule_probable_pitcher,1,8,5,1,1,1,0,0,0,0,0,2,3,4,4,0,No Line,0.0,none,-1,9,6,1,post,Final,Final,,,,,,,,,,,,,0,,,,,,none,815760
815757,2026-05-15,15:42,2026,St. Paul Saints,Columbus Clippers,Mike Paredes,,702474.0,,schedule_probable_pitcher,1,5,3,0,0,1,0,2,0,1,0,1,3,5,3,0,No Line,0.0,none,-1,8,5,1,post,Final,Final,,,,,,,,,,,,,0,,,,,,none,815757
816959,2026-05-15,16:05,2026,Buffalo Bisons,Worcester Red Sox,CJ Van Eyk,,669310.0,,schedule_probable_pitcher,1,5,2,1,0,0,1,1,0,0,0,1,0,3,1,0,No Line,0.0,none,-1,8,6,1,post,Final,Final,,,,,,,,,,,,,0,,,,,,none,816959
815828,2026-05-15,16:35,2026,Scranton/Wilkes-Barre RailRiders,Syracuse Mets,Dom Hamel,Zach Thornton,687589.0,804267.0,schedule_probable_pitcher,1,2,8,0,0,0,3,0,0,0,1,0,0,0,4,0,No Line,0.0,none,-1,4,10,1,post,Final,Final,,,,,,,,,,,,,0,,,,,,none,815828
815904,2026-05-15,16:45,2026,Rochester Red Wings,Lehigh Valley IronPigs,Chandler Champlain,Alan Rangel,669441.0,660604.0,schedule_probable_pitcher,1,3,2,0,0,1,0,0,0,0,1,0,1,1,2,0,No Line,0.0,none,-1,6,5,1,post,Final,Final,,,,,,,,,,,,,0,,,,,,none,815904
816878,2026-05-15,17:04,2026,Charlotte Knights,Norfolk Tides,Hagen Smith,Levi Wells,696146.0,694370.0,schedule_probable_pitcher,1,4,1,0,0,0,0,4,1,0,0,0,0,4,1,0,No Line,0.0,none,-1,13,4,1,post,Final,Final,,,,,,,,,,,,,0,,,,,,none,816878
816660,2026-05-15,17:05,2026,Gwinnett Stripers,Durham Bulls,Carlos Carrasco,Logan Workman,471911.0,694312.0,schedule_probable_pitcher,1,9,2,1,0,0,0,5,0,1,0,0,2,7,2,0,No Line,0.0,none,-1,13,3,1,post,Final,Final,,,,,,,,,,,,,0,,,,,,none,816660
816279,2026-05-15,17:15,2026,Louisville Bats,Indianapolis Indians,Darren McCaughan,Beau Burrows,670766.0,663366.0,schedule_probable_pitcher,1,5,11,0,3,1,1,0,1,0,0,0,3,1,8,0,No Line,0.0,none,-1,7,12,1,post,Final,Final,,,,,,,,,,,,,0,,,,,,none,816279
816126,2026-05-15,17:35,2026,Nashville Sounds,Iowa Cubs,Tate Kuehner,Jordan Wicks,804249.0,696136.0,schedule_probable_pitcher,1,4,3,0,1,0,1,0,0,0,0,0,0,0,2,0,No Line,0.0,none,-1,9,8,1,post,Final,Final,,,,,,,,,,,,,0,,,,,,none,816126
815078,2026-05-15,18:05,2026,Round Rock Express,Sacramento River Cats,David Davalillo,Blade Tidwell,699314.0,694918.0,schedule_probable_pitcher,1,4,8,0,0,0,0,0,0,3,3,0,4,3,7,0,No Line,0.0,none,-1,7,11,1,post,Final,Final,,,,,,,,,,,,,0,,,,,,none,815078
815981,2026-05-15,18:05,2026,Omaha Storm Chasers,Toledo Mud Hens,Mitch Spence,Troy Watson,687765.0,681890.0,schedule_probable_pitcher,1,2,3,1,0,0,1,0,0,0,0,0,2,1,3,0,No Line,0.0,none,-1,5,6,1,post,Final,Final,,,,,,,,,,,,,0,,,,,,none,815981
816204,2026-05-15,18:05,2026,Memphis Redbirds,Jacksonville Jumbo Shrimp,Pete Hansen,Bradley Blalock,677337.0,687134.0,schedule_probable_pitcher,1,7,5,0,0,2,2,0,0,3,0,0,3,5,5,0,No Line,0.0,none,-1,9,8,1,post,Final,Final,,,,,,,,,,,,,0,,,,,,none,816204
814931,2026-05-15,18:35,2026,Salt Lake Bees,El Paso Chihuahuas,George Klassen,Jackson Wolf,691946.0,680232.0,schedule_probable_pitcher,1,10,5,0,3,0,0,0,0,0,0,2,0,2,3,0,No Line,0.0,none,-1,12,8,1,post,Final,Final,,,,,,,,,,,,,0,,,,,,none,814931
815454,2026-05-15,18:35,2026,Albuquerque Isotopes,Oklahoma City Comets,,River Ryan,,689981.0,schedule_probable_pitcher,1,1,17,0,2,0,2,0,1,1,3,0,9,1,17,0,No Line,0.0,none,-1,8,19,1,post,Final,Final,,,,,,,,,,,,,0,,,,,,none,815454
815157,2026-05-15,19:05,2026,Reno Aces,Las Vegas Aviators,,Kade Morris,,695034.0,schedule_probable_pitcher,1,9,8,1,1,0,0,3,0,0,0,0,1,4,2,0,No Line,0.0,none,-1,12,14,1,post,Final,Final,,,,,,,,,,,,,0,,,,,,none,815157
814778,2026-05-15,20:05,2026,Tacoma Rainiers,Sugar Land Space Cowboys,Randy Dobnak,Ethan Pecko,677976.0,814490.0,schedule_probable_pitcher,1,4,1,3,0,0,0,0,0,0,0,0,0,3,0,0,No Line,0.0,none,-1,5,7,1,post,Final,Final,,,,,,,,,,,,,0,,,,,,none,814778
816955,2026-05-16,11:05,2026,Buffalo Bisons,Worcester Red Sox,Josh Fleming,,676596.0,,schedule_probable_pitcher,1,2,0,0,0,2,0,0,0,0,0,0,0,2,0,0,No Line,0.0,none,-1,4,4,1,post,Completed Early,Completed Early,,,,,,,,,,,,,0,,,,,,none,816955
815755,2026-05-16,13:07,2026,St. Paul Saints,Columbus Clippers,,Logan Allen,,671106.0,schedule_probable_pitcher,1,7,11,0,2,5,0,1,3,0,2,0,0,6,7,0,No Line,0.0,none,-1,16,11,1,post,Final,Final,,,,,,,,,,,,,0,,,,,,none,815755
815830,2026-05-16,16:05,2026,Scranton/Wilkes-Barre RailRiders,Syracuse Mets,Gerrit Cole,Xzavion Curry,543037.0,675540.0,schedule_probable_pitcher,1,2,6,0,0,2,0,0,1,0,0,0,0,2,1,0,No Line,0.0,none,-1,7,11,1,post,Final,Final,,,,,,,,,,,,,0,,,,,,none,815830
816659,2026-05-16,16:05,2026,Gwinnett Stripers,Durham Bulls,Lucas Braun,Brody Hopkins,814351.0,811315.0,schedule_probable_pitcher,1,2,11,0,4,1,0,0,2,0,0,0,2,1,8,0,No Line,0.0,none,-1,5,12,1,post,Final,Final,,,,,,,,,,,,,0,,,,,,none,816659
816876,2026-05-16,16:05,2026,Charlotte Knights,Norfolk Tides,Shane Murphy,Nestor German,690294.0,815148.0,schedule_probable_pitcher,1,10,11,0,0,2,0,2,0,1,3,0,4,5,7,0,No Line,0.0,none,-1,14,13,1,post,Final,Final,,,,,,,,,,,,,0,,,,,,none,816876
815907,2026-05-16,16:45,2026,Rochester Red Wings,Lehigh Valley IronPigs,Riley Cornelio,,683000.0,,schedule_probable_pitcher,1,5,0,1,0,0,0,0,0,0,0,0,0,1,0,0,No Line,0.0,none,-1,12,4,1,post,Final,Final,,,,,,,,,,,,,0,,,,,,none,815907
815148,2026-05-16,17:05,2026,Reno Aces,Las Vegas Aviators,Kohl Drake,Mason Barnett,684442.0,686930.0,schedule_probable_pitcher,1,5,11,0,2,1,2,1,0,1,0,0,0,3,4,0,No Line,0.0,none,-1,8,13,1,post,Final,Final,,,,,,,,,,,,,0,,,,,,none,815148
816127,2026-05-16,17:35,2026,Nashville Sounds,Iowa Cubs,Garrett Stallings,Vince Velasquez,668831.0,592826.0,schedule_probable_pitcher,1,12,1,8,0,0,0,3,0,0,0,0,0,11,0,0,No Line,0.0,none,-1,9,5,1,post,Final,Final,,,,,,,,,,,,,0,,,,,,none,816127
816203,2026-05-16,17:35,2026,Memphis Redbirds,Jacksonville Jumbo Shrimp,Quinn Mathews,Ryan Gusto,687273.0,687473.0,schedule_probable_pitcher,1,7,4,0,0,1,2,0,0,0,0,0,0,1,2,0,No Line,0.0,none,-1,9,5,1,post,Final,Final,,,,,,,,,,,,,0,,,,,,none,816203
815079,2026-05-16,18:05,2026,Round Rock Express,Sacramento River Cats,Josh Stephan,Carson Seymour,695776.0,693313.0,schedule_probable_pitcher,1,2,3,1,0,0,0,0,0,0,0,0,0,1,0,0,No Line,0.0,none,-1,10,5,1,post,Final,Final,,,,,,,,,,,,,0,,,,,,none,815079
815979,2026-05-16,18:05,2026,Omaha Storm Chasers,Toledo Mud Hens,Aaron Sanchez,Carl Edwards Jr.,592717.0,605218.0,schedule_probable_pitcher,1,11,3,6,1,0,0,1,2,4,0,0,0,11,3,0,No Line,0.0,none,-1,11,9,1,post,Completed Early,Completed Early,,,,,,,,,,,,,0,,,,,,none,815979
814928,2026-05-16,18:35,2026,Salt Lake Bees,El Paso Chihuahuas,Brett Kerry,Evan Fitterer,695049.0,683157.0,schedule_probable_pitcher,1,5,4,0,1,0,0,1,1,0,0,0,0,1,2,0,No Line,0.0,none,-1,8,12,1,post,Final,Final,,,,,,,,,,,,,0,,,,,,none,814928
815453,2026-05-16,18:35,2026,Albuquerque Isotopes,Oklahoma City Comets,,Ryder Ryan,,656924.0,schedule_probable_pitcher,1,2,10,0,0,0,0,0,0,0,1,2,4,2,5,0,No Line,0.0,none,-1,6,12,1,post,Final,Final,,,,,,,,,,,,,0,,,,,,none,815453
814783,2026-05-16,19:05,2026,Tacoma Rainiers,Sugar Land Space Cowboys,Gabe Mosser,Ryan Weiss,682077.0,680802.0,schedule_probable_pitcher,1,3,6,0,0,0,0,0,0,1,0,2,0,3,0,0,No Line,0.0,none,-1,7,6,1,post,Final,Final,,,,,,,,,,,,,0,,,,,,none,814783
816275,2026-05-17,10:05,2026,Louisville Bats,Indianapolis Indians,Chase Petty,Nick Dombkowski,695534.0,694298.0,schedule_probable_pitcher,1,7,10,0,4,1,0,0,3,2,0,0,3,3,10,0,No Line,0.0,none,-1,12,13,1,post,Final,Final,,,,,,,,,,,,,0,,,,,,none,816275
816276,2026-05-17,10:10,2026,Louisville Bats,Indianapolis Indians,Brandon Leibrandt,Antwone Kelly,605335.0,699008.0,schedule_probable_pitcher,1,5,3,0,2,2,0,0,0,0,0,3,0,5,2,0,No Line,0.0,none,-1,7,5,1,post,Final,Final,,,,,,,,,,,,,0,,,,,,none,816276
815897,2026-05-17,11:05,2026,Rochester Red Wings,Lehigh Valley IronPigs,Luis Perales,Chuck King,691384.0,666155.0,schedule_probable_pitcher,1,3,0,0,0,0,0,0,0,2,0,0,0,2,0,0,No Line,0.0,none,-1,7,6,1,post,Final,Final,,,,,,,,,,,,,0,,,,,,none,815897
816875,2026-05-17,11:05,2026,Charlotte Knights,Norfolk Tides,Duncan Davitt,Cameron Weston,701474.0,687721.0,schedule_probable_pitcher,1,15,3,2,0,0,0,3,2,0,0,1,0,6,2,0,No Line,0.0,none,-1,15,7,1,post,Final,Final,,,,,,,,,,,,,0,,,,,,none,816875
816957,2026-05-17,11:05,2026,Buffalo Bisons,Worcester Red Sox,Austin Voth,,608723.0,,schedule_probable_pitcher,1,0,4,0,0,0,0,0,1,0,0,0,0,0,1,0,No Line,0.0,none,-1,3,8,1,post,Final,Final,,,,,,,,,,,,,0,,,,,,none,816957
815833,2026-05-17,11:35,2026,Scranton/Wilkes-Barre RailRiders,Syracuse Mets,Carlos Lagrange,Jack Wenninger,801739.0,811307.0,schedule_probable_pitcher,1,5,3,0,2,0,0,2,0,0,0,0,0,2,2,0,No Line,0.0,none,-1,5,8,1,post,Final,Final,,,,,,,,,,,,,0,,,,,,none,815833
815081,2026-05-17,12:05,2026,Round Rock Express,Sacramento River Cats,Austin Bergner,Spencer Bivens,666123.0,702352.0,schedule_probable_pitcher,1,5,7,2,0,0,0,0,0,0,0,3,1,5,1,0,No Line,0.0,none,-1,7,11,1,post,Final,Final,,,,,,,,,,,,,0,,,,,,none,815081
816129,2026-05-17,12:05,2026,Nashville Sounds,Iowa Cubs,,Paul Campbell,,669294.0,schedule_probable_pitcher,1,4,3,0,0,0,1,0,0,0,0,0,0,0,1,0,No Line,0.0,none,-1,5,5,1,post,Final,Final,,,,,,,,,,,,,0,,,,,,none,816129
816205,2026-05-17,12:05,2026,Memphis Redbirds,Jacksonville Jumbo Shrimp,Bruce Zimmermann,Patrick Monteverde,669145.0,687287.0,schedule_probable_pitcher,1,3,7,1,0,1,0,0,2,0,0,0,2,2,4,0,No Line,0.0,none,-1,9,12,1,post,Final,Final,,,,,,,,,,,,,0,,,,,,none,816205
815977,2026-05-17,13:05,2026,Omaha Storm Chasers,Toledo Mud Hens,Henry Williams,Dylan File,689275.0,668766.0,schedule_probable_pitcher,1,6,3,2,1,0,1,3,0,0,1,0,0,5,3,0,No Line,0.0,none,-1,7,8,1,post,Final,Final,,,,,,,,,,,,,0,,,,,,none,815977
815752,2026-05-17,13:07,2026,St. Paul Saints,Columbus Clippers,Taj Bradley,Ryan Webb,671737.0,669067.0,schedule_probable_pitcher,1,2,3,1,0,0,1,0,0,0,0,1,0,2,1,0,No Line,0.0,none,-1,8,5,1,post,Final,Final,,,,,,,,,,,,,0,,,,,,none,815752
815449,2026-05-17,13:35,2026,Albuquerque Isotopes,Oklahoma City Comets,,Logan Allen,,663531.0,schedule_probable_pitcher,1,8,20,2,2,0,6,0,1,0,2,3,6,5,17,0,No Line,0.0,none,-1,12,20,1,post,Final,Final,,,,,,,,,,,,,0,,,,,,none,815449
814932,2026-05-17,14:05,2026,Salt Lake Bees,El Paso Chihuahuas,Sam Aldegheri,Marco Gonzales,691951.0,594835.0,schedule_probable_pitcher,1,7,12,1,0,0,0,0,0,1,2,4,0,6,2,0,No Line,0.0,none,-1,12,16,1,post,Final,Final,,,,,,,,,,,,,0,,,,,,none,814932
815144,2026-05-17,14:05,2026,Reno Aces,Las Vegas Aviators,Yu-Min Lin,Joey Estes,801179.0,683155.0,schedule_probable_pitcher,1,1,7,0,0,0,0,0,1,0,0,0,6,0,7,0,No Line,0.0,none,-1,6,14,1,post,Final,Final,,,,,,,,,,,,,0,,,,,,none,815144
816658,2026-05-17,14:05,2026,Gwinnett Stripers,Durham Bulls,Anthony Molina,,683627.0,,schedule_probable_pitcher,1,6,7,1,0,4,0,1,1,0,3,0,1,6,5,0,No Line,0.0,none,-1,12,9,1,post,Final,Final,,,,,,,,,,,,,0,,,,,,none,816658
814780,2026-05-17,14:35,2026,Tacoma Rainiers,Sugar Land Space Cowboys,Jhonathan Díaz,Brandon McPherson,646242.0,835483.0,schedule_probable_pitcher,1,7,6,2,0,1,0,2,4,1,0,0,0,6,4,0,No Line,0.0,none,-1,13,8,1,post,Final,Final,,,,,,,,,,,,,0,,,,,,none,814780
816723,2026-05-19,09:05,2026,Durham Bulls,Nashville Sounds,,,,,schedule,0,5,6,0,0,0,0,0,0,4,1,0,0,4,1,0,No Line,0.0,none,-1,9,7,1,post,Final,Final,,,,,,,,,,,,,0,,,,,,none,816723
815749,2026-05-19,10:07,2026,St. Paul Saints,Omaha Storm Chasers,Mike Paredes,Ryan Ramsey,702474.0,687547.0,schedule_probable_pitcher,1,3,5,0,1,1,0,1,0,0,0,0,0,2,1,0,No Line,0.0,none,-1,5,7,1,post,Final,Final,,,,,,,,,,,,,0,,,,,,none,815749
815000,2026-05-19,13:05,2026,Sacramento River Cats,Sugar Land Space Cowboys,John Michael Bertrand,Miguel Ullola,802609.0,699044.0,schedule_probable_pitcher,1,11,6,3,2,2,0,0,1,0,3,0,0,5,6,0,No Line,0.0,none,-1,9,7,1,post,Final,Final,,,,,,,,,,,,,0,,,,,,none,815000
815532,2026-05-19,16:05,2026,Worcester Red Sox,Rochester Red Wings,,Andry Lara,,691251.0,schedule_probable_pitcher,1,6,7,1,0,0,0,1,1,1,2,0,3,3,6,0,No Line,0.0,none,-1,11,10,1,post,Final,Final,,,,,,,,,,,,,0,,,,,,none,815532
815682,2026-05-19,16:05,2026,Syracuse Mets,Buffalo Bisons,Jack Weisenburger,Grant Rogers,674073.0,814804.0,schedule_probable_pitcher,1,9,5,6,0,0,0,0,2,0,0,0,3,6,5,0,No Line,0.0,none,-1,12,6,1,post,Final,Final,,,,,,,,,,,,,0,,,,,,none,815682
816354,2026-05-19,16:05,2026,Lehigh Valley IronPigs,Scranton/Wilkes-Barre RailRiders,,Brendan Beck,,694341.0,schedule_probable_pitcher,1,4,15,0,0,0,0,0,1,1,0,2,3,3,4,0,No Line,0.0,none,-1,8,18,1,post,Final,Final,,,,,,,,,,,,,0,,,,,,none,816354
816657,2026-05-19,16:35,2026,Gwinnett Stripers,Charlotte Knights,Austin Gomber,Jonathan Cannon,596295.0,686563.0,schedule_probable_pitcher,1,4,5,0,0,0,1,0,1,0,2,1,1,1,5,0,No Line,0.0,none,-1,12,12,1,post,Final,Final,,,,,,,,,,,,,0,,,,,,none,816657
816427,2026-05-19,17:05,2026,Jacksonville Jumbo Shrimp,Norfolk Tides,Dax Fulton,Trace Bright,690978.0,687238.0,schedule_probable_pitcher,1,5,2,0,0,1,0,0,0,0,1,1,0,2,1,0,No Line,0.0,none,-1,7,6,1,post,Final,Final,,,,,,,,,,,,,0,,,,,,none,816427
815230,2026-05-19,17:35,2026,Oklahoma City Comets,Reno Aces,Cole Irvin,Thomas Hatch,608344.0,641672.0,schedule_probable_pitcher,1,6,3,0,0,0,0,0,0,0,0,0,0,0,0,0,No Line,0.0,none,-1,7,9,1,post,Final,Final,,,,,,,,,,,,,0,,,,,,none,815230
816507,2026-05-19,17:38,2026,Iowa Cubs,Memphis Redbirds,Connor Noland,Brycen Mautz,690939.0,802408.0,schedule_probable_pitcher,1,3,6,0,1,0,0,1,0,0,0,1,1,2,2,0,No Line,0.0,none,-1,6,10,1,post,Final,Final,,,,,,,,,,,,,0,,,,,,none,816507
815387,2026-05-19,18:05,2026,El Paso Chihuahuas,Round Rock Express,,,,,schedule,0,10,7,2,0,0,0,4,0,2,5,0,1,8,6,0,No Line,0.0,none,-1,13,9,1,post,Final,Final,,,,,,,,,,,,,0,,,,,,none,815387
814929,2026-05-19,18:35,2026,Salt Lake Bees,Tacoma Rainiers,Shaun Anderson,Dane Dunning,641312.0,641540.0,schedule_probable_pitcher,1,7,5,0,0,4,0,0,2,1,0,2,0,7,2,0,No Line,0.0,none,-1,12,8,1,post,Final,Final,,,,,,,,,,,,,0,,,,,,none,814929
815303,2026-05-19,20:05,2026,Las Vegas Aviators,Albuquerque Isotopes,Geoff Hartlieb,Sean Sullivan,664129.0,807743.0,schedule_probable_pitcher,1,16,8,1,1,0,0,3,5,1,0,2,0,7,6,0,No Line,0.0,none,-1,17,10,1,post,Final,Final,,,,,,,,,,,,,0,,,,,,none,815303
816356,2026-05-20,09:00,2026,Lehigh Valley IronPigs,Scranton/Wilkes-Barre RailRiders,Tucker Davidson,Adam Kloffenstein,656353.0,680572.0,schedule_probable_pitcher,1,13,1,0,0,0,0,2,0,5,0,0,0,7,0,0,No Line,0.0,none,-1,11,6,1,post,Final,Final,,,,,,,,,,,,,0,,,,,,none,816356
815609,2026-05-20,09:05,2026,Toledo Mud Hens,Indianapolis Indians,Sawyer Gipson-Long,Noah Davis,687830.0,663562.0,schedule_probable_pitcher,1,3,2,0,0,0,0,0,0,1,0,0,1,1,1,0,No Line,0.0,none,-1,8,4,1,post,Final,Final,,,,,,,,,,,,,0,,,,,,none,815609
815676,2026-05-20,09:05,2026,Syracuse Mets,Buffalo Bisons,Matt Turner,Chad Dallas,676666.0,689149.0,schedule_probable_pitcher,1,10,5,1,0,2,2,2,0,0,2,1,0,6,4,0,No Line,0.0,none,-1,14,6,1,post,Final,Final,,,,,,,,,,,,,0,,,,,,none,815676
815607,2026-05-20,09:10,2026,Toledo Mud Hens,Indianapolis Indians,Konnor Pilkington,José Urquidy,663455.0,664353.0,schedule_probable_pitcher,1,2,3,0,2,0,1,1,0,0,0,0,0,1,3,0,No Line,0.0,none,-1,5,2,1,post,Final,Final,,,,,,,,,,,,,0,,,,,,none,815607
816429,2026-05-20,10:05,2026,Jacksonville Jumbo Shrimp,Norfolk Tides,Zach McCambley,Trey Gibson,685112.0,694346.0,schedule_probable_pitcher,1,4,2,0,0,0,0,1,0,0,0,0,0,1,0,0,No Line,0.0,none,-1,8,3,1,post,Final,Final,,,,,,,,,,,,,0,,,,,,none,816429
816810,2026-05-20,10:05,2026,Columbus Clippers,Louisville Bats,Rorik Maltrud,Sam Benschoter,702045.0,680397.0,schedule_probable_pitcher,1,7,5,0,0,0,0,0,1,2,0,0,2,2,3,0,No Line,0.0,none,-1,12,10,1,post,Final,Final,,,,,,,,,,,,,0,,,,,,none,816810
815383,2026-05-20,11:05,2026,El Paso Chihuahuas,Round Rock Express,Fernando Sanchez,Jose Corniell,685719.0,692030.0,schedule_probable_pitcher,1,7,23,2,0,5,6,0,1,0,1,0,0,7,8,0,No Line,0.0,none,-1,12,14,1,post,Final,Final,,,,,,,,,,,,,0,,,,,,none,815383
816504,2026-05-20,11:08,2026,Iowa Cubs,Memphis Redbirds,Gabe Klobosits,,656620.0,,schedule_probable_pitcher,1,3,2,0,0,0,0,0,0,0,0,0,0,0,0,0,No Line,0.0,none,-1,3,6,1,post,Final,Final,,,,,,,,,,,,,0,,,,,,none,816504
816813,2026-05-20,11:30,2026,Columbus Clippers,Louisville Bats,,Davis Daniel,,669721.0,schedule_probable_pitcher,1,2,1,0,0,0,0,0,0,2,0,0,0,2,0,0,No Line,0.0,none,-1,5,6,1,post,Final,Final,,,,,,,,,,,,,0,,,,,,none,816813
815533,2026-05-20,16:05,2026,Worcester Red Sox,Rochester Red Wings,,Chandler Champlain,,669441.0,schedule_probable_pitcher,1,2,7,0,0,0,1,0,0,0,0,1,0,1,1,0,No Line,0.0,none,-1,7,12,1,post,Final,Final,,,,,,,,,,,,,0,,,,,,none,815533
816655,2026-05-20,16:35,2026,Gwinnett Stripers,Charlotte Knights,Owen Murphy,David Sandlin,702566.0,689818.0,schedule_probable_pitcher,1,3,4,0,0,0,1,1,0,0,1,0,0,1,2,0,No Line,0.0,none,-1,6,7,1,post,Final,Final,,,,,,,,,,,,,0,,,,,,none,816655
816726,2026-05-20,16:45,2026,Durham Bulls,Nashville Sounds,Mason Englert,Tate Kuehner,669438.0,804249.0,schedule_probable_pitcher,1,2,10,0,2,0,0,2,0,0,0,0,3,2,5,0,No Line,0.0,none,-1,7,11,1,post,Final,Final,,,,,,,,,,,,,0,,,,,,none,816726
815227,2026-05-20,17:35,2026,Oklahoma City Comets,Reno Aces,Christian Romero,Tommy Henry,699071.0,674072.0,schedule_probable_pitcher,1,6,4,3,0,0,0,1,0,0,1,0,0,4,1,0,No Line,0.0,none,-1,7,7,1,post,Final,Final,,,,,,,,,,,,,0,,,,,,none,815227
815750,2026-05-20,17:37,2026,St. Paul Saints,Omaha Storm Chasers,Aaron Rozek,Shane Panzini,702065.0,695556.0,schedule_probable_pitcher,1,14,4,0,0,1,0,1,0,1,0,1,1,4,1,0,No Line,0.0,none,-1,14,5,1,post,Final,Final,,,,,,,,,,,,,0,,,,,,none,815750
814924,2026-05-20,18:35,2026,Salt Lake Bees,Tacoma Rainiers,George Klassen,Casey Lawrence,691946.0,596271.0,schedule_probable_pitcher,1,1,13,0,0,0,5,0,0,0,1,0,0,0,6,0,No Line,0.0,none,-1,3,20,1,post,Final,Final,,,,,,,,,,,,,0,,,,,,none,814924
815003,2026-05-20,19:45,2026,Sacramento River Cats,Sugar Land Space Cowboys,Carson Whisenhunt,Colton Gordon,687931.0,676467.0,schedule_probable_pitcher,1,13,1,2,0,0,0,0,0,7,0,0,0,9,0,0,No Line,0.0,none,-1,18,5,1,post,Final,Final,,,,,,,,,,,,,0,,,,,,none,815003
815304,2026-05-20,20:05,2026,Las Vegas Aviators,Albuquerque Isotopes,Gage Jump,Keegan Thompson,695611.0,624522.0,schedule_probable_pitcher,1,5,6,0,0,1,0,2,0,0,0,0,0,3,0,0,No Line,0.0,none,-1,11,10,1,post,Final,Final,,,,,,,,,,,,,0,,,,,,none,815304
815529,2026-05-21,09:05,2026,Worcester Red Sox,Rochester Red Wings,,Riley Cornelio,,683000.0,schedule_probable_pitcher,1,4,9,4,0,0,0,0,3,0,2,0,0,4,5,0,No Line,0.0,none,-1,6,9,1,post,Final,Final,,,,,,,,,,,,,0,,,,,,none,815529
816800,2026-05-21,10:05,2026,Columbus Clippers,Louisville Bats,Austin Peterson,Darren McCaughan,804926.0,670766.0,schedule_probable_pitcher,1,2,4,0,0,0,1,0,0,1,0,0,3,1,4,0,No Line,0.0,none,-1,7,6,1,post,Final,Final,,,,,,,,,,,,,0,,,,,,none,816800
816503,2026-05-21,11:08,2026,Iowa Cubs,Memphis Redbirds,Jordan Wicks,Pete Hansen,696136.0,677337.0,schedule_probable_pitcher,1,0,1,0,0,0,0,0,0,0,0,0,0,0,0,0,No Line,0.0,none,-1,6,4,1,post,Final,Final,,,,,,,,,,,,,0,,,,,,none,816503
815602,2026-05-21,16:35,2026,Toledo Mud Hens,Indianapolis Indians,Bryan Sammons,Hunter Barco,676614.0,682995.0,schedule_probable_pitcher,1,5,2,3,0,1,0,0,0,0,0,0,0,4,0,0,No Line,0.0,none,-1,7,5,1,post,Final,Final,,,,,,,,,,,,,0,,,,,,none,815602
815672,2026-05-21,16:35,2026,Syracuse Mets,Buffalo Bisons,Xzavion Curry,CJ Van Eyk,675540.0,669310.0,schedule_probable_pitcher,1,12,8,1,1,0,0,1,2,0,0,2,1,4,4,0,No Line,0.0,none,-1,12,9,1,post,Final,Final,,,,,,,,,,,,,0,,,,,,none,815672
816352,2026-05-21,16:45,2026,Lehigh Valley IronPigs,Scranton/Wilkes-Barre RailRiders,Alan Rangel,Dom Hamel,660604.0,687589.0,schedule_probable_pitcher,1,7,8,1,0,0,0,2,5,0,1,2,1,5,7,0,No Line,0.0,none,-1,9,10,1,post,Final,Final,,,,,,,,,,,,,0,,,,,,none,816352
816721,2026-05-21,16:45,2026,Durham Bulls,Nashville Sounds,Jonathan Heasley,Coleman Crow,669169.0,689441.0,schedule_probable_pitcher,1,6,0,0,0,1,0,4,0,1,0,0,0,6,0,0,No Line,0.0,none,-1,6,5,1,post,Completed Early,Completed Early,,,,,,,,,,,,,0,,,,,,none,816721
816426,2026-05-21,17:05,2026,Jacksonville Jumbo Shrimp,Norfolk Tides,Brandon White,Christian Herberholz,681449.0,815179.0,schedule_probable_pitcher,1,9,2,0,1,0,0,1,0,5,0,1,0,7,1,0,No Line,0.0,none,-1,8,5,1,post,Final,Final,,,,,,,,,,,,,0,,,,,,none,816426
816647,2026-05-21,17:05,2026,Gwinnett Stripers,Charlotte Knights,Elieser Hernández,Hagen Smith,622694.0,696146.0,schedule_probable_pitcher,1,7,3,0,0,2,0,0,1,2,1,0,0,4,2,0,No Line,0.0,none,-1,10,8,1,post,Final,Final,,,,,,,,,,,,,0,,,,,,none,816647
815231,2026-05-21,17:35,2026,Oklahoma City Comets,Reno Aces,River Ryan,Dylan Ray,689981.0,691009.0,schedule_probable_pitcher,1,8,0,0,0,0,0,1,0,0,0,0,0,1,0,0,No Line,0.0,none,-1,9,2,1,post,Final,Final,,,,,,,,,,,,,0,,,,,,none,815231
815748,2026-05-21,17:37,2026,St. Paul Saints,Omaha Storm Chasers,John Klein,Mitch Spence,804619.0,687765.0,schedule_probable_pitcher,1,3,11,2,1,0,0,0,0,0,1,0,2,2,4,0,No Line,0.0,none,-1,6,16,1,post,Final,Final,,,,,,,,,,,,,0,,,,,,none,815748
814923,2026-05-21,18:35,2026,Salt Lake Bees,Tacoma Rainiers,Brett Kerry,Randy Dobnak,695049.0,677976.0,schedule_probable_pitcher,1,8,3,0,0,0,0,1,0,0,0,6,0,7,0,0,No Line,0.0,none,-1,10,7,1,post,Final,Final,,,,,,,,,,,,,0,,,,,,none,814923
815377,2026-05-21,18:35,2026,El Paso Chihuahuas,Round Rock Express,Jackson Wolf,David Davalillo,680232.0,699314.0,schedule_probable_pitcher,1,4,5,1,2,0,0,0,0,0,2,1,0,2,4,0,No Line,0.0,none,-1,10,10,1,post,Final,Final,,,,,,,,,,,,,0,,,,,,none,815377
815004,2026-05-21,19:45,2026,Sacramento River Cats,Sugar Land Space Cowboys,Blade Tidwell,Ethan Pecko,694918.0,814490.0,schedule_probable_pitcher,1,8,2,0,0,0,1,3,0,3,0,0,0,6,1,0,No Line,0.0,none,-1,9,7,1,post,Final,Final,,,,,,,,,,,,,0,,,,,,none,815004
815300,2026-05-21,20:05,2026,Las Vegas Aviators,Albuquerque Isotopes,Kade Morris,Carson Palmquist,695034.0,687223.0,schedule_probable_pitcher,1,12,1,1,0,0,0,1,0,0,0,2,0,4,0,0,No Line,0.0,none,-1,14,7,1,post,Final,Final,,,,,,,,,,,,,0,,,,,,none,815300
815524,2026-05-22,16:05,2026,Worcester Red Sox,Rochester Red Wings,,Jack Sinclair,,695378.0,schedule_probable_pitcher,1,1,12,0,5,0,0,0,0,0,1,1,0,1,6,0,No Line,0.0,none,-1,3,16,1,post,Final,Final,,,,,,,,,,,,,0,,,,,,none,815524
815668,2026-05-22,16:35,2026,Syracuse Mets,Buffalo Bisons,Xzavion Curry,Josh Fleming,675540.0,676596.0,schedule_probable_pitcher,1,2,4,0,2,1,0,1,0,0,0,0,0,2,2,0,No Line,0.0,none,-1,8,6,1,post,Final,Final,,,,,,,,,,,,,0,,,,,,none,815668
816349,2026-05-22,16:45,2026,Lehigh Valley IronPigs,Scranton/Wilkes-Barre RailRiders,Bryse Wilson,Carlos Lagrange,669060.0,801739.0,schedule_probable_pitcher,1,6,5,0,0,0,0,3,2,0,2,2,0,5,4,0,No Line,0.0,none,-1,9,8,1,post,Final,Final,,,,,,,,,,,,,0,,,,,,none,816349
816727,2026-05-22,16:45,2026,Durham Bulls,Nashville Sounds,Brody Hopkins,Coleman Crow,811315.0,689441.0,schedule_probable_pitcher,1,5,6,0,0,0,0,0,4,1,0,2,2,3,6,0,No Line,0.0,none,-1,11,7,1,post,Final,Final,,,,,,,,,,,,,0,,,,,,none,816727
815604,2026-05-22,17:05,2026,Toledo Mud Hens,Indianapolis Indians,Troy Watson,Antwone Kelly,681890.0,699008.0,schedule_probable_pitcher,1,3,7,1,0,0,0,0,0,0,0,0,0,1,0,0,No Line,0.0,none,-1,6,7,1,post,Completed Early,Completed Early,,,,,,,,,,,,,0,,,,,,none,815604
816430,2026-05-22,17:05,2026,Jacksonville Jumbo Shrimp,Norfolk Tides,Bradley Blalock,Nestor German,687134.0,815148.0,schedule_probable_pitcher,1,3,8,1,0,0,0,1,5,1,0,0,1,3,6,0,No Line,0.0,none,-1,5,10,1,post,Final,Final,,,,,,,,,,,,,0,,,,,,none,816430
816646,2026-05-22,17:05,2026,Gwinnett Stripers,Charlotte Knights,Connor Thomas,Shane Murphy,671162.0,690294.0,schedule_probable_pitcher,1,3,4,0,0,0,0,0,0,0,0,0,1,0,1,0,No Line,0.0,none,-1,6,6,1,post,Final,Final,,,,,,,,,,,,,0,,,,,,none,816646
815753,2026-05-22,17:37,2026,St. Paul Saints,Omaha Storm Chasers,Ryan Gallagher,Aaron Sanchez,801594.0,592717.0,schedule_probable_pitcher,1,9,5,2,3,1,0,2,2,0,0,0,0,5,5,0,No Line,0.0,none,-1,16,4,1,post,Final,Final,,,,,,,,,,,,,0,,,,,,none,815753
815229,2026-05-22,18:05,2026,Oklahoma City Comets,Reno Aces,Charlie Barnes,Kohl Drake,656212.0,684442.0,schedule_probable_pitcher,1,6,7,0,0,1,4,2,0,0,3,0,0,3,7,0,No Line,0.0,none,-1,4,9,1,post,Final,Final,,,,,,,,,,,,,0,,,,,,none,815229
816499,2026-05-22,18:08,2026,Iowa Cubs,Memphis Redbirds,Javier Assad,Quinn Mathews,665871.0,687273.0,schedule_probable_pitcher,1,4,8,2,5,2,0,0,0,0,1,0,2,4,8,0,No Line,0.0,none,-1,7,14,1,post,Final,Final,,,,,,,,,,,,,0,,,,,,none,816499
814925,2026-05-22,18:35,2026,Salt Lake Bees,Tacoma Rainiers,Sam Aldegheri,Gabe Mosser,691951.0,682077.0,schedule_probable_pitcher,1,9,3,0,2,8,0,0,0,0,1,1,0,9,3,0,No Line,0.0,none,-1,8,11,1,post,Final,Final,,,,,,,,,,,,,0,,,,,,none,814925
815379,2026-05-22,18:35,2026,El Paso Chihuahuas,Round Rock Express,Evan Fitterer,Josh Stephan,683157.0,695776.0,schedule_probable_pitcher,1,14,3,0,0,0,0,5,0,1,0,5,0,11,0,0,No Line,0.0,none,-1,14,6,1,post,Final,Final,,,,,,,,,,,,,0,,,,,,none,815379
815002,2026-05-22,19:45,2026,Sacramento River Cats,Sugar Land Space Cowboys,Logan Webb,Josh Hendrickson,657277.0,681973.0,schedule_probable_pitcher,1,6,7,0,0,0,0,0,1,1,0,0,6,1,7,0,No Line,0.0,none,-1,10,7,1,post,Final,Final,,,,,,,,,,,,,0,,,,,,none,815002
815301,2026-05-22,20:05,2026,Las Vegas Aviators,Albuquerque Isotopes,Mason Barnett,Valente Bellozo,686930.0,678368.0,schedule_probable_pitcher,1,2,7,0,4,0,1,0,2,0,0,0,0,0,7,0,No Line,0.0,none,-1,7,8,1,post,Final,Final,,,,,,,,,,,,,0,,,,,,none,815301
815520,2026-05-23,14:05,2026,Worcester Red Sox,Rochester Red Wings,,Jackson Kent,,800600.0,schedule_probable_pitcher,1,5,7,0,0,0,0,0,0,0,2,0,1,0,3,0,No Line,0.0,none,-1,10,6,1,post,Final,Final,,,,,,,,,,,,,0,,,,,,none,815520
816805,2026-05-23,15:15,2026,Columbus Clippers,Louisville Bats,,Brandon Leibrandt,,605335.0,schedule_probable_pitcher,1,0,5,0,0,0,0,0,1,0,3,0,1,0,5,0,No Line,0.0,none,-1,2,10,1,post,Final,Final,,,,,,,,,,,,,0,,,,,,none,816805
816802,2026-05-23,15:20,2026,Columbus Clippers,Louisville Bats,,Lyon Richardson,,680689.0,schedule_probable_pitcher,1,7,3,0,0,7,0,0,0,0,0,0,0,7,0,0,No Line,0.0,none,-1,7,6,1,post,Final,Final,,,,,,,,,,,,,0,,,,,,none,816802
816648,2026-05-23,16:05,2026,Gwinnett Stripers,Charlotte Knights,Anthony Molina,Duncan Davitt,683627.0,701474.0,schedule_probable_pitcher,1,5,1,3,0,0,0,2,0,0,0,0,0,5,0,0,No Line,0.0,none,-1,9,4,1,post,Final,Final,,,,,,,,,,,,,0,,,,,,none,816648
816348,2026-05-23,16:35,2026,Lehigh Valley IronPigs,Scranton/Wilkes-Barre RailRiders,Chuck King,Elmer Rodríguez,666155.0,695684.0,schedule_probable_pitcher,1,5,4,0,0,0,0,0,1,5,1,0,2,5,4,0,No Line,0.0,none,-1,3,6,1,post,Final,Final,,,,,,,,,,,,,0,,,,,,none,816348
816432,2026-05-23,16:35,2026,Jacksonville Jumbo Shrimp,Norfolk Tides,Patrick Monteverde,Cameron Weston,687287.0,687721.0,schedule_probable_pitcher,1,8,4,2,0,0,0,0,0,0,0,0,0,2,0,0,No Line,0.0,none,-1,9,9,1,post,Final,Final,,,,,,,,,,,,,0,,,,,,none,816432
816724,2026-05-23,16:45,2026,Durham Bulls,Nashville Sounds,Joe Boyle,Tyson Hardin,671212.0,824620.0,schedule_probable_pitcher,1,3,6,0,2,0,0,0,0,1,0,0,0,1,2,0,No Line,0.0,none,-1,7,9,1,post,Final,Final,,,,,,,,,,,,,0,,,,,,none,816724
815233,2026-05-23,17:05,2026,Oklahoma City Comets,Reno Aces,Logan Allen,Mitch Bratt,663531.0,683352.0,schedule_probable_pitcher,1,1,2,0,1,0,0,0,0,0,1,0,0,0,2,0,No Line,0.0,none,-1,5,8,1,post,Final,Final,,,,,,,,,,,,,0,,,,,,none,815233
815606,2026-05-23,17:05,2026,Toledo Mud Hens,Indianapolis Indians,Carl Edwards Jr.,Jared Jones,605218.0,683003.0,schedule_probable_pitcher,1,4,5,0,1,0,0,0,3,1,0,2,0,3,4,0,No Line,0.0,none,-1,6,9,1,post,Final,Final,,,,,,,,,,,,,0,,,,,,none,815606
816500,2026-05-23,17:08,2026,Iowa Cubs,Memphis Redbirds,Paul Campbell,Bruce Zimmermann,669294.0,669145.0,schedule_probable_pitcher,1,6,4,0,0,0,0,0,1,0,0,1,2,1,3,0,No Line,0.0,none,-1,12,7,1,post,Final,Final,,,,,,,,,,,,,0,,,,,,none,816500
815751,2026-05-23,17:37,2026,St. Paul Saints,Omaha Storm Chasers,Mike Paredes,Cole Ragans,702474.0,666142.0,schedule_probable_pitcher,1,6,7,1,0,0,2,0,0,0,0,0,0,1,2,0,No Line,0.0,none,-1,8,9,1,post,Final,Final,,,,,,,,,,,,,0,,,,,,none,815751
814926,2026-05-23,18:35,2026,Salt Lake Bees,Tacoma Rainiers,Caden Dana,Jhonathan Díaz,702674.0,646242.0,schedule_probable_pitcher,1,6,5,1,0,0,0,0,0,0,0,2,0,3,0,0,No Line,0.0,none,-1,13,7,1,post,Final,Final,,,,,,,,,,,,,0,,,,,,none,814926
815378,2026-05-23,18:35,2026,El Paso Chihuahuas,Round Rock Express,Marco Gonzales,Austin Bergner,594835.0,666123.0,schedule_probable_pitcher,1,5,7,0,1,0,0,5,0,0,1,0,0,5,2,0,No Line,0.0,none,-1,8,9,1,post,Final,Final,,,,,,,,,,,,,0,,,,,,none,815378
815005,2026-05-23,19:37,2026,Sacramento River Cats,Sugar Land Space Cowboys,Spencer Bivens,Ryan Weiss,702352.0,680802.0,schedule_probable_pitcher,1,6,0,2,0,0,0,0,0,0,0,0,0,2,0,0,No Line,0.0,none,-1,10,6,1,post,Final,Final,,,,,,,,,,,,,0,,,,,,none,815005
815305,2026-05-23,20:05,2026,Las Vegas Aviators,Albuquerque Isotopes,Joey Estes,Erasmo Ramírez,683155.0,541640.0,schedule_probable_pitcher,1,11,13,0,2,3,2,3,0,3,3,0,5,9,12,0,No Line,0.0,none,-1,15,16,1,post,Final,Final,,,,,,,,,,,,,0,,,,,,none,815305
816650,2026-05-24,11:05,2026,Gwinnett Stripers,Charlotte Knights,JR Ritchie,Jonathan Cannon,702275.0,686563.0,schedule_probable_pitcher,1,2,3,0,0,1,0,1,0,0,1,0,1,2,2,0,No Line,0.0,none,-1,8,10,1,post,Final,Final,,,,,,,,,,,,,0,,,,,,none,816650
816806,2026-05-24,11:05,2026,Columbus Clippers,Louisville Bats,Rorik Maltrud,Sam Benschoter,702045.0,680397.0,schedule_probable_pitcher,1,0,0,0,0,0,0,0,0,0,0,0,0,0,0,0,No Line,0.0,none,-1,0,0,1,post,Cancelled,Cancelled,,,,,,,,,,,,,0,,,,,,none,816806
816501,2026-05-24,12:08,2026,Iowa Cubs,Memphis Redbirds,Gabe Klobosits,Ian Bedell,656620.0,678016.0,schedule_probable_pitcher,1,18,4,0,3,9,0,0,0,1,0,0,0,10,3,0,No Line,0.0,none,-1,17,6,1,post,Final,Final,,,,,,,,,,,,,0,,,,,,none,816501
815221,2026-05-24,13:05,2026,Oklahoma City Comets,Reno Aces,Cole Irvin,Yu-Min Lin,608344.0,801179.0,schedule_probable_pitcher,1,5,3,3,0,0,0,0,1,0,0,0,1,3,2,0,No Line,0.0,none,-1,3,6,1,post,Final,Final,,,,,,,,,,,,,0,,,,,,none,815221
815299,2026-05-24,13:05,2026,Las Vegas Aviators,Albuquerque Isotopes,Brady Basso,Sean Sullivan,669620.0,807743.0,schedule_probable_pitcher,1,6,5,0,0,0,0,1,0,0,0,0,0,1,0,0,No Line,0.0,none,-1,14,7,1,post,Final,Final,,,,,,,,,,,,,0,,,,,,none,815299
814921,2026-05-24,14:05,2026,Salt Lake Bees,Tacoma Rainiers,Shaun Anderson,Dane Dunning,641312.0,641540.0,schedule_probable_pitcher,1,12,8,0,0,4,0,1,0,0,1,0,0,5,1,0,No Line,0.0,none,-1,15,12,1,post,Final,Final,,,,,,,,,,,,,0,,,,,,none,814921
815001,2026-05-24,14:05,2026,Sacramento River Cats,Sugar Land Space Cowboys,John Michael Bertrand,Brandon McPherson,802609.0,835483.0,schedule_probable_pitcher,1,3,12,0,0,0,0,0,0,1,4,1,1,2,5,0,No Line,0.0,none,-1,6,13,1,post,Final,Final,,,,,,,,,,,,,0,,,,,,none,815001
815674,2026-05-24,14:05,2026,Syracuse Mets,Buffalo Bisons,Jack Wenninger,Austin Voth,811307.0,608723.0,schedule_probable_pitcher,1,4,6,0,1,0,0,1,3,2,0,0,0,3,4,0,No Line,0.0,none,-1,6,6,1,post,Final,Final,,,,,,,,,,,,,0,,,,,,none,815674
815675,2026-05-24,14:10,2026,Syracuse Mets,Buffalo Bisons,Joey Gerber,Grant Rogers,680702.0,814804.0,schedule_probable_pitcher,1,1,0,0,0,0,0,0,0,1,0,0,0,1,0,0,No Line,0.0,none,-1,3,2,1,post,Final,Final,,,,,,,,,,,,,0,,,,,,none,815675
816722,2026-05-24,15:05,2026,Durham Bulls,Nashville Sounds,Ty Johnson,Thomas Pannone,694494.0,623381.0,schedule_probable_pitcher,1,2,0,0,0,0,0,1,0,0,0,0,0,1,0,0,No Line,0.0,none,-1,5,5,1,post,Final,Final,,,,,,,,,,,,,0,,,,,,none,816722
815603,2026-05-24,15:35,2026,Toledo Mud Hens,Indianapolis Indians,Dylan File,Thomas Harrington,668766.0,802419.0,schedule_probable_pitcher,1,8,4,1,0,2,0,0,0,0,1,0,0,3,1,0,No Line,0.0,none,-1,12,5,1,post,Final,Final,,,,,,,,,,,,,0,,,,,,none,815603
815747,2026-05-24,16:07,2026,St. Paul Saints,Omaha Storm Chasers,Ty Langenberg,Ryan Ramsey,807716.0,687547.0,schedule_probable_pitcher,1,3,5,1,0,0,2,0,1,0,0,0,1,1,4,0,No Line,0.0,none,-1,6,11,1,post,Final,Final,,,,,,,,,,,,,0,,,,,,none,815747
816353,2026-05-24,16:35,2026,Lehigh Valley IronPigs,Scranton/Wilkes-Barre RailRiders,,Brendan Beck,,694341.0,schedule_probable_pitcher,1,4,5,0,0,3,0,0,2,0,0,0,1,3,3,0,No Line,0.0,none,-1,5,7,1,post,Final,Final,,,,,,,,,,,,,0,,,,,,none,816353
816422,2026-05-24,16:35,2026,Jacksonville Jumbo Shrimp,Norfolk Tides,Ryan Gusto,Trace Bright,687473.0,687238.0,schedule_probable_pitcher,1,6,5,0,0,0,0,0,1,4,0,0,0,4,1,0,No Line,0.0,none,-1,12,10,1,post,Final,Final,,,,,,,,,,,,,0,,,,,,none,816422
815381,2026-05-24,18:05,2026,El Paso Chihuahuas,Round Rock Express,JP Sears,Trey Supak,676664.0,657022.0,schedule_probable_pitcher,1,7,8,0,2,1,1,3,0,0,0,1,4,5,7,0,No Line,0.0,none,-1,13,13,1,post,Final,Final,,,,,,,,,,,,,0,,,,,,none,815381
815899,2026-05-25,14:05,2026,Rochester Red Wings,Syracuse Mets,Andry Lara,Jack Weisenburger,691251.0,674073.0,schedule_probable_pitcher,1,8,5,0,0,0,0,3,0,0,1,0,0,3,1,0,No Line,0.0,none,-1,10,7,1,post,Final,Final,,,,,,,,,,,,,0,,,,,,none,815899
815605,2026-05-25,15:05,2026,Toledo Mud Hens,Columbus Clippers,Ty Madden,Rorik Maltrud,680744.0,702045.0,schedule_probable_pitcher,1,3,2,0,0,0,0,0,0,1,1,0,0,1,1,0,No Line,0.0,none,-1,3,7,1,post,Final,Final,,,,,,,,,,,,,0,,,,,,none,815605
816581,2026-05-25,16:35,2026,Indianapolis Indians,Iowa Cubs,José Urquidy,Doug Nikhazy,664353.0,680951.0,schedule_probable_pitcher,1,7,9,1,0,5,2,0,0,0,2,1,1,7,5,0,No Line,0.0,none,-1,8,17,1,post,Final,Final,,,,,,,,,,,,,0,,,,,,none,816581
815145,2026-05-26,12:05,2026,Reno Aces,Sacramento River Cats,Thomas Hatch,Carson Whisenhunt,641672.0,687931.0,schedule_probable_pitcher,1,6,10,0,2,0,0,0,0,0,1,1,0,1,3,0,No Line,0.0,none,-1,11,11,1,post,Final,Final,,,,,,,,,,,,,0,,,,,,none,815145
815827,2026-05-26,16:05,2026,Scranton/Wilkes-Barre RailRiders,Worcester Red Sox,Adam Kloffenstein,,680572.0,,schedule_probable_pitcher,1,3,6,2,2,0,0,0,1,0,0,0,0,2,3,0,No Line,0.0,none,-1,7,7,1,post,Final,Final,,,,,,,,,,,,,0,,,,,,none,815827
816956,2026-05-26,16:05,2026,Buffalo Bisons,Lehigh Valley IronPigs,Pat Gallagher,Drake Fellows,693483.0,666148.0,schedule_probable_pitcher,1,5,4,0,0,0,0,0,0,0,1,0,0,0,1,0,No Line,0.0,none,-1,10,8,1,post,Final,Final,,,,,,,,,,,,,0,,,,,,none,816956
816051,2026-05-26,16:35,2026,Norfolk Tides,Durham Bulls,Christian Herberholz,Mason Englert,815179.0,669438.0,schedule_probable_pitcher,1,2,4,2,0,0,0,0,0,0,0,0,0,2,0,0,No Line,0.0,none,-1,7,5,1,post,Final,Final,,,,,,,,,,,,,0,,,,,,none,816051
816274,2026-05-26,16:35,2026,Louisville Bats,St. Paul Saints,Sam Benschoter,John Klein,680397.0,804619.0,schedule_probable_pitcher,1,4,6,2,2,0,0,0,2,0,0,1,0,3,4,0,No Line,0.0,none,-1,9,10,1,post,Final,Final,,,,,,,,,,,,,0,,,,,,none,816274
816873,2026-05-26,16:35,2026,Charlotte Knights,Jacksonville Jumbo Shrimp,Joe Rock,Dax Fulton,697812.0,690978.0,schedule_probable_pitcher,1,4,0,0,0,2,0,0,0,0,0,0,0,2,0,0,No Line,0.0,none,-1,4,7,1,post,Final,Final,,,,,,,,,,,,,0,,,,,,none,816873
815978,2026-05-26,17:35,2026,Omaha Storm Chasers,Memphis Redbirds,Mitch Spence,Hunter Dobbins,687765.0,690928.0,schedule_probable_pitcher,1,5,19,0,1,1,0,0,3,0,9,0,0,1,13,0,No Line,0.0,none,-1,13,21,1,post,Final,Final,,,,,,,,,,,,,0,,,,,,none,815978
816132,2026-05-26,17:35,2026,Nashville Sounds,Gwinnett Stripers,Garrett Stallings,Austin Gomber,668831.0,596295.0,schedule_probable_pitcher,1,5,4,2,0,0,0,1,0,1,3,1,0,5,3,0,No Line,0.0,none,-1,8,6,1,post,Final,Final,,,,,,,,,,,,,0,,,,,,none,816132
815077,2026-05-26,17:45,2026,Round Rock Express,Salt Lake Bees,Jose Corniell,George Klassen,692030.0,691946.0,schedule_probable_pitcher,1,1,7,1,0,0,0,0,5,0,1,0,0,1,6,0,No Line,0.0,none,-1,3,11,1,post,Final,Final,,,,,,,,,,,,,0,,,,,,none,815077
814858,2026-05-26,18:05,2026,Sugar Land Space Cowboys,Oklahoma City Comets,Miguel Ullola,Christian Romero,699044.0,699071.0,schedule_probable_pitcher,1,1,12,0,0,0,0,0,0,0,5,0,4,0,9,0,No Line,0.0,none,-1,5,12,1,post,Final,Final,,,,,,,,,,,,,0,,,,,,none,814858
815455,2026-05-26,18:35,2026,Albuquerque Isotopes,El Paso Chihuahuas,,,,,schedule,0,5,3,0,1,5,0,0,0,0,2,0,0,5,3,0,No Line,0.0,none,-1,9,7,1,post,Final,Final,,,,,,,,,,,,,0,,,,,,none,815455
814781,2026-05-26,19:05,2026,Tacoma Rainiers,Las Vegas Aviators,Casey Lawrence,Yunior Tur,596271.0,814305.0,schedule_probable_pitcher,1,3,4,0,0,0,0,0,1,3,2,0,0,3,3,0,No Line,0.0,none,-1,8,9,1,post,Final,Final,,,,,,,,,,,,,0,,,,,,none,814781
815596,2026-05-27,09:05,2026,Toledo Mud Hens,Columbus Clippers,Konnor Pilkington,Kolby Allard,663455.0,663465.0,schedule_probable_pitcher,1,3,6,0,0,0,2,0,0,0,1,0,0,0,3,0,No Line,0.0,none,-1,6,6,1,post,Final,Final,,,,,,,,,,,,,0,,,,,,none,815596
815819,2026-05-27,09:05,2026,Scranton/Wilkes-Barre RailRiders,Worcester Red Sox,Dom Hamel,,687589.0,,schedule_probable_pitcher,1,1,8,1,1,0,0,0,4,0,2,0,0,1,7,0,No Line,0.0,none,-1,4,12,1,post,Final,Final,,,,,,,,,,,,,0,,,,,,none,815819
815898,2026-05-27,09:05,2026,Rochester Red Wings,Syracuse Mets,Riley Cornelio,Zach Thornton,683000.0,804267.0,schedule_probable_pitcher,1,8,4,4,3,0,0,0,0,0,1,3,0,7,4,0,No Line,0.0,none,-1,11,8,1,post,Final,Final,,,,,,,,,,,,,0,,,,,,none,815898
816266,2026-05-27,10:05,2026,Louisville Bats,St. Paul Saints,Darren McCaughan,Mike Paredes,670766.0,702474.0,schedule_probable_pitcher,1,10,5,1,0,0,2,0,0,0,0,0,3,1,5,0,No Line,0.0,none,-1,13,8,1,post,Final,Final,,,,,,,,,,,,,0,,,,,,none,816266
816950,2026-05-27,11:05,2026,Buffalo Bisons,Lehigh Valley IronPigs,CJ Van Eyk,Tucker Davidson,669310.0,656353.0,schedule_probable_pitcher,1,6,7,0,0,3,0,2,2,0,0,0,1,5,3,0,No Line,0.0,none,-1,11,9,1,post,Final,Final,,,,,,,,,,,,,0,,,,,,none,816950
816577,2026-05-27,16:35,2026,Indianapolis Indians,Iowa Cubs,Hunter Barco,Ty Blach,682995.0,621389.0,schedule_probable_pitcher,1,0,1,0,1,0,0,0,0,0,0,0,0,0,1,0,No Line,0.0,none,-1,3,5,1,post,Final,Final,,,,,,,,,,,,,0,,,,,,none,816577
815976,2026-05-27,17:35,2026,Omaha Storm Chasers,Memphis Redbirds,Ben Sears,Pete Hansen,700786.0,677337.0,schedule_probable_pitcher,1,2,5,0,0,1,0,0,0,0,0,0,0,1,0,0,No Line,0.0,none,-1,8,12,1,post,Final,Final,,,,,,,,,,,,,0,,,,,,none,815976
816130,2026-05-27,17:35,2026,Nashville Sounds,Gwinnett Stripers,Quinn Priester,Owen Murphy,682990.0,702566.0,schedule_probable_pitcher,1,3,5,0,3,0,0,0,0,0,2,0,0,0,5,0,No Line,0.0,none,-1,5,4,1,post,Final,Final,,,,,,,,,,,,,0,,,,,,none,816130
815075,2026-05-27,17:45,2026,Round Rock Express,Salt Lake Bees,David Davalillo,Brett Kerry,699314.0,695049.0,schedule_probable_pitcher,1,5,4,0,3,1,0,0,1,0,0,2,0,3,4,0,No Line,0.0,none,-1,9,6,1,post,Final,Final,,,,,,,,,,,,,0,,,,,,none,815075
814854,2026-05-27,18:05,2026,Sugar Land Space Cowboys,Oklahoma City Comets,Colton Gordon,Jackson Ferris,676467.0,701328.0,schedule_probable_pitcher,1,5,3,0,0,0,0,1,0,0,0,0,0,1,0,0,No Line,0.0,none,-1,8,9,1,post,Final,Final,,,,,,,,,,,,,0,,,,,,none,814854
815450,2026-05-27,18:35,2026,Albuquerque Isotopes,El Paso Chihuahuas,,Jackson Wolf,,680232.0,schedule_probable_pitcher,1,5,8,0,0,1,0,0,3,0,2,2,1,3,6,0,No Line,0.0,none,-1,10,16,1,post,Final,Final,,,,,,,,,,,,,0,,,,,,none,815450
814775,2026-05-27,19:05,2026,Tacoma Rainiers,Las Vegas Aviators,Randy Dobnak,Kade Morris,677976.0,695034.0,schedule_probable_pitcher,1,2,4,0,0,1,0,0,0,0,1,0,0,1,1,0,No Line,0.0,none,-1,7,10,1,post,Final,Final,,,,,,,,,,,,,0,,,,,,none,814775
815147,2026-05-27,19:05,2026,Reno Aces,Sacramento River Cats,Dylan Ray,Blade Tidwell,691009.0,694918.0,schedule_probable_pitcher,1,5,12,0,0,0,0,4,0,1,5,0,2,5,7,0,No Line,0.0,none,-1,12,13,1,post,Final,Final,,,,,,,,,,,,,0,,,,,,none,815147
816951,2026-05-28,09:05,2026,Buffalo Bisons,Lehigh Valley IronPigs,Max Scherzer,Bryse Wilson,453286.0,669060.0,schedule_probable_pitcher,1,4,9,0,0,0,6,0,0,0,0,0,0,0,6,0,No Line,0.0,none,-1,6,11,1,post,Final,Final,,,,,,,,,,,,,0,,,,,,none,816951
816053,2026-05-28,10:05,2026,Norfolk Tides,Durham Bulls,Nestor German,Jonathan Heasley,815148.0,669169.0,schedule_probable_pitcher,1,3,0,0,0,0,0,0,0,3,0,0,0,3,0,0,No Line,0.0,none,-1,6,1,1,post,Final,Final,,,,,,,,,,,,,0,,,,,,none,816053
815452,2026-05-28,12:05,2026,Albuquerque Isotopes,El Paso Chihuahuas,Domingo Acevedo,Evan Fitterer,642758.0,683157.0,schedule_probable_pitcher,1,12,7,1,0,1,0,3,1,5,1,2,1,12,3,0,No Line,0.0,none,-1,11,12,1,post,Final,Final,,,,,,,,,,,,,0,,,,,,none,815452
816055,2026-05-28,12:21,2026,Norfolk Tides,Durham Bulls,,Logan Workman,,694312.0,schedule_probable_pitcher,1,7,5,2,0,3,3,0,0,0,1,2,0,7,4,0,No Line,0.0,none,-1,5,10,1,post,Final,Final,,,,,,,,,,,,,0,,,,,,none,816055
816872,2026-05-28,14:30,2026,Charlotte Knights,Jacksonville Jumbo Shrimp,Hagen Smith,Braxton Garrett,696146.0,666129.0,schedule_probable_pitcher,1,3,6,0,2,0,0,2,0,0,0,0,0,2,2,0,No Line,0.0,none,-1,4,10,1,post,Final,Final,,,,,,,,,,,,,0,,,,,,none,816872
815599,2026-05-28,16:35,2026,Toledo Mud Hens,Columbus Clippers,Troy Watson,Austin Peterson,681890.0,804926.0,schedule_probable_pitcher,1,3,10,0,1,0,3,1,0,2,0,0,0,3,4,0,No Line,0.0,none,-1,6,17,1,post,Final,Final,,,,,,,,,,,,,0,,,,,,none,815599
816265,2026-05-28,16:35,2026,Louisville Bats,St. Paul Saints,Brandon Leibrandt,Ryan Gallagher,605335.0,801594.0,schedule_probable_pitcher,1,1,8,0,2,0,4,0,1,0,1,0,0,0,8,0,No Line,0.0,none,-1,8,11,1,post,Final,Final,,,,,,,,,,,,,0,,,,,,none,816265
816583,2026-05-28,16:35,2026,Indianapolis Indians,Iowa Cubs,Antwone Kelly,Javier Assad,699008.0,665871.0,schedule_probable_pitcher,1,3,0,0,0,0,0,0,0,0,0,3,0,3,0,0,No Line,0.0,none,-1,6,7,1,post,Final,Final,,,,,,,,,,,,,0,,,,,,none,816583
815903,2026-05-28,16:45,2026,Rochester Red Wings,Syracuse Mets,Erik Tolman,Xzavion Curry,680899.0,675540.0,schedule_probable_pitcher,1,4,8,0,0,2,2,0,0,1,4,0,0,3,6,0,No Line,0.0,none,-1,8,13,1,post,Final,Final,,,,,,,,,,,,,0,,,,,,none,815903
815823,2026-05-28,17:05,2026,Scranton/Wilkes-Barre RailRiders,Worcester Red Sox,Carlos Lagrange,Jack Anderson,801739.0,681252.0,schedule_probable_pitcher,1,0,1,0,1,0,0,0,0,0,0,0,0,0,1,0,No Line,0.0,none,-1,1,5,1,post,Final,Final,,,,,,,,,,,,,0,,,,,,none,815823
816871,2026-05-28,17:07,2026,Charlotte Knights,Jacksonville Jumbo Shrimp,Shane Murphy,Brandon White,690294.0,681449.0,schedule_probable_pitcher,1,12,5,1,0,0,4,2,1,8,0,1,0,12,5,0,No Line,0.0,none,-1,11,7,1,post,Final,Final,,,,,,,,,,,,,0,,,,,,none,816871
815975,2026-05-28,17:35,2026,Omaha Storm Chasers,Memphis Redbirds,Henry Williams,Quinn Mathews,689275.0,687273.0,schedule_probable_pitcher,1,4,5,0,0,0,0,1,0,1,2,2,2,4,4,0,No Line,0.0,none,-1,6,6,1,post,Final,Final,,,,,,,,,,,,,0,,,,,,none,815975
816131,2026-05-28,17:35,2026,Nashville Sounds,Gwinnett Stripers,Tyson Hardin,Elieser Hernández,824620.0,622694.0,schedule_probable_pitcher,1,2,0,0,0,0,0,0,0,0,0,0,0,0,0,0,No Line,0.0,none,-1,5,3,1,post,Final,Final,,,,,,,,,,,,,0,,,,,,none,816131
815076,2026-05-28,17:45,2026,Round Rock Express,Salt Lake Bees,Josh Stephan,Sam Aldegheri,695776.0,691951.0,schedule_probable_pitcher,1,16,11,0,2,2,0,2,1,2,0,5,0,11,3,0,No Line,0.0,none,-1,17,11,1,post,Final,Final,,,,,,,,,,,,,0,,,,,,none,815076
814859,2026-05-28,18:05,2026,Sugar Land Space Cowboys,Oklahoma City Comets,Ethan Pecko,River Ryan,814490.0,689981.0,schedule_probable_pitcher,1,2,9,1,3,0,1,0,1,0,0,0,1,1,6,0,No Line,0.0,none,-1,5,10,1,post,Final,Final,,,,,,,,,,,,,0,,,,,,none,814859
815150,2026-05-28,19:05,2026,Reno Aces,Sacramento River Cats,Kohl Drake,Carson Seymour,684442.0,693313.0,schedule_probable_pitcher,1,2,7,1,0,0,0,0,1,0,1,0,2,1,4,0,No Line,0.0,none,-1,11,13,1,post,Final,Final,,,,,,,,,,,,,0,,,,,,none,815150
814774,2026-05-28,20:05,2026,Tacoma Rainiers,Las Vegas Aviators,Gabe Mosser,Mason Barnett,682077.0,686930.0,schedule_probable_pitcher,1,4,5,0,2,0,0,1,1,0,1,0,1,1,5,0,No Line,0.0,none,-1,6,14,1,post,Final,Final,,,,,,,,,,,,,0,,,,,,none,814774
816949,2026-05-29,16:05,2026,Buffalo Bisons,Lehigh Valley IronPigs,Richard Gallardo,Chuck King,682620.0,666155.0,schedule_probable_pitcher,1,4,5,1,0,0,0,0,2,0,0,0,0,1,2,0,No Line,0.0,none,-1,4,8,1,post,Final,Final,,,,,,,,,,,,,0,,,,,,none,816949
816056,2026-05-29,16:35,2026,Norfolk Tides,Durham Bulls,,Joe Boyle,,671212.0,schedule_probable_pitcher,1,4,7,2,0,1,0,1,0,0,0,0,0,4,0,0,No Line,0.0,none,-1,4,7,1,post,Final,Final,,,,,,,,,,,,,0,,,,,,none,816056
815900,2026-05-29,16:45,2026,Rochester Red Wings,Syracuse Mets,Jackson Kent,Xzavion Curry,800600.0,675540.0,schedule_probable_pitcher,1,9,8,1,0,0,0,2,7,2,0,0,0,5,7,0,No Line,0.0,none,-1,13,11,1,post,Final,Final,,,,,,,,,,,,,0,,,,,,none,815900
816870,2026-05-29,17:04,2026,Charlotte Knights,Jacksonville Jumbo Shrimp,Duncan Davitt,Bradley Blalock,701474.0,687134.0,schedule_probable_pitcher,1,12,4,1,0,0,2,3,0,6,0,2,0,12,2,0,No Line,0.0,none,-1,12,7,1,post,Final,Final,,,,,,,,,,,,,0,,,,,,none,816870
815600,2026-05-29,17:05,2026,Toledo Mud Hens,Columbus Clippers,Carl Edwards Jr.,Ryan Webb,605218.0,669067.0,schedule_probable_pitcher,1,7,10,0,4,0,2,0,0,4,1,2,0,6,7,0,No Line,0.0,none,-1,11,14,1,post,Final,Final,,,,,,,,,,,,,0,,,,,,none,815600
815821,2026-05-29,17:05,2026,Scranton/Wilkes-Barre RailRiders,Worcester Red Sox,Elmer Rodríguez,Michael Sansone,695684.0,806333.0,schedule_probable_pitcher,1,5,6,1,0,0,0,2,3,1,2,0,0,4,5,0,No Line,0.0,none,-1,8,9,1,post,Final,Final,,,,,,,,,,,,,0,,,,,,none,815821
816584,2026-05-29,17:05,2026,Indianapolis Indians,Iowa Cubs,Carson Fulmer,Paul Campbell,608334.0,669294.0,schedule_probable_pitcher,1,3,8,0,0,0,3,0,1,0,0,0,2,0,6,0,No Line,0.0,none,-1,3,15,1,post,Final,Final,,,,,,,,,,,,,0,,,,,,none,816584
816273,2026-05-29,17:15,2026,Louisville Bats,St. Paul Saints,Chase Petty,Aaron Rozek,695534.0,702065.0,schedule_probable_pitcher,1,11,7,0,0,1,0,0,3,4,2,1,1,6,6,0,No Line,0.0,none,-1,14,7,1,post,Final,Final,,,,,,,,,,,,,0,,,,,,none,816273
815973,2026-05-29,17:35,2026,Omaha Storm Chasers,Memphis Redbirds,Ryan Ramsey,Bruce Zimmermann,687547.0,669145.0,schedule_probable_pitcher,1,7,6,1,0,0,0,2,0,0,0,0,0,3,0,0,No Line,0.0,none,-1,12,9,1,post,Final,Final,,,,,,,,,,,,,0,,,,,,none,815973
816121,2026-05-29,17:35,2026,Nashville Sounds,Gwinnett Stripers,Robert Gasser,Victor Mederos,688107.0,682989.0,schedule_probable_pitcher,1,4,3,0,2,0,0,2,0,0,0,0,0,2,2,0,No Line,0.0,none,-1,8,6,1,post,Final,Final,,,,,,,,,,,,,0,,,,,,none,816121
814848,2026-05-29,18:05,2026,Sugar Land Space Cowboys,Oklahoma City Comets,Hunter Brown,Logan Allen,686613.0,663531.0,schedule_probable_pitcher,1,1,6,1,0,0,1,0,0,0,0,0,0,1,1,0,No Line,0.0,none,-1,6,7,1,post,Final,Final,,,,,,,,,,,,,0,,,,,,none,814848
815072,2026-05-29,18:05,2026,Round Rock Express,Salt Lake Bees,Austin Bergner,Caden Dana,666123.0,702674.0,schedule_probable_pitcher,1,5,7,0,0,0,0,2,0,0,6,1,0,3,6,0,No Line,0.0,none,-1,8,9,1,post,Final,Final,,,,,,,,,,,,,0,,,,,,none,815072
815451,2026-05-29,18:35,2026,Albuquerque Isotopes,El Paso Chihuahuas,Erasmo Ramírez,Marco Gonzales,541640.0,594835.0,schedule_probable_pitcher,1,13,8,0,0,3,2,1,0,2,5,7,0,13,7,0,No Line,0.0,none,-1,19,11,1,post,Final,Final,,,,,,,,,,,,,0,,,,,,none,815451
815149,2026-05-29,19:35,2026,Reno Aces,Sacramento River Cats,Mitch Bratt,Spencer Bivens,683352.0,702352.0,schedule_probable_pitcher,1,5,3,0,0,0,2,1,0,0,0,0,0,1,2,0,No Line,0.0,none,-1,9,8,1,post,Final,Final,,,,,,,,,,,,,0,,,,,,none,815149
814772,2026-05-29,20:05,2026,Tacoma Rainiers,Las Vegas Aviators,Jhonathan Díaz,Joey Estes,646242.0,683155.0,schedule_probable_pitcher,1,1,2,0,0,0,0,0,0,1,1,0,0,1,1,0,No Line,0.0,none,-1,7,5,1,post,Final,Final,,,,,,,,,,,,,0,,,,,,none,814772
816952,2026-05-30,11:05,2026,Buffalo Bisons,Lehigh Valley IronPigs,Grant Rogers,,814804.0,,schedule_probable_pitcher,1,6,5,0,0,0,0,1,0,0,0,2,0,3,0,0,No Line,0.0,none,-1,10,10,1,post,Final,Final,,,,,,,,,,,,,0,,,,,,none,816952
816874,2026-05-30,16:05,2026,Charlotte Knights,Jacksonville Jumbo Shrimp,Jonathan Cannon,Patrick Monteverde,686563.0,687287.0,schedule_probable_pitcher,1,6,15,1,0,2,2,0,1,0,0,2,0,5,3,0,No Line,0.0,none,-1,14,11,1,post,Final,Final,,,,,,,,,,,,,0,,,,,,none,816874
815824,2026-05-30,16:35,2026,Scranton/Wilkes-Barre RailRiders,Worcester Red Sox,Brendan Beck,Raymond Burgos,694341.0,670103.0,schedule_probable_pitcher,1,7,2,0,0,0,0,3,0,2,0,0,0,5,0,0,No Line,0.0,none,-1,13,7,1,post,Final,Final,,,,,,,,,,,,,0,,,,,,none,815824
816054,2026-05-30,16:35,2026,Norfolk Tides,Durham Bulls,Trace Bright,Ty Johnson,687238.0,694494.0,schedule_probable_pitcher,1,8,5,1,0,1,0,0,0,0,2,0,0,2,2,0,No Line,0.0,none,-1,7,9,1,post,Final,Final,,,,,,,,,,,,,0,,,,,,none,816054
816569,2026-05-30,16:35,2026,Indianapolis Indians,Iowa Cubs,Noah Davis,,663562.0,,schedule_probable_pitcher,1,14,5,1,0,0,2,0,1,1,2,5,0,7,5,0,No Line,0.0,none,-1,10,8,1,post,Final,Final,,,,,,,,,,,,,0,,,,,,none,816569
815902,2026-05-30,16:45,2026,Rochester Red Wings,Syracuse Mets,,Zach Peek,,686745.0,schedule_probable_pitcher,1,5,3,0,0,0,0,1,0,0,0,0,0,1,0,0,No Line,0.0,none,-1,12,9,1,post,Final,Final,,,,,,,,,,,,,0,,,,,,none,815902
814849,2026-05-30,17:05,2026,Sugar Land Space Cowboys,Oklahoma City Comets,Ryan Weiss,Charlie Barnes,680802.0,656212.0,schedule_probable_pitcher,1,1,9,0,1,0,0,0,3,1,3,0,1,1,8,0,No Line,0.0,none,-1,5,10,1,post,Final,Final,,,,,,,,,,,,,0,,,,,,none,814849
815074,2026-05-30,17:05,2026,Round Rock Express,Salt Lake Bees,Trey Supak,Alek Manoah,657022.0,666201.0,schedule_probable_pitcher,1,7,4,2,0,0,0,2,0,0,0,2,2,6,2,0,No Line,0.0,none,-1,7,9,1,post,Final,Final,,,,,,,,,,,,,0,,,,,,none,815074
815597,2026-05-30,17:05,2026,Toledo Mud Hens,Columbus Clippers,Sawyer Gipson-Long,Pedro Avila,687830.0,658648.0,schedule_probable_pitcher,1,1,3,0,2,1,0,0,0,0,0,0,0,1,2,0,No Line,0.0,none,-1,3,6,1,post,Final,Final,,,,,,,,,,,,,0,,,,,,none,815597
815974,2026-05-30,17:05,2026,Omaha Storm Chasers,Memphis Redbirds,,Brycen Mautz,,802408.0,schedule_probable_pitcher,1,1,13,0,0,0,3,0,1,0,2,1,0,1,6,0,No Line,0.0,none,-1,5,19,1,post,Final,Final,,,,,,,,,,,,,0,,,,,,none,815974
816272,2026-05-30,17:15,2026,Louisville Bats,St. Paul Saints,,Marco Raya,,694397.0,schedule_probable_pitcher,1,2,7,1,0,1,0,0,3,0,0,0,3,2,6,0,No Line,0.0,none,-1,4,12,1,post,Final,Final,,,,,,,,,,,,,0,,,,,,none,816272
816123,2026-05-30,17:35,2026,Nashville Sounds,Gwinnett Stripers,Thomas Pannone,JR Ritchie,623381.0,702275.0,schedule_probable_pitcher,1,8,3,6,0,0,1,0,0,0,0,2,1,8,2,0,No Line,0.0,none,-1,7,8,1,post,Final,Final,,,,,,,,,,,,,0,,,,,,none,816123
815446,2026-05-30,18:35,2026,Albuquerque Isotopes,El Paso Chihuahuas,,JP Sears,,676664.0,schedule_probable_pitcher,1,7,13,0,1,1,0,0,1,2,6,0,4,3,12,0,No Line,0.0,none,-1,9,9,1,post,Final,Final,,,,,,,,,,,,,0,,,,,,none,815446
814773,2026-05-30,19:05,2026,Tacoma Rainiers,Las Vegas Aviators,Houston Roth,Braden Nett,674175.0,804556.0,schedule_probable_pitcher,1,3,6,0,0,0,0,0,2,1,0,0,1,1,3,0,No Line,0.0,none,-1,4,9,1,post,Final,Final,,,,,,,,,,,,,0,,,,,,none,814773
815146,2026-05-30,19:35,2026,Reno Aces,Sacramento River Cats,Yu-Min Lin,John Michael Bertrand,801179.0,802609.0,schedule_probable_pitcher,1,6,4,0,0,1,0,2,0,3,0,0,2,6,2,0,No Line,0.0,none,-1,8,12,1,post,Final,Final,,,,,,,,,,,,,0,,,,,,none,815146
815901,2026-05-31,11:05,2026,Rochester Red Wings,Syracuse Mets,Andry Lara,Jack Weisenburger,691251.0,674073.0,schedule_probable_pitcher,1,6,11,0,0,0,0,0,0,1,6,0,1,1,7,0,No Line,0.0,none,-1,8,11,1,post,Final,Final,,,,,,,,,,,,,0,,,,,,none,815901
816042,2026-05-31,11:05,2026,Norfolk Tides,Durham Bulls,Christian Herberholz,Mason Englert,815179.0,669438.0,schedule_probable_pitcher,1,6,7,2,1,0,0,2,0,0,3,0,1,4,5,0,No Line,0.0,none,-1,10,13,1,post,Final,Final,,,,,,,,,,,,,0,,,,,,none,816042
816268,2026-05-31,11:05,2026,Louisville Bats,St. Paul Saints,Sam Benschoter,Trent Baker,680397.0,694536.0,schedule_probable_pitcher,1,0,3,0,0,0,1,0,0,0,0,0,0,0,1,0,No Line,0.0,none,-1,5,9,1,post,Final,Final,,,,,,,,,,,,,0,,,,,,none,816268
816866,2026-05-31,11:05,2026,Charlotte Knights,Jacksonville Jumbo Shrimp,Joe Rock,Christian MacLeod,697812.0,681306.0,schedule_probable_pitcher,1,5,6,0,1,0,0,0,0,2,0,0,1,2,2,0,No Line,0.0,none,-1,8,13,1,post,Final,Final,,,,,,,,,,,,,0,,,,,,none,816866
816953,2026-05-31,11:05,2026,Buffalo Bisons,Lehigh Valley IronPigs,,,,,schedule,0,5,8,0,0,0,0,3,0,0,0,2,3,5,3,0,No Line,0.0,none,-1,6,5,1,post,Final,Final,,,,,,,,,,,,,0,,,,,,none,816953
815826,2026-05-31,11:35,2026,Scranton/Wilkes-Barre RailRiders,Worcester Red Sox,Adam Kloffenstein,Alec Gamboa,680572.0,687941.0,schedule_probable_pitcher,1,1,0,1,0,0,0,0,0,0,0,0,0,1,0,0,No Line,0.0,none,-1,4,3,1,post,Final,Final,,,,,,,,,,,,,0,,,,,,none,815826
816570,2026-05-31,11:35,2026,Indianapolis Indians,Iowa Cubs,José Urquidy,,664353.0,,schedule_probable_pitcher,1,8,1,0,0,1,0,0,0,0,0,2,0,3,0,0,No Line,0.0,none,-1,10,4,1,post,Final,Final,,,,,,,,,,,,,0,,,,,,none,816570
815070,2026-05-31,12:05,2026,Round Rock Express,Salt Lake Bees,Jose Corniell,George Klassen,692030.0,691946.0,schedule_probable_pitcher,1,6,8,0,3,1,1,0,0,1,0,0,2,2,6,0,No Line,0.0,none,-1,7,10,1,post,Final,Final,,,,,,,,,,,,,0,,,,,,none,815070
815595,2026-05-31,12:05,2026,Toledo Mud Hens,Columbus Clippers,Dylan File,Logan Allen,668766.0,671106.0,schedule_probable_pitcher,1,4,6,0,4,1,0,0,0,3,0,0,0,4,4,0,No Line,0.0,none,-1,8,8,1,post,Final,Final,,,,,,,,,,,,,0,,,,,,none,815595
816120,2026-05-31,12:05,2026,Nashville Sounds,Gwinnett Stripers,Garrett Stallings,Austin Gomber,668831.0,596295.0,schedule_probable_pitcher,1,4,3,0,0,1,2,0,0,0,0,0,0,1,2,0,No Line,0.0,none,-1,6,8,1,post,Final,Final,,,,,,,,,,,,,0,,,,,,none,816120
814847,2026-05-31,13:05,2026,Sugar Land Space Cowboys,Oklahoma City Comets,Brandon McPherson,Cole Irvin,835483.0,608344.0,schedule_probable_pitcher,1,1,5,0,0,0,0,0,0,1,1,0,0,1,1,0,No Line,0.0,none,-1,5,9,1,post,Final,Final,,,,,,,,,,,,,0,,,,,,none,814847
815447,2026-05-31,13:35,2026,Albuquerque Isotopes,El Paso Chihuahuas,Sean Sullivan,Fernando Sanchez,807743.0,685719.0,schedule_probable_pitcher,1,8,7,0,0,0,1,0,0,0,2,0,0,0,3,0,No Line,0.0,none,-1,9,9,1,post,Final,Final,,,,,,,,,,,,,0,,,,,,none,815447
815151,2026-05-31,14:05,2026,Reno Aces,Sacramento River Cats,Thomas Hatch,Carson Whisenhunt,641672.0,687931.0,schedule_probable_pitcher,1,11,13,0,3,0,0,0,0,0,0,5,0,5,3,0,No Line,0.0,none,-1,15,13,1,post,Final,Final,,,,,,,,,,,,,0,,,,,,none,815151
814776,2026-05-31,14:35,2026,Tacoma Rainiers,Las Vegas Aviators,Casey Lawrence,Yunior Tur,596271.0,814305.0,schedule_probable_pitcher,1,3,5,0,0,2,0,0,0,0,0,0,0,2,0,0,No Line,0.0,none,-1,7,9,1,post,Final,Final,,,,,,,,,,,,,0,,,,,,none,814776
815972,2026-05-31,16:05,2026,Omaha Storm Chasers,Memphis Redbirds,Mitch Spence,Scott Blewett,687765.0,656240.0,schedule_probable_pitcher,1,5,6,1,0,1,1,0,0,0,1,1,0,3,2,0,No Line,0.0,none,-1,8,14,1,post,Final,Final,,,,,,,,,,,,,0,,,,,,none,815972
815523,2026-06-02,16:05,2026,Worcester Red Sox,Buffalo Bisons,,CJ Van Eyk,,669310.0,schedule_probable_pitcher,1,3,2,0,0,0,0,1,0,0,0,0,0,1,0,0,No Line,0.0,none,-1,3,5,1,post,Final,Final,,,,,,,,,,,,,0,,,,,,none,815523
815670,2026-06-02,16:35,2026,Syracuse Mets,Scranton/Wilkes-Barre RailRiders,Zach Thornton,Dom Hamel,804267.0,687589.0,schedule_probable_pitcher,1,5,6,0,0,0,0,1,1,1,1,0,0,2,2,0,No Line,0.0,none,-1,6,11,1,post,Final,Final,,,,,,,,,,,,,0,,,,,,none,815670
816651,2026-06-02,16:35,2026,Gwinnett Stripers,Norfolk Tides,Owen Murphy,Yaqui Rivera,702566.0,700072.0,schedule_probable_pitcher,1,6,4,3,2,1,0,0,0,1,0,0,0,5,2,0,No Line,0.0,none,-1,12,8,1,post,Final,Final,,,,,,,,,,,,,0,,,,,,none,816651
816350,2026-06-02,16:45,2026,Lehigh Valley IronPigs,Rochester Red Wings,Drake Fellows,Zach Penrod,666148.0,683068.0,schedule_probable_pitcher,1,7,8,0,2,0,0,0,0,3,0,0,0,3,2,0,No Line,0.0,none,-1,10,8,1,post,Final,Final,,,,,,,,,,,,,0,,,,,,none,816350
816725,2026-06-02,16:45,2026,Durham Bulls,Charlotte Knights,Michael Grove,Hagen Smith,675627.0,696146.0,schedule_probable_pitcher,1,1,6,0,0,0,0,1,0,0,3,0,0,1,3,0,No Line,0.0,none,-1,5,11,1,post,Final,Final,,,,,,,,,,,,,0,,,,,,none,816725
816418,2026-06-02,17:05,2026,Jacksonville Jumbo Shrimp,Nashville Sounds,Dax Fulton,,690978.0,,schedule_probable_pitcher,1,6,2,0,1,2,0,0,0,2,1,2,0,6,2,0,No Line,0.0,none,-1,8,3,1,post,Final,Final,,,,,,,,,,,,,0,,,,,,none,816418
816803,2026-06-02,17:05,2026,Columbus Clippers,Omaha Storm Chasers,Daniel Espino,Henry Williams,682982.0,689275.0,schedule_probable_pitcher,1,9,8,1,2,1,3,0,0,0,0,3,1,5,6,0,No Line,0.0,none,-1,11,13,1,post,Final,Final,,,,,,,,,,,,,0,,,,,,none,816803
816502,2026-06-02,17:38,2026,Iowa Cubs,Toledo Mud Hens,Ty Blach,Justin Verlander,621389.0,434378.0,schedule_probable_pitcher,1,1,16,0,2,0,0,0,3,0,0,0,8,0,13,0,No Line,0.0,none,-1,6,19,1,post,Final,Final,,,,,,,,,,,,,0,,,,,,none,816502
815223,2026-06-02,18:05,2026,Oklahoma City Comets,Round Rock Express,Christian Romero,,699071.0,,schedule_probable_pitcher,1,2,3,0,0,0,1,0,0,0,1,2,1,2,3,0,No Line,0.0,none,-1,3,9,1,post,Final,Final,,,,,,,,,,,,,0,,,,,,none,815223
816206,2026-06-02,18:05,2026,Memphis Redbirds,Louisville Bats,,Rhett Lowder,,695076.0,schedule_probable_pitcher,1,5,6,2,1,0,0,0,2,0,1,1,0,3,4,0,No Line,0.0,none,-1,8,7,1,post,Final,Final,,,,,,,,,,,,,0,,,,,,none,816206
815746,2026-06-02,18:07,2026,St. Paul Saints,Indianapolis Indians,Aaron Rozek,Hunter Barco,702065.0,682995.0,schedule_probable_pitcher,1,7,6,1,0,0,0,3,0,1,0,1,0,6,0,0,No Line,0.0,none,-1,10,8,1,post,Final,Final,,,,,,,,,,,,,0,,,,,,none,815746
814922,2026-06-02,18:35,2026,Salt Lake Bees,Albuquerque Isotopes,Brett Kerry,Valente Bellozo,695049.0,678368.0,schedule_probable_pitcher,1,7,4,0,0,0,0,0,0,0,1,6,1,6,2,0,No Line,0.0,none,-1,12,7,1,post,Final,Final,,,,,,,,,,,,,0,,,,,,none,814922
815380,2026-06-02,18:35,2026,El Paso Chihuahuas,Sugar Land Space Cowboys,,Jason Alexander,,669920.0,schedule_probable_pitcher,1,2,7,0,0,0,0,0,0,1,0,0,4,1,4,0,No Line,0.0,none,-1,10,10,1,post,Final,Final,,,,,,,,,,,,,0,,,,,,none,815380
814999,2026-06-02,19:45,2026,Sacramento River Cats,Tacoma Rainiers,Blade Tidwell,Randy Dobnak,694918.0,677976.0,schedule_probable_pitcher,1,1,6,1,0,0,0,0,2,0,0,0,0,1,2,0,No Line,0.0,none,-1,5,12,1,post,Final,Final,,,,,,,,,,,,,0,,,,,,none,814999
815306,2026-06-02,20:05,2026,Las Vegas Aviators,Reno Aces,Brady Basso,,669620.0,,schedule_probable_pitcher,1,7,15,1,3,2,3,0,0,1,0,0,5,4,11,0,No Line,0.0,none,-1,13,16,1,post,Final,Final,,,,,,,,,,,,,0,,,,,,none,815306
815525,2026-06-03,09:05,2026,Worcester Red Sox,Buffalo Bisons,Jack Anderson,Josh Fleming,681252.0,676596.0,schedule_probable_pitcher,1,0,12,0,0,0,0,0,0,0,0,0,0,0,0,0,No Line,0.0,none,-1,3,13,1,post,Final,Final,,,,,,,,,,,,,0,,,,,,none,815525
816645,2026-06-03,10:05,2026,Gwinnett Stripers,Norfolk Tides,Elieser Hernández,Trey Gibson,622694.0,694346.0,schedule_probable_pitcher,1,4,6,0,2,2,0,0,0,0,0,0,1,2,3,0,No Line,0.0,none,-1,8,10,1,post,Final,Final,,,,,,,,,,,,,0,,,,,,none,816645
816200,2026-06-03,11:05,2026,Memphis Redbirds,Louisville Bats,,Darren McCaughan,,670766.0,schedule_probable_pitcher,1,18,4,3,0,0,0,1,2,0,0,1,0,5,2,0,No Line,0.0,none,-1,13,11,1,post,Final,Final,,,,,,,,,,,,,0,,,,,,none,816200
816493,2026-06-03,11:08,2026,Iowa Cubs,Toledo Mud Hens,Javier Assad,Troy Watson,665871.0,681890.0,schedule_probable_pitcher,1,2,10,0,0,0,0,0,1,0,0,0,1,0,2,0,No Line,0.0,none,-1,6,9,1,post,Final,Final,,,,,,,,,,,,,0,,,,,,none,816493
815742,2026-06-03,12:07,2026,St. Paul Saints,Indianapolis Indians,,Jarod Bayless,,663681.0,schedule_probable_pitcher,1,10,1,4,0,0,0,0,0,0,0,0,0,4,0,0,No Line,0.0,none,-1,14,5,1,post,Final,Final,,,,,,,,,,,,,0,,,,,,none,815742
815673,2026-06-03,14:05,2026,Syracuse Mets,Scranton/Wilkes-Barre RailRiders,Kodai Senga,Rafael Montero,673540.0,606160.0,schedule_probable_pitcher,1,3,6,0,0,0,0,0,3,0,0,0,0,0,3,0,No Line,0.0,none,-1,4,10,1,post,Final,Final,,,,,,,,,,,,,0,,,,,,none,815673
815685,2026-06-03,14:10,2026,Syracuse Mets,Scranton/Wilkes-Barre RailRiders,,Zach Messinger,,684725.0,schedule_probable_pitcher,1,13,2,1,0,0,0,4,0,0,1,0,0,5,1,0,No Line,0.0,none,-1,10,4,1,post,Final,Final,,,,,,,,,,,,,0,,,,,,none,815685
816347,2026-06-03,16:45,2026,Lehigh Valley IronPigs,Rochester Red Wings,Tucker Davidson,Chandler Champlain,656353.0,669441.0,schedule_probable_pitcher,1,3,5,0,0,1,5,0,0,0,0,2,0,3,5,0,No Line,0.0,none,-1,5,10,1,post,Final,Final,,,,,,,,,,,,,0,,,,,,none,816347
816715,2026-06-03,16:45,2026,Durham Bulls,Charlotte Knights,,Duncan Davitt,,701474.0,schedule_probable_pitcher,1,7,18,0,0,0,2,1,0,3,0,1,2,5,4,0,No Line,0.0,none,-1,5,20,1,post,Final,Final,,,,,,,,,,,,,0,,,,,,none,816715
816424,2026-06-03,17:05,2026,Jacksonville Jumbo Shrimp,Nashville Sounds,Braxton Garrett,Tyson Hardin,666129.0,824620.0,schedule_probable_pitcher,1,3,2,0,0,0,0,0,1,3,0,0,0,3,1,0,No Line,0.0,none,-1,7,6,1,post,Final,Final,,,,,,,,,,,,,0,,,,,,none,816424
816799,2026-06-03,17:05,2026,Columbus Clippers,Omaha Storm Chasers,Kolby Allard,Ben Sears,663465.0,700786.0,schedule_probable_pitcher,1,5,4,0,0,1,0,1,0,0,0,2,0,4,0,0,No Line,0.0,none,-1,8,11,1,post,Final,Final,,,,,,,,,,,,,0,,,,,,none,816799
815222,2026-06-03,18:05,2026,Oklahoma City Comets,Round Rock Express,Jackson Ferris,,701328.0,,schedule_probable_pitcher,1,5,9,0,0,1,0,1,3,1,0,0,2,3,5,0,No Line,0.0,none,-1,10,12,1,post,Final,Final,,,,,,,,,,,,,0,,,,,,none,815222
814915,2026-06-03,18:35,2026,Salt Lake Bees,Albuquerque Isotopes,Tayler Saucedo,Domingo Acevedo,642048.0,642758.0,schedule_probable_pitcher,1,13,14,2,0,0,1,0,0,1,4,1,1,4,6,0,No Line,0.0,none,-1,13,15,1,post,Final,Final,,,,,,,,,,,,,0,,,,,,none,814915
815374,2026-06-03,18:35,2026,El Paso Chihuahuas,Sugar Land Space Cowboys,Evan Fitterer,Colton Gordon,683157.0,676467.0,schedule_probable_pitcher,1,8,15,1,0,1,0,1,1,0,5,1,1,4,7,0,No Line,0.0,none,-1,14,13,1,post,Final,Final,,,,,,,,,,,,,0,,,,,,none,815374
814992,2026-06-03,19:45,2026,Sacramento River Cats,Tacoma Rainiers,Matt Wilkinson,Gabe Mosser,683363.0,682077.0,schedule_probable_pitcher,1,1,5,1,0,0,2,0,0,0,0,0,1,1,3,0,No Line,0.0,none,-1,7,8,1,post,Final,Final,,,,,,,,,,,,,0,,,,,,none,814992
815295,2026-06-03,20:05,2026,Las Vegas Aviators,Reno Aces,Joey Estes,Kohl Drake,683155.0,684442.0,schedule_probable_pitcher,1,2,4,0,0,1,0,1,0,0,3,0,0,2,3,0,No Line,0.0,none,-1,9,7,1,post,Final,Final,,,,,,,,,,,,,0,,,,,,none,815295
816804,2026-06-04,10:05,2026,Columbus Clippers,Omaha Storm Chasers,Austin Peterson,Ryan Ramsey,804926.0,687547.0,schedule_probable_pitcher,1,4,6,0,0,1,0,0,0,0,0,0,2,1,2,0,No Line,0.0,none,-1,5,11,1,post,Final,Final,,,,,,,,,,,,,0,,,,,,none,816804
815527,2026-06-04,16:05,2026,Worcester Red Sox,Buffalo Bisons,Devin Sweet,Dylan Cease,682967.0,656302.0,schedule_probable_pitcher,1,5,1,0,0,3,0,2,0,0,0,0,0,5,0,0,No Line,0.0,none,-1,10,6,1,post,Final,Final,,,,,,,,,,,,,0,,,,,,none,815527
815669,2026-06-04,16:35,2026,Syracuse Mets,Scranton/Wilkes-Barre RailRiders,Xzavion Curry,Elmer Rodríguez,675540.0,695684.0,schedule_probable_pitcher,1,3,2,0,0,0,0,0,1,0,1,2,0,2,2,0,No Line,0.0,none,-1,9,6,1,post,Final,Final,,,,,,,,,,,,,0,,,,,,none,815669
816346,2026-06-04,16:45,2026,Lehigh Valley IronPigs,Rochester Red Wings,,Jackson Kent,,800600.0,schedule_probable_pitcher,1,1,7,0,0,1,0,0,1,0,1,0,2,1,4,0,No Line,0.0,none,-1,4,11,1,post,Final,Final,,,,,,,,,,,,,0,,,,,,none,816346
816718,2026-06-04,16:45,2026,Durham Bulls,Charlotte Knights,Brody Hopkins,Shane Murphy,811315.0,690294.0,schedule_probable_pitcher,1,6,11,1,1,3,4,1,0,0,0,0,0,5,5,0,No Line,0.0,none,-1,12,11,1,post,Final,Final,,,,,,,,,,,,,0,,,,,,none,816718
816423,2026-06-04,17:05,2026,Jacksonville Jumbo Shrimp,Nashville Sounds,Brandon White,Brett Wichrowski,681449.0,814489.0,schedule_probable_pitcher,1,3,8,0,0,0,0,0,6,1,0,0,0,1,6,0,No Line,0.0,none,-1,4,13,1,post,Final,Final,,,,,,,,,,,,,0,,,,,,none,816423
816652,2026-06-04,17:05,2026,Gwinnett Stripers,Norfolk Tides,Anthony Molina,Nestor German,683627.0,815148.0,schedule_probable_pitcher,1,3,4,0,0,1,0,0,0,2,0,0,2,3,2,0,No Line,0.0,none,-1,7,9,1,post,Final,Final,,,,,,,,,,,,,0,,,,,,none,816652
815224,2026-06-04,18:05,2026,Oklahoma City Comets,Round Rock Express,River Ryan,,689981.0,,schedule_probable_pitcher,1,5,4,1,0,0,0,1,0,0,4,3,0,5,4,0,No Line,0.0,none,-1,8,8,1,post,Final,Final,,,,,,,,,,,,,0,,,,,,none,815224
816201,2026-06-04,18:05,2026,Memphis Redbirds,Louisville Bats,,Chase Petty,,695534.0,schedule_probable_pitcher,1,2,0,0,0,0,0,0,0,2,0,0,0,2,0,0,No Line,0.0,none,-1,5,1,1,post,Final,Final,,,,,,,,,,,,,0,,,,,,none,816201
815745,2026-06-04,18:07,2026,St. Paul Saints,Indianapolis Indians,Austin Voth,Noah Davis,608723.0,663562.0,schedule_probable_pitcher,1,7,4,4,3,0,0,1,0,0,0,1,0,6,3,0,No Line,0.0,none,-1,11,6,1,post,Final,Final,,,,,,,,,,,,,0,,,,,,none,815745
814918,2026-06-04,18:35,2026,Salt Lake Bees,Albuquerque Isotopes,Taijuan Walker,Erasmo Ramírez,592836.0,541640.0,schedule_probable_pitcher,1,15,3,0,0,5,0,4,0,0,0,1,3,10,3,0,No Line,0.0,none,-1,19,8,1,post,Final,Final,,,,,,,,,,,,,0,,,,,,none,814918
815376,2026-06-04,18:35,2026,El Paso Chihuahuas,Sugar Land Space Cowboys,Marco Gonzales,Hunter Brown,594835.0,686613.0,schedule_probable_pitcher,1,1,4,0,0,0,0,0,0,0,0,1,3,1,3,0,No Line,0.0,none,-1,7,11,1,post,Final,Final,,,,,,,,,,,,,0,,,,,,none,815376
814996,2026-06-04,19:45,2026,Sacramento River Cats,Tacoma Rainiers,Carson Seymour,Jhonathan Díaz,693313.0,646242.0,schedule_probable_pitcher,1,7,3,0,1,0,0,0,0,0,1,0,0,0,2,0,No Line,0.0,none,-1,12,9,1,post,Final,Final,,,,,,,,,,,,,0,,,,,,none,814996
815298,2026-06-04,20:05,2026,Las Vegas Aviators,Reno Aces,Chen Zhong-Ao Zhuang,Tommy Henry,800018.0,674072.0,schedule_probable_pitcher,1,5,4,0,0,0,2,1,0,2,0,1,0,4,2,0,No Line,0.0,none,-1,10,7,1,post,Final,Final,,,,,,,,,,,,,0,,,,,,none,815298
815526,2026-06-05,16:05,2026,Worcester Red Sox,Buffalo Bisons,Raymond Burgos,Max Scherzer,670103.0,453286.0,schedule_probable_pitcher,1,6,3,0,0,0,0,2,0,1,1,2,0,5,1,0,No Line,0.0,none,-1,12,5,1,post,Final,Final,,,,,,,,,,,,,0,,,,,,none,815526
815671,2026-06-05,16:35,2026,Syracuse Mets,Scranton/Wilkes-Barre RailRiders,Jack Wenninger,Brendan Beck,811307.0,694341.0,schedule_probable_pitcher,1,0,4,0,0,0,2,0,0,0,0,0,1,0,3,0,No Line,0.0,none,-1,0,6,1,post,Final,Final,,,,,,,,,,,,,0,,,,,,none,815671
816351,2026-06-05,16:45,2026,Lehigh Valley IronPigs,Rochester Red Wings,Chuck King,Luis Perales,666155.0,691384.0,schedule_probable_pitcher,1,4,2,0,0,0,0,0,0,1,0,1,2,2,2,0,No Line,0.0,none,-1,8,7,1,post,Final,Final,,,,,,,,,,,,,0,,,,,,none,816351
816717,2026-06-05,16:45,2026,Durham Bulls,Charlotte Knights,,Jonathan Cannon,,686563.0,schedule_probable_pitcher,1,3,4,0,0,0,0,0,1,1,0,2,0,3,1,0,No Line,0.0,none,-1,8,7,1,post,Final,Final,,,,,,,,,,,,,0,,,,,,none,816717
816425,2026-06-05,17:05,2026,Jacksonville Jumbo Shrimp,Nashville Sounds,Bradley Blalock,Thomas Pannone,687134.0,623381.0,schedule_probable_pitcher,1,4,3,0,0,0,0,0,0,0,2,0,0,0,2,0,No Line,0.0,none,-1,7,5,1,post,Final,Final,,,,,,,,,,,,,0,,,,,,none,816425
816649,2026-06-05,17:05,2026,Gwinnett Stripers,Norfolk Tides,JR Ritchie,Trace Bright,702275.0,687238.0,schedule_probable_pitcher,1,7,2,3,0,0,1,0,0,0,0,0,1,3,2,0,No Line,0.0,none,-1,11,4,1,post,Final,Final,,,,,,,,,,,,,0,,,,,,none,816649
816801,2026-06-05,17:05,2026,Columbus Clippers,Omaha Storm Chasers,Ryan Webb,Mitch Spence,669067.0,687765.0,schedule_probable_pitcher,1,2,11,0,0,0,1,0,0,1,0,0,6,1,7,0,No Line,0.0,none,-1,3,12,1,post,Final,Final,,,,,,,,,,,,,0,,,,,,none,816801
815225,2026-06-05,18:05,2026,Oklahoma City Comets,Round Rock Express,Logan Allen,,663531.0,,schedule_probable_pitcher,1,4,6,0,0,0,0,0,4,0,1,0,0,0,5,0,No Line,0.0,none,-1,10,11,1,post,Final,Final,,,,,,,,,,,,,0,,,,,,none,815225
816198,2026-06-05,18:05,2026,Memphis Redbirds,Louisville Bats,,Julian Aguiar,,687924.0,schedule_probable_pitcher,1,0,6,0,0,0,0,0,0,0,0,0,0,0,0,0,No Line,0.0,none,-1,3,10,1,post,Final,Final,,,,,,,,,,,,,0,,,,,,none,816198
815743,2026-06-05,18:07,2026,St. Paul Saints,Indianapolis Indians,Ricky Castro,José Urquidy,690462.0,664353.0,schedule_probable_pitcher,1,3,8,0,1,1,3,0,0,0,1,0,2,1,7,0,No Line,0.0,none,-1,8,14,1,post,Final,Final,,,,,,,,,,,,,0,,,,,,none,815743
816496,2026-06-05,18:08,2026,Iowa Cubs,Toledo Mud Hens,Jordan Wicks,Sawyer Gipson-Long,696136.0,687830.0,schedule_probable_pitcher,1,4,8,0,0,1,3,2,0,0,3,0,0,3,6,0,No Line,0.0,none,-1,8,8,1,post,Final,Final,,,,,,,,,,,,,0,,,,,,none,816496
814919,2026-06-05,18:35,2026,Salt Lake Bees,Albuquerque Isotopes,,,,,schedule,0,1,0,1,0,0,0,0,0,0,0,0,0,1,0,0,No Line,0.0,none,-1,5,6,1,post,Final,Final,,,,,,,,,,,,,0,,,,,,none,814919
815375,2026-06-05,18:35,2026,El Paso Chihuahuas,Sugar Land Space Cowboys,JP Sears,Josh Hendrickson,676664.0,681973.0,schedule_probable_pitcher,1,6,9,0,0,3,3,0,1,0,3,3,2,6,9,0,No Line,0.0,none,-1,9,9,1,post,Final,Final,,,,,,,,,,,,,0,,,,,,none,815375
814997,2026-06-05,19:45,2026,Sacramento River Cats,Tacoma Rainiers,Joe Whitman,Houston Roth,802126.0,674175.0,schedule_probable_pitcher,1,4,0,2,0,0,0,0,0,1,0,0,0,3,0,0,No Line,0.0,none,-1,12,3,1,post,Final,Final,,,,,,,,,,,,,0,,,,,,none,814997
815292,2026-06-05,20:05,2026,Las Vegas Aviators,Reno Aces,Braden Nett,Yu-Min Lin,804556.0,801179.0,schedule_probable_pitcher,1,11,10,0,5,2,0,5,0,0,1,2,0,9,6,0,No Line,0.0,none,-1,13,17,1,post,Final,Final,,,,,,,,,,,,,0,,,,,,none,815292
815522,2026-06-06,14:05,2026,Worcester Red Sox,Buffalo Bisons,,Shane Bieber,,669456.0,schedule_probable_pitcher,1,7,4,2,0,1,0,0,0,0,1,0,1,3,2,0,No Line,0.0,none,-1,9,8,1,post,Final,Final,,,,,,,,,,,,,0,,,,,,none,815522
816497,2026-06-06,15:38,2026,Iowa Cubs,Toledo Mud Hens,,Dylan File,,668766.0,schedule_probable_pitcher,1,7,5,2,2,1,1,4,0,0,1,0,1,7,5,0,No Line,0.0,none,-1,10,9,1,post,Final,Final,,,,,,,,,,,,,0,,,,,,none,816497
816494,2026-06-06,15:43,2026,Iowa Cubs,Toledo Mud Hens,,Ricky Vanasco,,676568.0,schedule_probable_pitcher,1,1,8,1,0,0,1,0,0,0,0,0,1,1,2,0,No Line,0.0,none,-1,6,9,1,post,Final,Final,,,,,,,,,,,,,0,,,,,,none,816494
816653,2026-06-06,16:05,2026,Gwinnett Stripers,Norfolk Tides,Austin Gomber,Christian Herberholz,596295.0,815179.0,schedule_probable_pitcher,1,6,4,1,0,0,1,0,0,2,2,3,1,6,4,0,No Line,0.0,none,-1,7,10,1,post,Final,Final,,,,,,,,,,,,,0,,,,,,none,816653
815665,2026-06-06,16:35,2026,Syracuse Mets,Scranton/Wilkes-Barre RailRiders,Nate Lavender,Adam Kloffenstein,681320.0,680572.0,schedule_probable_pitcher,1,5,0,1,0,0,0,2,0,0,0,0,0,3,0,0,No Line,0.0,none,-1,10,7,1,post,Final,Final,,,,,,,,,,,,,0,,,,,,none,815665
816339,2026-06-06,16:35,2026,Lehigh Valley IronPigs,Rochester Red Wings,Alan Rangel,Andry Lara,660604.0,691251.0,schedule_probable_pitcher,1,3,2,0,0,0,0,0,0,1,0,2,0,3,0,0,No Line,0.0,none,-1,7,5,1,post,Final,Final,,,,,,,,,,,,,0,,,,,,none,816339
816421,2026-06-06,16:35,2026,Jacksonville Jumbo Shrimp,Nashville Sounds,Karson Milbrandt,Garrett Stallings,703596.0,668831.0,schedule_probable_pitcher,1,1,2,0,0,0,0,0,0,0,0,0,0,0,0,0,No Line,0.0,none,-1,8,5,1,post,Final,Final,,,,,,,,,,,,,0,,,,,,none,816421
816716,2026-06-06,16:45,2026,Durham Bulls,Charlotte Knights,,Joe Rock,,697812.0,schedule_probable_pitcher,1,5,7,4,0,0,1,0,2,0,1,0,0,4,4,0,No Line,0.0,none,-1,5,11,1,post,Final,Final,,,,,,,,,,,,,0,,,,,,none,816716
815220,2026-06-06,17:05,2026,Oklahoma City Comets,Round Rock Express,Charlie Barnes,,656212.0,,schedule_probable_pitcher,1,2,9,0,1,0,0,1,0,0,0,0,0,1,1,0,No Line,0.0,none,-1,10,7,1,post,Final,Final,,,,,,,,,,,,,0,,,,,,none,815220
816793,2026-06-06,17:05,2026,Columbus Clippers,Omaha Storm Chasers,Logan Allen,Ben Sears,671106.0,700786.0,schedule_probable_pitcher,1,3,2,0,0,1,0,0,0,0,0,0,1,1,1,0,No Line,0.0,none,-1,4,8,1,post,Final,Final,,,,,,,,,,,,,0,,,,,,none,816793
816196,2026-06-06,17:35,2026,Memphis Redbirds,Louisville Bats,,Davis Daniel,,669721.0,schedule_probable_pitcher,1,3,11,2,0,0,0,0,3,0,0,1,0,3,3,0,No Line,0.0,none,-1,9,12,1,post,Final,Final,,,,,,,,,,,,,0,,,,,,none,816196
815739,2026-06-06,17:37,2026,St. Paul Saints,Indianapolis Indians,Aaron Rozek,Beau Burrows,702065.0,663366.0,schedule_probable_pitcher,1,6,4,1,1,1,0,0,1,0,0,0,0,2,2,0,No Line,0.0,none,-1,8,6,1,post,Final,Final,,,,,,,,,,,,,0,,,,,,none,815739
814920,2026-06-06,18:35,2026,Salt Lake Bees,Albuquerque Isotopes,George Klassen,Sean Sullivan,691946.0,807743.0,schedule_probable_pitcher,1,2,12,2,2,0,1,0,0,0,0,0,1,2,4,0,No Line,0.0,none,-1,3,13,1,post,Final,Final,,,,,,,,,,,,,0,,,,,,none,814920
815369,2026-06-06,18:35,2026,El Paso Chihuahuas,Sugar Land Space Cowboys,Fernando Sanchez,Ryan Weiss,685719.0,680802.0,schedule_probable_pitcher,1,11,2,0,0,4,0,3,0,0,0,2,0,9,0,0,No Line,0.0,none,-1,16,7,1,post,Final,Final,,,,,,,,,,,,,0,,,,,,none,815369
814994,2026-06-06,19:37,2026,Sacramento River Cats,Tacoma Rainiers,Carson Whisenhunt,Casey Lawrence,687931.0,596271.0,schedule_probable_pitcher,1,7,4,0,0,0,0,0,0,0,0,3,2,3,2,0,No Line,0.0,none,-1,11,9,1,post,Final,Final,,,,,,,,,,,,,0,,,,,,none,814994
815293,2026-06-06,20:05,2026,Las Vegas Aviators,Reno Aces,Wei-En Lin,,827734.0,,schedule_probable_pitcher,1,21,10,5,5,5,0,5,0,4,0,0,3,19,8,0,No Line,0.0,none,-1,19,15,1,post,Final,Final,,,,,,,,,,,,,0,,,,,,none,815293
815514,2026-06-07,11:05,2026,Worcester Red Sox,Buffalo Bisons,,Grant Rogers,,814804.0,schedule_probable_pitcher,1,5,3,3,0,1,2,0,0,1,0,0,0,5,2,0,No Line,0.0,none,-1,7,6,1,post,Final,Final,,,,,,,,,,,,,0,,,,,,none,815514
815666,2026-06-07,11:05,2026,Syracuse Mets,Scranton/Wilkes-Barre RailRiders,Daniel Duarte,Dom Hamel,650960.0,687589.0,schedule_probable_pitcher,1,4,3,0,1,0,0,0,0,0,0,0,0,0,1,0,No Line,0.0,none,-1,5,5,1,post,Final,Final,,,,,,,,,,,,,0,,,,,,none,815666
816640,2026-06-07,11:05,2026,Gwinnett Stripers,Norfolk Tides,Owen Murphy,Yaqui Rivera,702566.0,700072.0,schedule_probable_pitcher,1,0,6,0,0,0,0,0,4,0,0,0,1,0,5,0,No Line,0.0,none,-1,5,8,1,post,Final,Final,,,,,,,,,,,,,0,,,,,,none,816640
816794,2026-06-07,11:05,2026,Columbus Clippers,Omaha Storm Chasers,Rorik Maltrud,Henry Williams,702045.0,689275.0,schedule_probable_pitcher,1,9,8,0,4,0,3,1,0,0,1,0,0,1,8,0,No Line,0.0,none,-1,10,9,1,post,Final,Final,,,,,,,,,,,,,0,,,,,,none,816794
816344,2026-06-07,11:15,2026,Lehigh Valley IronPigs,Rochester Red Wings,Drake Fellows,Carson Palmquist,666148.0,687223.0,schedule_probable_pitcher,1,6,7,2,1,0,0,0,3,1,0,0,0,3,4,0,No Line,0.0,none,-1,9,15,1,post,Final,Final,,,,,,,,,,,,,0,,,,,,none,816344
816192,2026-06-07,12:05,2026,Memphis Redbirds,Louisville Bats,,Julian Garcia,,670062.0,schedule_probable_pitcher,1,4,3,0,0,0,0,0,0,1,2,1,0,2,2,0,No Line,0.0,none,-1,7,8,1,post,Final,Final,,,,,,,,,,,,,0,,,,,,none,816192
816419,2026-06-07,12:05,2026,Jacksonville Jumbo Shrimp,Nashville Sounds,Patrick Monteverde,,687287.0,,schedule_probable_pitcher,1,1,3,0,0,0,0,0,0,1,1,0,0,1,1,0,No Line,0.0,none,-1,6,7,1,post,Final,Final,,,,,,,,,,,,,0,,,,,,none,816419
816495,2026-06-07,12:08,2026,Iowa Cubs,Toledo Mud Hens,Ty Blach,Lael Lockhart,621389.0,679712.0,schedule_probable_pitcher,1,0,0,0,0,0,0,0,0,0,0,0,0,0,0,0,No Line,0.0,none,-1,0,0,1,post,Cancelled,Cancelled,,,,,,,,,,,,,0,,,,,,none,816495
815219,2026-06-07,13:05,2026,Oklahoma City Comets,Round Rock Express,Cole Irvin,,608344.0,,schedule_probable_pitcher,1,7,3,2,0,1,0,0,1,0,0,2,1,5,2,0,No Line,0.0,none,-1,11,8,1,post,Final,Final,,,,,,,,,,,,,0,,,,,,none,815219
815296,2026-06-07,13:05,2026,Las Vegas Aviators,Reno Aces,Geoff Hartlieb,Jose Cabrera,664129.0,703615.0,schedule_probable_pitcher,1,4,2,1,0,0,0,2,0,0,0,0,2,3,2,0,No Line,0.0,none,-1,6,5,1,post,Final,Final,,,,,,,,,,,,,0,,,,,,none,815296
815740,2026-06-07,13:07,2026,St. Paul Saints,Indianapolis Indians,John Klein,Isaac Mattson,804619.0,676755.0,schedule_probable_pitcher,1,3,0,0,0,0,0,0,0,1,0,2,0,3,0,0,No Line,0.0,none,-1,8,6,1,post,Final,Final,,,,,,,,,,,,,0,,,,,,none,815740
814991,2026-06-07,14:05,2026,Sacramento River Cats,Tacoma Rainiers,Blade Tidwell,Randy Dobnak,694918.0,677976.0,schedule_probable_pitcher,1,5,3,0,0,1,0,0,0,1,0,0,0,2,0,0,No Line,0.0,none,-1,13,4,1,post,Final,Final,,,,,,,,,,,,,0,,,,,,none,814991
816720,2026-06-07,15:05,2026,Durham Bulls,Charlotte Knights,,Hagen Smith,,696146.0,schedule_probable_pitcher,1,5,12,0,0,0,1,0,1,0,0,1,3,1,5,0,No Line,0.0,none,-1,11,11,1,post,Final,Final,,,,,,,,,,,,,0,,,,,,none,816720
814916,2026-06-07,18:05,2026,Salt Lake Bees,Albuquerque Isotopes,Alek Manoah,Sean Sullivan,666201.0,807743.0,schedule_probable_pitcher,1,10,9,0,0,4,1,0,5,1,0,0,2,5,8,0,No Line,0.0,none,-1,10,12,1,post,Final,Final,,,,,,,,,,,,,0,,,,,,none,814916
815373,2026-06-07,18:05,2026,El Paso Chihuahuas,Sugar Land Space Cowboys,Germán Márquez,Brandon McPherson,608566.0,835483.0,schedule_probable_pitcher,1,11,5,1,0,0,0,0,0,1,0,0,3,2,3,0,No Line,0.0,none,-1,14,10,1,post,Final,Final,,,,,,,,,,,,,0,,,,,,none,815373
814769,2026-06-09,12:35,2026,Tacoma Rainiers,Albuquerque Isotopes,Gabe Mosser,,682077.0,,schedule_probable_pitcher,1,15,3,3,0,0,0,0,0,3,2,6,0,12,2,0,No Line,0.0,none,-1,18,5,1,post,Final,Final,,,,,,,,,,,,,0,,,,,,none,814769
816867,2026-06-09,16:05,2026,Charlotte Knights,Oklahoma City Comets,Shane Murphy,Jackson Ferris,690294.0,701328.0,schedule_probable_pitcher,1,3,6,0,0,1,0,2,0,0,0,0,2,3,2,0,No Line,0.0,none,-1,6,10,1,post,Final,Final,,,,,,,,,,,,,0,,,,,,none,816867
816050,2026-06-09,16:35,2026,Norfolk Tides,Memphis Redbirds,Chris Kachmar,,690148.0,,schedule_probable_pitcher,1,4,11,0,0,0,0,1,0,1,0,0,5,2,5,0,No Line,0.0,none,-1,11,10,1,post,Final,Final,,,,,,,,,,,,,0,,,,,,none,816050
816267,2026-06-09,16:35,2026,Louisville Bats,Iowa Cubs,Darren McCaughan,Doug Nikhazy,670766.0,680951.0,schedule_probable_pitcher,1,2,10,0,3,0,0,0,0,0,4,0,2,0,9,0,No Line,0.0,none,-1,6,12,1,post,Final,Final,,,,,,,,,,,,,0,,,,,,none,816267
816954,2026-06-09,16:35,2026,Buffalo Bisons,Syracuse Mets,CJ Van Eyk,Jonah Tong,669310.0,804636.0,schedule_probable_pitcher,1,7,2,2,1,0,0,2,0,0,0,3,1,7,2,0,No Line,0.0,none,-1,8,6,1,post,Completed Early,Completed Early,,,,,,,,,,,,,0,,,,,,none,816954
815896,2026-06-09,16:45,2026,Rochester Red Wings,Worcester Red Sox,Chandler Champlain,Jack Anderson,669441.0,681252.0,schedule_probable_pitcher,1,5,6,0,0,0,0,0,0,0,0,1,0,1,0,0,No Line,0.0,none,-1,7,8,1,post,Final,Final,,,,,,,,,,,,,0,,,,,,none,815896
815601,2026-06-09,17:05,2026,Toledo Mud Hens,St. Paul Saints,Lael Lockhart,Ryan Gallagher,679712.0,801594.0,schedule_probable_pitcher,1,12,4,3,0,0,0,0,1,4,1,0,0,7,2,0,No Line,0.0,none,-1,14,4,1,post,Final,Final,,,,,,,,,,,,,0,,,,,,none,815601
815822,2026-06-09,17:05,2026,Scranton/Wilkes-Barre RailRiders,Lehigh Valley IronPigs,Elmer Rodríguez,Tucker Davidson,695684.0,656353.0,schedule_probable_pitcher,1,5,2,0,0,0,0,2,0,2,0,1,0,5,0,0,No Line,0.0,none,-1,11,6,1,post,Final,Final,,,,,,,,,,,,,0,,,,,,none,815822
816420,2026-06-09,17:05,2026,Jacksonville Jumbo Shrimp,Gwinnett Stripers,Dax Fulton,Anthony Molina,690978.0,683627.0,schedule_probable_pitcher,1,2,7,0,0,0,0,0,0,0,2,1,0,1,2,0,No Line,0.0,none,-1,2,6,1,post,Final,Final,,,,,,,,,,,,,0,,,,,,none,816420
816574,2026-06-09,17:05,2026,Indianapolis Indians,Columbus Clippers,Noah Davis,Kolby Allard,663562.0,663465.0,schedule_probable_pitcher,1,4,9,2,0,0,3,2,3,0,0,0,0,4,6,0,No Line,0.0,none,-1,4,9,1,post,Completed Early,Completed Early,,,,,,,,,,,,,0,,,,,,none,816574
816124,2026-06-09,17:35,2026,Nashville Sounds,Durham Bulls,Tyson Hardin,Chase Solesky,824620.0,686678.0,schedule_probable_pitcher,1,8,2,0,0,2,0,1,0,0,0,4,0,7,0,0,No Line,0.0,none,-1,10,7,1,post,Final,Final,,,,,,,,,,,,,0,,,,,,none,816124
815069,2026-06-09,17:45,2026,Round Rock Express,El Paso Chihuahuas,Josh Stephan,Marco Gonzales,695776.0,594835.0,schedule_probable_pitcher,1,3,5,0,1,0,1,1,0,0,1,1,0,2,3,0,No Line,0.0,none,-1,8,12,1,post,Final,Final,,,,,,,,,,,,,0,,,,,,none,815069
814851,2026-06-09,18:05,2026,Sugar Land Space Cowboys,Sacramento River Cats,Cristian Javier,Matt Wilkinson,664299.0,683363.0,schedule_probable_pitcher,1,4,5,1,0,0,0,0,0,0,3,0,0,1,3,0,No Line,0.0,none,-1,8,8,1,post,Final,Final,,,,,,,,,,,,,0,,,,,,none,814851
815966,2026-06-09,18:05,2026,Omaha Storm Chasers,Las Vegas Aviators,Kris Bubic,Joey Estes,663460.0,683155.0,schedule_probable_pitcher,1,5,8,0,4,1,2,0,0,0,0,0,0,1,6,0,No Line,0.0,none,-1,5,12,1,post,Final,Final,,,,,,,,,,,,,0,,,,,,none,815966
815143,2026-06-09,19:35,2026,Reno Aces,Salt Lake Bees,Brandon Pfaadt,Brett Kerry,694297.0,695049.0,schedule_probable_pitcher,1,6,4,0,0,1,0,0,0,0,0,3,1,4,1,0,No Line,0.0,none,-1,12,4,1,post,Final,Final,,,,,,,,,,,,,0,,,,,,none,815143
816865,2026-06-10,09:05,2026,Charlotte Knights,Oklahoma City Comets,Jonathan Cannon,River Ryan,686563.0,689981.0,schedule_probable_pitcher,1,1,10,0,0,0,0,0,0,0,0,1,2,1,2,0,No Line,0.0,none,-1,10,10,1,post,Final,Final,,,,,,,,,,,,,0,,,,,,none,816865
815965,2026-06-10,11:05,2026,Omaha Storm Chasers,Las Vegas Aviators,Ben Sears,Chen Zhong-Ao Zhuang,700786.0,800018.0,schedule_probable_pitcher,1,11,6,1,0,2,0,0,0,0,0,1,1,4,1,0,No Line,0.0,none,-1,18,9,1,post,Final,Final,,,,,,,,,,,,,0,,,,,,none,815965
816575,2026-06-10,11:35,2026,Indianapolis Indians,Columbus Clippers,José Urquidy,Austin Peterson,664353.0,804926.0,schedule_probable_pitcher,1,11,1,0,0,0,1,4,0,0,0,0,0,4,1,0,No Line,0.0,none,-1,7,4,1,post,Final,Final,,,,,,,,,,,,,0,,,,,,none,816575
816271,2026-06-10,16:35,2026,Louisville Bats,Iowa Cubs,Sam Benschoter,Jordan Wicks,680397.0,696136.0,schedule_probable_pitcher,1,20,5,1,0,0,3,5,0,3,1,4,0,13,4,0,No Line,0.0,none,-1,19,9,1,post,Final,Final,,,,,,,,,,,,,0,,,,,,none,816271
816944,2026-06-10,16:35,2026,Buffalo Bisons,Syracuse Mets,Richard Gallardo,Xzavion Curry,682620.0,675540.0,schedule_probable_pitcher,1,2,8,0,4,0,0,0,0,1,0,0,1,1,5,0,No Line,0.0,none,-1,7,7,1,post,Final,Final,,,,,,,,,,,,,0,,,,,,none,816944
815892,2026-06-10,16:45,2026,Rochester Red Wings,Worcester Red Sox,Jackson Kent,Eduardo Rivera,800600.0,700842.0,schedule_probable_pitcher,1,5,2,5,0,0,0,0,0,0,1,0,0,5,1,0,No Line,0.0,none,-1,5,5,1,post,Final,Final,,,,,,,,,,,,,0,,,,,,none,815892
815598,2026-06-10,17:05,2026,Toledo Mud Hens,St. Paul Saints,Justin Verlander,Mick Abel,434378.0,690953.0,schedule_probable_pitcher,1,1,12,0,0,0,1,0,1,0,0,0,0,0,2,0,No Line,0.0,none,-1,7,13,1,post,Final,Final,,,,,,,,,,,,,0,,,,,,none,815598
815825,2026-06-10,17:05,2026,Scranton/Wilkes-Barre RailRiders,Lehigh Valley IronPigs,Angel Chivilli,Brian Keller,683409.0,662144.0,schedule_probable_pitcher,1,5,8,0,0,0,0,0,0,3,0,0,0,3,0,0,No Line,0.0,none,-1,12,13,1,post,Final,Final,,,,,,,,,,,,,0,,,,,,none,815825
816412,2026-06-10,17:05,2026,Jacksonville Jumbo Shrimp,Gwinnett Stripers,Braxton Garrett,Victor Mederos,666129.0,682989.0,schedule_probable_pitcher,1,14,2,2,0,3,0,0,0,0,0,5,0,10,0,0,No Line,0.0,none,-1,14,4,1,post,Final,Final,,,,,,,,,,,,,0,,,,,,none,816412
816122,2026-06-10,17:35,2026,Nashville Sounds,Durham Bulls,Brett Wichrowski,,814489.0,,schedule_probable_pitcher,1,8,5,1,1,0,0,4,4,3,0,0,0,8,5,0,No Line,0.0,none,-1,10,7,1,post,Final,Final,,,,,,,,,,,,,0,,,,,,none,816122
815071,2026-06-10,17:45,2026,Round Rock Express,El Paso Chihuahuas,Nolan Kingham,Jhony Brito,663884.0,666745.0,schedule_probable_pitcher,1,4,2,0,0,0,1,1,0,0,1,1,0,2,2,0,No Line,0.0,none,-1,10,9,1,post,Final,Final,,,,,,,,,,,,,0,,,,,,none,815071
814846,2026-06-10,18:05,2026,Sugar Land Space Cowboys,Sacramento River Cats,Colton Gordon,John Michael Bertrand,676467.0,802609.0,schedule_probable_pitcher,1,1,2,0,1,0,0,0,0,0,1,0,0,0,2,0,No Line,0.0,none,-1,6,4,1,post,Final,Final,,,,,,,,,,,,,0,,,,,,none,814846
814770,2026-06-10,19:05,2026,Tacoma Rainiers,Albuquerque Isotopes,Jhonathan Díaz,Valente Bellozo,646242.0,678368.0,schedule_probable_pitcher,1,11,1,2,1,0,0,3,0,2,0,1,0,8,1,0,No Line,0.0,none,-1,12,5,1,post,Final,Final,,,,,,,,,,,,,0,,,,,,none,814770
815138,2026-06-10,19:35,2026,Reno Aces,Salt Lake Bees,Kohl Drake,Huascar Ynoa,684442.0,660623.0,schedule_probable_pitcher,1,7,9,0,0,3,1,3,0,0,3,1,0,7,4,0,No Line,0.0,none,-1,10,13,1,post,Final,Final,,,,,,,,,,,,,0,,,,,,none,815138
816043,2026-06-11,10:05,2026,Norfolk Tides,Memphis Redbirds,Nestor German,,815148.0,,schedule_probable_pitcher,1,0,7,0,0,0,5,0,2,0,0,0,0,0,7,0,No Line,0.0,none,-1,3,13,1,post,Final,Final,,,,,,,,,,,,,0,,,,,,none,816043
816044,2026-06-11,10:10,2026,Norfolk Tides,Memphis Redbirds,Dietrich Enns,,608650.0,,schedule_probable_pitcher,1,2,6,0,5,1,0,1,1,0,0,0,0,2,6,0,No Line,0.0,none,-1,3,7,1,post,Final,Final,,,,,,,,,,,,,0,,,,,,none,816044
815893,2026-06-11,11:05,2026,Rochester Red Wings,Worcester Red Sox,Luis Perales,Patrick Sandoval,691384.0,663776.0,schedule_probable_pitcher,1,6,4,1,3,0,0,2,0,1,1,2,0,6,4,0,No Line,0.0,none,-1,8,5,1,post,Final,Final,,,,,,,,,,,,,0,,,,,,none,815893
815521,2026-06-11,11:10,2026,Worcester Red Sox,Rochester Red Wings,Brayan Bello,Zach Penrod,678394.0,683068.0,schedule_probable_pitcher,1,0,0,0,0,0,0,0,0,0,0,0,0,0,0,0,No Line,0.0,none,-1,0,0,1,post,Cancelled,Cancelled,,,,,,,,,,,,,0,,,,,,none,815521
816270,2026-06-11,16:35,2026,Louisville Bats,Iowa Cubs,Julian Aguiar,Connor Noland,687924.0,690939.0,schedule_probable_pitcher,1,20,3,2,0,0,0,0,0,2,1,4,0,8,1,0,No Line,0.0,none,-1,21,10,1,post,Final,Final,,,,,,,,,,,,,0,,,,,,none,816270
816947,2026-06-11,16:35,2026,Buffalo Bisons,Syracuse Mets,Shane Bieber,Jack Wenninger,669456.0,811307.0,schedule_probable_pitcher,1,3,1,0,0,0,0,0,0,0,0,3,0,3,0,0,No Line,0.0,none,-1,7,7,1,post,Final,Final,,,,,,,,,,,,,0,,,,,,none,816947
816862,2026-06-11,17:04,2026,Charlotte Knights,Oklahoma City Comets,Joe Rock,Christian Romero,697812.0,699071.0,schedule_probable_pitcher,1,9,8,2,0,0,1,0,2,0,0,1,0,3,3,0,No Line,0.0,none,-1,12,12,1,post,Final,Final,,,,,,,,,,,,,0,,,,,,none,816862
815594,2026-06-11,17:05,2026,Toledo Mud Hens,St. Paul Saints,Sawyer Gipson-Long,Austin Voth,687830.0,608723.0,schedule_probable_pitcher,1,0,1,0,0,0,0,0,0,0,0,0,0,0,0,0,No Line,0.0,none,-1,4,5,1,post,Final,Final,,,,,,,,,,,,,0,,,,,,none,815594
816416,2026-06-11,17:05,2026,Jacksonville Jumbo Shrimp,Gwinnett Stripers,Brandon White,Garrett Baumann,681449.0,803833.0,schedule_probable_pitcher,1,5,14,0,2,0,0,1,2,0,0,0,1,1,5,0,No Line,0.0,none,-1,8,18,1,post,Final,Final,,,,,,,,,,,,,0,,,,,,none,816416
816568,2026-06-11,17:05,2026,Indianapolis Indians,Columbus Clippers,Antwone Kelly,Ryan Webb,699008.0,669067.0,schedule_probable_pitcher,1,11,6,3,0,0,2,3,2,0,0,3,2,9,6,0,No Line,0.0,none,-1,8,9,1,post,Final,Final,,,,,,,,,,,,,0,,,,,,none,816568
816118,2026-06-11,17:35,2026,Nashville Sounds,Durham Bulls,Thomas Pannone,Brody Hopkins,623381.0,811315.0,schedule_probable_pitcher,1,16,5,2,1,2,0,3,1,0,0,6,1,13,3,0,No Line,0.0,none,-1,15,11,1,post,Final,Final,,,,,,,,,,,,,0,,,,,,none,816118
815067,2026-06-11,17:45,2026,Round Rock Express,El Paso Chihuahuas,Trey Supak,JP Sears,657022.0,676664.0,schedule_probable_pitcher,1,6,7,0,0,0,2,1,1,2,1,1,0,4,4,0,No Line,0.0,none,-1,13,10,1,post,Final,Final,,,,,,,,,,,,,0,,,,,,none,815067
814852,2026-06-11,18:05,2026,Sugar Land Space Cowboys,Sacramento River Cats,Ethan Pecko,Joe Whitman,814490.0,802126.0,schedule_probable_pitcher,1,2,0,0,0,1,0,0,0,0,0,0,0,1,0,0,No Line,0.0,none,-1,6,2,1,post,Final,Final,,,,,,,,,,,,,0,,,,,,none,814852
815964,2026-06-11,18:05,2026,Omaha Storm Chasers,Las Vegas Aviators,Aaron Sanchez,Aaron Civale,592717.0,650644.0,schedule_probable_pitcher,1,2,5,0,0,0,0,0,0,0,1,0,0,0,1,0,No Line,0.0,none,-1,4,12,1,post,Final,Final,,,,,,,,,,,,,0,,,,,,none,815964
815140,2026-06-11,19:35,2026,Reno Aces,Salt Lake Bees,Tommy Henry,,674072.0,,schedule_probable_pitcher,1,7,4,0,0,0,0,1,0,1,0,1,0,3,0,0,No Line,0.0,none,-1,11,9,1,post,Final,Final,,,,,,,,,,,,,0,,,,,,none,815140
814771,2026-06-11,20:05,2026,Tacoma Rainiers,Albuquerque Isotopes,Carson Fulmer,Valente Bellozo,608334.0,678368.0,schedule_probable_pitcher,1,9,5,0,2,0,0,3,0,0,0,0,0,3,2,0,No Line,0.0,none,-1,11,6,1,post,Final,Final,,,,,,,,,,,,,0,,,,,,none,814771
815820,2026-06-12,13:35,2026,Scranton/Wilkes-Barre RailRiders,Lehigh Valley IronPigs,Brendan Beck,Bryse Wilson,694341.0,669060.0,schedule_probable_pitcher,1,4,7,0,0,0,0,0,0,1,0,1,0,2,0,0,No Line,0.0,none,-1,11,10,1,post,Final,Final,,,,,,,,,,,,,0,,,,,,none,815820
816046,2026-06-12,16:35,2026,Norfolk Tides,Memphis Redbirds,Trace Bright,,687238.0,,schedule_probable_pitcher,1,2,10,1,0,0,5,1,1,0,0,0,0,2,6,0,No Line,0.0,none,-1,4,11,1,post,Final,Final,,,,,,,,,,,,,0,,,,,,none,816046
816943,2026-06-12,16:35,2026,Buffalo Bisons,Syracuse Mets,,Jack Weisenburger,,674073.0,schedule_probable_pitcher,1,4,1,0,0,0,0,0,1,1,0,0,0,1,1,0,No Line,0.0,none,-1,9,3,1,post,Final,Final,,,,,,,,,,,,,0,,,,,,none,816943
815894,2026-06-12,16:45,2026,Rochester Red Wings,Worcester Red Sox,Andry Lara,Raymond Burgos,691251.0,670103.0,schedule_probable_pitcher,1,6,3,0,1,3,0,0,0,1,0,0,0,4,1,0,No Line,0.0,none,-1,10,11,1,post,Final,Final,,,,,,,,,,,,,0,,,,,,none,815894
815814,2026-06-12,16:57,2026,Scranton/Wilkes-Barre RailRiders,Lehigh Valley IronPigs,Adam Kloffenstein,Alan Rangel,680572.0,660604.0,schedule_probable_pitcher,1,3,6,1,0,0,0,0,1,1,0,0,2,2,3,0,No Line,0.0,none,-1,7,5,1,post,Final,Final,,,,,,,,,,,,,0,,,,,,none,815814
816868,2026-06-12,17:04,2026,Charlotte Knights,Oklahoma City Comets,,Charlie Barnes,,656212.0,schedule_probable_pitcher,1,12,7,0,3,1,0,0,0,4,0,1,3,6,6,0,No Line,0.0,none,-1,14,9,1,post,Final,Final,,,,,,,,,,,,,0,,,,,,none,816868
815590,2026-06-12,17:05,2026,Toledo Mud Hens,St. Paul Saints,Dylan File,Ty Langenberg,668766.0,807716.0,schedule_probable_pitcher,1,9,10,1,2,1,2,2,0,0,2,3,3,7,9,0,No Line,0.0,none,-1,19,11,1,post,Final,Final,,,,,,,,,,,,,0,,,,,,none,815590
816411,2026-06-12,17:05,2026,Jacksonville Jumbo Shrimp,Gwinnett Stripers,Patrick Monteverde,Austin Gomber,687287.0,596295.0,schedule_probable_pitcher,1,4,5,0,0,1,0,2,1,0,0,0,0,3,1,0,No Line,0.0,none,-1,8,9,1,post,Final,Final,,,,,,,,,,,,,0,,,,,,none,816411
816573,2026-06-12,17:05,2026,Indianapolis Indians,Columbus Clippers,Khristian Curtis,Logan Allen,694753.0,671106.0,schedule_probable_pitcher,1,6,1,0,0,0,0,0,0,0,0,6,0,6,0,0,No Line,0.0,none,-1,8,5,1,post,Final,Final,,,,,,,,,,,,,0,,,,,,none,816573
816269,2026-06-12,17:15,2026,Louisville Bats,Iowa Cubs,Davis Daniel,,669721.0,,schedule_probable_pitcher,1,4,6,0,1,0,1,1,0,0,1,0,0,1,3,0,No Line,0.0,none,-1,6,10,1,post,Final,Final,,,,,,,,,,,,,0,,,,,,none,816269
816117,2026-06-12,17:35,2026,Nashville Sounds,Durham Bulls,Easton McGee,Ty Johnson,668834.0,694494.0,schedule_probable_pitcher,1,4,7,0,0,0,0,0,6,0,0,1,0,1,6,0,No Line,0.0,none,-1,5,9,1,post,Final,Final,,,,,,,,,,,,,0,,,,,,none,816117
814850,2026-06-12,18:05,2026,Sugar Land Space Cowboys,Sacramento River Cats,Josh Hendrickson,Carson Whisenhunt,681973.0,687931.0,schedule_probable_pitcher,1,4,3,0,0,2,0,0,2,0,0,0,0,2,2,0,No Line,0.0,none,-1,10,5,1,post,Final,Final,,,,,,,,,,,,,0,,,,,,none,814850
815073,2026-06-12,18:05,2026,Round Rock Express,El Paso Chihuahuas,Jose Corniell,Germán Márquez,692030.0,608566.0,schedule_probable_pitcher,1,2,3,0,0,0,1,0,0,0,0,1,0,1,1,0,No Line,0.0,none,-1,7,7,1,post,Final,Final,,,,,,,,,,,,,0,,,,,,none,815073
815969,2026-06-12,18:05,2026,Omaha Storm Chasers,Las Vegas Aviators,Bailey Falter,Kade Morris,663559.0,695034.0,schedule_probable_pitcher,1,3,1,0,0,2,0,1,0,0,1,0,0,3,1,0,No Line,0.0,none,-1,8,6,1,post,Final,Final,,,,,,,,,,,,,0,,,,,,none,815969
815137,2026-06-12,19:35,2026,Reno Aces,Salt Lake Bees,Yu-Min Lin,Alek Manoah,801179.0,666201.0,schedule_probable_pitcher,1,7,8,1,2,1,0,2,0,0,1,0,1,4,4,0,No Line,0.0,none,-1,16,9,1,post,Final,Final,,,,,,,,,,,,,0,,,,,,none,815137
814765,2026-06-12,20:05,2026,Tacoma Rainiers,Albuquerque Isotopes,Casey Lawrence,Eiberson Castellano,596271.0,682769.0,schedule_probable_pitcher,1,1,16,0,2,0,0,0,0,0,0,0,1,0,3,0,No Line,0.0,none,-1,2,14,1,post,Final,Final,,,,,,,,,,,,,0,,,,,,none,814765
816869,2026-06-13,16:05,2026,Charlotte Knights,Oklahoma City Comets,Hagen Smith,Cole Irvin,696146.0,608344.0,schedule_probable_pitcher,1,7,11,5,1,0,1,0,3,0,0,0,4,5,9,0,No Line,0.0,none,-1,10,13,1,post,Final,Final,,,,,,,,,,,,,0,,,,,,none,816869
816946,2026-06-13,16:05,2026,Buffalo Bisons,Syracuse Mets,Grant Rogers,Zach Thornton,814804.0,804267.0,schedule_probable_pitcher,1,8,7,3,0,0,0,0,1,0,2,1,0,4,3,0,No Line,0.0,none,-1,13,13,1,post,Final,Final,,,,,,,,,,,,,0,,,,,,none,816946
815816,2026-06-13,16:35,2026,Scranton/Wilkes-Barre RailRiders,Lehigh Valley IronPigs,Dom Hamel,Chuck King,687589.0,666155.0,schedule_probable_pitcher,1,4,3,0,0,0,0,0,0,0,1,0,0,0,1,0,No Line,0.0,none,-1,6,7,1,post,Final,Final,,,,,,,,,,,,,0,,,,,,none,815816
816048,2026-06-13,16:35,2026,Norfolk Tides,Memphis Redbirds,Christian Herberholz,,815179.0,,schedule_probable_pitcher,1,2,1,0,1,2,0,0,0,0,0,0,0,2,1,0,No Line,0.0,none,-1,6,6,1,post,Final,Final,,,,,,,,,,,,,0,,,,,,none,816048
816414,2026-06-13,16:35,2026,Jacksonville Jumbo Shrimp,Gwinnett Stripers,Karson Milbrandt,Owen Murphy,703596.0,702566.0,schedule_probable_pitcher,1,3,2,1,0,0,0,0,0,0,1,1,0,2,1,0,No Line,0.0,none,-1,4,5,1,post,Final,Final,,,,,,,,,,,,,0,,,,,,none,816414
815890,2026-06-13,16:45,2026,Rochester Red Wings,Worcester Red Sox,Zach Penrod,,683068.0,,schedule_probable_pitcher,1,3,2,0,0,1,0,1,1,0,0,0,1,2,2,0,No Line,0.0,none,-1,6,6,1,post,Final,Final,,,,,,,,,,,,,0,,,,,,none,815890
815588,2026-06-13,17:05,2026,Toledo Mud Hens,St. Paul Saints,Konnor Pilkington,Aaron Rozek,663455.0,702065.0,schedule_probable_pitcher,1,1,6,0,0,0,0,1,3,0,3,0,0,1,6,0,No Line,0.0,none,-1,7,4,1,post,Final,Final,,,,,,,,,,,,,0,,,,,,none,815588
815967,2026-06-13,17:05,2026,Omaha Storm Chasers,Las Vegas Aviators,Henry Williams,Wei-En Lin,689275.0,827734.0,schedule_probable_pitcher,1,6,9,3,0,2,0,0,1,0,0,0,3,5,4,0,No Line,0.0,none,-1,12,10,1,post,Final,Final,,,,,,,,,,,,,0,,,,,,none,815967
816571,2026-06-13,17:05,2026,Indianapolis Indians,Columbus Clippers,Hunter Barco,Rorik Maltrud,682995.0,702045.0,schedule_probable_pitcher,1,4,9,0,0,1,1,1,0,0,0,0,0,2,1,0,No Line,0.0,none,-1,10,14,1,post,Final,Final,,,,,,,,,,,,,0,,,,,,none,816571
816261,2026-06-13,17:15,2026,Louisville Bats,Iowa Cubs,Jose Franco,Ty Blach,683742.0,621389.0,schedule_probable_pitcher,1,4,3,0,0,0,0,0,0,0,0,0,0,0,0,0,No Line,0.0,none,-1,6,7,1,post,Final,Final,,,,,,,,,,,,,0,,,,,,none,816261
816119,2026-06-13,17:35,2026,Nashville Sounds,Durham Bulls,Garrett Stallings,Aaron Brooks,668831.0,605156.0,schedule_probable_pitcher,1,4,6,0,0,0,0,1,1,0,0,2,2,3,3,0,No Line,0.0,none,-1,5,11,1,post,Final,Final,,,,,,,,,,,,,0,,,,,,none,816119
814845,2026-06-13,18:05,2026,Sugar Land Space Cowboys,Sacramento River Cats,Brandon McPherson,Blade Tidwell,835483.0,694918.0,schedule_probable_pitcher,1,5,1,0,0,0,0,0,1,0,0,1,0,1,1,0,No Line,0.0,none,-1,8,10,1,post,Final,Final,,,,,,,,,,,,,0,,,,,,none,814845
815068,2026-06-13,18:05,2026,Round Rock Express,El Paso Chihuahuas,David Davalillo,Jackson Wolf,699314.0,680232.0,schedule_probable_pitcher,1,2,7,0,0,0,1,0,2,1,2,1,1,2,6,0,No Line,0.0,none,-1,7,7,1,post,Final,Final,,,,,,,,,,,,,0,,,,,,none,815068
814764,2026-06-13,19:05,2026,Tacoma Rainiers,Albuquerque Isotopes,Randy Dobnak,Eiberson Castellano,677976.0,682769.0,schedule_probable_pitcher,1,11,2,1,0,2,0,1,0,4,0,1,2,9,2,0,No Line,0.0,none,-1,15,7,1,post,Final,Final,,,,,,,,,,,,,0,,,,,,none,814764
815139,2026-06-13,19:35,2026,Reno Aces,Salt Lake Bees,,,,,schedule,0,0,3,0,0,0,0,0,0,0,0,0,0,0,0,0,No Line,0.0,none,-1,5,8,1,post,Final,Final,,,,,,,,,,,,,0,,,,,,none,815139
815891,2026-06-14,11:05,2026,Rochester Red Wings,Worcester Red Sox,Chandler Champlain,Jack Anderson,669441.0,681252.0,schedule_probable_pitcher,1,0,0,0,0,0,0,0,0,0,0,0,0,0,0,0,No Line,0.0,none,-1,0,0,1,post,Cancelled,Cancelled,,,,,,,,,,,,,0,,,,,,none,815891
815971,2026-06-14,11:05,2026,Omaha Storm Chasers,Las Vegas Aviators,Ryan Ramsey,Yunior Tur,687547.0,814305.0,schedule_probable_pitcher,1,7,12,2,3,0,0,0,0,0,3,1,0,3,6,0,No Line,0.0,none,-1,9,15,1,post,Final,Final,,,,,,,,,,,,,0,,,,,,none,815971
816045,2026-06-14,11:05,2026,Norfolk Tides,Memphis Redbirds,Chris Kachmar,,690148.0,,schedule_probable_pitcher,1,7,11,2,0,3,3,0,0,0,2,0,3,5,8,0,No Line,0.0,none,-1,11,14,1,post,Final,Final,,,,,,,,,,,,,0,,,,,,none,816045
816257,2026-06-14,11:05,2026,Louisville Bats,Iowa Cubs,Brandon Leibrandt,Doug Nikhazy,605335.0,680951.0,schedule_probable_pitcher,1,4,4,0,0,0,0,0,0,2,0,0,0,2,0,0,No Line,0.0,none,-1,6,6,1,post,Final,Final,,,,,,,,,,,,,0,,,,,,none,816257
816948,2026-06-14,11:05,2026,Buffalo Bisons,Syracuse Mets,CJ Van Eyk,Jonah Tong,669310.0,804636.0,schedule_probable_pitcher,1,4,3,0,1,1,1,2,0,1,0,0,0,4,2,0,No Line,0.0,none,-1,8,10,1,post,Completed Early,Completed Early,,,,,,,,,,,,,0,,,,,,none,816948
815817,2026-06-14,11:35,2026,Scranton/Wilkes-Barre RailRiders,Lehigh Valley IronPigs,Elmer Rodríguez,Drake Fellows,695684.0,666148.0,schedule_probable_pitcher,1,6,5,0,1,0,0,1,1,3,1,0,0,4,3,0,No Line,0.0,none,-1,10,5,1,post,Final,Final,,,,,,,,,,,,,0,,,,,,none,815817
816576,2026-06-14,11:35,2026,Indianapolis Indians,Columbus Clippers,Noah Davis,Kolby Allard,663562.0,663465.0,schedule_probable_pitcher,1,3,4,0,0,0,2,0,1,0,0,0,0,0,3,0,No Line,0.0,none,-1,7,5,1,post,Final,Final,,,,,,,,,,,,,0,,,,,,none,816576
816111,2026-06-14,12:05,2026,Nashville Sounds,Durham Bulls,Tyson Hardin,,824620.0,,schedule_probable_pitcher,1,2,3,0,1,0,1,1,0,1,0,0,0,2,2,0,No Line,0.0,none,-1,8,6,1,post,Final,Final,,,,,,,,,,,,,0,,,,,,none,816111
816417,2026-06-14,12:05,2026,Jacksonville Jumbo Shrimp,Gwinnett Stripers,Bradley Blalock,Connor Thomas,687134.0,671162.0,schedule_probable_pitcher,1,0,0,0,0,0,0,0,0,0,0,0,0,0,0,0,No Line,0.0,none,-1,0,0,1,post,Cancelled,Cancelled,,,,,,,,,,,,,0,,,,,,none,816417
815142,2026-06-14,14:05,2026,Reno Aces,Salt Lake Bees,,,,,schedule,0,10,11,1,0,1,1,0,1,5,0,1,6,8,8,0,No Line,0.0,none,-1,12,14,1,post,Final,Final,,,,,,,,,,,,,0,,,,,,none,815142
815587,2026-06-14,14:05,2026,Toledo Mud Hens,St. Paul Saints,Beau Brieske,Ryan Gallagher,689225.0,801594.0,schedule_probable_pitcher,1,10,14,2,1,1,1,4,2,1,0,0,2,8,6,0,No Line,0.0,none,-1,12,17,1,post,Final,Final,,,,,,,,,,,,,0,,,,,,none,815587
814766,2026-06-14,14:35,2026,Tacoma Rainiers,Albuquerque Isotopes,Gabe Mosser,,682077.0,,schedule_probable_pitcher,1,3,2,2,0,0,1,1,1,0,0,0,0,3,2,0,No Line,0.0,none,-1,9,7,1,post,Final,Final,,,,,,,,,,,,,0,,,,,,none,814766
816864,2026-06-14,15:05,2026,Charlotte Knights,Oklahoma City Comets,David Sandlin,Jackson Ferris,689818.0,701328.0,schedule_probable_pitcher,1,4,3,1,0,0,0,0,2,0,0,3,0,4,2,0,No Line,0.0,none,-1,3,6,1,post,Final,Final,,,,,,,,,,,,,0,,,,,,none,816864
815066,2026-06-14,17:05,2026,Round Rock Express,El Paso Chihuahuas,Josh Stephan,,695776.0,,schedule_probable_pitcher,1,5,4,0,0,0,0,0,0,2,0,1,1,3,1,0,No Line,0.0,none,-1,8,9,1,post,Final,Final,,,,,,,,,,,,,0,,,,,,none,815066
814842,2026-06-14,17:35,2026,Sugar Land Space Cowboys,Sacramento River Cats,Cristian Javier,Tyler Mahle,664299.0,641816.0,schedule_probable_pitcher,1,0,0,0,0,0,0,0,0,0,0,0,0,0,0,0,No Line,0.0,none,-1,0,0,1,post,Cancelled,Cancelled,,,,,,,,,,,,,0,,,,,,none,814842
815667,2026-06-16,16:05,2026,Syracuse Mets,Norfolk Tides,Xzavion Curry,Nestor German,675540.0,815148.0,schedule_probable_pitcher,1,6,3,0,2,0,0,1,0,0,0,0,1,1,3,0,No Line,0.0,none,-1,5,6,1,post,Final,Final,,,,,,,,,,,,,0,,,,,,none,815667
816945,2026-06-16,16:35,2026,Buffalo Bisons,Charlotte Knights,Lazaro Estrada,Shane Murphy,681751.0,690294.0,schedule_probable_pitcher,1,9,5,2,2,0,0,0,0,3,0,1,0,6,2,0,No Line,0.0,none,-1,10,9,1,post,Final,Final,,,,,,,,,,,,,0,,,,,,none,816945
815895,2026-06-16,16:45,2026,Rochester Red Wings,Toledo Mud Hens,Jackson Kent,Troy Watson,800600.0,681890.0,schedule_probable_pitcher,1,1,2,0,0,0,0,0,1,0,0,0,1,0,2,0,No Line,0.0,none,-1,2,5,1,post,Final,Final,,,,,,,,,,,,,0,,,,,,none,815895
816345,2026-06-16,16:45,2026,Lehigh Valley IronPigs,Worcester Red Sox,Tucker Davidson,Jack Anderson,656353.0,681252.0,schedule_probable_pitcher,1,3,5,0,0,0,0,2,1,1,0,0,2,3,3,0,No Line,0.0,none,-1,6,11,1,post,Final,Final,,,,,,,,,,,,,0,,,,,,none,816345
816719,2026-06-16,16:45,2026,Durham Bulls,Jacksonville Jumbo Shrimp,Michael Forret,Bradley Blalock,702650.0,687134.0,schedule_probable_pitcher,1,3,2,0,0,0,0,0,2,0,0,0,0,0,2,0,No Line,0.0,none,-1,8,5,1,post,Final,Final,,,,,,,,,,,,,0,,,,,,none,816719
816798,2026-06-16,17:05,2026,Columbus Clippers,Scranton/Wilkes-Barre RailRiders,Austin Peterson,Brendan Beck,804926.0,694341.0,schedule_probable_pitcher,1,1,3,0,0,0,0,0,0,1,0,0,0,1,0,0,No Line,0.0,none,-1,4,6,1,post,Final,Final,,,,,,,,,,,,,0,,,,,,none,816798
816498,2026-06-16,17:38,2026,Iowa Cubs,Indianapolis Indians,Jordan Wicks,José Urquidy,696136.0,664353.0,schedule_probable_pitcher,1,13,7,1,0,2,3,1,3,2,0,3,0,9,6,0,No Line,0.0,none,-1,16,10,1,post,Final,Final,,,,,,,,,,,,,0,,,,,,none,816498
815213,2026-06-16,18:05,2026,Oklahoma City Comets,Sacramento River Cats,José Rodríguez,Tyler Mahle,692064.0,641816.0,schedule_probable_pitcher,1,1,10,1,2,0,0,0,5,0,0,0,0,1,7,0,No Line,0.0,none,-1,4,14,1,post,Final,Final,,,,,,,,,,,,,0,,,,,,none,815213
816197,2026-06-16,18:05,2026,Memphis Redbirds,Nashville Sounds,,,,,schedule,0,12,5,3,0,0,2,2,0,0,0,3,1,8,3,0,No Line,0.0,none,-1,13,7,1,post,Final,Final,,,,,,,,,,,,,0,,,,,,none,816197
815741,2026-06-16,18:07,2026,St. Paul Saints,Omaha Storm Chasers,Mick Abel,Aaron Sanchez,690953.0,592717.0,schedule_probable_pitcher,1,21,2,8,0,0,1,5,1,1,0,1,0,15,2,0,No Line,0.0,none,-1,18,7,1,post,Final,Final,,,,,,,,,,,,,0,,,,,,none,815741
814917,2026-06-16,18:35,2026,Salt Lake Bees,Tacoma Rainiers,Justin Dunn,Jhonathan Díaz,643290.0,646242.0,schedule_probable_pitcher,1,10,6,4,0,3,1,1,1,0,1,0,0,8,3,0,No Line,0.0,none,-1,12,11,1,post,Final,Final,,,,,,,,,,,,,0,,,,,,none,814917
815368,2026-06-16,18:35,2026,El Paso Chihuahuas,Reno Aces,Jhony Brito,,666745.0,,schedule_probable_pitcher,1,6,1,0,0,0,1,5,0,1,0,0,0,6,1,0,No Line,0.0,none,-1,8,6,1,post,Final,Final,,,,,,,,,,,,,0,,,,,,none,815368
815444,2026-06-16,18:35,2026,Albuquerque Isotopes,Sugar Land Space Cowboys,,Cristian Javier,,664299.0,schedule_probable_pitcher,1,8,3,0,3,0,0,0,0,4,0,2,0,6,3,0,No Line,0.0,none,-1,10,7,1,post,Final,Final,,,,,,,,,,,,,0,,,,,,none,815444
815297,2026-06-16,20:05,2026,Las Vegas Aviators,Round Rock Express,Jacob Lopez,Nolan Kingham,682052.0,663884.0,schedule_probable_pitcher,1,11,14,0,6,0,0,0,1,5,2,0,2,5,11,0,No Line,0.0,none,-1,13,17,1,post,Final,Final,,,,,,,,,,,,,0,,,,,,none,815297
815662,2026-06-17,09:05,2026,Syracuse Mets,Norfolk Tides,Jack Wenninger,Trace Bright,811307.0,687238.0,schedule_probable_pitcher,1,5,6,1,0,0,2,1,0,0,2,3,0,5,4,0,No Line,0.0,none,-1,5,5,1,post,Final,Final,,,,,,,,,,,,,0,,,,,,none,815662
816714,2026-06-17,10:05,2026,Durham Bulls,Jacksonville Jumbo Shrimp,Brody Hopkins,Braxton Garrett,811315.0,666129.0,schedule_probable_pitcher,1,0,8,0,2,0,2,0,0,0,3,0,0,0,7,0,No Line,0.0,none,-1,5,11,1,post,Final,Final,,,,,,,,,,,,,0,,,,,,none,816714
815886,2026-06-17,11:05,2026,Rochester Red Wings,Toledo Mud Hens,Luis Perales,Ty Madden,691384.0,680744.0,schedule_probable_pitcher,1,6,5,0,0,2,0,0,0,0,2,0,2,2,4,0,No Line,0.0,none,-1,12,9,1,post,Final,Final,,,,,,,,,,,,,0,,,,,,none,815886
816194,2026-06-17,11:05,2026,Memphis Redbirds,Nashville Sounds,,,,,schedule,0,8,10,0,0,0,1,2,6,0,1,3,1,5,9,0,No Line,0.0,none,-1,14,14,1,post,Final,Final,,,,,,,,,,,,,0,,,,,,none,816194
816942,2026-06-17,11:05,2026,Buffalo Bisons,Charlotte Knights,Shane Bieber,Jonathan Cannon,669456.0,686563.0,schedule_probable_pitcher,1,1,5,0,0,0,4,0,0,0,0,0,0,0,4,0,No Line,0.0,none,-1,6,11,1,post,Final,Final,,,,,,,,,,,,,0,,,,,,none,816942
816492,2026-06-17,11:08,2026,Iowa Cubs,Indianapolis Indians,Paul Campbell,Derek Diamond,669294.0,682981.0,schedule_probable_pitcher,1,6,5,0,0,0,0,0,0,5,1,0,0,5,1,0,No Line,0.0,none,-1,9,11,1,post,Final,Final,,,,,,,,,,,,,0,,,,,,none,816492
816638,2026-06-17,15:05,2026,Gwinnett Stripers,Louisville Bats,Hurston Waldrep,Julian Garcia,694462.0,670062.0,schedule_probable_pitcher,1,2,4,0,0,0,0,0,0,0,0,0,0,0,0,0,No Line,0.0,none,-1,7,9,1,post,Final,Final,,,,,,,,,,,,,0,,,,,,none,816638
816338,2026-06-17,16:45,2026,Lehigh Valley IronPigs,Worcester Red Sox,Alan Rangel,Brayan Bello,660604.0,678394.0,schedule_probable_pitcher,1,4,7,0,2,0,0,0,0,0,1,1,0,1,3,0,No Line,0.0,none,-1,6,12,1,post,Final,Final,,,,,,,,,,,,,0,,,,,,none,816338
815217,2026-06-17,17:05,2026,Oklahoma City Comets,Sacramento River Cats,River Ryan,Matt Wilkinson,689981.0,683363.0,schedule_probable_pitcher,1,6,9,0,0,1,2,1,2,0,0,0,5,2,9,0,No Line,0.0,none,-1,9,13,1,post,Final,Final,,,,,,,,,,,,,0,,,,,,none,815217
816637,2026-06-17,17:47,2026,Gwinnett Stripers,Louisville Bats,,Julian Aguiar,,687924.0,schedule_probable_pitcher,1,6,0,0,0,0,0,0,0,0,0,3,0,3,0,0,No Line,0.0,none,-1,8,2,1,post,Final,Final,,,,,,,,,,,,,0,,,,,,none,816637
814910,2026-06-17,18:35,2026,Salt Lake Bees,Tacoma Rainiers,Taijuan Walker,Carson Fulmer,592836.0,608334.0,schedule_probable_pitcher,1,6,12,3,3,0,0,0,0,0,0,0,1,3,4,0,No Line,0.0,none,-1,9,13,1,post,Final,Final,,,,,,,,,,,,,0,,,,,,none,814910
815370,2026-06-17,18:35,2026,El Paso Chihuahuas,Reno Aces,Germán Márquez,Mitch Bratt,608566.0,683352.0,schedule_probable_pitcher,1,9,6,1,0,0,0,1,1,0,2,3,0,5,3,0,No Line,0.0,none,-1,9,10,1,post,Final,Final,,,,,,,,,,,,,0,,,,,,none,815370
815443,2026-06-17,18:35,2026,Albuquerque Isotopes,Sugar Land Space Cowboys,,Colton Gordon,,676467.0,schedule_probable_pitcher,1,8,21,3,3,0,0,0,2,1,5,0,3,4,13,0,No Line,0.0,none,-1,11,24,1,post,Final,Final,,,,,,,,,,,,,0,,,,,,none,815443
815294,2026-06-17,20:05,2026,Las Vegas Aviators,Round Rock Express,Braden Nett,Trey Supak,804556.0,657022.0,schedule_probable_pitcher,1,7,4,2,0,0,4,2,0,2,0,1,0,7,4,0,No Line,0.0,none,-1,10,5,1,post,Final,Final,,,,,,,,,,,,,0,,,,,,none,815294
816792,2026-06-18,10:05,2026,Columbus Clippers,Scranton/Wilkes-Barre RailRiders,Logan Allen,Adam Kloffenstein,671106.0,680572.0,schedule_probable_pitcher,1,7,5,1,1,0,0,1,0,1,0,0,0,3,1,0,No Line,0.0,none,-1,12,9,1,post,Final,Final,,,,,,,,,,,,,0,,,,,,none,816792
815211,2026-06-18,11:05,2026,Oklahoma City Comets,Sacramento River Cats,Christian Romero,John Michael Bertrand,699071.0,802609.0,schedule_probable_pitcher,1,5,4,0,1,0,2,0,0,0,0,1,0,1,3,0,No Line,0.0,none,-1,8,7,1,post,Final,Final,,,,,,,,,,,,,0,,,,,,none,815211
815442,2026-06-18,12:05,2026,Albuquerque Isotopes,Sugar Land Space Cowboys,Gabriel Hughes,Ethan Pecko,687312.0,814490.0,schedule_probable_pitcher,1,3,2,1,0,0,0,0,0,0,0,0,0,1,0,0,No Line,0.0,none,-1,10,6,1,post,Final,Final,,,,,,,,,,,,,0,,,,,,none,815442
815733,2026-06-18,16:07,2026,St. Paul Saints,Omaha Storm Chasers,Austin Voth,Bailey Falter,608723.0,663559.0,schedule_probable_pitcher,1,4,12,0,2,1,0,1,0,0,4,0,0,2,6,0,No Line,0.0,none,-1,6,13,1,post,Final,Final,,,,,,,,,,,,,0,,,,,,none,815733
815744,2026-06-18,16:12,2026,St. Paul Saints,Omaha Storm Chasers,Ricky Castro,Henry Williams,690462.0,689275.0,schedule_probable_pitcher,1,4,6,1,0,0,3,3,0,0,1,0,2,4,6,0,No Line,0.0,none,-1,8,8,1,post,Final,Final,,,,,,,,,,,,,0,,,,,,none,815744
815660,2026-06-18,16:35,2026,Syracuse Mets,Norfolk Tides,Nate Lavender,Yaqui Rivera,681320.0,700072.0,schedule_probable_pitcher,1,6,5,0,0,0,2,1,0,1,0,0,0,2,2,0,No Line,0.0,none,-1,9,7,1,post,Final,Final,,,,,,,,,,,,,0,,,,,,none,815660
816940,2026-06-18,16:35,2026,Buffalo Bisons,Charlotte Knights,Jake Bloss,Mason Adams,814005.0,690279.0,schedule_probable_pitcher,1,0,4,0,2,0,0,0,0,0,0,0,0,0,2,0,No Line,0.0,none,-1,5,7,1,post,Final,Final,,,,,,,,,,,,,0,,,,,,none,816940
815889,2026-06-18,16:45,2026,Rochester Red Wings,Toledo Mud Hens,Chandler Champlain,Sawyer Gipson-Long,669441.0,687830.0,schedule_probable_pitcher,1,6,10,0,0,0,1,1,1,2,0,0,0,3,2,0,No Line,0.0,none,-1,10,11,1,post,Final,Final,,,,,,,,,,,,,0,,,,,,none,815889
816340,2026-06-18,16:45,2026,Lehigh Valley IronPigs,Worcester Red Sox,Brian Keller,Raymond Burgos,662144.0,670103.0,schedule_probable_pitcher,1,5,4,1,0,1,0,1,0,0,2,0,1,3,3,0,No Line,0.0,none,-1,11,13,1,post,Final,Final,,,,,,,,,,,,,0,,,,,,none,816340
816712,2026-06-18,16:45,2026,Durham Bulls,Jacksonville Jumbo Shrimp,Mason Englert,Eury Pérez,669438.0,691587.0,schedule_probable_pitcher,1,5,11,0,0,0,0,1,0,0,2,1,3,2,5,0,No Line,0.0,none,-1,6,10,1,post,Completed Early,Completed Early,,,,,,,,,,,,,0,,,,,,none,816712
816490,2026-06-18,17:38,2026,Iowa Cubs,Indianapolis Indians,Will Sanders,Khristian Curtis,691739.0,694753.0,schedule_probable_pitcher,1,8,11,0,0,1,0,1,0,0,0,0,1,2,1,0,No Line,0.0,none,-1,13,15,1,post,Final,Final,,,,,,,,,,,,,0,,,,,,none,816490
816193,2026-06-18,18:05,2026,Memphis Redbirds,Nashville Sounds,,,,,schedule,0,7,3,4,0,0,3,0,0,0,0,2,0,6,3,0,No Line,0.0,none,-1,9,6,1,post,Final,Final,,,,,,,,,,,,,0,,,,,,none,816193
814908,2026-06-18,18:35,2026,Salt Lake Bees,Tacoma Rainiers,Alek Manoah,Casey Lawrence,666201.0,596271.0,schedule_probable_pitcher,1,0,8,0,2,0,0,0,2,0,1,0,0,0,5,0,No Line,0.0,none,-1,8,8,1,post,Final,Final,,,,,,,,,,,,,0,,,,,,none,814908
815367,2026-06-18,18:35,2026,El Paso Chihuahuas,Reno Aces,JP Sears,Yu-Min Lin,676664.0,801179.0,schedule_probable_pitcher,1,1,8,0,1,0,1,0,0,0,0,1,6,1,8,0,No Line,0.0,none,-1,4,15,1,post,Final,Final,,,,,,,,,,,,,0,,,,,,none,815367
815286,2026-06-18,20:05,2026,Las Vegas Aviators,Round Rock Express,Kade Morris,,695034.0,,schedule_probable_pitcher,1,26,13,2,0,8,0,4,1,1,4,6,1,21,6,0,No Line,0.0,none,-1,22,15,1,post,Final,Final,,,,,,,,,,,,,0,,,,,,none,815286
816644,2026-06-19,15:05,2026,Gwinnett Stripers,Louisville Bats,Garrett Baumann,Davis Daniel,803833.0,669721.0,schedule_probable_pitcher,1,9,8,1,3,1,2,0,0,0,1,2,0,4,6,0,No Line,0.0,none,-1,9,9,1,post,Final,Final,,,,,,,,,,,,,0,,,,,,none,816644
816643,2026-06-19,15:10,2026,Gwinnett Stripers,Louisville Bats,Owen Murphy,Jose Franco,702566.0,683742.0,schedule_probable_pitcher,1,0,2,0,0,0,0,0,0,0,2,0,0,0,2,0,No Line,0.0,none,-1,5,5,1,post,Final,Final,,,,,,,,,,,,,0,,,,,,none,816643
816795,2026-06-19,15:30,2026,Columbus Clippers,Scranton/Wilkes-Barre RailRiders,Logan Allen,Adam Kloffenstein,671106.0,680572.0,schedule_probable_pitcher,1,9,8,2,1,0,0,0,0,0,1,1,1,3,3,0,No Line,0.0,none,-1,9,11,1,post,Final,Final,,,,,,,,,,,,,0,,,,,,none,816795
816791,2026-06-19,15:35,2026,Columbus Clippers,Scranton/Wilkes-Barre RailRiders,Rorik Maltrud,Dom Hamel,702045.0,687589.0,schedule_probable_pitcher,1,6,8,4,0,1,0,1,0,0,0,0,1,6,1,0,No Line,0.0,none,-1,7,9,1,post,Final,Final,,,,,,,,,,,,,0,,,,,,none,816791
815661,2026-06-19,16:35,2026,Syracuse Mets,Norfolk Tides,Zach Thornton,Christian Herberholz,804267.0,815179.0,schedule_probable_pitcher,1,3,14,0,1,1,3,2,1,0,0,0,0,3,5,0,No Line,0.0,none,-1,7,16,1,post,Final,Final,,,,,,,,,,,,,0,,,,,,none,815661
816939,2026-06-19,16:35,2026,Buffalo Bisons,Charlotte Knights,Josh Fleming,Hagen Smith,676596.0,696146.0,schedule_probable_pitcher,1,5,10,1,1,0,0,0,0,0,1,1,0,2,2,0,No Line,0.0,none,-1,9,18,1,post,Final,Final,,,,,,,,,,,,,0,,,,,,none,816939
815888,2026-06-19,16:45,2026,Rochester Red Wings,Toledo Mud Hens,Andry Lara,Dylan File,691251.0,668766.0,schedule_probable_pitcher,1,6,2,2,0,3,1,1,0,0,1,0,0,6,2,0,No Line,0.0,none,-1,10,8,1,post,Final,Final,,,,,,,,,,,,,0,,,,,,none,815888
816341,2026-06-19,16:45,2026,Lehigh Valley IronPigs,Worcester Red Sox,Chuck King,,666155.0,,schedule_probable_pitcher,1,9,3,2,0,0,0,0,0,0,2,1,1,3,3,0,No Line,0.0,none,-1,16,6,1,post,Final,Final,,,,,,,,,,,,,0,,,,,,none,816341
816713,2026-06-19,16:45,2026,Durham Bulls,Jacksonville Jumbo Shrimp,,Brandon White,,681449.0,schedule_probable_pitcher,1,3,5,0,1,0,1,0,0,0,0,0,0,0,2,0,No Line,0.0,none,-1,5,8,1,post,Final,Final,,,,,,,,,,,,,0,,,,,,none,816713
815214,2026-06-19,18:05,2026,Oklahoma City Comets,Sacramento River Cats,Charlie Barnes,Joe Whitman,656212.0,802126.0,schedule_probable_pitcher,1,7,3,0,1,0,0,0,0,2,0,1,0,3,1,0,No Line,0.0,none,-1,13,11,1,post,Final,Final,,,,,,,,,,,,,0,,,,,,none,815214
816191,2026-06-19,18:05,2026,Memphis Redbirds,Nashville Sounds,,,,,schedule,0,4,1,1,0,0,0,0,0,0,0,0,1,1,1,0,No Line,0.0,none,-1,8,4,1,post,Final,Final,,,,,,,,,,,,,0,,,,,,none,816191
815731,2026-06-19,18:07,2026,St. Paul Saints,Omaha Storm Chasers,Aaron Rozek,Randy Dobnak,702065.0,677976.0,schedule_probable_pitcher,1,6,5,3,0,0,2,0,0,0,0,0,1,3,3,0,No Line,0.0,none,-1,11,11,1,post,Final,Final,,,,,,,,,,,,,0,,,,,,none,815731
816488,2026-06-19,18:08,2026,Iowa Cubs,Indianapolis Indians,Vince Velasquez,Justin Meis,592826.0,701568.0,schedule_probable_pitcher,1,11,7,0,1,2,2,2,0,4,2,3,0,11,5,0,No Line,0.0,none,-1,17,12,1,post,Final,Final,,,,,,,,,,,,,0,,,,,,none,816488
814912,2026-06-19,18:35,2026,Salt Lake Bees,Tacoma Rainiers,George Klassen,Michael Plassmeyer,691946.0,674681.0,schedule_probable_pitcher,1,3,2,1,0,0,0,0,1,0,1,0,0,1,2,0,No Line,0.0,none,-1,10,5,1,post,Final,Final,,,,,,,,,,,,,0,,,,,,none,814912
815371,2026-06-19,18:35,2026,El Paso Chihuahuas,Reno Aces,Matt Waldron,Bryce Jarvis,663362.0,686826.0,schedule_probable_pitcher,1,14,1,0,1,0,0,0,0,2,0,0,0,2,1,0,No Line,0.0,none,-1,14,6,1,post,Final,Final,,,,,,,,,,,,,0,,,,,,none,815371
815445,2026-06-19,18:35,2026,Albuquerque Isotopes,Sugar Land Space Cowboys,Eiberson Castellano,Josh Hendrickson,682769.0,681973.0,schedule_probable_pitcher,1,9,3,2,0,0,2,0,0,2,0,5,1,9,3,0,No Line,0.0,none,-1,10,5,1,post,Final,Final,,,,,,,,,,,,,0,,,,,,none,815445
815291,2026-06-19,20:05,2026,Las Vegas Aviators,Round Rock Express,Joey Estes,David Davalillo,683155.0,699314.0,schedule_probable_pitcher,1,10,4,0,1,3,0,0,2,0,1,0,0,3,4,0,No Line,0.0,none,-1,9,6,1,post,Final,Final,,,,,,,,,,,,,0,,,,,,none,815291
816639,2026-06-20,16:05,2026,Gwinnett Stripers,Louisville Bats,Austin Gomber,Brandon Leibrandt,596295.0,605335.0,schedule_probable_pitcher,1,2,4,0,0,1,0,1,0,0,1,0,0,2,1,0,No Line,0.0,none,-1,7,8,1,post,Final,Final,,,,,,,,,,,,,0,,,,,,none,816639
815663,2026-06-20,16:35,2026,Syracuse Mets,Norfolk Tides,Jonah Tong,Chris Kachmar,804636.0,690148.0,schedule_probable_pitcher,1,11,10,2,2,0,5,1,0,0,0,2,0,5,7,0,No Line,0.0,none,-1,12,16,1,post,Final,Final,,,,,,,,,,,,,0,,,,,,none,815663
816342,2026-06-20,16:35,2026,Lehigh Valley IronPigs,Worcester Red Sox,Drake Fellows,Osvaldo Berrios,666148.0,676047.0,schedule_probable_pitcher,1,4,3,1,1,0,0,1,0,0,2,1,0,3,3,0,No Line,0.0,none,-1,8,10,1,post,Final,Final,,,,,,,,,,,,,0,,,,,,none,816342
816941,2026-06-20,16:35,2026,Buffalo Bisons,Charlotte Knights,Grant Rogers,David Sandlin,814804.0,689818.0,schedule_probable_pitcher,1,4,2,0,0,0,2,1,0,0,0,0,0,1,2,0,No Line,0.0,none,-1,10,8,1,post,Final,Final,,,,,,,,,,,,,0,,,,,,none,816941
815885,2026-06-20,16:45,2026,Rochester Red Wings,Toledo Mud Hens,Carson Palmquist,Scott Effross,687223.0,664123.0,schedule_probable_pitcher,1,14,1,0,0,0,0,0,0,1,1,1,0,2,1,0,No Line,0.0,none,-1,12,5,1,post,Final,Final,,,,,,,,,,,,,0,,,,,,none,815885
816711,2026-06-20,16:45,2026,Durham Bulls,Jacksonville Jumbo Shrimp,,Karson Milbrandt,,703596.0,schedule_probable_pitcher,1,1,2,0,0,0,0,0,0,1,1,0,1,1,2,0,No Line,0.0,none,-1,4,3,1,post,Final,Final,,,,,,,,,,,,,0,,,,,,none,816711
816796,2026-06-20,17:05,2026,Columbus Clippers,Scranton/Wilkes-Barre RailRiders,Yorman Gómez,Dom Hamel,691414.0,687589.0,schedule_probable_pitcher,1,6,3,0,2,1,0,0,0,0,0,4,1,5,3,0,No Line,0.0,none,-1,5,9,1,post,Final,Final,,,,,,,,,,,,,0,,,,,,none,816796
816491,2026-06-20,17:08,2026,Iowa Cubs,Indianapolis Indians,Ty Blach,Noah Davis,621389.0,663562.0,schedule_probable_pitcher,1,4,7,0,1,0,1,0,0,0,1,0,0,0,3,0,No Line,0.0,none,-1,8,11,1,post,Final,Final,,,,,,,,,,,,,0,,,,,,none,816491
816199,2026-06-20,17:35,2026,Memphis Redbirds,Nashville Sounds,,,,,schedule,0,3,17,0,1,0,0,1,1,0,5,1,0,2,7,0,No Line,0.0,none,-1,6,17,1,post,Final,Final,,,,,,,,,,,,,0,,,,,,none,816199
815738,2026-06-20,17:37,2026,St. Paul Saints,Omaha Storm Chasers,Ryan Gallagher,Mitch Spence,801594.0,687765.0,schedule_probable_pitcher,1,7,6,1,1,1,1,2,2,0,0,0,0,4,4,0,No Line,0.0,none,-1,12,11,1,post,Final,Final,,,,,,,,,,,,,0,,,,,,none,815738
815215,2026-06-20,18:05,2026,Oklahoma City Comets,Sacramento River Cats,Cole Irvin,Blade Tidwell,608344.0,694918.0,schedule_probable_pitcher,1,6,0,0,0,1,0,0,0,0,0,2,0,3,0,0,No Line,0.0,none,-1,9,6,1,post,Final,Final,,,,,,,,,,,,,0,,,,,,none,815215
814914,2026-06-20,18:35,2026,Salt Lake Bees,Tacoma Rainiers,Caden Dana,Gabe Mosser,702674.0,682077.0,schedule_probable_pitcher,1,8,7,0,0,0,0,2,1,0,0,1,2,3,3,0,No Line,0.0,none,-1,10,11,1,post,Final,Final,,,,,,,,,,,,,0,,,,,,none,814914
815372,2026-06-20,18:35,2026,El Paso Chihuahuas,Reno Aces,Jackson Wolf,Brandon Pfaadt,680232.0,694297.0,schedule_probable_pitcher,1,1,7,1,1,0,0,0,0,0,0,0,1,1,2,0,No Line,0.0,none,-1,4,17,1,post,Final,Final,,,,,,,,,,,,,0,,,,,,none,815372
815448,2026-06-20,18:35,2026,Albuquerque Isotopes,Sugar Land Space Cowboys,Keegan Thompson,Brandon McPherson,624522.0,835483.0,schedule_probable_pitcher,1,6,5,3,2,0,0,0,0,1,2,1,0,5,4,0,No Line,0.0,none,-1,9,9,1,post,Final,Final,,,,,,,,,,,,,0,,,,,,none,815448
815285,2026-06-20,20:05,2026,Las Vegas Aviators,Round Rock Express,Luis Morales,Josh Stephan,806960.0,695776.0,schedule_probable_pitcher,1,10,6,0,3,2,1,2,2,1,0,4,0,9,6,0,No Line,0.0,none,-1,11,11,1,post,Final,Final,,,,,,,,,,,,,0,,,,,,none,815285
815664,2026-06-21,11:05,2026,Syracuse Mets,Norfolk Tides,Xzavion Curry,Dean Kremer,675540.0,665152.0,schedule_probable_pitcher,1,5,3,0,0,0,0,1,0,0,0,2,2,3,2,0,No Line,0.0,none,-1,10,8,1,post,Final,Final,,,,,,,,,,,,,0,,,,,,none,815664
815883,2026-06-21,11:05,2026,Rochester Red Wings,Toledo Mud Hens,Jackson Kent,Ty Madden,800600.0,680744.0,schedule_probable_pitcher,1,6,9,0,0,0,3,0,2,2,0,0,0,2,5,0,No Line,0.0,none,-1,7,14,1,post,Final,Final,,,,,,,,,,,,,0,,,,,,none,815883
816642,2026-06-21,11:05,2026,Gwinnett Stripers,Louisville Bats,Hurston Waldrep,Sam Benschoter,694462.0,680397.0,schedule_probable_pitcher,1,10,1,2,1,0,0,1,0,0,0,2,0,5,1,0,No Line,0.0,none,-1,14,6,1,post,Final,Final,,,,,,,,,,,,,0,,,,,,none,816642
816797,2026-06-21,11:05,2026,Columbus Clippers,Scranton/Wilkes-Barre RailRiders,Austin Peterson,Brendan Beck,804926.0,694341.0,schedule_probable_pitcher,1,4,5,0,0,2,2,0,0,0,0,0,2,2,4,0,No Line,0.0,none,-1,5,10,1,post,Final,Final,,,,,,,,,,,,,0,,,,,,none,816797
816938,2026-06-21,11:05,2026,Buffalo Bisons,Charlotte Knights,Pat Gallagher,Shane Murphy,693483.0,690294.0,schedule_probable_pitcher,1,0,5,0,5,0,0,0,0,0,0,0,0,0,5,0,No Line,0.0,none,-1,5,6,1,post,Final,Final,,,,,,,,,,,,,0,,,,,,none,816938
816343,2026-06-21,11:15,2026,Lehigh Valley IronPigs,Worcester Red Sox,Kolby Allard,Jack Anderson,663465.0,681252.0,schedule_probable_pitcher,1,3,12,0,1,0,0,0,4,3,0,0,2,3,7,0,No Line,0.0,none,-1,5,15,1,post,Final,Final,,,,,,,,,,,,,0,,,,,,none,816343
816195,2026-06-21,12:05,2026,Memphis Redbirds,Nashville Sounds,,,,,schedule,0,10,8,5,0,0,0,1,0,1,1,3,0,10,1,0,No Line,0.0,none,-1,15,6,1,post,Final,Final,,,,,,,,,,,,,0,,,,,,none,816195
816486,2026-06-21,12:08,2026,Iowa Cubs,Indianapolis Indians,Jordan Wicks,José Urquidy,696136.0,664353.0,schedule_probable_pitcher,1,1,3,0,0,0,1,0,0,0,0,0,1,0,2,0,No Line,0.0,none,-1,7,6,1,post,Final,Final,,,,,,,,,,,,,0,,,,,,none,816486
815289,2026-06-21,13:05,2026,Las Vegas Aviators,Round Rock Express,Jacob Lopez,Nolan Kingham,682052.0,663884.0,schedule_probable_pitcher,1,5,9,0,3,0,2,0,0,0,0,0,1,0,6,0,No Line,0.0,none,-1,12,15,1,post,Final,Final,,,,,,,,,,,,,0,,,,,,none,815289
815737,2026-06-21,13:07,2026,St. Paul Saints,Omaha Storm Chasers,Trent Baker,Andrew Pérez,694536.0,680970.0,schedule_probable_pitcher,1,12,15,1,0,0,3,0,1,9,1,0,3,10,8,0,No Line,0.0,none,-1,15,24,1,post,Final,Final,,,,,,,,,,,,,0,,,,,,none,815737
816709,2026-06-21,15:05,2026,Durham Bulls,Jacksonville Jumbo Shrimp,Michael Forret,Patrick Monteverde,702650.0,687287.0,schedule_probable_pitcher,1,5,11,0,7,1,0,0,1,0,0,0,2,1,10,0,No Line,0.0,none,-1,6,11,1,post,Final,Final,,,,,,,,,,,,,0,,,,,,none,816709
815212,2026-06-21,17:05,2026,Oklahoma City Comets,Sacramento River Cats,Jackson Ferris,Carson Seymour,701328.0,693313.0,schedule_probable_pitcher,1,5,6,0,0,0,0,0,2,2,2,0,1,2,5,0,No Line,0.0,none,-1,9,11,1,post,Final,Final,,,,,,,,,,,,,0,,,,,,none,815212
814909,2026-06-21,18:05,2026,Salt Lake Bees,Tacoma Rainiers,Shaun Anderson,Jhonathan Díaz,641312.0,646242.0,schedule_probable_pitcher,1,1,7,0,1,0,0,0,0,1,0,0,0,1,1,0,No Line,0.0,none,-1,6,10,1,post,Final,Final,,,,,,,,,,,,,0,,,,,,none,814909
815361,2026-06-21,18:05,2026,El Paso Chihuahuas,Reno Aces,Jhony Brito,Kohl Drake,666745.0,684442.0,schedule_probable_pitcher,1,7,1,0,0,2,0,0,0,0,0,0,0,2,0,0,No Line,0.0,none,-1,11,6,1,post,Final,Final,,,,,,,,,,,,,0,,,,,,none,815361
815435,2026-06-21,18:05,2026,Albuquerque Isotopes,Sugar Land Space Cowboys,Domingo Acevedo,,642758.0,,schedule_probable_pitcher,1,6,7,1,2,0,2,2,0,0,0,0,0,3,4,0,No Line,0.0,none,-1,10,9,1,post,Final,Final,,,,,,,,,,,,,0,,,,,,none,815435
816260,2026-06-23,16:35,2026,Louisville Bats,St. Paul Saints,Hunter Greene,Ricky Castro,668881.0,690462.0,schedule_probable_pitcher,1,3,2,0,0,1,0,0,0,0,0,1,2,2,2,0,No Line,0.0,none,-1,7,5,1,post,Final,Final,,,,,,,,,,,,,0,,,,,,none,816260
815515,2026-06-23,16:45,2026,Worcester Red Sox,Toledo Mud Hens,Patrick Sandoval,Jack Little,663776.0,669193.0,schedule_probable_pitcher,1,1,4,0,0,0,0,1,1,0,1,0,0,1,2,0,No Line,0.0,none,-1,6,8,1,post,Final,Final,,,,,,,,,,,,,0,,,,,,none,815515
816335,2026-06-23,16:45,2026,Lehigh Valley IronPigs,Syracuse Mets,Tucker Davidson,Jack Wenninger,656353.0,811307.0,schedule_probable_pitcher,1,6,9,0,0,0,0,0,0,4,2,0,1,4,3,0,No Line,0.0,none,-1,10,12,1,post,Final,Final,,,,,,,,,,,,,0,,,,,,none,816335
816863,2026-06-23,17:04,2026,Charlotte Knights,Rochester Red Wings,Tyler Schweitzer,Zach Penrod,805326.0,683068.0,schedule_probable_pitcher,1,9,10,0,0,0,3,0,0,1,0,0,0,1,3,0,No Line,0.0,none,-1,12,10,1,post,Final,Final,,,,,,,,,,,,,0,,,,,,none,816863
814839,2026-06-23,17:05,2026,Sugar Land Space Cowboys,El Paso Chihuahuas,Colton Gordon,Germán Márquez,676467.0,608566.0,schedule_probable_pitcher,1,12,5,0,1,1,0,1,0,5,0,2,4,9,5,0,No Line,0.0,none,-1,11,9,1,post,Final,Final,,,,,,,,,,,,,0,,,,,,none,814839
816415,2026-06-23,17:05,2026,Jacksonville Jumbo Shrimp,Memphis Redbirds,Bradley Blalock,Bruce Zimmermann,687134.0,669145.0,schedule_probable_pitcher,1,3,8,1,0,0,1,0,0,0,0,0,0,1,1,0,No Line,0.0,none,-1,6,11,1,post,Final,Final,,,,,,,,,,,,,0,,,,,,none,816415
816572,2026-06-23,17:05,2026,Indianapolis Indians,Scranton/Wilkes-Barre RailRiders,Antwone Kelly,Alexander Cornielle,699008.0,529017.0,schedule_probable_pitcher,1,2,7,0,0,0,0,0,2,2,3,0,0,2,5,0,No Line,0.0,none,-1,5,10,1,post,Final,Final,,,,,,,,,,,,,0,,,,,,none,816572
816116,2026-06-23,17:35,2026,Nashville Sounds,Gwinnett Stripers,Thomas Pannone,Drue Hackenberg,623381.0,802357.0,schedule_probable_pitcher,1,12,5,1,0,0,0,1,0,0,0,0,4,2,4,0,No Line,0.0,none,-1,15,8,1,post,Final,Final,,,,,,,,,,,,,0,,,,,,none,816116
816489,2026-06-23,17:38,2026,Iowa Cubs,Buffalo Bisons,Paul Campbell,Richard Gallardo,669294.0,682620.0,schedule_probable_pitcher,1,10,11,1,1,0,0,0,0,0,0,1,3,2,4,0,No Line,0.0,none,-1,11,13,1,post,Final,Final,,,,,,,,,,,,,0,,,,,,none,816489
815968,2026-06-23,18:05,2026,Omaha Storm Chasers,Columbus Clippers,Bailey Falter,Pedro Avila,663559.0,658648.0,schedule_probable_pitcher,1,3,2,0,0,1,0,0,0,2,0,0,1,3,1,0,No Line,0.0,none,-1,5,10,1,post,Final,Final,,,,,,,,,,,,,0,,,,,,none,815968
815436,2026-06-23,18:35,2026,Albuquerque Isotopes,Salt Lake Bees,,,,,schedule,0,11,3,1,0,0,0,4,0,5,0,0,0,10,0,0,No Line,0.0,none,-1,16,7,1,post,Final,Final,,,,,,,,,,,,,0,,,,,,none,815436
814767,2026-06-23,19:05,2026,Tacoma Rainiers,Round Rock Express,Carson Fulmer,,608334.0,,schedule_probable_pitcher,1,6,7,0,0,2,0,0,0,1,0,0,1,3,1,0,No Line,0.0,none,-1,8,12,1,post,Final,Final,,,,,,,,,,,,,0,,,,,,none,814767
815141,2026-06-23,19:35,2026,Reno Aces,Oklahoma City Comets,,Ryder Ryan,,656924.0,schedule_probable_pitcher,1,5,4,1,0,2,0,0,2,1,0,0,0,4,2,0,No Line,0.0,none,-1,5,4,1,post,Final,Final,,,,,,,,,,,,,0,,,,,,none,815141
814993,2026-06-23,19:45,2026,Sacramento River Cats,Las Vegas Aviators,John Michael Bertrand,Chen Zhong-Ao Zhuang,802609.0,800018.0,schedule_probable_pitcher,1,2,11,0,0,0,1,0,2,0,5,0,0,0,8,0,No Line,0.0,none,-1,5,11,1,post,Final,Final,,,,,,,,,,,,,0,,,,,,none,814993
814840,2026-06-24,10:05,2026,Sugar Land Space Cowboys,El Paso Chihuahuas,Ethan Pecko,Sean Boyle,814490.0,682044.0,schedule_probable_pitcher,1,7,1,0,0,0,0,1,0,0,1,0,0,1,1,0,No Line,0.0,none,-1,12,8,1,post,Final,Final,,,,,,,,,,,,,0,,,,,,none,814840
816258,2026-06-24,10:05,2026,Louisville Bats,St. Paul Saints,Julian Aguiar,Aaron Rozek,687924.0,702065.0,schedule_probable_pitcher,1,3,4,0,0,0,0,0,1,0,0,0,2,0,3,0,No Line,0.0,none,-1,6,6,1,post,Final,Final,,,,,,,,,,,,,0,,,,,,none,816258
816413,2026-06-24,10:05,2026,Jacksonville Jumbo Shrimp,Memphis Redbirds,Braxton Garrett,Hunter Dobbins,666129.0,690928.0,schedule_probable_pitcher,1,13,5,2,0,3,0,1,0,0,1,1,3,7,4,0,No Line,0.0,none,-1,13,7,1,post,Final,Final,,,,,,,,,,,,,0,,,,,,none,816413
816485,2026-06-24,11:08,2026,Iowa Cubs,Buffalo Bisons,,Jake Bloss,,814005.0,schedule_probable_pitcher,1,18,11,0,2,2,0,2,0,2,0,11,1,17,3,0,No Line,0.0,none,-1,19,12,1,post,Final,Final,,,,,,,,,,,,,0,,,,,,none,816485
816565,2026-06-24,11:35,2026,Indianapolis Indians,Scranton/Wilkes-Barre RailRiders,Derek Diamond,Adam Kloffenstein,682981.0,680572.0,schedule_probable_pitcher,1,8,6,0,1,2,1,3,1,0,3,0,0,5,6,0,No Line,0.0,none,-1,6,10,1,post,Final,Final,,,,,,,,,,,,,0,,,,,,none,816565
814998,2026-06-24,13:05,2026,Sacramento River Cats,Las Vegas Aviators,Joe Whitman,Kade Morris,802126.0,695034.0,schedule_probable_pitcher,1,1,5,0,0,0,0,0,1,0,0,0,0,0,1,0,No Line,0.0,none,-1,5,11,1,post,Final,Final,,,,,,,,,,,,,0,,,,,,none,814998
816047,2026-06-24,16:05,2026,Norfolk Tides,Durham Bulls,Trace Bright,Brody Hopkins,687238.0,811315.0,schedule_probable_pitcher,1,4,6,0,0,2,0,0,6,1,0,1,0,4,6,0,No Line,0.0,none,-1,7,5,1,post,Final,Final,,,,,,,,,,,,,0,,,,,,none,816047
816049,2026-06-24,16:10,2026,Norfolk Tides,Durham Bulls,Yaqui Rivera,Trevor Martin,700072.0,694680.0,schedule_probable_pitcher,1,3,5,0,0,0,0,0,2,0,1,2,2,2,5,0,No Line,0.0,none,-1,5,3,1,post,Final,Final,,,,,,,,,,,,,0,,,,,,none,816049
815517,2026-06-24,16:45,2026,Worcester Red Sox,Toledo Mud Hens,Raymond Burgos,Dylan File,670103.0,668766.0,schedule_probable_pitcher,1,4,5,3,0,0,1,1,0,0,3,0,1,4,5,0,No Line,0.0,none,-1,6,5,1,post,Final,Final,,,,,,,,,,,,,0,,,,,,none,815517
816334,2026-06-24,16:45,2026,Lehigh Valley IronPigs,Syracuse Mets,Brian Keller,Jack Weisenburger,662144.0,674073.0,schedule_probable_pitcher,1,4,5,0,0,3,0,0,0,0,0,0,0,3,0,0,No Line,0.0,none,-1,4,8,1,post,Final,Final,,,,,,,,,,,,,0,,,,,,none,816334
816856,2026-06-24,17:04,2026,Charlotte Knights,Rochester Red Wings,Mason Adams,Chandler Champlain,690279.0,669441.0,schedule_probable_pitcher,1,10,2,1,0,3,0,1,0,0,0,0,0,5,0,0,No Line,0.0,none,-1,17,7,1,post,Final,Final,,,,,,,,,,,,,0,,,,,,none,816856
816115,2026-06-24,17:35,2026,Nashville Sounds,Gwinnett Stripers,Garrett Stallings,Anthony Molina,668831.0,683627.0,schedule_probable_pitcher,1,5,8,2,0,0,0,0,0,0,1,1,0,3,1,0,No Line,0.0,none,-1,4,9,1,post,Final,Final,,,,,,,,,,,,,0,,,,,,none,816115
815970,2026-06-24,18:05,2026,Omaha Storm Chasers,Columbus Clippers,Kris Bubic,Logan Allen,663460.0,671106.0,schedule_probable_pitcher,1,2,3,0,0,0,0,0,1,0,0,0,0,0,1,0,No Line,0.0,none,-1,6,11,1,post,Final,Final,,,,,,,,,,,,,0,,,,,,none,815970
815438,2026-06-24,18:35,2026,Albuquerque Isotopes,Salt Lake Bees,,Alek Manoah,,666201.0,schedule_probable_pitcher,1,1,9,1,0,0,0,0,0,0,0,0,0,1,0,0,No Line,0.0,none,-1,4,11,1,post,Final,Final,,,,,,,,,,,,,0,,,,,,none,815438
814761,2026-06-24,19:05,2026,Tacoma Rainiers,Round Rock Express,Casey Lawrence,,596271.0,,schedule_probable_pitcher,1,12,1,0,0,0,0,0,0,4,0,0,0,4,0,0,No Line,0.0,none,-1,13,7,1,post,Final,Final,,,,,,,,,,,,,0,,,,,,none,814761
815136,2026-06-24,19:35,2026,Reno Aces,Oklahoma City Comets,Yu-Min Lin,Landon Knack,801179.0,689017.0,schedule_probable_pitcher,1,4,3,1,0,1,1,1,2,0,0,0,0,3,3,0,No Line,0.0,none,-1,14,9,1,post,Final,Final,,,,,,,,,,,,,0,,,,,,none,815136
816034,2026-06-25,10:05,2026,Norfolk Tides,Durham Bulls,Chris Kachmar,Mason Englert,690148.0,669438.0,schedule_probable_pitcher,1,5,7,0,0,0,0,0,1,2,0,3,0,5,1,0,No Line,0.0,none,-1,8,13,1,post,Final,Final,,,,,,,,,,,,,0,,,,,,none,816034
815439,2026-06-25,12:05,2026,Albuquerque Isotopes,Salt Lake Bees,Gabriel Hughes,George Klassen,687312.0,691946.0,schedule_probable_pitcher,1,8,1,1,0,0,0,0,0,1,0,0,0,2,0,0,No Line,0.0,none,-1,9,8,1,post,Final,Final,,,,,,,,,,,,,0,,,,,,none,815439
815518,2026-06-25,16:45,2026,Worcester Red Sox,Toledo Mud Hens,Brayan Bello,Sawyer Gipson-Long,678394.0,687830.0,schedule_probable_pitcher,1,2,3,0,0,0,0,0,1,0,0,2,0,2,1,0,No Line,0.0,none,-1,5,11,1,post,Final,Final,,,,,,,,,,,,,0,,,,,,none,815518
816336,2026-06-25,16:45,2026,Lehigh Valley IronPigs,Syracuse Mets,Chuck King,Adbert Alzolay,666155.0,640470.0,schedule_probable_pitcher,1,7,3,2,0,1,2,1,0,1,0,0,0,5,2,0,No Line,0.0,none,-1,11,7,1,post,Final,Final,,,,,,,,,,,,,0,,,,,,none,816336
816858,2026-06-25,17:04,2026,Charlotte Knights,Rochester Red Wings,Jonathan Cannon,Andry Lara,686563.0,691251.0,schedule_probable_pitcher,1,7,6,0,1,1,3,0,1,0,1,2,0,3,6,0,No Line,0.0,none,-1,9,12,1,post,Final,Final,,,,,,,,,,,,,0,,,,,,none,816858
816410,2026-06-25,17:05,2026,Jacksonville Jumbo Shrimp,Memphis Redbirds,Brandon White,,681449.0,,schedule_probable_pitcher,1,10,4,2,0,1,0,0,1,0,0,6,0,9,1,0,No Line,0.0,none,-1,15,6,1,post,Final,Final,,,,,,,,,,,,,0,,,,,,none,816410
816562,2026-06-25,17:05,2026,Indianapolis Indians,Scranton/Wilkes-Barre RailRiders,,Dom Hamel,,687589.0,schedule_probable_pitcher,1,4,6,0,0,1,1,0,4,1,0,0,0,2,5,0,No Line,0.0,none,-1,6,8,1,post,Final,Final,,,,,,,,,,,,,0,,,,,,none,816562
816114,2026-06-25,17:35,2026,Nashville Sounds,Gwinnett Stripers,Lyon Richardson,Owen Murphy,680689.0,702566.0,schedule_probable_pitcher,1,3,0,0,0,0,0,1,0,1,0,0,0,2,0,0,No Line,0.0,none,-1,7,2,1,post,Final,Final,,,,,,,,,,,,,0,,,,,,none,816114
816487,2026-06-25,17:38,2026,Iowa Cubs,Buffalo Bisons,Corbin Martin,Josh Fleming,656686.0,676596.0,schedule_probable_pitcher,1,1,15,0,0,0,2,0,1,0,1,0,8,0,12,0,No Line,0.0,none,-1,6,14,1,post,Final,Final,,,,,,,,,,,,,0,,,,,,none,816487
814843,2026-06-25,18:05,2026,Sugar Land Space Cowboys,El Paso Chihuahuas,Lance McCullers Jr.,Matt Waldron,621121.0,663362.0,schedule_probable_pitcher,1,11,0,2,0,0,0,0,0,0,0,0,0,2,0,0,No Line,0.0,none,-1,7,7,1,post,Final,Final,,,,,,,,,,,,,0,,,,,,none,814843
815957,2026-06-25,18:05,2026,Omaha Storm Chasers,Columbus Clippers,Randy Dobnak,Rorik Maltrud,677976.0,702045.0,schedule_probable_pitcher,1,6,3,2,1,0,0,0,2,0,0,1,0,3,3,0,No Line,0.0,none,-1,10,10,1,post,Final,Final,,,,,,,,,,,,,0,,,,,,none,815957
815135,2026-06-25,19:35,2026,Reno Aces,Oklahoma City Comets,Bryce Jarvis,Charlie Barnes,686826.0,656212.0,schedule_probable_pitcher,1,8,9,2,0,0,0,0,6,0,0,0,3,2,9,0,No Line,0.0,none,-1,7,11,1,post,Final,Final,,,,,,,,,,,,,0,,,,,,none,815135
814995,2026-06-25,19:45,2026,Sacramento River Cats,Las Vegas Aviators,Carson Whisenhunt,Joey Estes,687931.0,683155.0,schedule_probable_pitcher,1,3,4,0,0,0,2,0,0,2,2,0,0,2,4,0,No Line,0.0,none,-1,8,12,1,post,Final,Final,,,,,,,,,,,,,0,,,,,,none,814995
814762,2026-06-25,20:05,2026,Tacoma Rainiers,Round Rock Express,Michael Plassmeyer,,674681.0,,schedule_probable_pitcher,1,2,8,0,0,0,4,1,1,0,0,0,0,1,5,0,No Line,0.0,none,-1,8,8,1,post,Final,Final,,,,,,,,,,,,,0,,,,,,none,814762
816264,2026-06-26,14:05,2026,Louisville Bats,St. Paul Saints,Jose Franco,John Klein,683742.0,804619.0,schedule_probable_pitcher,1,1,3,0,0,0,2,0,0,1,0,0,0,1,2,0,No Line,0.0,none,-1,4,7,1,post,Final,Final,,,,,,,,,,,,,0,,,,,,none,816264
816036,2026-06-26,16:35,2026,Norfolk Tides,Durham Bulls,Dean Kremer,Ty Johnson,665152.0,694494.0,schedule_probable_pitcher,1,1,4,0,0,0,0,0,0,0,0,0,0,0,0,0,No Line,0.0,none,-1,6,7,1,post,Final,Final,,,,,,,,,,,,,0,,,,,,none,816036
815516,2026-06-26,16:45,2026,Worcester Red Sox,Toledo Mud Hens,,Brenan Hanifee,,669724.0,schedule_probable_pitcher,1,1,13,1,5,0,0,0,1,0,0,0,2,1,8,0,No Line,0.0,none,-1,5,13,1,post,Final,Final,,,,,,,,,,,,,0,,,,,,none,815516
816333,2026-06-26,16:45,2026,Lehigh Valley IronPigs,Syracuse Mets,Drake Fellows,Jonah Tong,666148.0,804636.0,schedule_probable_pitcher,1,3,4,0,0,0,0,1,0,0,0,0,0,1,0,0,No Line,0.0,none,-1,7,10,1,post,Final,Final,,,,,,,,,,,,,0,,,,,,none,816333
816857,2026-06-26,17:04,2026,Charlotte Knights,Rochester Red Wings,Noah Schultz,Zach Penrod,702273.0,683068.0,schedule_probable_pitcher,1,2,6,0,0,0,0,0,0,0,2,1,2,1,4,0,No Line,0.0,none,-1,8,9,1,post,Final,Final,,,,,,,,,,,,,0,,,,,,none,816857
816403,2026-06-26,17:05,2026,Jacksonville Jumbo Shrimp,Memphis Redbirds,Patrick Monteverde,Pete Hansen,687287.0,677337.0,schedule_probable_pitcher,1,1,0,0,0,0,0,0,0,1,0,0,0,1,0,0,No Line,0.0,none,-1,2,3,1,post,Final,Final,,,,,,,,,,,,,0,,,,,,none,816403
816567,2026-06-26,17:05,2026,Indianapolis Indians,Scranton/Wilkes-Barre RailRiders,Noah Davis,Elmer Rodríguez,663562.0,695684.0,schedule_probable_pitcher,1,3,8,0,0,1,0,0,0,0,0,0,2,1,2,0,No Line,0.0,none,-1,5,14,1,post,Final,Final,,,,,,,,,,,,,0,,,,,,none,816567
816110,2026-06-26,17:35,2026,Nashville Sounds,Gwinnett Stripers,Tyson Hardin,Garrett Baumann,824620.0,803833.0,schedule_probable_pitcher,1,10,13,2,0,0,2,8,0,0,0,0,4,10,6,0,No Line,0.0,none,-1,12,14,1,post,Final,Final,,,,,,,,,,,,,0,,,,,,none,816110
814844,2026-06-26,18:05,2026,Sugar Land Space Cowboys,El Paso Chihuahuas,Josh Hendrickson,Jackson Wolf,681973.0,680232.0,schedule_probable_pitcher,1,1,8,0,2,0,0,1,0,0,2,0,0,1,4,0,No Line,0.0,none,-1,5,11,1,post,Final,Final,,,,,,,,,,,,,0,,,,,,none,814844
815959,2026-06-26,18:05,2026,Omaha Storm Chasers,Columbus Clippers,Ryan Ramsey,Yorman Gómez,687547.0,691414.0,schedule_probable_pitcher,1,2,4,0,0,0,0,0,0,0,0,2,1,2,1,0,No Line,0.0,none,-1,5,8,1,post,Final,Final,,,,,,,,,,,,,0,,,,,,none,815959
816482,2026-06-26,18:08,2026,Iowa Cubs,Buffalo Bisons,Andrew Wantz,Josh Fleming,681806.0,676596.0,schedule_probable_pitcher,1,12,1,3,1,0,0,0,0,1,0,2,0,6,1,0,No Line,0.0,none,-1,17,9,1,post,Final,Final,,,,,,,,,,,,,0,,,,,,none,816482
815437,2026-06-26,18:35,2026,Albuquerque Isotopes,Salt Lake Bees,Eiberson Castellano,Caden Dana,682769.0,702674.0,schedule_probable_pitcher,1,0,6,0,0,0,0,0,0,0,0,0,0,0,0,0,No Line,0.0,none,-1,3,10,1,post,Final,Final,,,,,,,,,,,,,0,,,,,,none,815437
815132,2026-06-26,19:35,2026,Reno Aces,Oklahoma City Comets,Dylan Ray,Cole Irvin,691009.0,608344.0,schedule_probable_pitcher,1,6,8,0,0,0,0,0,2,1,0,4,1,5,3,0,No Line,0.0,none,-1,11,11,1,post,Final,Final,,,,,,,,,,,,,0,,,,,,none,815132
814988,2026-06-26,19:45,2026,Sacramento River Cats,Las Vegas Aviators,Carson Seymour,Luis Morales,693313.0,806960.0,schedule_probable_pitcher,1,13,6,2,3,2,0,0,0,5,0,0,0,9,3,0,No Line,0.0,none,-1,13,9,1,post,Final,Final,,,,,,,,,,,,,0,,,,,,none,814988
814763,2026-06-26,20:05,2026,Tacoma Rainiers,Round Rock Express,Gabe Mosser,,682077.0,,schedule_probable_pitcher,1,7,9,1,1,0,2,2,0,0,3,1,1,4,7,0,No Line,0.0,none,-1,10,12,1,post,Final,Final,,,,,,,,,,,,,0,,,,,,none,814763
816262,2026-06-27,13:05,2026,Louisville Bats,St. Paul Saints,Davis Daniel,Ty Langenberg,669721.0,807716.0,schedule_probable_pitcher,1,0,12,0,1,0,1,0,0,0,2,0,0,0,4,0,No Line,0.0,none,-1,3,16,1,post,Final,Final,,,,,,,,,,,,,0,,,,,,none,816262
815519,2026-06-27,14:05,2026,Worcester Red Sox,Toledo Mud Hens,Jack Anderson,Ty Madden,681252.0,680744.0,schedule_probable_pitcher,1,6,15,3,0,2,0,0,4,0,0,0,2,5,6,0,No Line,0.0,none,-1,6,22,1,post,Final,Final,,,,,,,,,,,,,0,,,,,,none,815519
816861,2026-06-27,16:05,2026,Charlotte Knights,Rochester Red Wings,Shane Murphy,Jackson Kent,690294.0,800600.0,schedule_probable_pitcher,1,1,3,1,0,0,1,0,1,0,1,0,0,1,3,0,No Line,0.0,none,-1,5,6,1,post,Final,Final,,,,,,,,,,,,,0,,,,,,none,816861
816337,2026-06-27,16:35,2026,Lehigh Valley IronPigs,Syracuse Mets,Kolby Allard,Xzavion Curry,663465.0,675540.0,schedule_probable_pitcher,1,8,6,0,0,0,0,0,0,1,1,1,0,2,1,0,No Line,0.0,none,-1,12,10,1,post,Final,Final,,,,,,,,,,,,,0,,,,,,none,816337
816409,2026-06-27,16:35,2026,Jacksonville Jumbo Shrimp,Memphis Redbirds,Karson Milbrandt,Quinn Mathews,703596.0,687273.0,schedule_probable_pitcher,1,4,3,0,0,0,2,0,0,0,0,0,1,0,3,0,No Line,0.0,none,-1,3,6,1,post,Final,Final,,,,,,,,,,,,,0,,,,,,none,816409
815958,2026-06-27,17:05,2026,Omaha Storm Chasers,Columbus Clippers,Kris Bubic,Austin Peterson,663460.0,804926.0,schedule_probable_pitcher,1,9,2,0,0,2,0,1,2,0,0,2,0,5,2,0,No Line,0.0,none,-1,14,8,1,post,Final,Final,,,,,,,,,,,,,0,,,,,,none,815958
816564,2026-06-27,17:05,2026,Indianapolis Indians,Scranton/Wilkes-Barre RailRiders,José Urquidy,Brendan Beck,664353.0,694341.0,schedule_probable_pitcher,1,4,3,0,1,0,0,0,0,0,0,0,0,0,1,0,No Line,0.0,none,-1,9,4,1,post,Final,Final,,,,,,,,,,,,,0,,,,,,none,816564
816481,2026-06-27,17:08,2026,Iowa Cubs,Buffalo Bisons,Grant Kipp,Grant Rogers,805990.0,814804.0,schedule_probable_pitcher,1,3,9,0,1,1,2,0,0,0,0,1,0,2,3,0,No Line,0.0,none,-1,10,13,1,post,Final,Final,,,,,,,,,,,,,0,,,,,,none,816481
814838,2026-06-27,18:05,2026,Sugar Land Space Cowboys,El Paso Chihuahuas,Cristian Javier,Jhony Brito,664299.0,666745.0,schedule_probable_pitcher,1,5,2,3,0,0,0,0,0,0,0,0,0,3,0,0,No Line,0.0,none,-1,7,7,1,post,Final,Final,,,,,,,,,,,,,0,,,,,,none,814838
815441,2026-06-27,18:35,2026,Albuquerque Isotopes,Salt Lake Bees,Keegan Thompson,Shaun Anderson,624522.0,641312.0,schedule_probable_pitcher,1,7,8,4,0,1,1,1,0,0,1,0,2,6,4,0,No Line,0.0,none,-1,10,14,1,post,Final,Final,,,,,,,,,,,,,0,,,,,,none,815441
814768,2026-06-27,19:05,2026,Tacoma Rainiers,Round Rock Express,Jhonathan Díaz,,646242.0,,schedule_probable_pitcher,1,5,1,0,0,1,0,3,0,0,0,1,0,5,0,0,No Line,0.0,none,-1,9,4,1,post,Final,Final,,,,,,,,,,,,,0,,,,,,none,814768
815134,2026-06-27,19:35,2026,Reno Aces,Oklahoma City Comets,Kohl Drake,Jackson Ferris,684442.0,701328.0,schedule_probable_pitcher,1,9,4,4,0,0,1,3,1,0,0,0,1,7,3,0,No Line,0.0,none,-1,9,11,1,post,Final,Final,,,,,,,,,,,,,0,,,,,,none,815134
814985,2026-06-27,19:37,2026,Sacramento River Cats,Las Vegas Aviators,Blade Tidwell,Jacob Lopez,694918.0,682052.0,schedule_probable_pitcher,1,0,1,0,1,0,0,0,0,0,0,0,0,0,1,0,No Line,0.0,none,-1,5,5,1,post,Final,Final,,,,,,,,,,,,,0,,,,,,none,814985
816041,2026-06-28,10:05,2026,Norfolk Tides,Durham Bulls,Nestor German,,815148.0,,schedule_probable_pitcher,1,0,7,0,2,0,2,0,0,0,0,0,0,0,4,0,No Line,0.0,none,-1,1,9,1,post,Final,Final,,,,,,,,,,,,,0,,,,,,none,816041
816037,2026-06-28,10:10,2026,Norfolk Tides,Durham Bulls,Yaqui Rivera,,700072.0,,schedule_probable_pitcher,1,2,1,1,0,0,0,0,0,0,0,0,0,1,0,0,No Line,0.0,none,-1,5,3,1,post,Final,Final,,,,,,,,,,,,,0,,,,,,none,816037
815513,2026-06-28,11:05,2026,Worcester Red Sox,Toledo Mud Hens,Patrick Sandoval,Troy Watson,663776.0,681890.0,schedule_probable_pitcher,1,3,1,1,0,0,1,0,0,0,0,0,0,1,1,0,No Line,0.0,none,-1,7,5,1,post,Final,Final,,,,,,,,,,,,,0,,,,,,none,815513
816259,2026-06-28,11:05,2026,Louisville Bats,St. Paul Saints,Hunter Greene,Kendry Rojas,668881.0,696070.0,schedule_probable_pitcher,1,3,0,0,0,0,0,0,0,0,0,0,0,0,0,0,No Line,0.0,none,-1,8,2,1,post,Final,Final,,,,,,,,,,,,,0,,,,,,none,816259
816332,2026-06-28,11:15,2026,Lehigh Valley IronPigs,Syracuse Mets,Andrew Painter,Dan Hammer,691725.0,669285.0,schedule_probable_pitcher,1,4,5,0,0,2,0,1,1,0,0,0,0,3,1,0,No Line,0.0,none,-1,6,8,1,post,Final,Final,,,,,,,,,,,,,0,,,,,,none,816332
816566,2026-06-28,11:35,2026,Indianapolis Indians,Scranton/Wilkes-Barre RailRiders,Antwone Kelly,Alexander Cornielle,699008.0,529017.0,schedule_probable_pitcher,1,6,5,0,0,0,0,1,1,0,2,0,1,1,4,0,No Line,0.0,none,-1,7,12,1,post,Final,Final,,,,,,,,,,,,,0,,,,,,none,816566
816407,2026-06-28,12:05,2026,Jacksonville Jumbo Shrimp,Memphis Redbirds,Janson Junk,Brycen Mautz,676083.0,802408.0,schedule_probable_pitcher,1,4,1,0,1,1,0,3,0,0,0,0,0,4,1,0,No Line,0.0,none,-1,7,4,1,post,Final,Final,,,,,,,,,,,,,0,,,,,,none,816407
816484,2026-06-28,12:08,2026,Iowa Cubs,Buffalo Bisons,,Richard Gallardo,,682620.0,schedule_probable_pitcher,1,5,8,0,2,0,2,1,4,1,0,2,0,4,8,0,No Line,0.0,none,-1,9,9,1,post,Final,Final,,,,,,,,,,,,,0,,,,,,none,816484
815434,2026-06-28,13:35,2026,Albuquerque Isotopes,Salt Lake Bees,,,,,schedule,0,11,5,1,0,2,0,3,2,0,0,3,1,9,3,0,No Line,0.0,none,-1,13,9,1,post,Final,Final,,,,,,,,,,,,,0,,,,,,none,815434
814986,2026-06-28,14:05,2026,Sacramento River Cats,Las Vegas Aviators,Seth Lonsway,Chen Zhong-Ao Zhuang,675920.0,800018.0,schedule_probable_pitcher,1,2,6,0,0,0,0,0,0,0,1,0,0,0,1,0,No Line,0.0,none,-1,5,13,1,post,Final,Final,,,,,,,,,,,,,0,,,,,,none,814986
814757,2026-06-28,14:35,2026,Tacoma Rainiers,Round Rock Express,Carson Fulmer,,608334.0,,schedule_probable_pitcher,1,1,6,0,0,1,2,0,0,0,0,0,3,1,5,0,No Line,0.0,none,-1,6,11,1,post,Final,Final,,,,,,,,,,,,,0,,,,,,none,814757
816109,2026-06-28,14:35,2026,Nashville Sounds,Gwinnett Stripers,Gerson Garabito,Austin Gomber,642520.0,596295.0,schedule_probable_pitcher,1,5,8,0,4,3,4,0,0,0,0,0,0,3,8,0,No Line,0.0,none,-1,6,10,1,post,Final,Final,,,,,,,,,,,,,0,,,,,,none,816109
816855,2026-06-28,15:05,2026,Charlotte Knights,Rochester Red Wings,,Luis Perales,,691384.0,schedule_probable_pitcher,1,4,9,0,1,1,2,0,1,0,0,0,0,1,4,0,No Line,0.0,none,-1,3,14,1,post,Final,Final,,,,,,,,,,,,,0,,,,,,none,816855
815963,2026-06-28,16:05,2026,Omaha Storm Chasers,Columbus Clippers,Bailey Falter,Pedro Avila,663559.0,658648.0,schedule_probable_pitcher,1,11,13,1,0,6,1,0,0,0,5,0,0,7,6,0,No Line,0.0,none,-1,11,14,1,post,Final,Final,,,,,,,,,,,,,0,,,,,,none,815963
814841,2026-06-28,17:35,2026,Sugar Land Space Cowboys,El Paso Chihuahuas,Colton Gordon,Germán Márquez,676467.0,608566.0,schedule_probable_pitcher,1,2,1,0,0,0,0,0,0,0,0,0,0,0,0,0,No Line,0.0,none,-1,6,2,1,post,Final,Final,,,,,,,,,,,,,0,,,,,,none,814841
816108,2026-06-28,17:41,2026,Nashville Sounds,Gwinnett Stripers,Thomas Pannone,,623381.0,,schedule_probable_pitcher,1,7,0,1,0,2,0,0,0,0,0,1,0,4,0,0,No Line,0.0,none,-1,7,5,1,post,Final,Final,,,,,,,,,,,,,0,,,,,,none,816108
815131,2026-06-28,19:05,2026,Reno Aces,Oklahoma City Comets,Tommy Henry,Ryder Ryan,674072.0,656924.0,schedule_probable_pitcher,1,4,10,0,3,0,0,2,1,1,0,1,0,4,4,0,No Line,0.0,none,-1,6,15,1,post,Final,Final,,,,,,,,,,,,,0,,,,,,none,815131
815593,2026-06-30,10:05,2026,Toledo Mud Hens,Iowa Cubs,Dylan File,,668766.0,,schedule_probable_pitcher,1,1,3,0,0,1,0,0,2,0,1,0,0,1,3,0,No Line,0.0,none,-1,4,5,1,post,Final,Final,,,,,,,,,,,,,0,,,,,,none,815593
815657,2026-06-30,16:35,2026,Syracuse Mets,Worcester Red Sox,Daniel Duarte,Raymond Burgos,650960.0,670103.0,schedule_probable_pitcher,1,5,15,0,4,2,2,0,0,1,0,0,7,3,13,0,No Line,0.0,none,-1,9,16,1,post,Final,Final,,,,,,,,,,,,,0,,,,,,none,815657
815887,2026-06-30,16:45,2026,Rochester Red Wings,Lehigh Valley IronPigs,Alex Young,Tucker Davidson,622065.0,656353.0,schedule_probable_pitcher,1,4,6,3,1,0,1,1,2,0,1,0,0,4,5,0,No Line,0.0,none,-1,7,12,1,post,Final,Final,,,,,,,,,,,,,0,,,,,,none,815887
816710,2026-06-30,16:45,2026,Durham Bulls,Gwinnett Stripers,Mason Englert,Drue Hackenberg,669438.0,802357.0,schedule_probable_pitcher,1,7,4,0,0,3,0,0,0,0,0,0,1,3,1,0,No Line,0.0,none,-1,10,8,1,post,Final,Final,,,,,,,,,,,,,0,,,,,,none,816710
815815,2026-06-30,17:05,2026,Scranton/Wilkes-Barre RailRiders,Norfolk Tides,Adam Kloffenstein,Trace Bright,680572.0,687238.0,schedule_probable_pitcher,1,3,2,0,0,1,0,0,1,0,0,0,0,1,1,0,No Line,0.0,none,-1,4,6,1,post,Final,Final,,,,,,,,,,,,,0,,,,,,none,815815
816790,2026-06-30,17:05,2026,Columbus Clippers,Louisville Bats,Logan Allen,Julian Aguiar,671106.0,687924.0,schedule_probable_pitcher,1,5,4,0,0,0,0,0,0,0,0,2,0,2,0,0,No Line,0.0,none,-1,10,10,1,post,Final,Final,,,,,,,,,,,,,0,,,,,,none,816790
816112,2026-06-30,17:35,2026,Nashville Sounds,Jacksonville Jumbo Shrimp,Thomas Pannone,Bradley Blalock,623381.0,687134.0,schedule_probable_pitcher,1,8,4,0,4,1,0,1,0,0,0,0,0,2,4,0,No Line,0.0,none,-1,11,8,1,post,Final,Final,,,,,,,,,,,,,0,,,,,,none,816112
815063,2026-06-30,17:45,2026,Round Rock Express,Albuquerque Isotopes,Spencer Adams,,656181.0,,schedule_probable_pitcher,1,9,8,0,0,2,3,0,1,0,0,3,2,5,6,0,No Line,0.0,none,-1,13,10,1,post,Final,Final,,,,,,,,,,,,,0,,,,,,none,815063
815218,2026-06-30,18:05,2026,Oklahoma City Comets,Sugar Land Space Cowboys,Landon Knack,,689017.0,,schedule_probable_pitcher,1,6,2,1,0,1,0,0,0,0,0,4,0,6,0,0,No Line,0.0,none,-1,8,5,1,post,Final,Final,,,,,,,,,,,,,0,,,,,,none,815218
815960,2026-06-30,18:05,2026,Omaha Storm Chasers,Indianapolis Indians,Henry Williams,Khristian Curtis,689275.0,694753.0,schedule_probable_pitcher,1,5,12,0,1,4,4,0,0,1,0,0,3,5,8,0,No Line,0.0,none,-1,9,11,1,post,Final,Final,,,,,,,,,,,,,0,,,,,,none,815960
816188,2026-06-30,18:05,2026,Memphis Redbirds,Charlotte Knights,Hunter Dobbins,Mason Adams,690928.0,690279.0,schedule_probable_pitcher,1,10,5,5,1,2,0,0,0,2,0,0,0,9,1,0,No Line,0.0,none,-1,9,13,1,post,Final,Final,,,,,,,,,,,,,0,,,,,,none,816188
815736,2026-06-30,18:07,2026,St. Paul Saints,Buffalo Bisons,Aaron Rozek,Jake Bloss,702065.0,814005.0,schedule_probable_pitcher,1,12,6,7,0,0,0,1,3,3,0,0,2,11,5,0,No Line,0.0,none,-1,17,11,1,post,Final,Final,,,,,,,,,,,,,0,,,,,,none,815736
814913,2026-06-30,18:35,2026,Salt Lake Bees,Las Vegas Aviators,Alek Manoah,Joey Estes,666201.0,683155.0,schedule_probable_pitcher,1,6,10,0,3,3,3,2,0,0,0,0,0,5,6,0,No Line,0.0,none,-1,8,14,1,post,Final,Final,,,,,,,,,,,,,0,,,,,,none,814913
815363,2026-06-30,18:35,2026,El Paso Chihuahuas,Sacramento River Cats,Sean Boyle,Joe Whitman,682044.0,802126.0,schedule_probable_pitcher,1,5,10,0,1,0,0,0,4,0,0,3,1,3,6,0,No Line,0.0,none,-1,9,14,1,post,Final,Final,,,,,,,,,,,,,0,,,,,,none,815363
814759,2026-06-30,19:05,2026,Tacoma Rainiers,Reno Aces,Casey Lawrence,Mitch Bratt,596271.0,683352.0,schedule_probable_pitcher,1,0,7,0,0,0,0,0,3,0,4,0,0,0,7,0,No Line,0.0,none,-1,4,11,1,post,Final,Final,,,,,,,,,,,,,0,,,,,,none,814759
815655,2026-07-01,16:35,2026,Syracuse Mets,Worcester Red Sox,Zach Thornton,Brayan Bello,804267.0,678394.0,schedule_probable_pitcher,1,5,6,0,0,2,1,0,2,0,0,1,0,3,3,0,No Line,0.0,none,-1,12,6,1,post,Final,Final,,,,,,,,,,,,,0,,,,,,none,815655
816705,2026-07-01,16:45,2026,Durham Bulls,Gwinnett Stripers,Joe Boyle,Owen Murphy,671212.0,702566.0,schedule_probable_pitcher,1,1,5,0,3,0,0,0,1,0,0,0,0,0,4,0,No Line,0.0,none,-1,2,9,1,post,Final,Final,,,,,,,,,,,,,0,,,,,,none,816705
815589,2026-07-01,17:05,2026,Toledo Mud Hens,Iowa Cubs,Sawyer Gipson-Long,Doug Nikhazy,687830.0,680951.0,schedule_probable_pitcher,1,7,4,5,0,0,0,1,0,0,2,0,0,6,2,0,No Line,0.0,none,-1,9,8,1,post,Final,Final,,,,,,,,,,,,,0,,,,,,none,815589
815818,2026-07-01,17:05,2026,Scranton/Wilkes-Barre RailRiders,Norfolk Tides,Dom Hamel,Christian Herberholz,687589.0,815179.0,schedule_probable_pitcher,1,5,9,1,0,0,2,0,0,0,3,0,1,1,6,0,No Line,0.0,none,-1,10,14,1,post,Final,Final,,,,,,,,,,,,,0,,,,,,none,815818
816785,2026-07-01,17:05,2026,Columbus Clippers,Louisville Bats,Justin Campbell,Brandon Leibrandt,683235.0,605335.0,schedule_probable_pitcher,1,5,4,0,0,0,0,1,1,1,0,0,1,2,2,0,No Line,0.0,none,-1,14,7,1,post,Final,Final,,,,,,,,,,,,,0,,,,,,none,816785
816113,2026-07-01,17:35,2026,Nashville Sounds,Jacksonville Jumbo Shrimp,Gerson Garabito,Braxton Garrett,642520.0,666129.0,schedule_probable_pitcher,1,0,1,0,0,0,0,0,1,0,0,0,0,0,1,0,No Line,0.0,none,-1,5,9,1,post,Final,Final,,,,,,,,,,,,,0,,,,,,none,816113
815065,2026-07-01,17:45,2026,Round Rock Express,Albuquerque Isotopes,Marco Gonzales,,594835.0,,schedule_probable_pitcher,1,6,5,0,1,0,0,2,3,0,0,0,0,2,4,0,No Line,0.0,none,-1,5,8,1,post,Final,Final,,,,,,,,,,,,,0,,,,,,none,815065
815216,2026-07-01,18:05,2026,Oklahoma City Comets,Sugar Land Space Cowboys,Jake Eder,Lance McCullers Jr.,671109.0,621121.0,schedule_probable_pitcher,1,3,4,0,1,1,0,0,1,0,1,2,0,3,3,0,No Line,0.0,none,-1,10,8,1,post,Final,Final,,,,,,,,,,,,,0,,,,,,none,815216
815962,2026-07-01,18:05,2026,Omaha Storm Chasers,Indianapolis Indians,Ethan Bosacker,Connor Wietgrefe,815073.0,809733.0,schedule_probable_pitcher,1,4,2,1,1,0,0,0,0,3,0,0,0,4,1,0,No Line,0.0,none,-1,7,4,1,post,Final,Final,,,,,,,,,,,,,0,,,,,,none,815962
816183,2026-07-01,18:05,2026,Memphis Redbirds,Charlotte Knights,Bruce Zimmermann,Jonathan Cannon,669145.0,686563.0,schedule_probable_pitcher,1,0,2,0,0,0,0,0,0,0,0,0,0,0,0,0,No Line,0.0,none,-1,2,5,1,post,Final,Final,,,,,,,,,,,,,0,,,,,,none,816183
815732,2026-07-01,18:07,2026,St. Paul Saints,Buffalo Bisons,Ty Langenberg,Chad Dallas,807716.0,689149.0,schedule_probable_pitcher,1,2,3,0,2,0,0,0,0,0,0,1,0,1,2,0,No Line,0.0,none,-1,5,7,1,post,Final,Final,,,,,,,,,,,,,0,,,,,,none,815732
814911,2026-07-01,18:35,2026,Salt Lake Bees,Las Vegas Aviators,George Klassen,Luis Morales,691946.0,806960.0,schedule_probable_pitcher,1,4,0,3,0,0,0,0,0,0,0,0,0,3,0,0,No Line,0.0,none,-1,5,3,1,post,Final,Final,,,,,,,,,,,,,0,,,,,,none,814911
815362,2026-07-01,18:35,2026,El Paso Chihuahuas,Sacramento River Cats,Matt Waldron,Carson Whisenhunt,663362.0,687931.0,schedule_probable_pitcher,1,6,3,0,1,2,0,1,0,0,0,3,2,6,3,0,No Line,0.0,none,-1,7,11,1,post,Final,Final,,,,,,,,,,,,,0,,,,,,none,815362
814756,2026-07-01,20:05,2026,Tacoma Rainiers,Reno Aces,Nick Hull,Yu-Min Lin,701314.0,801179.0,schedule_probable_pitcher,1,5,4,1,0,0,1,0,0,1,1,0,0,2,2,0,No Line,0.0,none,-1,9,9,1,post,Final,Final,,,,,,,,,,,,,0,,,,,,none,814756
815884,2026-07-02,15:05,2026,Rochester Red Wings,Lehigh Valley IronPigs,Andry Lara,Brian Keller,691251.0,662144.0,schedule_probable_pitcher,1,3,18,0,1,0,1,0,0,0,0,1,2,1,4,0,No Line,0.0,none,-1,7,16,1,post,Final,Final,,,,,,,,,,,,,0,,,,,,none,815884
815659,2026-07-02,16:35,2026,Syracuse Mets,Worcester Red Sox,Jonah Tong,Devin Sweet,804636.0,682967.0,schedule_probable_pitcher,1,5,7,2,1,0,1,0,1,0,0,3,0,5,3,0,No Line,0.0,none,-1,4,8,1,post,Final,Final,,,,,,,,,,,,,0,,,,,,none,815659
815879,2026-07-02,16:45,2026,Rochester Red Wings,Lehigh Valley IronPigs,Connor Van Scoyoc,Chuck King,681854.0,666155.0,schedule_probable_pitcher,1,9,11,0,2,5,2,2,2,0,0,0,0,7,6,0,No Line,0.0,none,-1,9,12,1,post,Final,Final,,,,,,,,,,,,,0,,,,,,none,815879
816708,2026-07-02,16:45,2026,Durham Bulls,Gwinnett Stripers,Michael Forret,Garrett Baumann,702650.0,803833.0,schedule_probable_pitcher,1,6,3,0,0,4,0,0,2,0,0,2,0,6,2,0,No Line,0.0,none,-1,7,8,1,post,Final,Final,,,,,,,,,,,,,0,,,,,,none,816708
815591,2026-07-02,17:05,2026,Toledo Mud Hens,Iowa Cubs,Matt Seelinger,Andrew Wantz,676910.0,681806.0,schedule_probable_pitcher,1,4,6,0,0,1,0,1,1,1,0,0,3,3,4,0,No Line,0.0,none,-1,10,13,1,post,Final,Final,,,,,,,,,,,,,0,,,,,,none,815591
815812,2026-07-02,17:05,2026,Scranton/Wilkes-Barre RailRiders,Norfolk Tides,Elmer Rodríguez,Cade Povich,695684.0,700249.0,schedule_probable_pitcher,1,7,3,2,0,1,0,0,1,0,0,0,0,3,1,0,No Line,0.0,none,-1,10,10,1,post,Final,Final,,,,,,,,,,,,,0,,,,,,none,815812
816786,2026-07-02,17:05,2026,Columbus Clippers,Louisville Bats,Yorman Gómez,Jose Franco,691414.0,683742.0,schedule_probable_pitcher,1,3,5,0,0,0,0,0,4,0,0,0,0,0,4,0,No Line,0.0,none,-1,6,8,1,post,Final,Final,,,,,,,,,,,,,0,,,,,,none,816786
816104,2026-07-02,17:35,2026,Nashville Sounds,Jacksonville Jumbo Shrimp,Tyson Hardin,Brandon White,824620.0,681449.0,schedule_probable_pitcher,1,4,5,0,1,0,2,2,0,0,1,0,0,2,4,0,No Line,0.0,none,-1,8,11,1,post,Final,Final,,,,,,,,,,,,,0,,,,,,none,816104
815064,2026-07-02,17:45,2026,Round Rock Express,Albuquerque Isotopes,Josh Stephan,,695776.0,,schedule_probable_pitcher,1,3,4,1,2,0,0,1,1,1,0,0,0,3,3,0,No Line,0.0,none,-1,7,7,1,post,Final,Final,,,,,,,,,,,,,0,,,,,,none,815064
815210,2026-07-02,18:05,2026,Oklahoma City Comets,Sugar Land Space Cowboys,Cole Irvin,Josh Hendrickson,608344.0,681973.0,schedule_probable_pitcher,1,2,3,0,0,0,0,1,0,1,0,0,0,2,0,0,No Line,0.0,none,-1,10,6,1,post,Final,Final,,,,,,,,,,,,,0,,,,,,none,815210
815961,2026-07-02,18:05,2026,Omaha Storm Chasers,Indianapolis Indians,Mitch Spence,Noah Davis,687765.0,663562.0,schedule_probable_pitcher,1,2,4,0,1,0,0,0,0,1,0,1,0,2,1,0,No Line,0.0,none,-1,6,7,1,post,Final,Final,,,,,,,,,,,,,0,,,,,,none,815961
816189,2026-07-02,18:05,2026,Memphis Redbirds,Charlotte Knights,Pete Hansen,David Sandlin,677337.0,689818.0,schedule_probable_pitcher,1,8,6,1,0,0,1,0,1,0,2,0,0,1,4,0,No Line,0.0,none,-1,12,7,1,post,Final,Final,,,,,,,,,,,,,0,,,,,,none,816189
815735,2026-07-02,18:07,2026,St. Paul Saints,Buffalo Bisons,John Klein,CJ Van Eyk,804619.0,669310.0,schedule_probable_pitcher,1,1,16,0,4,0,0,0,0,0,0,1,0,1,4,0,No Line,0.0,none,-1,4,16,1,post,Final,Final,,,,,,,,,,,,,0,,,,,,none,815735
814906,2026-07-02,18:35,2026,Salt Lake Bees,Las Vegas Aviators,Caden Dana,Jacob Lopez,702674.0,682052.0,schedule_probable_pitcher,1,4,8,0,0,0,5,0,1,0,0,1,0,1,6,0,No Line,0.0,none,-1,8,12,1,post,Final,Final,,,,,,,,,,,,,0,,,,,,none,814906
815365,2026-07-02,18:35,2026,El Paso Chihuahuas,Sacramento River Cats,Jackson Wolf,,680232.0,,schedule_probable_pitcher,1,7,9,0,2,1,3,0,0,2,0,0,0,3,5,0,No Line,0.0,none,-1,9,12,1,post,Final,Final,,,,,,,,,,,,,0,,,,,,none,815365
814758,2026-07-02,20:05,2026,Tacoma Rainiers,Reno Aces,Jhonathan Díaz,Dylan Ray,646242.0,691009.0,schedule_probable_pitcher,1,1,6,0,0,0,1,0,0,0,0,0,3,0,4,0,No Line,0.0,none,-1,3,6,1,post,Final,Final,,,,,,,,,,,,,0,,,,,,none,814758
815882,2026-07-03,16:05,2026,Rochester Red Wings,Lehigh Valley IronPigs,Jackson Kent,Kolby Allard,800600.0,663465.0,schedule_probable_pitcher,1,11,5,0,0,1,0,0,1,0,0,6,0,7,1,0,No Line,0.0,none,-1,16,10,1,post,Final,Final,,,,,,,,,,,,,0,,,,,,none,815882
816788,2026-07-03,16:05,2026,Columbus Clippers,Louisville Bats,Austin Peterson,Jose Acuna,804926.0,691641.0,schedule_probable_pitcher,1,1,3,1,0,0,0,0,2,0,0,0,0,1,2,0,No Line,0.0,none,-1,5,8,1,post,Final,Final,,,,,,,,,,,,,0,,,,,,none,816788
815653,2026-07-03,16:35,2026,Syracuse Mets,Worcester Red Sox,Xzavion Curry,Jack Anderson,675540.0,681252.0,schedule_probable_pitcher,1,8,7,0,0,0,0,0,2,0,1,0,1,0,4,0,No Line,0.0,none,-1,8,11,1,post,Final,Final,,,,,,,,,,,,,0,,,,,,none,815653
816706,2026-07-03,16:45,2026,Durham Bulls,Gwinnett Stripers,Brody Hopkins,Austin Gomber,811315.0,596295.0,schedule_probable_pitcher,1,3,0,0,0,0,0,0,0,2,0,1,0,3,0,0,No Line,0.0,none,-1,10,2,1,post,Final,Final,,,,,,,,,,,,,0,,,,,,none,816706
815592,2026-07-03,17:05,2026,Toledo Mud Hens,Iowa Cubs,Ty Madden,Ty Blach,680744.0,621389.0,schedule_probable_pitcher,1,4,5,0,1,0,0,1,0,2,1,0,0,3,2,0,No Line,0.0,none,-1,8,11,1,post,Final,Final,,,,,,,,,,,,,0,,,,,,none,815592
815813,2026-07-03,17:05,2026,Scranton/Wilkes-Barre RailRiders,Norfolk Tides,Alexander Cornielle,Yaqui Rivera,529017.0,700072.0,schedule_probable_pitcher,1,3,2,0,0,2,0,0,0,0,2,0,0,2,2,0,No Line,0.0,none,-1,7,5,1,post,Final,Final,,,,,,,,,,,,,0,,,,,,none,815813
815734,2026-07-03,17:07,2026,St. Paul Saints,Buffalo Bisons,Ryan Gallagher,Grant Rogers,801594.0,814804.0,schedule_probable_pitcher,1,4,3,0,0,0,0,1,0,1,0,1,0,3,0,0,No Line,0.0,none,-1,9,7,1,post,Final,Final,,,,,,,,,,,,,0,,,,,,none,815734
815060,2026-07-03,18:05,2026,Round Rock Express,Albuquerque Isotopes,Jose Corniell,,692030.0,,schedule_probable_pitcher,1,2,8,0,1,0,3,0,0,0,0,0,0,0,4,0,No Line,0.0,none,-1,5,15,1,post,Final,Final,,,,,,,,,,,,,0,,,,,,none,815060
815204,2026-07-03,18:05,2026,Oklahoma City Comets,Sugar Land Space Cowboys,Jackson Ferris,Ryan Weiss,701328.0,680802.0,schedule_probable_pitcher,1,4,3,0,0,0,0,0,0,3,0,0,0,3,0,0,No Line,0.0,none,-1,11,2,1,post,Final,Final,,,,,,,,,,,,,0,,,,,,none,815204
816184,2026-07-03,18:05,2026,Memphis Redbirds,Charlotte Knights,Quinn Mathews,Joe Rock,687273.0,697812.0,schedule_probable_pitcher,1,4,3,2,2,0,0,0,0,0,0,0,0,2,2,0,No Line,0.0,none,-1,5,6,1,post,Final,Final,,,,,,,,,,,,,0,,,,,,none,816184
814905,2026-07-03,18:35,2026,Salt Lake Bees,Las Vegas Aviators,Brett Kerry,Chen Zhong-Ao Zhuang,695049.0,800018.0,schedule_probable_pitcher,1,9,11,2,3,4,0,0,3,2,0,1,1,9,7,0,No Line,0.0,none,-1,12,14,1,post,Final,Final,,,,,,,,,,,,,0,,,,,,none,814905
815366,2026-07-03,18:35,2026,El Paso Chihuahuas,Sacramento River Cats,Evan Fitterer,Blade Tidwell,683157.0,694918.0,schedule_probable_pitcher,1,4,2,2,0,0,0,0,0,0,0,0,1,2,1,0,No Line,0.0,none,-1,7,5,1,post,Final,Final,,,,,,,,,,,,,0,,,,,,none,815366
814755,2026-07-03,20:05,2026,Tacoma Rainiers,Reno Aces,Michael Plassmeyer,Kohl Drake,674681.0,684442.0,schedule_probable_pitcher,1,4,6,0,0,0,2,0,3,0,0,0,0,0,5,0,No Line,0.0,none,-1,7,9,1,post,Final,Final,,,,,,,,,,,,,0,,,,,,none,814755
816106,2026-07-04,15:05,2026,Nashville Sounds,Jacksonville Jumbo Shrimp,Logan Henderson,Janson Junk,701656.0,676083.0,schedule_probable_pitcher,1,4,3,1,2,0,0,0,0,1,1,0,0,2,3,0,No Line,0.0,none,-1,10,6,1,post,Final,Final,,,,,,,,,,,,,0,,,,,,none,816106
816107,2026-07-04,15:10,2026,Nashville Sounds,Jacksonville Jumbo Shrimp,,Karson Milbrandt,,703596.0,schedule_probable_pitcher,1,5,4,1,0,0,0,4,0,0,0,0,0,5,0,0,No Line,0.0,none,-1,6,10,1,post,Final,Final,,,,,,,,,,,,,0,,,,,,none,816107
815953,2026-07-04,16:05,2026,Omaha Storm Chasers,Indianapolis Indians,Mason Black,José Urquidy,696131.0,664353.0,schedule_probable_pitcher,1,0,6,0,0,0,1,0,0,0,0,0,1,0,2,0,No Line,0.0,none,-1,5,11,1,post,Final,Final,,,,,,,,,,,,,0,,,,,,none,815953
815658,2026-07-04,16:35,2026,Syracuse Mets,Worcester Red Sox,Jack Wenninger,Seth Martinez,811307.0,661527.0,schedule_probable_pitcher,1,6,5,0,0,0,0,0,0,5,0,0,0,5,0,0,No Line,0.0,none,-1,6,5,1,post,Final,Final,,,,,,,,,,,,,0,,,,,,none,815658
815880,2026-07-04,16:45,2026,Rochester Red Wings,Lehigh Valley IronPigs,Luis Perales,Andrew Painter,691384.0,691725.0,schedule_probable_pitcher,1,2,1,0,0,0,0,0,0,0,0,1,0,1,0,0,No Line,0.0,none,-1,6,6,1,post,Final,Final,,,,,,,,,,,,,0,,,,,,none,815880
816707,2026-07-04,16:45,2026,Durham Bulls,Gwinnett Stripers,Ty Johnson,Elieser Hernández,694494.0,622694.0,schedule_probable_pitcher,1,7,2,2,0,1,0,0,2,0,0,4,0,7,2,0,No Line,0.0,none,-1,12,3,1,post,Final,Final,,,,,,,,,,,,,0,,,,,,none,816707
815583,2026-07-04,17:05,2026,Toledo Mud Hens,Iowa Cubs,Troy Watson,Grant Kipp,681890.0,805990.0,schedule_probable_pitcher,1,7,6,0,0,0,0,2,0,3,0,0,1,5,1,0,No Line,0.0,none,-1,12,13,1,post,Final,Final,,,,,,,,,,,,,0,,,,,,none,815583
816789,2026-07-04,17:05,2026,Columbus Clippers,Louisville Bats,Rorik Maltrud,Davis Daniel,702045.0,669721.0,schedule_probable_pitcher,1,4,1,0,0,1,0,1,0,1,0,0,1,3,1,0,No Line,0.0,none,-1,9,7,1,post,Final,Final,,,,,,,,,,,,,0,,,,,,none,816789
815728,2026-07-04,17:07,2026,St. Paul Saints,Buffalo Bisons,Bailey Ober,Simeon Woods Richardson,641927.0,680573.0,schedule_probable_pitcher,1,6,5,1,0,1,1,4,0,0,0,0,3,6,4,0,No Line,0.0,none,-1,10,7,1,post,Completed Early,Completed Early,,,,,,,,,,,,,0,,,,,,none,815728
816186,2026-07-04,18:04,2026,Memphis Redbirds,Charlotte Knights,Mason Molina,Shane Murphy,695766.0,690294.0,schedule_probable_pitcher,1,6,8,0,2,0,0,1,0,0,1,2,0,3,3,0,No Line,0.0,none,-1,9,13,1,post,Final,Final,,,,,,,,,,,,,0,,,,,,none,816186
815061,2026-07-04,18:05,2026,Round Rock Express,Albuquerque Isotopes,Jose Corniell,,692030.0,,schedule_probable_pitcher,1,7,2,3,0,2,0,0,1,1,0,0,0,6,1,0,No Line,0.0,none,-1,11,9,1,post,Final,Final,,,,,,,,,,,,,0,,,,,,none,815061
815209,2026-07-04,18:05,2026,Oklahoma City Comets,Sugar Land Space Cowboys,Ryder Ryan,Colton Gordon,656924.0,676467.0,schedule_probable_pitcher,1,5,7,0,4,2,0,0,1,1,2,2,0,5,7,0,No Line,0.0,none,-1,6,6,1,post,Completed Early,Completed Early,,,,,,,,,,,,,0,,,,,,none,815209
815950,2026-07-04,18:25,2026,Omaha Storm Chasers,Indianapolis Indians,Bailey Falter,Nick Dombkowski,663559.0,694298.0,schedule_probable_pitcher,1,4,17,1,2,0,0,0,0,0,8,0,0,1,10,0,No Line,0.0,none,-1,7,13,1,post,Final,Final,,,,,,,,,,,,,0,,,,,,none,815950
814902,2026-07-04,18:35,2026,Salt Lake Bees,Las Vegas Aviators,Grayson Rodriguez,,680570.0,,schedule_probable_pitcher,1,9,1,2,0,0,0,0,1,0,0,1,0,3,1,0,No Line,0.0,none,-1,14,6,1,post,Final,Final,,,,,,,,,,,,,0,,,,,,none,814902
815359,2026-07-04,18:35,2026,El Paso Chihuahuas,Sacramento River Cats,Eric Yost,Seth Lonsway,801293.0,675920.0,schedule_probable_pitcher,1,8,6,2,0,2,0,0,0,4,5,0,0,8,5,0,No Line,0.0,none,-1,3,12,1,post,Final,Final,,,,,,,,,,,,,0,,,,,,none,815359
814760,2026-07-04,20:05,2026,Tacoma Rainiers,Reno Aces,Carson Fulmer,Tommy Henry,608334.0,674072.0,schedule_probable_pitcher,1,7,0,2,0,0,0,2,0,0,0,3,0,7,0,0,No Line,0.0,none,-1,12,4,1,post,Final,Final,,,,,,,,,,,,,0,,,,,,none,814760
815810,2026-07-05,10:35,2026,Scranton/Wilkes-Barre RailRiders,Norfolk Tides,Kyle Carr,Trace Bright,694805.0,687238.0,schedule_probable_pitcher,1,5,2,0,0,0,0,0,0,0,0,0,0,0,0,0,No Line,0.0,none,-1,8,3,1,post,Final,Final,,,,,,,,,,,,,0,,,,,,none,815810
815811,2026-07-05,10:40,2026,Scranton/Wilkes-Barre RailRiders,Norfolk Tides,Adam Kloffenstein,,680572.0,,schedule_probable_pitcher,1,0,0,0,0,0,0,0,0,0,0,0,0,0,0,0,No Line,0.0,none,-1,0,0,1,post,Cancelled,Cancelled,,,,,,,,,,,,,0,,,,,,none,815811
815654,2026-07-05,11:05,2026,Syracuse Mets,Worcester Red Sox,Jack Weisenburger,Raymond Burgos,674073.0,670103.0,schedule_probable_pitcher,1,3,7,1,5,0,0,0,0,0,0,0,0,1,5,0,No Line,0.0,none,-1,6,9,1,post,Final,Final,,,,,,,,,,,,,0,,,,,,none,815654
815881,2026-07-05,11:05,2026,Rochester Red Wings,Lehigh Valley IronPigs,Chandler Champlain,Drake Fellows,669441.0,666148.0,schedule_probable_pitcher,1,3,5,0,0,0,2,1,0,2,0,0,0,3,2,0,No Line,0.0,none,-1,6,7,1,post,Final,Final,,,,,,,,,,,,,0,,,,,,none,815881
816787,2026-07-05,11:05,2026,Columbus Clippers,Louisville Bats,Logan Allen,Julian Aguiar,671106.0,687924.0,schedule_probable_pitcher,1,6,2,1,0,0,1,5,0,0,0,0,0,6,1,0,No Line,0.0,none,-1,6,4,1,post,Final,Final,,,,,,,,,,,,,0,,,,,,none,816787
816190,2026-07-05,12:05,2026,Memphis Redbirds,Charlotte Knights,Brycen Mautz,Mason Adams,802408.0,690279.0,schedule_probable_pitcher,1,2,1,0,0,0,0,0,0,0,0,0,0,0,0,0,No Line,0.0,none,-1,7,3,1,post,Final,Final,,,,,,,,,,,,,0,,,,,,none,816190
815951,2026-07-05,13:05,2026,Omaha Storm Chasers,Indianapolis Indians,Henry Williams,Khristian Curtis,689275.0,694753.0,schedule_probable_pitcher,1,13,3,3,1,0,0,1,0,0,2,3,0,7,3,0,No Line,0.0,none,-1,14,9,1,post,Final,Final,,,,,,,,,,,,,0,,,,,,none,815951
815726,2026-07-05,13:07,2026,St. Paul Saints,Buffalo Bisons,Ty Langenberg,Jake Bloss,807716.0,814005.0,schedule_probable_pitcher,1,3,8,0,3,0,2,0,0,0,0,1,0,1,5,0,No Line,0.0,none,-1,6,11,1,post,Final,Final,,,,,,,,,,,,,0,,,,,,none,815726
815580,2026-07-05,14:05,2026,Toledo Mud Hens,Iowa Cubs,Dylan File,Will Sanders,668766.0,691739.0,schedule_probable_pitcher,1,6,2,3,0,0,0,1,0,0,0,0,0,4,0,0,No Line,0.0,none,-1,8,5,1,post,Final,Final,,,,,,,,,,,,,0,,,,,,none,815580
814748,2026-07-05,14:35,2026,Tacoma Rainiers,Reno Aces,Casey Lawrence,Mitch Bratt,596271.0,683352.0,schedule_probable_pitcher,1,1,2,0,0,0,0,0,0,0,0,0,0,0,0,0,No Line,0.0,none,-1,9,6,1,post,Final,Final,,,,,,,,,,,,,0,,,,,,none,814748
815062,2026-07-05,17:05,2026,Round Rock Express,Albuquerque Isotopes,Austin Voth,,608723.0,,schedule_probable_pitcher,1,3,7,1,1,0,0,0,0,2,0,0,0,3,1,0,No Line,0.0,none,-1,6,10,1,post,Final,Final,,,,,,,,,,,,,0,,,,,,none,815062
815208,2026-07-05,17:05,2026,Oklahoma City Comets,Sugar Land Space Cowboys,Landon Knack,Ethan Pecko,689017.0,814490.0,schedule_probable_pitcher,1,8,2,0,0,0,0,3,0,4,2,0,0,7,2,0,No Line,0.0,none,-1,11,6,1,post,Final,Final,,,,,,,,,,,,,0,,,,,,none,815208
816103,2026-07-05,17:05,2026,Nashville Sounds,Jacksonville Jumbo Shrimp,,Dax Fulton,,690978.0,schedule_probable_pitcher,1,8,4,2,0,3,1,1,2,0,1,0,0,6,4,0,No Line,0.0,none,-1,11,8,1,post,Final,Final,,,,,,,,,,,,,0,,,,,,none,816103
814901,2026-07-05,18:05,2026,Salt Lake Bees,Las Vegas Aviators,,Joey Estes,,683155.0,schedule_probable_pitcher,1,6,10,0,3,0,1,2,2,0,2,3,0,5,8,0,No Line,0.0,none,-1,11,14,1,post,Final,Final,,,,,,,,,,,,,0,,,,,,none,814901
815360,2026-07-05,18:05,2026,El Paso Chihuahuas,Sacramento River Cats,Sean Boyle,Joe Whitman,682044.0,802126.0,schedule_probable_pitcher,1,11,2,0,0,0,0,0,0,3,1,1,1,4,2,0,No Line,0.0,none,-1,13,8,1,post,Final,Final,,,,,,,,,,,,,0,,,,,,none,815360
816331,2026-07-07,09:35,2026,Lehigh Valley IronPigs,Columbus Clippers,Brian Keller,Trenton Denholm,662144.0,671143.0,schedule_probable_pitcher,1,3,2,1,0,0,0,0,0,0,0,0,1,1,1,0,No Line,0.0,none,-1,8,8,1,post,Final,Final,,,,,,,,,,,,,0,,,,,,none,816331
816250,2026-07-07,16:35,2026,Louisville Bats,Omaha Storm Chasers,Brandon Leibrandt,Mitch Spence,605335.0,687765.0,schedule_probable_pitcher,1,5,4,2,1,0,2,1,0,0,0,0,0,3,3,0,No Line,0.0,none,-1,6,9,1,post,Final,Final,,,,,,,,,,,,,0,,,,,,none,816250
816641,2026-07-07,16:35,2026,Gwinnett Stripers,Memphis Redbirds,Drue Hackenberg,Brandt Thompson,802357.0,825576.0,schedule_probable_pitcher,1,6,11,0,0,3,0,0,0,2,1,0,0,5,1,0,No Line,0.0,none,-1,9,10,1,post,Final,Final,,,,,,,,,,,,,0,,,,,,none,816641
816936,2026-07-07,16:35,2026,Buffalo Bisons,Scranton/Wilkes-Barre RailRiders,Chad Dallas,Will Brian,689149.0,684608.0,schedule_probable_pitcher,1,3,18,0,0,0,2,1,0,0,2,0,0,1,4,0,No Line,0.0,none,-1,8,17,1,post,Final,Final,,,,,,,,,,,,,0,,,,,,none,816936
816859,2026-07-07,17:04,2026,Charlotte Knights,Nashville Sounds,Tyler Schweitzer,,805326.0,,schedule_probable_pitcher,1,8,2,1,0,4,0,0,1,0,0,0,0,5,1,0,No Line,0.0,none,-1,10,8,1,post,Final,Final,,,,,,,,,,,,,0,,,,,,none,816859
816406,2026-07-07,17:05,2026,Jacksonville Jumbo Shrimp,Durham Bulls,Bradley Blalock,Joe Boyle,687134.0,671212.0,schedule_probable_pitcher,1,8,9,0,0,5,1,0,5,0,1,2,0,7,7,0,No Line,0.0,none,-1,11,11,1,post,Final,Final,,,,,,,,,,,,,0,,,,,,none,816406
816563,2026-07-07,17:05,2026,Indianapolis Indians,Toledo Mud Hens,Connor Wietgrefe,Sawyer Gipson-Long,809733.0,687830.0,schedule_probable_pitcher,1,9,3,1,1,0,0,0,0,0,0,3,0,4,1,0,No Line,0.0,none,-1,12,8,1,post,Final,Final,,,,,,,,,,,,,0,,,,,,none,816563
816483,2026-07-07,17:38,2026,Iowa Cubs,St. Paul Saints,Jordan Wicks,John Klein,696136.0,804619.0,schedule_probable_pitcher,1,4,7,0,0,0,3,0,4,1,0,0,0,1,7,0,No Line,0.0,none,-1,9,9,1,post,Final,Final,,,,,,,,,,,,,0,,,,,,none,816483
814834,2026-07-07,18:05,2026,Sugar Land Space Cowboys,Albuquerque Isotopes,Lance McCullers Jr.,,621121.0,,schedule_probable_pitcher,1,6,5,0,0,2,4,0,0,0,0,0,1,2,5,0,No Line,0.0,none,-1,8,3,1,post,Completed Early,Completed Early,,,,,,,,,,,,,0,,,,,,none,814834
815206,2026-07-07,18:05,2026,Oklahoma City Comets,El Paso Chihuahuas,Cole Irvin,Matt Waldron,608344.0,663362.0,schedule_probable_pitcher,1,5,8,0,0,0,7,0,1,0,0,0,0,0,8,0,No Line,0.0,none,-1,3,10,1,post,Final,Final,,,,,,,,,,,,,0,,,,,,none,815206
815133,2026-07-07,19:35,2026,Reno Aces,Round Rock Express,Yu-Min Lin,,801179.0,,schedule_probable_pitcher,1,9,14,0,0,0,0,0,0,0,8,1,2,1,10,0,No Line,0.0,none,-1,14,15,1,post,Final,Final,,,,,,,,,,,,,0,,,,,,none,815133
814987,2026-07-07,19:45,2026,Sacramento River Cats,Salt Lake Bees,Tristan Beck,George Klassen,663941.0,691946.0,schedule_probable_pitcher,1,7,6,0,0,0,1,0,2,0,2,0,1,0,6,0,No Line,0.0,none,-1,5,9,1,post,Final,Final,,,,,,,,,,,,,0,,,,,,none,814987
815290,2026-07-07,20:05,2026,Las Vegas Aviators,Tacoma Rainiers,Luis Morales,Nick Hull,806960.0,701314.0,schedule_probable_pitcher,1,9,5,1,3,1,0,3,0,1,0,0,0,6,3,0,No Line,0.0,none,-1,11,9,1,post,Final,Final,,,,,,,,,,,,,0,,,,,,none,815290
816480,2026-07-08,11:08,2026,Iowa Cubs,St. Paul Saints,Andrew Wantz,Aaron Rozek,681806.0,702065.0,schedule_probable_pitcher,1,3,1,0,1,3,0,0,0,0,0,0,0,3,1,0,No Line,0.0,none,-1,8,3,1,post,Final,Final,,,,,,,,,,,,,0,,,,,,none,816480
815126,2026-07-08,13:05,2026,Reno Aces,Round Rock Express,Dylan Ray,Marco Gonzales,691009.0,594835.0,schedule_probable_pitcher,1,14,13,3,1,4,3,0,0,1,0,0,0,8,4,0,No Line,0.0,none,-1,16,19,1,post,Final,Final,,,,,,,,,,,,,0,,,,,,none,815126
815511,2026-07-08,14:05,2026,Worcester Red Sox,Rochester Red Wings,Hayden Mullins,Trevor Williams,683093.0,592866.0,schedule_probable_pitcher,1,5,4,0,1,0,0,0,0,0,0,1,1,1,2,0,No Line,0.0,none,-1,6,8,1,post,Final,Final,,,,,,,,,,,,,0,,,,,,none,815511
815508,2026-07-08,14:10,2026,Worcester Red Sox,Rochester Red Wings,,Andry Lara,,691251.0,schedule_probable_pitcher,1,10,2,4,0,0,1,5,0,0,1,1,0,10,2,0,No Line,0.0,none,-1,10,4,1,post,Final,Final,,,,,,,,,,,,,0,,,,,,none,815508
816035,2026-07-08,14:35,2026,Norfolk Tides,Syracuse Mets,Cade Povich,Zach Thornton,700249.0,804267.0,schedule_probable_pitcher,1,3,9,0,2,0,0,2,2,0,5,0,0,2,9,0,No Line,0.0,none,-1,4,9,1,post,Final,Final,,,,,,,,,,,,,0,,,,,,none,816035
816039,2026-07-08,14:40,2026,Norfolk Tides,Syracuse Mets,Chris Kachmar,Dan Hammer,690148.0,669285.0,schedule_probable_pitcher,1,3,2,1,2,0,0,0,0,0,0,0,0,1,2,0,No Line,0.0,none,-1,6,2,1,post,Final,Final,,,,,,,,,,,,,0,,,,,,none,816039
816255,2026-07-08,16:35,2026,Louisville Bats,Omaha Storm Chasers,Jose Franco,Mason Black,683742.0,696131.0,schedule_probable_pitcher,1,12,8,2,0,2,5,2,0,0,0,2,0,8,5,0,No Line,0.0,none,-1,15,7,1,post,Final,Final,,,,,,,,,,,,,0,,,,,,none,816255
816629,2026-07-08,16:35,2026,Gwinnett Stripers,Memphis Redbirds,Garrett Baumann,Pete Hansen,803833.0,677337.0,schedule_probable_pitcher,1,3,7,0,0,0,0,0,1,0,2,1,0,1,3,0,No Line,0.0,none,-1,10,11,1,post,Final,Final,,,,,,,,,,,,,0,,,,,,none,816629
816937,2026-07-08,16:35,2026,Buffalo Bisons,Scranton/Wilkes-Barre RailRiders,Max Scherzer,Alexander Cornielle,453286.0,529017.0,schedule_probable_pitcher,1,1,5,0,4,0,1,0,0,0,0,0,0,0,5,0,No Line,0.0,none,-1,3,10,1,post,Final,Final,,,,,,,,,,,,,0,,,,,,none,816937
816330,2026-07-08,16:45,2026,Lehigh Valley IronPigs,Columbus Clippers,Alan Rangel,Yorman Gómez,660604.0,691414.0,schedule_probable_pitcher,1,5,8,0,0,0,0,2,0,1,7,1,1,4,8,0,No Line,0.0,none,-1,7,9,1,post,Final,Final,,,,,,,,,,,,,0,,,,,,none,816330
816854,2026-07-08,17:04,2026,Charlotte Knights,Nashville Sounds,David Sandlin,,689818.0,,schedule_probable_pitcher,1,3,6,1,0,0,2,0,0,0,0,0,0,1,2,0,No Line,0.0,none,-1,8,9,1,post,Final,Final,,,,,,,,,,,,,0,,,,,,none,816854
816405,2026-07-08,17:05,2026,Jacksonville Jumbo Shrimp,Durham Bulls,Braxton Garrett,Michael Forret,666129.0,702650.0,schedule_probable_pitcher,1,12,2,0,0,0,0,0,0,3,2,2,0,5,2,0,No Line,0.0,none,-1,9,5,1,post,Final,Final,,,,,,,,,,,,,0,,,,,,none,816405
816561,2026-07-08,17:05,2026,Indianapolis Indians,Toledo Mud Hens,Noah Davis,Carl Edwards Jr.,663562.0,605218.0,schedule_probable_pitcher,1,0,2,0,0,0,0,0,1,0,1,0,0,0,2,0,No Line,0.0,none,-1,4,8,1,post,Final,Final,,,,,,,,,,,,,0,,,,,,none,816561
814830,2026-07-08,18:05,2026,Sugar Land Space Cowboys,Albuquerque Isotopes,Josh Hendrickson,Jake Brooks,681973.0,694860.0,schedule_probable_pitcher,1,5,2,0,0,0,0,1,0,0,0,2,0,3,0,0,No Line,0.0,none,-1,8,3,1,post,Final,Final,,,,,,,,,,,,,0,,,,,,none,814830
815205,2026-07-08,18:05,2026,Oklahoma City Comets,El Paso Chihuahuas,Cole Irvin,Jackson Wolf,608344.0,680232.0,schedule_probable_pitcher,1,9,2,1,0,2,0,1,0,0,0,0,1,4,1,0,No Line,0.0,none,-1,13,7,1,post,Final,Final,,,,,,,,,,,,,0,,,,,,none,815205
814990,2026-07-08,19:45,2026,Sacramento River Cats,Salt Lake Bees,Cesar Perdomo,Caden Dana,702885.0,702674.0,schedule_probable_pitcher,1,6,1,2,1,0,0,1,0,0,0,2,0,5,1,0,No Line,0.0,none,-1,6,4,1,post,Final,Final,,,,,,,,,,,,,0,,,,,,none,814990
815287,2026-07-08,20:05,2026,Las Vegas Aviators,Tacoma Rainiers,Braden Nett,Jhonathan Díaz,804556.0,646242.0,schedule_probable_pitcher,1,7,9,1,0,0,1,3,0,1,3,2,0,7,4,0,No Line,0.0,none,-1,12,13,1,post,Final,Final,,,,,,,,,,,,,0,,,,,,none,815287
816040,2026-07-09,16:35,2026,Norfolk Tides,Syracuse Mets,Christian Herberholz,Jonah Tong,815179.0,804636.0,schedule_probable_pitcher,1,5,4,0,2,1,0,3,0,0,0,0,0,4,2,0,No Line,0.0,none,-1,5,8,1,post,Final,Final,,,,,,,,,,,,,0,,,,,,none,816040
816256,2026-07-09,16:35,2026,Louisville Bats,Omaha Storm Chasers,Jose Acuna,Ryan Ramsey,691641.0,687547.0,schedule_probable_pitcher,1,11,7,1,0,1,0,2,0,1,5,3,0,8,5,0,No Line,0.0,none,-1,12,14,1,post,Final,Final,,,,,,,,,,,,,0,,,,,,none,816256
815507,2026-07-09,16:45,2026,Worcester Red Sox,Rochester Red Wings,Osvaldo Berrios,Jackson Kent,676047.0,800600.0,schedule_probable_pitcher,1,8,7,0,0,0,0,5,1,3,0,0,0,8,1,0,No Line,0.0,none,-1,9,13,1,post,Final,Final,,,,,,,,,,,,,0,,,,,,none,815507
816325,2026-07-09,16:45,2026,Lehigh Valley IronPigs,Columbus Clippers,Kolby Allard,Austin Peterson,663465.0,804926.0,schedule_probable_pitcher,1,8,7,3,4,1,0,0,1,1,0,1,1,6,6,0,No Line,0.0,none,-1,10,9,1,post,Final,Final,,,,,,,,,,,,,0,,,,,,none,816325
816860,2026-07-09,17:04,2026,Charlotte Knights,Nashville Sounds,Jonathan Cannon,,686563.0,,schedule_probable_pitcher,1,9,2,6,1,0,1,0,0,0,0,2,0,8,2,0,No Line,0.0,none,-1,11,6,1,post,Final,Final,,,,,,,,,,,,,0,,,,,,none,816860
816408,2026-07-09,17:05,2026,Jacksonville Jumbo Shrimp,Durham Bulls,Brandon White,Brody Hopkins,681449.0,811315.0,schedule_probable_pitcher,1,5,6,0,2,4,0,0,0,0,0,1,0,5,2,0,No Line,0.0,none,-1,7,9,1,post,Final,Final,,,,,,,,,,,,,0,,,,,,none,816408
816554,2026-07-09,17:05,2026,Indianapolis Indians,Toledo Mud Hens,José Urquidy,Ty Madden,664353.0,680744.0,schedule_probable_pitcher,1,6,5,1,0,1,0,1,0,0,2,1,0,4,2,0,No Line,0.0,none,-1,13,9,1,post,Final,Final,,,,,,,,,,,,,0,,,,,,none,816554
816636,2026-07-09,17:05,2026,Gwinnett Stripers,Memphis Redbirds,Anthony Molina,,683627.0,,schedule_probable_pitcher,1,2,1,0,0,0,0,0,0,0,0,0,0,0,0,0,No Line,0.0,none,-1,7,5,1,post,Final,Final,,,,,,,,,,,,,0,,,,,,none,816636
816478,2026-07-09,17:38,2026,Iowa Cubs,St. Paul Saints,,Ryan Gallagher,,801594.0,schedule_probable_pitcher,1,21,7,1,1,0,1,0,0,6,0,0,1,7,3,0,No Line,0.0,none,-1,24,11,1,post,Final,Final,,,,,,,,,,,,,0,,,,,,none,816478
814832,2026-07-09,18:05,2026,Sugar Land Space Cowboys,Albuquerque Isotopes,Ryan Weiss,Keegan Thompson,680802.0,624522.0,schedule_probable_pitcher,1,4,6,3,2,1,2,0,0,0,0,0,0,4,4,0,No Line,0.0,none,-1,4,7,1,post,Final,Final,,,,,,,,,,,,,0,,,,,,none,814832
815207,2026-07-09,18:05,2026,Oklahoma City Comets,El Paso Chihuahuas,Jackson Ferris,Evan Fitterer,701328.0,683157.0,schedule_probable_pitcher,1,6,3,0,0,2,0,0,0,4,0,0,3,6,3,0,No Line,0.0,none,-1,7,6,1,post,Final,Final,,,,,,,,,,,,,0,,,,,,none,815207
815130,2026-07-09,19:35,2026,Reno Aces,Round Rock Express,Kohl Drake,Nolan Kingham,684442.0,663884.0,schedule_probable_pitcher,1,12,6,3,1,2,0,1,0,1,0,3,2,10,3,0,No Line,0.0,none,-1,19,9,1,post,Final,Final,,,,,,,,,,,,,0,,,,,,none,815130
814984,2026-07-09,19:45,2026,Sacramento River Cats,Salt Lake Bees,Blade Tidwell,Brett Kerry,694918.0,695049.0,schedule_probable_pitcher,1,5,3,0,0,1,2,1,0,2,1,0,0,4,3,0,No Line,0.0,none,-1,9,7,1,post,Final,Final,,,,,,,,,,,,,0,,,,,,none,814984
815288,2026-07-09,20:05,2026,Las Vegas Aviators,Tacoma Rainiers,Kade Morris,Michael Plassmeyer,695034.0,674681.0,schedule_probable_pitcher,1,4,18,0,1,1,2,0,2,1,3,0,2,2,10,0,No Line,0.0,none,-1,4,22,1,post,Final,Final,,,,,,,,,,,,,0,,,,,,none,815288
816038,2026-07-10,16:35,2026,Norfolk Tides,Syracuse Mets,Trace Bright,Jack Wenninger,687238.0,811307.0,schedule_probable_pitcher,1,2,3,0,0,0,0,0,0,2,0,0,2,2,2,0,No Line,0.0,none,-1,8,4,1,post,Final,Final,,,,,,,,,,,,,0,,,,,,none,816038
816933,2026-07-10,16:35,2026,Buffalo Bisons,Scranton/Wilkes-Barre RailRiders,Grant Rogers,Elmer Rodríguez,814804.0,695684.0,schedule_probable_pitcher,1,1,9,0,2,1,1,0,0,0,0,0,0,1,3,0,No Line,0.0,none,-1,8,17,1,post,Final,Final,,,,,,,,,,,,,0,,,,,,none,816933
815506,2026-07-10,16:45,2026,Worcester Red Sox,Rochester Red Wings,Raymond Burgos,Luis Perales,670103.0,691384.0,schedule_probable_pitcher,1,4,10,1,0,0,2,1,1,0,0,0,1,2,4,0,No Line,0.0,none,-1,7,15,1,post,Final,Final,,,,,,,,,,,,,0,,,,,,none,815506
816327,2026-07-10,16:45,2026,Lehigh Valley IronPigs,Columbus Clippers,Andrew Painter,,691725.0,,schedule_probable_pitcher,1,7,10,0,2,0,2,0,3,0,0,2,0,2,7,0,No Line,0.0,none,-1,12,13,1,post,Final,Final,,,,,,,,,,,,,0,,,,,,none,816327
816850,2026-07-10,17:04,2026,Charlotte Knights,Nashville Sounds,Shane Murphy,Coleman Crow,690294.0,689441.0,schedule_probable_pitcher,1,9,11,2,1,0,0,2,7,0,1,0,2,4,11,0,No Line,0.0,none,-1,12,16,1,post,Final,Final,,,,,,,,,,,,,0,,,,,,none,816850
816404,2026-07-10,17:05,2026,Jacksonville Jumbo Shrimp,Durham Bulls,Patrick Monteverde,Ty Johnson,687287.0,694494.0,schedule_probable_pitcher,1,9,10,0,0,0,3,0,2,3,0,0,2,3,7,0,No Line,0.0,none,-1,12,14,1,post,Final,Final,,,,,,,,,,,,,0,,,,,,none,816404
816560,2026-07-10,17:05,2026,Indianapolis Indians,Toledo Mud Hens,Jaden Woods,Troy Watson,692243.0,681890.0,schedule_probable_pitcher,1,6,3,1,0,0,0,3,0,0,0,0,0,4,0,0,No Line,0.0,none,-1,11,10,1,post,Final,Final,,,,,,,,,,,,,0,,,,,,none,816560
816631,2026-07-10,17:05,2026,Gwinnett Stripers,Memphis Redbirds,Herick Hernandez,,803349.0,,schedule_probable_pitcher,1,6,5,0,3,0,0,3,0,0,0,1,0,4,3,0,No Line,0.0,none,-1,10,8,1,post,Final,Final,,,,,,,,,,,,,0,,,,,,none,816631
816249,2026-07-10,17:15,2026,Louisville Bats,Omaha Storm Chasers,Davis Daniel,Bailey Falter,669721.0,663559.0,schedule_probable_pitcher,1,4,6,0,0,1,0,1,0,0,2,0,0,2,2,0,No Line,0.0,none,-1,9,12,1,post,Final,Final,,,,,,,,,,,,,0,,,,,,none,816249
814836,2026-07-10,18:05,2026,Sugar Land Space Cowboys,Albuquerque Isotopes,Colton Gordon,,676467.0,,schedule_probable_pitcher,1,10,0,3,0,4,0,3,0,0,0,0,0,10,0,0,No Line,0.0,none,-1,11,4,1,post,Final,Final,,,,,,,,,,,,,0,,,,,,none,814836
815198,2026-07-10,18:05,2026,Oklahoma City Comets,El Paso Chihuahuas,Christian Romero,Miguel Cienfuegos,699071.0,800550.0,schedule_probable_pitcher,1,10,5,3,0,0,1,0,0,0,0,4,0,7,1,0,No Line,0.0,none,-1,13,14,1,post,Final,Final,,,,,,,,,,,,,0,,,,,,none,815198
816479,2026-07-10,18:08,2026,Iowa Cubs,St. Paul Saints,,Ty Langenberg,,807716.0,schedule_probable_pitcher,1,7,4,0,3,4,0,0,0,0,0,2,0,6,3,0,No Line,0.0,none,-1,10,5,1,post,Final,Final,,,,,,,,,,,,,0,,,,,,none,816479
815128,2026-07-10,19:35,2026,Reno Aces,Round Rock Express,Tommy Henry,Jose Corniell,674072.0,692030.0,schedule_probable_pitcher,1,8,6,2,5,3,1,1,0,2,0,0,0,8,6,0,No Line,0.0,none,-1,10,11,1,post,Final,Final,,,,,,,,,,,,,0,,,,,,none,815128
814989,2026-07-10,19:45,2026,Sacramento River Cats,Salt Lake Bees,Seth Lonsway,Sam Aldegheri,675920.0,691951.0,schedule_probable_pitcher,1,5,12,0,0,0,0,3,8,0,1,0,1,3,10,0,No Line,0.0,none,-1,9,16,1,post,Final,Final,,,,,,,,,,,,,0,,,,,,none,814989
815282,2026-07-10,20:05,2026,Las Vegas Aviators,Tacoma Rainiers,Chen Zhong-Ao Zhuang,Carson Fulmer,800018.0,608334.0,schedule_probable_pitcher,1,10,12,0,1,1,0,0,4,4,1,2,2,7,8,0,No Line,0.0,none,-1,9,13,1,post,Final,Final,,,,,,,,,,,,,0,,,,,,none,815282
815512,2026-07-11,14:05,2026,Worcester Red Sox,Rochester Red Wings,,Chandler Champlain,,669441.0,schedule_probable_pitcher,1,3,10,0,1,0,2,0,0,0,4,0,0,0,7,0,No Line,0.0,none,-1,3,13,1,post,Final,Final,,,,,,,,,,,,,0,,,,,,none,815512
816935,2026-07-11,14:30,2026,Buffalo Bisons,Scranton/Wilkes-Barre RailRiders,Simeon Woods Richardson,Kyle Carr,680573.0,694805.0,schedule_probable_pitcher,1,5,2,1,1,1,0,2,1,0,0,1,0,5,2,0,No Line,0.0,none,-1,9,9,1,post,Final,Final,,,,,,,,,,,,,0,,,,,,none,816935
816932,2026-07-11,14:35,2026,Buffalo Bisons,Scranton/Wilkes-Barre RailRiders,Jake Bloss,Adam Kloffenstein,814005.0,680572.0,schedule_probable_pitcher,1,3,1,0,0,1,0,0,0,1,1,1,0,3,1,0,No Line,0.0,none,-1,6,5,1,post,Final,Final,,,,,,,,,,,,,0,,,,,,none,816932
816635,2026-07-11,16:05,2026,Gwinnett Stripers,Memphis Redbirds,AJ Smith-Shawver,,700363.0,,schedule_probable_pitcher,1,9,2,2,0,0,0,2,2,1,0,0,0,5,2,0,No Line,0.0,none,-1,11,6,1,post,Final,Final,,,,,,,,,,,,,0,,,,,,none,816635
816851,2026-07-11,16:05,2026,Charlotte Knights,Nashville Sounds,Mason Adams,Thomas Pannone,690279.0,623381.0,schedule_probable_pitcher,1,2,4,1,0,0,1,0,1,1,0,0,1,2,3,0,No Line,0.0,none,-1,14,10,1,post,Final,Final,,,,,,,,,,,,,0,,,,,,none,816851
816031,2026-07-11,16:35,2026,Norfolk Tides,Syracuse Mets,Nestor German,Jack Weisenburger,815148.0,674073.0,schedule_probable_pitcher,1,3,2,0,0,0,0,0,0,1,0,2,0,3,0,0,No Line,0.0,none,-1,2,6,1,post,Final,Final,,,,,,,,,,,,,0,,,,,,none,816031
816326,2026-07-11,16:35,2026,Lehigh Valley IronPigs,Columbus Clippers,Chuck King,,666155.0,,schedule_probable_pitcher,1,6,3,4,0,0,0,0,0,0,1,0,0,4,1,0,No Line,0.0,none,-1,8,7,1,post,Final,Final,,,,,,,,,,,,,0,,,,,,none,816326
816398,2026-07-11,16:35,2026,Jacksonville Jumbo Shrimp,Durham Bulls,Dax Fulton,,690978.0,,schedule_probable_pitcher,1,0,0,0,0,0,0,0,0,0,0,0,0,0,0,0,No Line,0.0,none,-1,0,0,1,post,Cancelled,Cancelled,,,,,,,,,,,,,0,,,,,,none,816398
816555,2026-07-11,17:05,2026,Indianapolis Indians,Toledo Mud Hens,Wilber Dotel,Dylan File,696062.0,668766.0,schedule_probable_pitcher,1,3,4,1,1,1,0,1,3,0,0,0,0,3,4,0,No Line,0.0,none,-1,5,4,1,post,Final,Final,,,,,,,,,,,,,0,,,,,,none,816555
816477,2026-07-11,17:08,2026,Iowa Cubs,St. Paul Saints,,John Klein,,804619.0,schedule_probable_pitcher,1,8,2,2,0,2,0,1,0,1,0,0,0,6,0,0,No Line,0.0,none,-1,11,4,1,post,Final,Final,,,,,,,,,,,,,0,,,,,,none,816477
816252,2026-07-11,17:15,2026,Louisville Bats,Omaha Storm Chasers,Julian Aguiar,Henry Williams,687924.0,689275.0,schedule_probable_pitcher,1,4,2,1,0,0,0,2,0,0,2,0,0,3,2,0,No Line,0.0,none,-1,8,5,1,post,Final,Final,,,,,,,,,,,,,0,,,,,,none,816252
814833,2026-07-11,18:05,2026,Sugar Land Space Cowboys,Albuquerque Isotopes,Hayden Wesneski,Valente Bellozo,669713.0,678368.0,schedule_probable_pitcher,1,7,4,4,0,0,0,0,0,0,0,0,1,4,1,0,No Line,0.0,none,-1,13,8,1,post,Final,Final,,,,,,,,,,,,,0,,,,,,none,814833
815200,2026-07-11,18:05,2026,Oklahoma City Comets,El Paso Chihuahuas,Landon Knack,Sean Boyle,689017.0,682044.0,schedule_probable_pitcher,1,0,0,0,0,0,0,0,0,0,0,0,0,0,0,0,No Line,0.0,none,-1,0,0,1,post,Postponed,Postponed,,,,,,,,,,,,,0,,,,,,none,815200
815124,2026-07-11,19:35,2026,Reno Aces,Round Rock Express,Mitch Bratt,Spencer Adams,683352.0,656181.0,schedule_probable_pitcher,1,8,2,0,0,2,0,2,2,0,0,0,0,4,2,0,No Line,0.0,none,-1,11,6,1,post,Final,Final,,,,,,,,,,,,,0,,,,,,none,815124
814983,2026-07-11,19:37,2026,Sacramento River Cats,Salt Lake Bees,Matt Wilkinson,Alek Manoah,683363.0,666201.0,schedule_probable_pitcher,1,9,2,2,0,0,0,7,0,0,1,0,0,9,1,0,No Line,0.0,none,-1,9,7,1,post,Final,Final,,,,,,,,,,,,,0,,,,,,none,814983
815281,2026-07-11,20:05,2026,Las Vegas Aviators,Tacoma Rainiers,Joey Estes,Casey Lawrence,683155.0,596271.0,schedule_probable_pitcher,1,8,7,0,0,0,1,1,0,1,0,0,3,2,4,0,No Line,0.0,none,-1,12,12,1,post,Final,Final,,,,,,,,,,,,,0,,,,,,none,815281
815509,2026-07-12,11:05,2026,Worcester Red Sox,Rochester Red Wings,Seth Martinez,Andry Lara,661527.0,691251.0,schedule_probable_pitcher,1,6,5,1,0,0,0,0,0,0,0,2,0,3,0,0,No Line,0.0,none,-1,9,11,1,post,Final,Final,,,,,,,,,,,,,0,,,,,,none,815509
816026,2026-07-12,11:05,2026,Norfolk Tides,Syracuse Mets,Chris Kachmar,Jonathan Pintaro,690148.0,702752.0,schedule_probable_pitcher,1,0,0,0,0,0,0,0,0,0,0,0,0,0,0,0,No Line,0.0,none,-1,0,0,1,post,Cancelled,Cancelled,,,,,,,,,,,,,0,,,,,,none,816026
816254,2026-07-12,11:05,2026,Louisville Bats,Omaha Storm Chasers,Brandon Leibrandt,Mitch Spence,605335.0,687765.0,schedule_probable_pitcher,1,2,7,0,0,0,1,1,0,0,3,0,1,1,5,0,No Line,0.0,none,-1,10,14,1,post,Final,Final,,,,,,,,,,,,,0,,,,,,none,816254
816397,2026-07-12,11:05,2026,Jacksonville Jumbo Shrimp,Durham Bulls,Bradley Blalock,Joe Boyle,687134.0,671212.0,schedule_probable_pitcher,1,4,5,1,0,1,3,0,0,2,2,0,0,4,5,0,No Line,0.0,none,-1,8,9,1,post,Completed Early,Completed Early,,,,,,,,,,,,,0,,,,,,none,816397
816633,2026-07-12,11:05,2026,Gwinnett Stripers,Memphis Redbirds,Drue Hackenberg,,802357.0,,schedule_probable_pitcher,1,7,2,0,0,0,0,0,0,3,1,3,0,6,1,0,No Line,0.0,none,-1,11,3,1,post,Final,Final,,,,,,,,,,,,,0,,,,,,none,816633
816852,2026-07-12,11:05,2026,Charlotte Knights,Nashville Sounds,,Carlos Rodriguez,,692230.0,schedule_probable_pitcher,1,12,4,3,0,0,0,1,1,4,0,1,1,9,2,0,No Line,0.0,none,-1,15,5,1,post,Final,Final,,,,,,,,,,,,,0,,,,,,none,816852
816934,2026-07-12,11:05,2026,Buffalo Bisons,Scranton/Wilkes-Barre RailRiders,Richard Gallardo,Brendan Beck,682620.0,694341.0,schedule_probable_pitcher,1,7,8,0,1,2,1,0,1,0,1,0,0,2,4,0,No Line,0.0,none,-1,15,12,1,post,Final,Final,,,,,,,,,,,,,0,,,,,,none,816934
816329,2026-07-12,11:15,2026,Lehigh Valley IronPigs,Columbus Clippers,Drake Fellows,,666148.0,,schedule_probable_pitcher,1,13,5,0,0,1,0,4,1,0,0,0,0,5,1,0,No Line,0.0,none,-1,12,8,1,post,Final,Final,,,,,,,,,,,,,0,,,,,,none,816329
816559,2026-07-12,11:35,2026,Indianapolis Indians,Toledo Mud Hens,Connor Wietgrefe,Sawyer Gipson-Long,809733.0,687830.0,schedule_probable_pitcher,1,5,0,0,0,4,0,1,0,0,0,0,0,5,0,0,No Line,0.0,none,-1,4,1,1,post,Final,Final,,,,,,,,,,,,,0,,,,,,none,816559
815203,2026-07-12,12:05,2026,Oklahoma City Comets,El Paso Chihuahuas,José Rodríguez,Sean Boyle,692064.0,682044.0,schedule_probable_pitcher,1,8,0,0,0,0,0,0,0,2,0,0,0,2,0,0,No Line,0.0,none,-1,14,2,1,post,Final,Final,,,,,,,,,,,,,0,,,,,,none,815203
816473,2026-07-12,12:08,2026,Iowa Cubs,St. Paul Saints,Jordan Wicks,Aaron Rozek,696136.0,702065.0,schedule_probable_pitcher,1,4,5,0,0,1,0,0,2,0,1,1,0,2,3,0,No Line,0.0,none,-1,10,10,1,post,Final,Final,,,,,,,,,,,,,0,,,,,,none,816473
814837,2026-07-12,13:05,2026,Sugar Land Space Cowboys,Albuquerque Isotopes,Brandon McPherson,Valente Bellozo,835483.0,678368.0,schedule_probable_pitcher,1,3,1,0,0,0,0,1,0,0,0,0,0,1,0,0,No Line,0.0,none,-1,6,5,1,post,Final,Final,,,,,,,,,,,,,0,,,,,,none,814837
815278,2026-07-12,13:05,2026,Las Vegas Aviators,Tacoma Rainiers,Luis Morales,Nick Hull,806960.0,701314.0,schedule_probable_pitcher,1,3,1,0,0,0,0,0,1,0,0,0,0,0,1,0,No Line,0.0,none,-1,4,6,1,post,Final,Final,,,,,,,,,,,,,0,,,,,,none,815278
814978,2026-07-12,14:05,2026,Sacramento River Cats,Salt Lake Bees,Eric Cerantola,George Klassen,672021.0,691946.0,schedule_probable_pitcher,1,8,11,0,6,2,0,0,0,1,2,4,0,7,8,0,No Line,0.0,none,-1,15,8,1,post,Final,Final,,,,,,,,,,,,,0,,,,,,none,814978
815129,2026-07-12,14:05,2026,Reno Aces,Round Rock Express,Yu-Min Lin,,801179.0,,schedule_probable_pitcher,1,2,5,0,0,0,3,0,0,1,0,0,0,1,3,0,No Line,0.0,none,-1,8,10,1,post,Final,Final,,,,,,,,,,,,,0,,,,,,none,815129
815656,2026-07-17,16:35,2026,Syracuse Mets,Buffalo Bisons,Jack Weisenburger,Grant Rogers,674073.0,814804.0,schedule_probable_pitcher,1,5,7,0,0,0,3,2,0,0,2,0,0,2,5,0,No Line,0.0,none,-1,8,10,1,post,Final,Final,,,,,,,,,,,,,0,,,,,,none,815656
815877,2026-07-17,16:45,2026,Rochester Red Wings,Jacksonville Jumbo Shrimp,Jackson Kent,Bradley Blalock,800600.0,687134.0,schedule_probable_pitcher,1,7,2,1,0,0,0,2,1,2,0,1,0,6,1,0,No Line,0.0,none,-1,13,4,1,post,Final,Final,,,,,,,,,,,,,0,,,,,,none,815877
816701,2026-07-17,16:45,2026,Durham Bulls,Charlotte Knights,Brody Hopkins,Jonathan Cannon,811315.0,686563.0,schedule_probable_pitcher,1,8,2,1,1,3,0,0,0,0,1,0,0,4,2,0,No Line,0.0,none,-1,9,4,1,post,Final,Final,,,,,,,,,,,,,0,,,,,,none,816701
815808,2026-07-17,17:05,2026,Scranton/Wilkes-Barre RailRiders,Worcester Red Sox,Max Fried,Raymond Burgos,608331.0,670103.0,schedule_probable_pitcher,1,7,6,1,1,4,0,0,1,0,1,2,0,7,3,0,No Line,0.0,none,-1,11,13,1,post,Final,Final,,,,,,,,,,,,,0,,,,,,none,815808
816100,2026-07-17,17:35,2026,Nashville Sounds,Norfolk Tides,Tyson Hardin,Cade Povich,824620.0,700249.0,schedule_probable_pitcher,1,2,4,0,0,1,0,0,1,1,0,0,0,2,1,0,No Line,0.0,none,-1,5,4,1,post,Final,Final,,,,,,,,,,,,,0,,,,,,none,816100
815055,2026-07-17,18:05,2026,Round Rock Express,Las Vegas Aviators,Marco Gonzales,Braden Nett,594835.0,804556.0,schedule_probable_pitcher,1,9,1,0,0,0,0,0,0,5,1,1,0,6,1,0,No Line,0.0,none,-1,8,5,1,post,Final,Final,,,,,,,,,,,,,0,,,,,,none,815055
815954,2026-07-17,18:05,2026,Omaha Storm Chasers,Lehigh Valley IronPigs,Mason Black,Brian Keller,696131.0,662144.0,schedule_probable_pitcher,1,2,1,1,0,0,0,0,0,0,0,0,0,1,0,0,No Line,0.0,none,-1,5,2,1,post,Final,Final,,,,,,,,,,,,,0,,,,,,none,815954
816185,2026-07-17,18:05,2026,Memphis Redbirds,Iowa Cubs,,,,,schedule,0,10,9,0,2,0,0,5,0,0,4,0,2,5,8,0,No Line,0.0,none,-1,9,12,1,post,Final,Final,,,,,,,,,,,,,0,,,,,,none,816185
815730,2026-07-17,18:07,2026,St. Paul Saints,Louisville Bats,Jack Anderson,Jose Franco,681252.0,683742.0,schedule_probable_pitcher,1,3,1,0,0,0,0,0,0,0,0,3,0,3,0,0,No Line,0.0,none,-1,7,5,1,post,Final,Final,,,,,,,,,,,,,0,,,,,,none,815730
814904,2026-07-17,18:35,2026,Salt Lake Bees,Reno Aces,Caden Dana,Dylan Ray,702674.0,691009.0,schedule_probable_pitcher,1,9,8,0,0,2,0,2,0,0,1,3,4,7,5,0,No Line,0.0,none,-1,12,7,1,post,Final,Final,,,,,,,,,,,,,0,,,,,,none,814904
815364,2026-07-17,18:35,2026,El Paso Chihuahuas,Sugar Land Space Cowboys,Jackson Wolf,,680232.0,,schedule_probable_pitcher,1,3,5,0,1,0,1,1,0,2,0,0,0,3,2,0,No Line,0.0,none,-1,8,6,1,post,Final,Final,,,,,,,,,,,,,0,,,,,,none,815364
815440,2026-07-17,18:35,2026,Albuquerque Isotopes,Sacramento River Cats,,Blade Tidwell,,694918.0,schedule_probable_pitcher,1,2,5,0,0,0,0,0,0,2,0,0,0,2,0,0,No Line,0.0,none,-1,7,15,1,post,Final,Final,,,,,,,,,,,,,0,,,,,,none,815440
814749,2026-07-17,20:05,2026,Tacoma Rainiers,Oklahoma City Comets,Carson Fulmer,Christian Romero,608334.0,699071.0,schedule_probable_pitcher,1,5,4,0,1,1,1,0,0,2,0,0,0,3,2,0,No Line,0.0,none,-1,9,11,1,post,Final,Final,,,,,,,,,,,,,0,,,,,,none,814749
816784,2026-07-18,15:30,2026,Columbus Clippers,Indianapolis Indians,Rorik Maltrud,Hunter Barco,702045.0,682995.0,schedule_probable_pitcher,1,2,5,0,0,1,0,0,0,0,0,0,3,1,3,0,No Line,0.0,none,-1,4,11,1,post,Final,Final,,,,,,,,,,,,,0,,,,,,none,816784
815586,2026-07-18,15:35,2026,Toledo Mud Hens,Gwinnett Stripers,Ty Madden,AJ Smith-Shawver,680744.0,700363.0,schedule_probable_pitcher,1,1,5,0,0,0,0,0,2,0,0,0,2,0,4,0,No Line,0.0,none,-1,7,11,1,post,Final,Final,,,,,,,,,,,,,0,,,,,,none,815586
815727,2026-07-18,15:37,2026,St. Paul Saints,Louisville Bats,Ryan Gallagher,Julian Aguiar,801594.0,687924.0,schedule_probable_pitcher,1,11,3,4,0,0,0,0,0,0,0,0,1,4,1,0,No Line,0.0,none,-1,9,5,1,post,Final,Final,,,,,,,,,,,,,0,,,,,,none,815727
815581,2026-07-18,15:40,2026,Toledo Mud Hens,Gwinnett Stripers,Dylan File,Lucas Braun,668766.0,814351.0,schedule_probable_pitcher,1,1,8,0,0,0,3,0,0,0,0,0,1,0,4,0,No Line,0.0,none,-1,3,11,1,post,Final,Final,,,,,,,,,,,,,0,,,,,,none,815581
816263,2026-07-18,15:42,2026,Louisville Bats,St. Paul Saints,Davis Daniel,Ricky Castro,669721.0,690462.0,schedule_probable_pitcher,1,0,7,0,0,0,0,0,0,0,0,0,1,0,1,0,No Line,0.0,none,-1,5,12,1,post,Final,Final,,,,,,,,,,,,,0,,,,,,none,816263
815650,2026-07-18,16:35,2026,Syracuse Mets,Buffalo Bisons,Jonah Tong,Lazaro Estrada,804636.0,681751.0,schedule_probable_pitcher,1,15,2,0,0,2,0,1,0,3,2,4,0,10,2,0,No Line,0.0,none,-1,14,8,1,post,Final,Final,,,,,,,,,,,,,0,,,,,,none,815650
815809,2026-07-18,16:35,2026,Scranton/Wilkes-Barre RailRiders,Worcester Red Sox,Kyle Carr,Osvaldo Berrios,694805.0,676047.0,schedule_probable_pitcher,1,0,0,0,0,0,0,0,0,0,0,0,0,0,0,0,No Line,0.0,none,-1,0,0,1,post,Postponed,Postponed,,,,,,,,,,,,,0,,,,,,none,815809
815878,2026-07-18,16:45,2026,Rochester Red Wings,Jacksonville Jumbo Shrimp,Chandler Champlain,Karson Milbrandt,669441.0,703596.0,schedule_probable_pitcher,1,6,5,0,1,0,0,0,0,3,0,0,3,3,4,0,No Line,0.0,none,-1,6,9,1,post,Final,Final,,,,,,,,,,,,,0,,,,,,none,815878
816700,2026-07-18,16:45,2026,Durham Bulls,Charlotte Knights,Jesse Scholtens,Shane Smith,669947.0,681343.0,schedule_probable_pitcher,1,5,7,2,0,0,4,0,0,2,1,0,1,4,6,0,No Line,0.0,none,-1,5,15,1,post,Final,Final,,,,,,,,,,,,,0,,,,,,none,816700
815956,2026-07-18,17:05,2026,Omaha Storm Chasers,Lehigh Valley IronPigs,Stephen Kolek,Chuck King,663568.0,666155.0,schedule_probable_pitcher,1,6,2,1,0,0,0,0,2,0,0,2,0,3,2,0,No Line,0.0,none,-1,10,9,1,post,Final,Final,,,,,,,,,,,,,0,,,,,,none,815956
816782,2026-07-18,17:05,2026,Columbus Clippers,Indianapolis Indians,Austin Peterson,Hunter Barco,804926.0,682995.0,schedule_probable_pitcher,1,1,6,0,0,1,2,0,2,0,0,0,2,1,6,0,No Line,0.0,none,-1,4,7,1,post,Final,Final,,,,,,,,,,,,,0,,,,,,none,816782
816101,2026-07-18,17:35,2026,Nashville Sounds,Norfolk Tides,Colton Gordon,Nestor German,676467.0,815148.0,schedule_probable_pitcher,1,2,9,0,0,1,0,0,1,0,4,0,0,1,5,0,No Line,0.0,none,-1,6,10,1,post,Final,Final,,,,,,,,,,,,,0,,,,,,none,816101
816187,2026-07-18,17:35,2026,Memphis Redbirds,Iowa Cubs,,,,,schedule,0,4,5,0,0,0,0,0,0,0,0,1,0,1,0,0,No Line,0.0,none,-1,6,6,1,post,Final,Final,,,,,,,,,,,,,0,,,,,,none,816187
815054,2026-07-18,18:05,2026,Round Rock Express,Las Vegas Aviators,Jordan Montgomery,Mason Barnett,656756.0,686930.0,schedule_probable_pitcher,1,1,8,0,0,0,0,0,6,1,0,0,1,1,7,0,No Line,0.0,none,-1,3,9,1,post,Final,Final,,,,,,,,,,,,,0,,,,,,none,815054
814907,2026-07-18,18:35,2026,Salt Lake Bees,Reno Aces,Sam Aldegheri,Jose Cabrera,691951.0,703615.0,schedule_probable_pitcher,1,6,11,0,3,0,0,1,3,1,0,0,0,2,6,0,No Line,0.0,none,-1,13,12,1,post,Final,Final,,,,,,,,,,,,,0,,,,,,none,814907
815357,2026-07-18,18:35,2026,El Paso Chihuahuas,Sugar Land Space Cowboys,Evan Fitterer,Jackson Nezuh,683157.0,694545.0,schedule_probable_pitcher,1,3,8,1,0,0,0,1,1,0,0,1,1,3,2,0,No Line,0.0,none,-1,5,8,1,post,Final,Final,,,,,,,,,,,,,0,,,,,,none,815357
815433,2026-07-18,18:35,2026,Albuquerque Isotopes,Sacramento River Cats,Keegan Thompson,Cesar Perdomo,624522.0,702885.0,schedule_probable_pitcher,1,11,7,4,2,2,3,5,0,0,0,0,0,11,5,0,No Line,0.0,none,-1,14,15,1,post,Final,Final,,,,,,,,,,,,,0,,,,,,none,815433
814750,2026-07-18,19:05,2026,Tacoma Rainiers,Oklahoma City Comets,Casey Lawrence,Blake Snell,596271.0,605483.0,schedule_probable_pitcher,1,9,5,0,1,0,0,0,0,3,1,0,0,3,2,0,No Line,0.0,none,-1,12,10,1,post,Final,Final,,,,,,,,,,,,,0,,,,,,none,814750
815652,2026-07-19,11:05,2026,Syracuse Mets,Buffalo Bisons,Robert Stock,Chad Dallas,476594.0,689149.0,schedule_probable_pitcher,1,3,7,0,0,0,0,0,1,0,0,1,0,1,1,0,No Line,0.0,none,-1,9,9,1,post,Final,Final,,,,,,,,,,,,,0,,,,,,none,815652
816783,2026-07-19,11:05,2026,Columbus Clippers,Indianapolis Indians,Yorman Gómez,Antwone Kelly,691414.0,699008.0,schedule_probable_pitcher,1,6,13,0,0,0,3,0,0,0,2,2,8,2,13,0,No Line,0.0,none,-1,9,15,1,post,Final,Final,,,,,,,,,,,,,0,,,,,,none,816783
815804,2026-07-19,11:35,2026,Scranton/Wilkes-Barre RailRiders,Worcester Red Sox,Alexander Cornielle,Osvaldo Berrios,529017.0,676047.0,schedule_probable_pitcher,1,5,4,0,1,1,0,0,0,0,0,0,0,1,1,0,No Line,0.0,none,-1,10,7,1,post,Final,Final,,,,,,,,,,,,,0,,,,,,none,815804
816182,2026-07-19,12:05,2026,Memphis Redbirds,Iowa Cubs,,,,,schedule,0,4,13,1,0,0,0,0,4,1,3,0,3,2,10,0,No Line,0.0,none,-1,4,16,1,post,Final,Final,,,,,,,,,,,,,0,,,,,,none,816182
815725,2026-07-19,13:07,2026,St. Paul Saints,Louisville Bats,Connor Prielipp,Jose Acuna,687570.0,691641.0,schedule_probable_pitcher,1,5,1,0,0,0,0,4,0,0,0,0,0,4,0,0,No Line,0.0,none,-1,9,3,1,post,Final,Final,,,,,,,,,,,,,0,,,,,,none,815725
815582,2026-07-19,14:05,2026,Toledo Mud Hens,Gwinnett Stripers,Sawyer Gipson-Long,Hurston Waldrep,687830.0,694462.0,schedule_probable_pitcher,1,6,5,0,0,0,0,0,1,0,3,1,0,1,4,0,No Line,0.0,none,-1,11,9,1,post,Final,Final,,,,,,,,,,,,,0,,,,,,none,815582
814754,2026-07-19,14:35,2026,Tacoma Rainiers,Oklahoma City Comets,Nick Hull,Cole Irvin,701314.0,608344.0,schedule_probable_pitcher,1,0,10,0,0,0,0,0,0,0,0,0,0,0,0,0,No Line,0.0,none,-1,4,16,1,post,Final,Final,,,,,,,,,,,,,0,,,,,,none,814754
815875,2026-07-19,15:05,2026,Rochester Red Wings,Jacksonville Jumbo Shrimp,Zach Penrod,Patrick Monteverde,683068.0,687287.0,schedule_probable_pitcher,1,11,2,0,0,0,0,6,0,0,0,3,0,9,0,0,No Line,0.0,none,-1,12,8,1,post,Final,Final,,,,,,,,,,,,,0,,,,,,none,815875
816702,2026-07-19,15:05,2026,Durham Bulls,Charlotte Knights,Michael Forret,,702650.0,,schedule_probable_pitcher,1,3,2,1,0,0,1,1,1,0,0,0,0,2,2,0,No Line,0.0,none,-1,5,11,1,post,Final,Final,,,,,,,,,,,,,0,,,,,,none,816702
815952,2026-07-19,16:05,2026,Omaha Storm Chasers,Lehigh Valley IronPigs,Mitch Spence,Drake Fellows,687765.0,666148.0,schedule_probable_pitcher,1,12,9,0,2,4,2,0,1,7,0,1,3,12,8,0,No Line,0.0,none,-1,10,14,1,post,Final,Final,,,,,,,,,,,,,0,,,,,,none,815952
815058,2026-07-19,17:05,2026,Round Rock Express,Las Vegas Aviators,Josh Stephan,Luis Morales,695776.0,806960.0,schedule_probable_pitcher,1,5,4,0,2,1,0,2,0,0,2,2,0,5,4,0,No Line,0.0,none,-1,10,10,1,post,Final,Final,,,,,,,,,,,,,0,,,,,,none,815058
816102,2026-07-19,17:05,2026,Nashville Sounds,Norfolk Tides,Coleman Crow,Trey Gibson,689441.0,694346.0,schedule_probable_pitcher,1,4,0,1,0,0,0,0,0,0,0,0,0,1,0,0,No Line,0.0,none,-1,7,2,1,post,Final,Final,,,,,,,,,,,,,0,,,,,,none,816102
814903,2026-07-19,18:05,2026,Salt Lake Bees,Reno Aces,George Klassen,Tommy Henry,691946.0,674072.0,schedule_probable_pitcher,1,8,6,0,0,2,1,0,0,1,0,0,0,3,1,0,No Line,0.0,none,-1,12,6,1,post,Final,Final,,,,,,,,,,,,,0,,,,,,none,814903
815358,2026-07-19,18:05,2026,El Paso Chihuahuas,Sugar Land Space Cowboys,Michael Flynn,Ethan Pecko,663901.0,814490.0,schedule_probable_pitcher,1,4,3,0,0,0,0,0,0,2,0,0,0,2,0,0,No Line,0.0,none,-1,11,7,1,post,Final,Final,,,,,,,,,,,,,0,,,,,,none,815358
815428,2026-07-19,18:05,2026,Albuquerque Isotopes,Sacramento River Cats,,Carson Whisenhunt,,687931.0,schedule_probable_pitcher,1,1,5,0,1,0,0,0,0,0,0,0,1,0,2,0,No Line,0.0,none,-1,6,12,1,post,Final,Final,,,,,,,,,,,,,0,,,,,,none,815428
816632,2026-07-21,16:35,2026,Gwinnett Stripers,Iowa Cubs,Herick Hernandez,Grant Kipp,803349.0,805990.0,schedule_probable_pitcher,1,4,7,2,1,1,0,0,1,0,2,1,0,4,4,0,No Line,0.0,none,-1,8,9,1,post,Final,Final,,,,,,,,,,,,,0,,,,,,none,816632
816930,2026-07-21,16:35,2026,Buffalo Bisons,Rochester Red Wings,Simeon Woods Richardson,Andry Lara,680573.0,691251.0,schedule_probable_pitcher,1,3,7,2,0,0,0,0,0,1,0,0,0,3,0,0,No Line,0.0,none,-1,10,8,1,post,Final,Final,,,,,,,,,,,,,0,,,,,,none,816930
816848,2026-07-21,17:04,2026,Charlotte Knights,Norfolk Tides,,Trace Bright,,687238.0,schedule_probable_pitcher,1,7,6,0,1,0,0,0,0,3,0,4,2,7,3,0,No Line,0.0,none,-1,10,8,1,post,Final,Final,,,,,,,,,,,,,0,,,,,,none,816848
815579,2026-07-21,17:05,2026,Toledo Mud Hens,Louisville Bats,Nick Sandlin,Brandon Leibrandt,680704.0,605335.0,schedule_probable_pitcher,1,5,1,2,0,0,0,0,0,0,0,0,1,2,1,0,No Line,0.0,none,-1,11,4,1,post,Final,Final,,,,,,,,,,,,,0,,,,,,none,815579
815807,2026-07-21,17:05,2026,Scranton/Wilkes-Barre RailRiders,Syracuse Mets,Elmer Rodríguez,Jack Wenninger,695684.0,811307.0,schedule_probable_pitcher,1,13,5,2,0,0,0,1,0,1,0,0,3,4,3,0,No Line,0.0,none,-1,12,6,1,post,Final,Final,,,,,,,,,,,,,0,,,,,,none,815807
816553,2026-07-21,17:05,2026,Indianapolis Indians,Lehigh Valley IronPigs,Connor Wietgrefe,Andrew Painter,809733.0,691725.0,schedule_probable_pitcher,1,2,1,0,0,0,0,0,0,0,1,2,0,2,1,0,No Line,0.0,none,-1,8,9,1,post,Final,Final,,,,,,,,,,,,,0,,,,,,none,816553
814831,2026-07-21,18:05,2026,Sugar Land Space Cowboys,Nashville Sounds,Josh Hendrickson,Thomas Pannone,681973.0,623381.0,schedule_probable_pitcher,1,3,2,0,0,1,1,0,0,0,0,0,1,1,2,0,No Line,0.0,none,-1,6,6,1,post,Final,Final,,,,,,,,,,,,,0,,,,,,none,814831
816178,2026-07-21,18:05,2026,Memphis Redbirds,Durham Bulls,,Joe Boyle,,671212.0,schedule_probable_pitcher,1,8,10,0,1,4,2,0,0,0,0,1,7,5,10,0,No Line,0.0,none,-1,13,16,1,post,Final,Final,,,,,,,,,,,,,0,,,,,,none,816178
815724,2026-07-21,18:07,2026,St. Paul Saints,Columbus Clippers,Matt Bowman,,621199.0,,schedule_probable_pitcher,1,2,13,0,2,0,2,1,2,0,0,0,3,1,9,0,No Line,0.0,none,-1,6,13,1,post,Final,Final,,,,,,,,,,,,,0,,,,,,none,815724
814900,2026-07-21,18:35,2026,Salt Lake Bees,Omaha Storm Chasers,Brett Kerry,Henry Williams,695049.0,689275.0,schedule_probable_pitcher,1,8,9,3,0,0,0,2,3,0,0,1,2,6,5,0,No Line,0.0,none,-1,15,15,1,post,Final,Final,,,,,,,,,,,,,0,,,,,,none,814900
815432,2026-07-21,18:35,2026,Albuquerque Isotopes,Round Rock Express,Valente Bellozo,Winston Santos,678368.0,692437.0,schedule_probable_pitcher,1,9,4,0,0,0,3,3,0,0,0,0,1,3,4,0,No Line,0.0,none,-1,10,12,1,post,Final,Final,,,,,,,,,,,,,0,,,,,,none,815432
815125,2026-07-21,19:35,2026,Reno Aces,Tacoma Rainiers,Ashton Izzi,Jhonathan Díaz,802416.0,646242.0,schedule_probable_pitcher,1,7,9,3,1,0,0,0,2,2,0,2,0,7,3,0,No Line,0.0,none,-1,13,14,1,post,Final,Final,,,,,,,,,,,,,0,,,,,,none,815125
814977,2026-07-21,19:45,2026,Sacramento River Cats,Oklahoma City Comets,Trent Harris,Jackson Ferris,805345.0,701328.0,schedule_probable_pitcher,1,7,3,0,0,2,0,0,0,1,0,2,0,5,0,0,No Line,0.0,none,-1,10,7,1,post,Final,Final,,,,,,,,,,,,,0,,,,,,none,814977
815279,2026-07-21,20:05,2026,Las Vegas Aviators,El Paso Chihuahuas,Jake Garland,Sean Boyle,687195.0,682044.0,schedule_probable_pitcher,1,7,11,2,0,0,3,0,0,1,0,0,2,3,5,0,No Line,0.0,none,-1,10,12,1,post,Final,Final,,,,,,,,,,,,,0,,,,,,none,815279
816931,2026-07-22,11:05,2026,Buffalo Bisons,Rochester Red Wings,Max Scherzer,Konnor Pilkington,453286.0,663455.0,schedule_probable_pitcher,1,9,2,0,0,4,0,1,0,1,0,3,0,9,0,0,No Line,0.0,none,-1,8,3,1,post,Final,Final,,,,,,,,,,,,,0,,,,,,none,816931
816557,2026-07-22,11:35,2026,Indianapolis Indians,Lehigh Valley IronPigs,Noah Davis,Kolby Allard,663562.0,663465.0,schedule_probable_pitcher,1,2,1,0,0,0,0,0,0,0,1,0,0,0,1,0,No Line,0.0,none,-1,8,4,1,post,Final,Final,,,,,,,,,,,,,0,,,,,,none,816557
815729,2026-07-22,12:07,2026,St. Paul Saints,Columbus Clippers,Aaron Rozek,Rorik Maltrud,702065.0,702045.0,schedule_probable_pitcher,1,9,0,1,0,6,0,0,0,0,0,2,0,9,0,0,No Line,0.0,none,-1,10,2,1,post,Final,Final,,,,,,,,,,,,,0,,,,,,none,815729
814979,2026-07-22,13:05,2026,Sacramento River Cats,Oklahoma City Comets,Blade Tidwell,Christian Romero,694918.0,699071.0,schedule_probable_pitcher,1,7,1,2,0,3,1,0,0,0,0,0,0,5,1,0,No Line,0.0,none,-1,13,6,1,post,Final,Final,,,,,,,,,,,,,0,,,,,,none,814979
815504,2026-07-22,14:05,2026,Worcester Red Sox,Jacksonville Jumbo Shrimp,Blake Wehunt,Brandon White,687762.0,681449.0,schedule_probable_pitcher,1,3,2,1,1,0,0,0,0,2,1,0,0,3,2,0,No Line,0.0,none,-1,3,6,1,post,Final,Final,,,,,,,,,,,,,0,,,,,,none,815504
815510,2026-07-22,14:10,2026,Worcester Red Sox,Jacksonville Jumbo Shrimp,,Patrick Monteverde,,687287.0,schedule_probable_pitcher,1,13,12,0,2,3,5,1,0,6,3,0,2,10,12,0,No Line,0.0,none,-1,15,10,1,post,Final,Final,,,,,,,,,,,,,0,,,,,,none,815510
816634,2026-07-22,16:35,2026,Gwinnett Stripers,Iowa Cubs,Garrett Baumann,Jace Beck,803833.0,689476.0,schedule_probable_pitcher,1,7,5,2,0,2,0,1,0,0,0,0,0,5,0,0,No Line,0.0,none,-1,12,6,1,post,Final,Final,,,,,,,,,,,,,0,,,,,,none,816634
816847,2026-07-22,17:04,2026,Charlotte Knights,Norfolk Tides,Mason Adams,Chris Kachmar,690279.0,690148.0,schedule_probable_pitcher,1,8,4,0,0,3,0,1,0,0,0,2,0,6,0,0,No Line,0.0,none,-1,12,5,1,post,Final,Final,,,,,,,,,,,,,0,,,,,,none,816847
815584,2026-07-22,17:05,2026,Toledo Mud Hens,Louisville Bats,Carl Edwards Jr.,Jose Franco,605218.0,683742.0,schedule_probable_pitcher,1,0,9,0,0,0,1,0,0,0,2,0,3,0,6,0,No Line,0.0,none,-1,4,13,1,post,Final,Final,,,,,,,,,,,,,0,,,,,,none,815584
815805,2026-07-22,17:05,2026,Scranton/Wilkes-Barre RailRiders,Syracuse Mets,Dom Hamel,Ofreidy Gómez,687589.0,628709.0,schedule_probable_pitcher,1,4,5,2,0,0,0,0,0,1,3,0,0,3,3,0,No Line,0.0,none,-1,10,4,1,post,Final,Final,,,,,,,,,,,,,0,,,,,,none,815805
814835,2026-07-22,18:05,2026,Sugar Land Space Cowboys,Nashville Sounds,Brandon McPherson,Garrett Stallings,835483.0,668831.0,schedule_probable_pitcher,1,6,5,1,0,0,0,1,0,0,3,0,0,2,3,0,No Line,0.0,none,-1,10,6,1,post,Final,Final,,,,,,,,,,,,,0,,,,,,none,814835
816181,2026-07-22,18:05,2026,Memphis Redbirds,Durham Bulls,,,,,schedule,0,2,8,0,1,1,0,0,7,0,0,0,0,1,8,0,No Line,0.0,none,-1,5,12,1,post,Final,Final,,,,,,,,,,,,,0,,,,,,none,816181
814895,2026-07-22,18:35,2026,Salt Lake Bees,Omaha Storm Chasers,Alek Manoah,Bailey Falter,666201.0,663559.0,schedule_probable_pitcher,1,3,8,0,1,0,3,0,2,0,0,0,0,0,6,0,No Line,0.0,none,-1,6,14,1,post,Final,Final,,,,,,,,,,,,,0,,,,,,none,814895
815430,2026-07-22,18:35,2026,Albuquerque Isotopes,Round Rock Express,,Nolan Kingham,,663884.0,schedule_probable_pitcher,1,5,2,0,0,0,0,0,0,2,0,0,0,2,0,0,No Line,0.0,none,-1,9,8,1,post,Final,Final,,,,,,,,,,,,,0,,,,,,none,815430
815127,2026-07-22,19:35,2026,Reno Aces,Tacoma Rainiers,Yu-Min Lin,Gabe Mosser,801179.0,682077.0,schedule_probable_pitcher,1,10,7,0,0,0,0,0,0,1,3,3,0,4,3,0,No Line,0.0,none,-1,20,9,1,post,Final,Final,,,,,,,,,,,,,0,,,,,,none,815127
815284,2026-07-22,20:05,2026,Las Vegas Aviators,El Paso Chihuahuas,Braden Nett,Jackson Wolf,804556.0,680232.0,schedule_probable_pitcher,1,5,1,0,1,0,0,2,0,2,0,0,0,4,1,0,No Line,0.0,none,-1,9,1,1,post,Final,Final,,,,,,,,,,,,,0,,,,,,none,815284
815505,2026-07-23,10:05,2026,Worcester Red Sox,Jacksonville Jumbo Shrimp,Raymond Burgos,Braxton Garrett,670103.0,666129.0,schedule_probable_pitcher,1,15,1,2,0,2,0,3,0,0,0,1,0,8,0,0,No Line,0.0,none,-1,18,6,1,post,Final,Final,,,,,,,,,,,,,0,,,,,,none,815505
815429,2026-07-23,12:05,2026,Albuquerque Isotopes,Round Rock Express,Jake Brooks,Joe Ross,694860.0,605452.0,schedule_probable_pitcher,1,1,14,0,4,0,2,0,0,0,0,0,2,0,8,0,No Line,0.0,none,-1,7,20,1,post,Final,Final,,,,,,,,,,,,,0,,,,,,none,815429
816927,2026-07-23,16:35,2026,Buffalo Bisons,Rochester Red Wings,Richard Gallardo,Jackson Kent,682620.0,800600.0,schedule_probable_pitcher,1,2,5,0,0,0,0,1,0,0,0,1,2,2,2,0,No Line,0.0,none,-1,6,8,1,post,Final,Final,,,,,,,,,,,,,0,,,,,,none,816927
815585,2026-07-23,17:05,2026,Toledo Mud Hens,Louisville Bats,Jack Little,Davis Daniel,669193.0,669721.0,schedule_probable_pitcher,1,13,3,0,0,1,0,1,0,0,1,0,2,2,3,0,No Line,0.0,none,-1,16,9,1,post,Final,Final,,,,,,,,,,,,,0,,,,,,none,815585
815806,2026-07-23,17:05,2026,Scranton/Wilkes-Barre RailRiders,Syracuse Mets,Brendan Beck,Clay Holmes,694341.0,605280.0,schedule_probable_pitcher,1,2,0,0,0,1,0,1,0,0,0,0,0,2,0,0,No Line,0.0,none,-1,5,3,1,post,Final,Final,,,,,,,,,,,,,0,,,,,,none,815806
816556,2026-07-23,17:05,2026,Indianapolis Indians,Lehigh Valley IronPigs,José Urquidy,Chuck King,664353.0,666155.0,schedule_probable_pitcher,1,1,3,1,0,0,0,0,0,0,0,0,0,1,0,0,No Line,0.0,none,-1,5,4,1,post,Final,Final,,,,,,,,,,,,,0,,,,,,none,816556
816630,2026-07-23,17:05,2026,Gwinnett Stripers,Iowa Cubs,AJ Smith-Shawver,,700363.0,,schedule_probable_pitcher,1,4,2,0,1,3,0,0,0,0,0,1,1,4,2,0,No Line,0.0,none,-1,7,3,1,post,Completed Early,Completed Early,,,,,,,,,,,,,0,,,,,,none,816630
816177,2026-07-23,18:05,2026,Memphis Redbirds,Durham Bulls,,Brody Hopkins,,811315.0,schedule_probable_pitcher,1,7,5,2,0,0,0,0,0,1,0,0,2,3,2,0,No Line,0.0,none,-1,8,9,1,post,Final,Final,,,,,,,,,,,,,0,,,,,,none,816177
815721,2026-07-23,18:07,2026,St. Paul Saints,Columbus Clippers,Ricky Castro,Austin Peterson,690462.0,804926.0,schedule_probable_pitcher,1,4,3,0,0,0,0,2,2,0,0,0,0,2,2,0,No Line,0.0,none,-1,11,9,1,post,Final,Final,,,,,,,,,,,,,0,,,,,,none,815721
814898,2026-07-23,18:35,2026,Salt Lake Bees,Omaha Storm Chasers,Caden Dana,Mason Black,702674.0,696131.0,schedule_probable_pitcher,1,9,12,1,0,1,0,2,4,1,1,2,3,7,8,0,No Line,0.0,none,-1,14,16,1,post,Final,Final,,,,,,,,,,,,,0,,,,,,none,814898
815122,2026-07-23,19:35,2026,Reno Aces,Tacoma Rainiers,Dylan Ray,Carson Fulmer,691009.0,608334.0,schedule_probable_pitcher,1,2,7,0,3,0,0,0,0,0,0,0,0,0,3,0,No Line,0.0,none,-1,13,11,1,post,Final,Final,,,,,,,,,,,,,0,,,,,,none,815122
814980,2026-07-23,19:45,2026,Sacramento River Cats,Oklahoma City Comets,Matt Wilkinson,Ronan Kopp,683363.0,691947.0,schedule_probable_pitcher,1,4,2,2,0,0,0,1,1,0,1,0,0,3,2,0,No Line,0.0,none,-1,10,7,1,post,Final,Final,,,,,,,,,,,,,0,,,,,,none,814980
815280,2026-07-23,20:05,2026,Las Vegas Aviators,El Paso Chihuahuas,Chen Zhong-Ao Zhuang,Jhony Brito,800018.0,666745.0,schedule_probable_pitcher,1,6,5,0,1,2,0,0,1,0,0,1,0,3,2,0,No Line,0.0,none,-1,13,10,1,post,Final,Final,,,,,,,,,,,,,0,,,,,,none,815280
816849,2026-07-24,15:00,2026,Charlotte Knights,Norfolk Tides,Shane Smith,Cade Povich,681343.0,700249.0,schedule_probable_pitcher,1,1,2,0,1,0,1,0,0,0,0,1,0,1,2,0,No Line,0.0,none,-1,3,3,1,post,Final,Final,,,,,,,,,,,,,0,,,,,,none,816849
816853,2026-07-24,15:05,2026,Charlotte Knights,Norfolk Tides,,Nestor German,,815148.0,schedule_probable_pitcher,1,6,1,0,0,0,0,1,0,0,0,0,1,1,1,0,No Line,0.0,none,-1,9,6,1,post,Final,Final,,,,,,,,,,,,,0,,,,,,none,816853
816928,2026-07-24,16:35,2026,Buffalo Bisons,Rochester Red Wings,Grant Rogers,Trevor Williams,814804.0,592866.0,schedule_probable_pitcher,1,7,6,3,0,2,0,1,0,0,2,0,1,6,3,0,No Line,0.0,none,-1,11,9,1,post,Final,Final,,,,,,,,,,,,,0,,,,,,none,816928
815503,2026-07-24,16:45,2026,Worcester Red Sox,Jacksonville Jumbo Shrimp,,Bradley Blalock,,687134.0,schedule_probable_pitcher,1,6,5,1,0,0,0,0,2,2,0,1,0,4,2,0,No Line,0.0,none,-1,12,10,1,post,Final,Final,,,,,,,,,,,,,0,,,,,,none,815503
815578,2026-07-24,17:05,2026,Toledo Mud Hens,Louisville Bats,Dylan File,Johnathan Harmon,668766.0,801333.0,schedule_probable_pitcher,1,7,2,0,0,1,0,0,0,3,0,0,0,4,0,0,No Line,0.0,none,-1,8,5,1,post,Final,Final,,,,,,,,,,,,,0,,,,,,none,815578
815798,2026-07-24,17:05,2026,Scranton/Wilkes-Barre RailRiders,Syracuse Mets,Adam Kloffenstein,Jonah Tong,680572.0,804636.0,schedule_probable_pitcher,1,1,8,0,2,1,0,0,0,0,0,0,3,1,5,0,No Line,0.0,none,-1,5,10,1,post,Final,Final,,,,,,,,,,,,,0,,,,,,none,815798
816558,2026-07-24,17:05,2026,Indianapolis Indians,Lehigh Valley IronPigs,Noah Murdock,Drake Fellows,668716.0,666148.0,schedule_probable_pitcher,1,3,6,0,0,1,0,1,3,0,0,0,2,2,5,0,No Line,0.0,none,-1,8,9,1,post,Final,Final,,,,,,,,,,,,,0,,,,,,none,816558
814823,2026-07-24,18:05,2026,Sugar Land Space Cowboys,Nashville Sounds,Ryan Weiss,Colton Gordon,680802.0,676467.0,schedule_probable_pitcher,1,6,2,0,0,0,0,2,1,0,0,0,0,2,1,0,No Line,0.0,none,-1,11,3,1,post,Final,Final,,,,,,,,,,,,,0,,,,,,none,814823
816179,2026-07-24,18:05,2026,Memphis Redbirds,Durham Bulls,,Jesse Scholtens,,669947.0,schedule_probable_pitcher,1,7,2,4,0,0,0,0,0,0,0,0,1,4,1,0,No Line,0.0,none,-1,10,6,1,post,Final,Final,,,,,,,,,,,,,0,,,,,,none,816179
815723,2026-07-24,18:07,2026,St. Paul Saints,Columbus Clippers,Ryan Gallagher,Logan Allen,801594.0,671106.0,schedule_probable_pitcher,1,5,6,1,0,0,0,0,2,1,0,0,1,2,3,0,No Line,0.0,none,-1,10,10,1,post,Final,Final,,,,,,,,,,,,,0,,,,,,none,815723
814896,2026-07-24,18:35,2026,Salt Lake Bees,Omaha Storm Chasers,Sam Aldegheri,Vince Velasquez,691951.0,592826.0,schedule_probable_pitcher,1,7,10,0,0,1,2,4,6,1,0,0,0,6,8,0,No Line,0.0,none,-1,10,15,1,post,Final,Final,,,,,,,,,,,,,0,,,,,,none,814896
815118,2026-07-24,19:35,2026,Reno Aces,Tacoma Rainiers,Jose Cabrera,Casey Lawrence,703615.0,596271.0,schedule_probable_pitcher,1,7,6,0,0,1,0,0,1,1,1,2,4,4,6,0,No Line,0.0,none,-1,10,11,1,post,Final,Final,,,,,,,,,,,,,0,,,,,,none,815118
814982,2026-07-24,19:45,2026,Sacramento River Cats,Oklahoma City Comets,Cesar Perdomo,Blake Snell,702885.0,605483.0,schedule_probable_pitcher,1,2,8,0,3,0,0,1,0,1,0,0,3,2,6,0,No Line,0.0,none,-1,10,14,1,post,Final,Final,,,,,,,,,,,,,0,,,,,,none,814982
815283,2026-07-24,20:05,2026,Las Vegas Aviators,El Paso Chihuahuas,Ryan Magdic,Jagger Haynes,678163.0,695247.0,schedule_probable_pitcher,1,15,9,0,0,0,0,7,0,4,2,0,0,11,2,0,No Line,0.0,none,-1,15,17,1,post,Final,Final,,,,,,,,,,,,,0,,,,,,none,815283
816624,2026-07-25,13:05,2026,Gwinnett Stripers,Iowa Cubs,Owen Murphy,,702566.0,,schedule_probable_pitcher,1,8,0,0,0,5,0,0,0,0,0,0,0,5,0,0,No Line,0.0,none,-1,9,4,1,post,Final,Final,,,,,,,,,,,,,0,,,,,,none,816624
816625,2026-07-25,13:10,2026,Gwinnett Stripers,Iowa Cubs,Cedric De Grandpre,,678142.0,,schedule_probable_pitcher,1,5,3,4,0,0,0,0,3,0,0,1,0,5,3,0,No Line,0.0,none,-1,7,3,1,post,Final,Final,,,,,,,,,,,,,0,,,,,,none,816625
815501,2026-07-25,14:05,2026,Worcester Red Sox,Jacksonville Jumbo Shrimp,,Karson Milbrandt,,703596.0,schedule_probable_pitcher,1,5,0,4,0,0,0,0,0,1,0,0,0,5,0,0,No Line,0.0,none,-1,8,3,1,post,Final,Final,,,,,,,,,,,,,0,,,,,,none,815501
814826,2026-07-25,16:05,2026,Sugar Land Space Cowboys,Nashville Sounds,Jackson Nezuh,Coleman Crow,694545.0,689441.0,schedule_probable_pitcher,1,4,0,0,0,0,0,0,0,3,0,0,0,3,0,0,No Line,0.0,none,-1,8,1,1,post,Final,Final,,,,,,,,,,,,,0,,,,,,none,814826
816840,2026-07-25,16:05,2026,Charlotte Knights,Norfolk Tides,Shane Murphy,Trey Gibson,690294.0,694346.0,schedule_probable_pitcher,1,7,6,0,0,0,1,0,0,0,0,4,1,4,2,0,No Line,0.0,none,-1,11,12,1,post,Final,Final,,,,,,,,,,,,,0,,,,,,none,816840
814827,2026-07-25,16:10,2026,Sugar Land Space Cowboys,Nashville Sounds,,,,,schedule,0,3,5,0,0,1,1,0,0,0,0,0,0,1,1,0,No Line,0.0,none,-1,7,7,1,post,Final,Final,,,,,,,,,,,,,0,,,,,,none,814827
815427,2026-07-25,16:30,2026,Albuquerque Isotopes,Round Rock Express,,Josh Stephan,,695776.0,schedule_probable_pitcher,1,3,11,0,1,0,0,0,2,0,0,1,3,1,6,0,No Line,0.0,none,-1,10,11,1,post,Final,Final,,,,,,,,,,,,,0,,,,,,none,815427
815431,2026-07-25,16:35,2026,Albuquerque Isotopes,Round Rock Express,,,,,schedule,0,3,4,0,1,0,3,0,0,0,0,0,0,0,4,0,No Line,0.0,none,-1,8,7,1,post,Final,Final,,,,,,,,,,,,,0,,,,,,none,815431
815801,2026-07-25,16:35,2026,Scranton/Wilkes-Barre RailRiders,Syracuse Mets,Alexander Cornielle,Robert Stock,529017.0,476594.0,schedule_probable_pitcher,1,1,8,0,2,0,0,1,3,0,0,0,2,1,7,0,No Line,0.0,none,-1,4,11,1,post,Final,Final,,,,,,,,,,,,,0,,,,,,none,815801
816929,2026-07-25,16:35,2026,Buffalo Bisons,Rochester Red Wings,Chad Dallas,Luis Perales,689149.0,691384.0,schedule_probable_pitcher,1,3,1,0,0,0,0,0,0,2,0,0,0,2,0,0,No Line,0.0,none,-1,5,4,1,post,Final,Final,,,,,,,,,,,,,0,,,,,,none,816929
815577,2026-07-25,17:05,2026,Toledo Mud Hens,Louisville Bats,Sawyer Gipson-Long,Jose Acuna,687830.0,691641.0,schedule_probable_pitcher,1,9,4,3,3,0,0,0,0,2,0,4,1,9,4,0,No Line,0.0,none,-1,9,7,1,post,Final,Final,,,,,,,,,,,,,0,,,,,,none,815577
816549,2026-07-25,17:05,2026,Indianapolis Indians,Lehigh Valley IronPigs,Noah Murdock,,668716.0,,schedule_probable_pitcher,1,9,0,3,0,0,0,1,0,0,0,3,0,7,0,0,No Line,0.0,none,-1,11,2,1,post,Final,Final,,,,,,,,,,,,,0,,,,,,none,816549
816180,2026-07-25,17:35,2026,Memphis Redbirds,Durham Bulls,,Michael Forret,,702650.0,schedule_probable_pitcher,1,4,9,0,0,0,0,0,0,0,4,1,1,1,5,0,No Line,0.0,none,-1,10,12,1,post,Final,Final,,,,,,,,,,,,,0,,,,,,none,816180
815722,2026-07-25,17:37,2026,St. Paul Saints,Columbus Clippers,Trent Baker,Yorman Gómez,694536.0,691414.0,schedule_probable_pitcher,1,2,1,0,0,0,0,0,1,0,0,0,0,0,1,0,No Line,0.0,none,-1,5,3,1,post,Final,Final,,,,,,,,,,,,,0,,,,,,none,815722
814899,2026-07-25,18:35,2026,Salt Lake Bees,Omaha Storm Chasers,George Klassen,Mitch Spence,691946.0,687765.0,schedule_probable_pitcher,1,8,4,0,0,1,1,0,0,1,0,0,0,2,1,0,No Line,0.0,none,-1,13,8,1,post,Final,Final,,,,,,,,,,,,,0,,,,,,none,814899
815119,2026-07-25,19:35,2026,Reno Aces,Tacoma Rainiers,Tommy Henry,Nick Hull,674072.0,701314.0,schedule_probable_pitcher,1,13,11,0,1,4,1,6,1,3,3,0,2,13,8,0,No Line,0.0,none,-1,13,11,1,post,Final,Final,,,,,,,,,,,,,0,,,,,,none,815119
814981,2026-07-25,19:37,2026,Sacramento River Cats,Oklahoma City Comets,Trent Harris,Cole Irvin,805345.0,608344.0,schedule_probable_pitcher,1,11,0,0,0,1,0,2,0,0,0,3,0,6,0,0,No Line,0.0,none,-1,12,1,1,post,Final,Final,,,,,,,,,,,,,0,,,,,,none,814981
815277,2026-07-25,20:05,2026,Las Vegas Aviators,El Paso Chihuahuas,Jake Garland,Evan Fitterer,687195.0,683157.0,schedule_probable_pitcher,1,5,1,0,0,1,0,0,1,2,0,0,0,3,1,0,No Line,0.0,none,-1,5,6,1,post,Final,Final,,,,,,,,,,,,,0,,,,,,none,815277
815499,2026-07-26,11:05,2026,Worcester Red Sox,Jacksonville Jumbo Shrimp,,Zach Brzykcy,,694350.0,schedule_probable_pitcher,1,4,3,0,0,0,0,1,0,0,1,1,0,2,1,0,No Line,0.0,none,-1,5,8,1,post,Final,Final,,,,,,,,,,,,,0,,,,,,none,815499
816627,2026-07-26,11:05,2026,Gwinnett Stripers,Iowa Cubs,JR Ritchie,Grant Kipp,702275.0,805990.0,schedule_probable_pitcher,1,3,7,1,3,0,0,0,0,0,2,0,0,1,5,0,No Line,0.0,none,-1,6,12,1,post,Final,Final,,,,,,,,,,,,,0,,,,,,none,816627
816843,2026-07-26,11:05,2026,Charlotte Knights,Norfolk Tides,Peyton Pallette,Trace Bright,688883.0,687238.0,schedule_probable_pitcher,1,7,4,0,0,0,0,0,1,2,0,2,0,4,1,0,No Line,0.0,none,-1,10,5,1,post,Final,Final,,,,,,,,,,,,,0,,,,,,none,816843
816924,2026-07-26,11:05,2026,Buffalo Bisons,Rochester Red Wings,Simeon Woods Richardson,Andry Lara,680573.0,691251.0,schedule_probable_pitcher,1,4,5,0,0,0,2,1,0,3,1,0,2,4,5,0,No Line,0.0,none,-1,6,8,1,post,Final,Final,,,,,,,,,,,,,0,,,,,,none,816924
815796,2026-07-26,11:35,2026,Scranton/Wilkes-Barre RailRiders,Syracuse Mets,Elmer Rodríguez,Jack Weisenburger,695684.0,674073.0,schedule_probable_pitcher,1,3,2,0,1,0,0,0,0,2,0,0,0,2,1,0,No Line,0.0,none,-1,5,7,1,post,Final,Final,,,,,,,,,,,,,0,,,,,,none,815796
816546,2026-07-26,11:35,2026,Indianapolis Indians,Lehigh Valley IronPigs,Connor Wietgrefe,,809733.0,,schedule_probable_pitcher,1,8,9,0,0,0,0,0,0,0,5,0,0,0,5,0,No Line,0.0,none,-1,11,11,1,post,Final,Final,,,,,,,,,,,,,0,,,,,,none,816546
816176,2026-07-26,12:05,2026,Memphis Redbirds,Durham Bulls,,Joe Boyle,,671212.0,schedule_probable_pitcher,1,12,4,1,0,7,1,0,1,0,0,0,0,8,2,0,No Line,0.0,none,-1,14,10,1,post,Final,Final,,,,,,,,,,,,,0,,,,,,none,816176
815720,2026-07-26,13:07,2026,St. Paul Saints,Columbus Clippers,Aaron Rozek,Trenton Denholm,702065.0,671143.0,schedule_probable_pitcher,1,6,3,2,0,0,0,1,0,0,0,0,1,3,1,0,No Line,0.0,none,-1,9,7,1,post,Final,Final,,,,,,,,,,,,,0,,,,,,none,815720
815426,2026-07-26,13:35,2026,Albuquerque Isotopes,Round Rock Express,Keegan Thompson,Spencer Adams,624522.0,656181.0,schedule_probable_pitcher,1,2,9,0,0,0,0,0,0,0,0,2,1,2,1,0,No Line,0.0,none,-1,6,12,1,post,Final,Final,,,,,,,,,,,,,0,,,,,,none,815426
814976,2026-07-26,14:05,2026,Sacramento River Cats,Oklahoma City Comets,Seth Lonsway,Jackson Ferris,675920.0,701328.0,schedule_probable_pitcher,1,8,6,0,0,0,3,0,1,0,0,0,0,0,4,0,No Line,0.0,none,-1,11,6,1,post,Final,Final,,,,,,,,,,,,,0,,,,,,none,814976
815572,2026-07-26,14:05,2026,Toledo Mud Hens,Louisville Bats,Lael Lockhart,Jared Lyons,679712.0,805723.0,schedule_probable_pitcher,1,10,2,0,1,0,1,1,0,1,0,1,0,3,2,0,No Line,0.0,none,-1,18,6,1,post,Final,Final,,,,,,,,,,,,,0,,,,,,none,815572
814829,2026-07-26,17:35,2026,Sugar Land Space Cowboys,Nashville Sounds,Ethan Pecko,Lyon Richardson,814490.0,680689.0,schedule_probable_pitcher,1,1,8,0,0,0,0,0,2,1,0,0,0,1,2,0,No Line,0.0,none,-1,4,11,1,post,Final,Final,,,,,,,,,,,,,0,,,,,,none,814829
814897,2026-07-26,18:05,2026,Salt Lake Bees,Omaha Storm Chasers,Brett Kerry,Henry Williams,695049.0,689275.0,schedule_probable_pitcher,1,3,4,0,0,0,0,1,1,1,0,0,1,2,2,0,No Line,0.0,none,-1,6,7,1,post,Final,Final,,,,,,,,,,,,,0,,,,,,none,814897
815117,2026-07-26,19:05,2026,Reno Aces,Tacoma Rainiers,Ashton Izzi,Jhonathan Díaz,802416.0,646242.0,schedule_probable_pitcher,1,11,5,2,0,0,1,2,0,0,0,0,3,4,4,0,No Line,0.0,none,-1,13,10,1,post,Final,Final,,,,,,,,,,,,,0,,,,,,none,815117
815272,2026-07-26,19:05,2026,Las Vegas Aviators,El Paso Chihuahuas,Dallas Keuchel,Sean Boyle,572971.0,682044.0,schedule_probable_pitcher,1,9,15,1,3,0,1,3,9,1,1,0,0,5,14,0,No Line,0.0,none,-1,11,16,1,post,Final,Final,,,,,,,,,,,,,0,,,,,,none,815272
814751,2026-07-28,13:05,2026,Tacoma Rainiers,Sacramento River Cats,Gabe Mosser,Matt Wilkinson,682077,683363,schedule_probable_pitcher,1,8,4,0,0,0,0,5,0,1,0,0,2,6,2,0,No Line,0.0,none,-1,10,8,1,post,Final,Final,,,,,,,,,,,,,0,,,,,,none,814751
815873,2026-07-28,16:05,2026,Rochester Red Wings,Syracuse Mets,Jackson Kent,Tobias Myers,800600,668964,schedule_probable_pitcher,1,6,5,0,1,5,0,0,2,0,0,0,0,5,3,0,No Line,0.0,none,-1,9,7,1,post,Final,Final,,,,,,,,,,,,,0,,,,,,none,815873
816028,2026-07-28,16:35,2026,Norfolk Tides,Worcester Red Sox,Chris Bassitt,Raymond Burgos,605135,670103,schedule_probable_pitcher,1,4,3,0,1,0,0,0,0,1,0,0,0,1,1,0,No Line,0.0,none,-1,9,5,1,post,Final,Final,,,,,,,,,,,,,0,,,,,,none,816028
816253,2026-07-28,16:35,2026,Louisville Bats,Indianapolis Indians,,Noah Davis,,663562,schedule_probable_pitcher,1,4,5,0,0,0,0,0,0,0,1,4,0,4,1,0,No Line,0.0,none,-1,11,5,1,post,Final,Final,,,,,,,,,,,,,0,,,,,,none,816253
816399,2026-07-28,17:05,2026,Jacksonville Jumbo Shrimp,Memphis Redbirds,Brandon White,Mason Molina,681449,695766,schedule_probable_pitcher,1,5,3,0,0,1,0,1,0,0,0,0,0,2,0,0,No Line,0.0,none,-1,8,9,1,post,Final,Final,,,,,,,,,,,,,0,,,,,,none,816399
816778,2026-07-28,17:05,2026,Columbus Clippers,Toledo Mud Hens,Rorik Maltrud,Carl Edwards Jr.,702045,605218,schedule_probable_pitcher,1,6,4,3,0,1,1,0,0,0,0,0,1,4,2,0,No Line,0.0,none,-1,9,9,1,post,Final,Final,,,,,,,,,,,,,0,,,,,,none,816778
816105,2026-07-28,17:35,2026,Nashville Sounds,Charlotte Knights,Brett Wichrowski,,814489,,schedule_probable_pitcher,1,1,6,0,2,0,0,0,0,0,4,0,0,0,6,0,No Line,0.0,none,-1,3,11,1,post,Final,Final,,,,,,,,,,,,,0,,,,,,none,816105
816474,2026-07-28,17:38,2026,Iowa Cubs,Scranton/Wilkes-Barre RailRiders,Jace Beck,Dom Hamel,689476,687589,schedule_probable_pitcher,1,3,6,2,0,0,0,0,0,1,0,0,0,3,0,0,No Line,0.0,none,-1,7,14,1,post,Final,Final,,,,,,,,,,,,,0,,,,,,none,816474
815053,2026-07-28,17:45,2026,Round Rock Express,Reno Aces,,Yu-Min Lin,,801179,schedule_probable_pitcher,1,5,1,1,0,0,0,0,1,0,0,4,0,5,1,0,No Line,0.0,none,-1,6,3,1,post,Final,Final,,,,,,,,,,,,,0,,,,,,none,815053
814825,2026-07-28,18:05,2026,Sugar Land Space Cowboys,Salt Lake Bees,Josh Hendrickson,Alek Manoah,681973,666201,schedule_probable_pitcher,1,9,2,0,0,0,0,4,0,5,0,0,0,9,0,0,No Line,0.0,none,-1,6,6,1,post,Final,Final,,,,,,,,,,,,,0,,,,,,none,814825
815199,2026-07-28,18:05,2026,Oklahoma City Comets,Las Vegas Aviators,Christian Romero,Braden Nett,699071,804556,schedule_probable_pitcher,1,6,8,1,0,3,1,0,1,1,0,0,3,5,5,0,No Line,0.0,none,-1,10,9,1,post,Final,Final,,,,,,,,,,,,,0,,,,,,none,815199
815955,2026-07-28,18:05,2026,Omaha Storm Chasers,St. Paul Saints,Bailey Falter,Ricky Castro,663559,690462,schedule_probable_pitcher,1,6,3,0,0,0,0,2,1,0,0,1,0,3,1,0,No Line,0.0,none,-1,10,8,1,post,Final,Final,,,,,,,,,,,,,0,,,,,,none,815955
815353,2026-07-28,18:35,2026,El Paso Chihuahuas,Albuquerque Isotopes,Jackson Wolf,,680232,,schedule_probable_pitcher,1,9,15,0,0,2,8,5,2,0,2,0,0,7,12,0,No Line,0.0,none,-1,11,23,1,post,Final,Final,,,,,,,,,,,,,0,,,,,,none,815353
815949,2026-07-29,11:05,2026,Omaha Storm Chasers,St. Paul Saints,Mason Black,Trent Baker,696131,694536,schedule_probable_pitcher,1,3,4,0,1,0,0,0,0,0,0,2,0,2,1,0,No Line,0.0,none,-1,6,8,1,post,Final,Final,,,,,,,,,,,,,0,,,,,,none,815949
816476,2026-07-29,11:08,2026,Iowa Cubs,Scranton/Wilkes-Barre RailRiders,,Brendan Beck,,694341,schedule_probable_pitcher,1,3,4,0,2,0,0,0,1,0,0,1,0,1,3,0,No Line,0.0,none,-1,8,8,1,post,Final,Final,,,,,,,,,,,,,0,,,,,,none,816476
816699,2026-07-29,15:30,2026,Durham Bulls,Gwinnett Stripers,,Herick Hernandez,,803349,schedule_probable_pitcher,1,3,7,3,4,0,0,0,2,0,1,0,0,3,7,0,No Line,0.0,none,-1,7,13,1,post,Final,Final,,,,,,,,,,,,,0,,,,,,none,816699
816698,2026-07-29,15:35,2026,Durham Bulls,Gwinnett Stripers,,Garrett Baumann,,803833,schedule_probable_pitcher,1,5,4,0,1,0,2,0,1,1,0,2,0,3,4,0,No Line,0.0,none,-1,9,8,1,post,Final,Final,,,,,,,,,,,,,0,,,,,,none,816698
816027,2026-07-29,16:35,2026,Norfolk Tides,Worcester Red Sox,Cade Povich,Blake Wehunt,700249,687762,schedule_probable_pitcher,1,2,6,0,2,0,0,0,0,2,0,0,0,2,2,0,No Line,0.0,none,-1,5,11,1,post,Final,Final,,,,,,,,,,,,,0,,,,,,none,816027
816251,2026-07-29,16:35,2026,Louisville Bats,Indianapolis Indians,Johnathan Harmon,Nick Dombkowski,801333,694298,schedule_probable_pitcher,1,5,3,0,0,0,1,0,1,1,0,3,0,4,2,0,No Line,0.0,none,-1,9,11,1,post,Final,Final,,,,,,,,,,,,,0,,,,,,none,816251
816322,2026-07-29,16:45,2026,Lehigh Valley IronPigs,Buffalo Bisons,Kolby Allard,Lazaro Estrada,663465,681751,schedule_probable_pitcher,1,4,5,0,0,0,1,0,0,0,1,0,2,0,4,0,No Line,0.0,none,-1,6,11,1,post,Final,Final,,,,,,,,,,,,,0,,,,,,none,816322
816779,2026-07-29,17:05,2026,Columbus Clippers,Toledo Mud Hens,Austin Peterson,Luke Taggart,804926,689450,schedule_probable_pitcher,1,9,7,7,0,0,0,1,0,1,0,0,0,9,0,0,No Line,0.0,none,-1,6,10,1,post,Final,Final,,,,,,,,,,,,,0,,,,,,none,816779
816099,2026-07-29,17:35,2026,Nashville Sounds,Charlotte Knights,Tyson Hardin,Tyler Gilbert,824620,656457,schedule_probable_pitcher,1,5,12,1,0,1,0,1,2,0,7,0,0,3,9,0,No Line,0.0,none,-1,7,10,1,post,Final,Final,,,,,,,,,,,,,0,,,,,,none,816099
815056,2026-07-29,17:45,2026,Round Rock Express,Reno Aces,,,,,schedule,0,1,4,1,0,0,0,0,1,0,2,0,0,1,3,0,No Line,0.0,none,-1,6,8,1,post,Final,Final,,,,,,,,,,,,,0,,,,,,none,815056
814828,2026-07-29,18:05,2026,Sugar Land Space Cowboys,Salt Lake Bees,Brandon McPherson,Caden Dana,835483,702674,schedule_probable_pitcher,1,7,5,3,2,0,1,0,1,2,0,0,0,5,4,0,No Line,0.0,none,-1,8,9,1,post,Final,Final,,,,,,,,,,,,,0,,,,,,none,814828
815202,2026-07-29,18:05,2026,Oklahoma City Comets,Las Vegas Aviators,Landon Knack,Chen Zhong-Ao Zhuang,689017,800018,schedule_probable_pitcher,1,11,2,1,0,1,0,2,1,1,0,1,0,6,1,0,No Line,0.0,none,-1,16,4,1,post,Final,Final,,,,,,,,,,,,,0,,,,,,none,815202
815354,2026-07-29,18:35,2026,El Paso Chihuahuas,Albuquerque Isotopes,Jhony Brito,,666745,,schedule_probable_pitcher,1,7,9,0,1,2,0,0,1,0,0,0,0,2,2,0,No Line,0.0,none,-1,12,11,1,post,Final,Final,,,,,,,,,,,,,0,,,,,,none,815354
814753,2026-07-29,20:05,2026,Tacoma Rainiers,Sacramento River Cats,Carson Fulmer,,608334,,schedule_probable_pitcher,1,4,5,0,0,0,0,0,0,0,1,1,0,1,1,0,No Line,0.0,none,-1,10,10,1,post,Final,Final,,,,,,,,,,,,,0,,,,,,none,814753
816777,2026-07-30,10:05,2026,Columbus Clippers,Toledo Mud Hens,Logan Allen,Dylan File,671106,668766,schedule_probable_pitcher,1,9,5,0,0,5,0,1,0,0,0,0,4,6,4,0,No Line,0.0,none,-1,11,12,1,post,Final,Final,,,,,,,,,,,,,0,,,,,,none,816777
816394,2026-07-30,15:00,2026,Jacksonville Jumbo Shrimp,Memphis Redbirds,Braxton Garrett,Quinn Mathews,666129,687273,schedule_probable_pitcher,1,4,11,0,4,0,2,0,1,2,0,0,1,2,8,0,No Line,0.0,none,-1,8,11,1,post,Final,Final,,,,,,,,,,,,,0,,,,,,none,816394
815876,2026-07-30,15:05,2026,Rochester Red Wings,Syracuse Mets,Jared Simpson,Jack Wenninger,688692,811307,schedule_probable_pitcher,1,6,1,3,0,1,0,0,0,2,0,0,0,6,0,0,No Line,0.0,none,-1,9,4,1,post,Final,Final,,,,,,,,,,,,,0,,,,,,none,815876
816323,2026-07-30,15:05,2026,Lehigh Valley IronPigs,Buffalo Bisons,Chuck King,Grant Rogers,666155,814804,schedule_probable_pitcher,1,0,1,0,1,0,0,0,0,0,0,0,0,0,1,0,No Line,0.0,none,-1,4,9,1,post,Final,Final,,,,,,,,,,,,,0,,,,,,none,816323
816401,2026-07-30,15:05,2026,Jacksonville Jumbo Shrimp,Memphis Redbirds,,,,,schedule,0,4,3,0,0,0,0,3,0,0,0,0,1,3,1,0,No Line,0.0,none,-1,7,8,1,post,Final,Final,,,,,,,,,,,,,0,,,,,,none,816401
815874,2026-07-30,15:10,2026,Rochester Red Wings,Syracuse Mets,Zach Penrod,Jonah Tong,683068,804636,schedule_probable_pitcher,1,0,2,0,0,0,2,0,0,0,0,0,0,0,2,0,No Line,0.0,none,-1,3,8,1,post,Final,Final,,,,,,,,,,,,,0,,,,,,none,815874
816324,2026-07-30,15:10,2026,Lehigh Valley IronPigs,Buffalo Bisons,Drake Fellows,Richard Gallardo,666148,682620,schedule_probable_pitcher,1,5,3,0,0,0,1,1,0,0,2,4,0,5,3,0,No Line,0.0,none,-1,7,8,1,post,Final,Final,,,,,,,,,,,,,0,,,,,,none,816324
816030,2026-07-30,16:35,2026,Norfolk Tides,Worcester Red Sox,Nestor German,John Holobetz,815148,827292,schedule_probable_pitcher,1,1,3,0,1,0,0,0,0,0,2,1,0,1,3,0,No Line,0.0,none,-1,6,6,1,post,Final,Final,,,,,,,,,,,,,0,,,,,,none,816030
816243,2026-07-30,16:35,2026,Louisville Bats,Indianapolis Indians,Jose Acuna,Mike Clevinger,691641,605182,schedule_probable_pitcher,1,7,12,0,1,0,4,0,5,2,0,0,1,2,11,0,No Line,0.0,none,-1,12,11,1,post,Final,Final,,,,,,,,,,,,,0,,,,,,none,816243
816703,2026-07-30,16:45,2026,Durham Bulls,Gwinnett Stripers,,Lucas Braun,,814351,schedule_probable_pitcher,1,3,7,0,0,2,0,1,4,0,0,0,1,3,5,0,No Line,0.0,none,-1,7,12,1,post,Final,Final,,,,,,,,,,,,,0,,,,,,none,816703
816098,2026-07-30,17:35,2026,Nashville Sounds,Charlotte Knights,Colton Gordon,Shane Smith,676467,681343,schedule_probable_pitcher,1,4,6,2,3,1,0,0,0,1,0,0,0,4,3,0,No Line,0.0,none,-1,8,8,1,post,Final,Final,,,,,,,,,,,,,0,,,,,,none,816098
816472,2026-07-30,17:38,2026,Iowa Cubs,Scranton/Wilkes-Barre RailRiders,Jordan Wicks,Alexander Cornielle,696136,529017,schedule_probable_pitcher,1,0,11,0,0,0,0,0,4,0,1,0,0,0,5,0,No Line,0.0,none,-1,6,13,1,post,Final,Final,,,,,,,,,,,,,0,,,,,,none,816472
815059,2026-07-30,17:45,2026,Round Rock Express,Reno Aces,Cody Bradford,Jose Cabrera,674003,703615,schedule_probable_pitcher,1,5,0,0,0,4,0,0,0,0,0,0,0,4,0,0,No Line,0.0,none,-1,8,7,1,post,Final,Final,,,,,,,,,,,,,0,,,,,,none,815059
814824,2026-07-30,18:05,2026,Sugar Land Space Cowboys,Salt Lake Bees,Jason Alexander,Sam Aldegheri,669920,691951,schedule_probable_pitcher,1,8,2,1,0,0,0,0,1,0,0,0,1,1,2,0,No Line,0.0,none,-1,8,6,1,post,Final,Final,,,,,,,,,,,,,0,,,,,,none,814824
815201,2026-07-30,18:05,2026,Oklahoma City Comets,Las Vegas Aviators,Carlos Duran,Ryan Magdic,679922,678163,schedule_probable_pitcher,1,9,2,0,1,0,0,1,0,2,0,3,0,6,1,0,No Line,0.0,none,-1,12,5,1,post,Final,Final,,,,,,,,,,,,,0,,,,,,none,815201
815944,2026-07-30,18:05,2026,Omaha Storm Chasers,St. Paul Saints,Ryan Ramsey,Ryan Gallagher,687547,801594,schedule_probable_pitcher,1,1,4,0,3,0,0,0,1,0,0,1,0,1,4,0,No Line,0.0,none,-1,3,4,1,post,Final,Final,,,,,,,,,,,,,0,,,,,,none,815944
815355,2026-07-30,18:35,2026,El Paso Chihuahuas,Albuquerque Isotopes,Jagger Haynes,Ryan Miller,695247,668943,schedule_probable_pitcher,1,10,16,3,0,3,1,0,4,2,0,0,1,8,6,0,No Line,0.0,none,-1,14,11,1,post,Final,Final,,,,,,,,,,,,,0,,,,,,none,815355
814752,2026-07-30,20:05,2026,Tacoma Rainiers,Sacramento River Cats,Casey Lawrence,,596271,,schedule_probable_pitcher,1,4,6,0,0,1,0,1,1,2,4,0,0,4,5,0,No Line,0.0,none,-1,9,10,1,post,Final,Final,,,,,,,,,,,,,0,,,,,,none,814752
816033,2026-07-31,16:35,2026,Norfolk Tides,Worcester Red Sox,Trey Gibson,,694346,,schedule_probable_pitcher,1,6,9,2,2,0,0,0,0,0,0,1,0,3,2,0,No Line,0.0,none,-1,10,13,1,post,Final,Final,,,,,,,,,,,,,0,,,,,,none,816033
815872,2026-07-31,16:45,2026,Rochester Red Wings,Syracuse Mets,Luis Perales,Jack Weisenburger,691384,674073,schedule_probable_pitcher,1,10,1,0,0,0,0,9,0,0,0,1,0,10,0,0,No Line,0.0,none,-1,13,7,1,post,Final,Final,,,,,,,,,,,,,0,,,,,,none,815872
816328,2026-07-31,16:45,2026,Lehigh Valley IronPigs,Buffalo Bisons,Andrew Painter,Devereaux Harrison,691725,687288,schedule_probable_pitcher,1,7,2,0,0,2,1,0,0,1,0,0,1,3,2,0,No Line,0.0,none,-1,8,4,1,post,Final,Final,,,,,,,,,,,,,0,,,,,,none,816328
816694,2026-07-31,16:45,2026,Durham Bulls,Gwinnett Stripers,,Owen Murphy,,702566,schedule_probable_pitcher,1,4,3,0,0,0,0,0,0,1,0,2,0,3,0,0,No Line,0.0,none,-1,10,6,1,post,Final,Final,,,,,,,,,,,,,0,,,,,,none,816694
816396,2026-07-31,17:05,2026,Jacksonville Jumbo Shrimp,Memphis Redbirds,Bradley Blalock,Jurrangelo Cijntje,687134,701388,schedule_probable_pitcher,1,9,5,1,2,0,0,0,1,2,0,0,0,3,3,0,No Line,0.0,none,-1,7,9,1,post,Final,Final,,,,,,,,,,,,,0,,,,,,none,816396
816781,2026-07-31,17:05,2026,Columbus Clippers,Toledo Mud Hens,Yorman Gómez,Lael Lockhart,691414,679712,schedule_probable_pitcher,1,9,4,2,1,0,0,3,0,0,0,1,0,6,1,0,No Line,0.0,none,-1,10,7,1,post,Final,Final,,,,,,,,,,,,,0,,,,,,none,816781
816248,2026-07-31,17:15,2026,Louisville Bats,Indianapolis Indians,Jared Lyons,Connor Wietgrefe,805723,809733,schedule_probable_pitcher,1,1,3,0,1,0,0,0,0,0,0,0,1,0,2,0,No Line,0.0,none,-1,7,6,1,post,Final,Final,,,,,,,,,,,,,0,,,,,,none,816248
816095,2026-07-31,17:35,2026,Nashville Sounds,Charlotte Knights,Coleman Crow,David Sandlin,689441,689818,schedule_probable_pitcher,1,4,2,0,0,0,0,0,0,1,0,1,0,2,0,0,No Line,0.0,none,-1,6,5,1,post,Final,Final,,,,,,,,,,,,,0,,,,,,none,816095
814821,2026-07-31,18:05,2026,Sugar Land Space Cowboys,Salt Lake Bees,Ryan Weiss,George Klassen,680802,691946,schedule_probable_pitcher,1,4,3,0,0,0,0,0,0,1,0,0,1,1,1,0,No Line,0.0,none,-1,11,5,1,post,Final,Final,,,,,,,,,,,,,0,,,,,,none,814821
815057,2026-07-31,18:05,2026,Round Rock Express,Reno Aces,Josh Stephan,Tommy Henry,695776,674072,schedule_probable_pitcher,1,5,4,0,0,2,0,0,0,0,3,0,1,2,4,0,No Line,0.0,none,-1,10,8,1,post,Final,Final,,,,,,,,,,,,,0,,,,,,none,815057
815197,2026-07-31,18:05,2026,Oklahoma City Comets,Las Vegas Aviators,Ryder Ryan,Dallas Keuchel,656924,572971,schedule_probable_pitcher,1,7,5,0,1,0,1,0,1,1,0,2,0,3,3,0,No Line,0.0,none,-1,13,10,1,post,Final,Final,,,,,,,,,,,,,0,,,,,,none,815197
815945,2026-07-31,18:05,2026,Omaha Storm Chasers,St. Paul Saints,Vince Velasquez,Aaron Rozek,592826,702065,schedule_probable_pitcher,1,10,4,1,0,2,0,1,2,0,2,0,0,4,4,0,No Line,0.0,none,-1,15,7,1,post,Final,Final,,,,,,,,,,,,,0,,,,,,none,815945
816471,2026-07-31,18:08,2026,Iowa Cubs,Scranton/Wilkes-Barre RailRiders,,Elmer Rodríguez,,695684,schedule_probable_pitcher,1,5,9,0,0,0,4,0,0,0,0,0,0,0,4,0,No Line,0.0,none,-1,10,16,1,post,Final,Final,,,,,,,,,,,,,0,,,,,,none,816471
815356,2026-07-31,18:35,2026,El Paso Chihuahuas,Albuquerque Isotopes,Evan Fitterer,Eiberson Castellano,683157,682769,schedule_probable_pitcher,1,8,14,0,4,0,0,0,0,1,1,3,1,4,6,0,No Line,0.0,none,-1,9,15,1,post,Final,Final,,,,,,,,,,,,,0,,,,,,none,815356
814747,2026-07-31,20:05,2026,Tacoma Rainiers,Sacramento River Cats,Nick Hull,,701314,,schedule_probable_pitcher,1,1,10,0,3,0,4,0,0,0,2,0,1,0,10,0,No Line,0.0,none,-1,8,11,1,post,Final,Final,,,,,,,,,,,,,0,,,,,,none,814747
816704,2026-08-01,11:05,2026,Durham Bulls,Gwinnett Stripers,,Drue Hackenberg,,802357,schedule_probable_pitcher,1,0,8,0,0,0,1,0,1,0,4,0,1,0,7,0,No Line,0.0,none,-1,2,11,1,post,Final,Final,,,,,,,,,,,,,0,,,,,,none,816704
816032,2026-08-01,16:35,2026,Norfolk Tides,Worcester Red Sox,Luis De León,Alec Gamboa,801725,687941,schedule_probable_pitcher,1,3,4,1,1,0,1,0,0,0,0,0,0,1,2,0,No Line,0.0,none,-1,8,7,1,post,Final,Final,,,,,,,,,,,,,0,,,,,,none,816032
816314,2026-08-01,16:35,2026,Lehigh Valley IronPigs,Buffalo Bisons,Alan Rangel,Simeon Woods Richardson,660604,680573,schedule_probable_pitcher,1,4,1,0,0,0,0,0,0,0,0,0,0,0,0,0,No Line,0.0,none,-1,9,4,1,post,Final,Final,,,,,,,,,,,,,0,,,,,,none,816314
816402,2026-08-01,16:35,2026,Jacksonville Jumbo Shrimp,Memphis Redbirds,Karson Milbrandt,Pete Hansen,703596,677337,schedule_probable_pitcher,1,7,8,0,1,0,5,0,0,0,0,0,2,0,8,0,No Line,0.0,none,-1,8,9,1,post,Final,Final,,,,,,,,,,,,,0,,,,,,none,816402
815871,2026-08-01,16:45,2026,Rochester Red Wings,Syracuse Mets,Jared Simpson,Jonathan Santucci,688692,695558,schedule_probable_pitcher,1,3,1,0,0,2,0,0,0,0,0,0,0,2,0,0,No Line,0.0,none,-1,9,3,1,post,Final,Final,,,,,,,,,,,,,0,,,,,,none,815871
816697,2026-08-01,16:45,2026,Durham Bulls,Gwinnett Stripers,,JR Ritchie,,702275,schedule_probable_pitcher,1,4,2,0,0,0,0,0,0,2,0,0,2,2,2,0,No Line,0.0,none,-1,6,6,1,post,Final,Final,,,,,,,,,,,,,0,,,,,,none,816697
815942,2026-08-01,17:05,2026,Omaha Storm Chasers,St. Paul Saints,Henry Williams,Ricky Castro,689275,690462,schedule_probable_pitcher,1,4,0,0,0,0,0,0,0,1,0,0,0,1,0,0,No Line,0.0,none,-1,7,4,1,post,Final,Final,,,,,,,,,,,,,0,,,,,,none,815942
816780,2026-08-01,17:05,2026,Columbus Clippers,Toledo Mud Hens,Trenton Denholm,Sawyer Gipson-Long,671143,687830,schedule_probable_pitcher,1,6,8,0,0,4,0,0,1,0,0,0,1,4,2,0,No Line,0.0,none,-1,7,13,1,post,Completed Early,Completed Early,,,,,,,,,,,,,0,,,,,,none,816780
816475,2026-08-01,17:08,2026,Iowa Cubs,Scranton/Wilkes-Barre RailRiders,Grant Kipp,Adam Kloffenstein,805990,680572,schedule_probable_pitcher,1,4,7,1,0,1,0,0,0,2,1,0,4,4,5,0,No Line,0.0,none,-1,10,8,1,post,Final,Final,,,,,,,,,,,,,0,,,,,,none,816475
816245,2026-08-01,17:15,2026,Louisville Bats,Indianapolis Indians,Ben Wereski,Evan Sisk,686844,681895,schedule_probable_pitcher,1,4,7,0,1,0,0,0,0,0,0,0,0,0,1,0,No Line,0.0,none,-1,7,10,1,post,Final,Final,,,,,,,,,,,,,0,,,,,,none,816245
816094,2026-08-01,17:35,2026,Nashville Sounds,Charlotte Knights,,,,,schedule,0,6,3,5,0,0,2,0,0,0,0,0,0,5,2,0,No Line,0.0,none,-1,9,8,1,post,Final,Final,,,,,,,,,,,,,0,,,,,,none,816094
814815,2026-08-01,18:05,2026,Sugar Land Space Cowboys,Salt Lake Bees,Jackson Nezuh,Rob Kaminsky,694545,641739,schedule_probable_pitcher,1,8,7,0,0,1,0,0,4,4,0,0,0,5,4,0,No Line,0.0,none,-1,13,9,1,post,Final,Final,,,,,,,,,,,,,0,,,,,,none,814815
815051,2026-08-01,18:05,2026,Round Rock Express,Reno Aces,,Ashton Izzi,,802416,schedule_probable_pitcher,1,9,8,0,1,0,2,0,0,0,0,2,0,2,3,0,No Line,0.0,none,-1,10,14,1,post,Final,Final,,,,,,,,,,,,,0,,,,,,none,815051
815196,2026-08-01,18:05,2026,Oklahoma City Comets,Las Vegas Aviators,Jackson Ferris,Yunior Tur,701328,814305,schedule_probable_pitcher,1,6,5,0,0,0,1,2,0,1,0,3,0,6,1,0,No Line,0.0,none,-1,8,7,1,post,Final,Final,,,,,,,,,,,,,0,,,,,,none,815196
815351,2026-08-01,18:35,2026,El Paso Chihuahuas,Albuquerque Isotopes,Sean Boyle,Keegan Thompson,682044,624522,schedule_probable_pitcher,1,9,11,0,1,6,0,0,2,0,2,0,0,6,5,0,No Line,0.0,none,-1,10,15,1,post,Final,Final,,,,,,,,,,,,,0,,,,,,none,815351
814746,2026-08-01,19:05,2026,Tacoma Rainiers,Sacramento River Cats,Jhonathan Díaz,,646242,,schedule_probable_pitcher,1,2,7,0,0,0,0,0,1,0,0,1,0,1,1,0,No Line,0.0,none,-1,5,9,1,post,Final,Final,,,,,,,,,,,,,0,,,,,,none,814746
815869,2026-08-02,11:05,2026,Rochester Red Wings,Syracuse Mets,Zach Penrod,Tobias Myers,683068,668964,schedule_probable_pitcher,1,7,9,0,0,1,3,1,2,0,0,5,0,7,5,0,No Line,0.0,none,-1,10,9,1,post,Final,Final,,,,,,,,,,,,,0,,,,,,none,815869
816029,2026-08-02,11:05,2026,Norfolk Tides,Worcester Red Sox,Chris Bassitt,Raymond Burgos,605135,670103,schedule_probable_pitcher,1,1,4,0,0,0,0,1,1,0,0,0,2,1,3,0,No Line,0.0,none,-1,3,5,1,post,Final,Final,,,,,,,,,,,,,0,,,,,,none,816029
816242,2026-08-02,11:05,2026,Louisville Bats,Indianapolis Indians,Luis Mey,Noah Davis,682825,663562,schedule_probable_pitcher,1,8,7,0,0,0,0,3,0,4,1,0,0,7,1,0,No Line,0.0,none,-1,15,8,1,post,Final,Final,,,,,,,,,,,,,0,,,,,,none,816242
816774,2026-08-02,11:05,2026,Columbus Clippers,Toledo Mud Hens,Rorik Maltrud,Carl Edwards Jr.,702045,605218,schedule_probable_pitcher,1,6,3,1,0,4,0,0,1,0,0,0,0,5,1,0,No Line,0.0,none,-1,10,8,1,post,Final,Final,,,,,,,,,,,,,0,,,,,,none,816774
816321,2026-08-02,11:15,2026,Lehigh Valley IronPigs,Buffalo Bisons,Brian Keller,,662144,,schedule_probable_pitcher,1,5,8,0,0,3,0,0,0,0,4,0,2,3,6,0,No Line,0.0,none,-1,7,8,1,post,Final,Final,,,,,,,,,,,,,0,,,,,,none,816321
815352,2026-08-02,12:05,2026,El Paso Chihuahuas,Albuquerque Isotopes,Jackson Wolf,Valente Bellozo,680232,678368,schedule_probable_pitcher,1,5,10,1,3,0,2,0,1,1,2,0,0,2,8,0,No Line,0.0,none,-1,12,14,1,post,Final,Final,,,,,,,,,,,,,0,,,,,,none,815352
816470,2026-08-02,12:08,2026,Iowa Cubs,Scranton/Wilkes-Barre RailRiders,Jace Beck,Dom Hamel,689476,687589,schedule_probable_pitcher,1,3,13,1,1,0,4,0,0,0,3,1,0,2,8,0,No Line,0.0,none,-1,7,20,1,post,Final,Final,,,,,,,,,,,,,0,,,,,,none,816470
814744,2026-08-02,14:35,2026,Tacoma Rainiers,Sacramento River Cats,Gabe Mosser,,682077,,schedule_probable_pitcher,1,1,9,0,3,0,0,0,0,0,0,0,0,0,3,0,No Line,0.0,none,-1,5,10,1,post,Final,Final,,,,,,,,,,,,,0,,,,,,none,814744
816400,2026-08-02,15:05,2026,Jacksonville Jumbo Shrimp,Memphis Redbirds,Zach Brzykcy,,694350,,schedule_probable_pitcher,1,10,1,1,0,4,0,0,0,2,0,3,0,10,0,0,No Line,0.0,none,-1,14,3,1,post,Completed Early,Completed Early,,,,,,,,,,,,,0,,,,,,none,816400
816693,2026-08-02,15:05,2026,Durham Bulls,Gwinnett Stripers,,Garrett Baumann,,803833,schedule_probable_pitcher,1,8,3,6,0,0,0,2,0,0,1,0,2,8,3,0,No Line,0.0,none,-1,7,5,1,post,Final,Final,,,,,,,,,,,,,0,,,,,,none,816693
815946,2026-08-02,16:05,2026,Omaha Storm Chasers,St. Paul Saints,Ben Sears,Trent Baker,700786,694536,schedule_probable_pitcher,1,2,4,0,0,0,0,1,3,0,0,0,0,1,3,0,No Line,0.0,none,-1,7,9,1,post,Final,Final,,,,,,,,,,,,,0,,,,,,none,815946
815052,2026-08-02,17:05,2026,Round Rock Express,Reno Aces,Jordan Montgomery,Yu-Min Lin,656756,801179,schedule_probable_pitcher,1,1,0,0,0,0,0,0,0,0,0,0,0,0,0,0,No Line,0.0,none,-1,6,7,1,post,Final,Final,,,,,,,,,,,,,0,,,,,,none,815052
815194,2026-08-02,17:05,2026,Oklahoma City Comets,Las Vegas Aviators,Christian Romero,Braden Nett,699071,804556,schedule_probable_pitcher,1,3,0,0,0,3,0,0,0,0,0,0,0,3,0,0,No Line,0.0,none,-1,3,6,1,post,Final,Final,,,,,,,,,,,,,0,,,,,,none,815194
816093,2026-08-02,17:05,2026,Nashville Sounds,Charlotte Knights,Brett Wichrowski,José Urquidy,814489,664353,schedule_probable_pitcher,1,5,3,0,0,0,0,1,0,0,0,1,1,2,1,0,No Line,0.0,none,-1,10,5,1,post,Final,Final,,,,,,,,,,,,,0,,,,,,none,816093
814822,2026-08-02,17:35,2026,Sugar Land Space Cowboys,Salt Lake Bees,Ethan Pecko,Sammy Peralta,814490,671111,schedule_probable_pitcher,1,4,3,0,0,0,0,0,1,2,0,0,2,2,3,0,No Line,0.0,none,-1,10,9,1,post,Final,Final,,,,,,,,,,,,,0,,,,,,none,814822
