game_id,date,time,season,home_team,away_team,home_starting_pitcher,away_starting_pitcher,home_starting_pitcher_id,away_starting_pitcher_id,pitcher_source,pitcher_data_available,home_runs_total,away_runs_total,home_r1,away_r1,home_r2,away_r2,home_r3,away_r3,home_r4,away_r4,home_r5,away_r5,home_runs_f5,away_runs_f5,attendance,odds_details,odds_over_under,odds_data_quality,home_is_favorite,home_hits,away_hits,status_completed,status_state,status_description,status_detail,home_starting_pitcher_ip,away_starting_pitcher_ip,home_starting_pitcher_er,away_starting_pitcher_er,home_starting_pitcher_hits,away_starting_pitcher_hits,home_starting_pitcher_bb,away_starting_pitcher_bb,home_starting_pitcher_k,away_starting_pitcher_k,home_starting_pitcher_hr,away_starting_pitcher_hr,pitcher_stats_available,home_moneyline_odds,away_moneyline_odds,closing_moneyline_odds,closing_spread_odds,closing_total_odds,market_source,competition_id
809656,2025-04-17,19:00,2025,MEX,YUC,Arturo Lopez,Odrisamer Despaigne,,,lmb_official_calendar,1,16,1,0,0,2,0,0,0,1,0,1,0,4,0,0,No Line,0.0,none,-1,20,6,1,post,Final,Final,,,,,,,,,,,,,0,,,,,,none,809656
809191,2025-04-18,19:00,2025,QRO,LEO,Dalton Rodriguez,Chris Vallimont,,,lmb_official_calendar,1,11,1,0,0,1,1,0,0,2,0,2,0,5,1,0,No Line,0.0,none,-1,9,9,1,post,Final,Final,,,,,,,,,,,,,0,,,,,,none,809191
809238,2025-04-18,19:00,2025,VER,PUE,David Reyes,Angel Sanchez,,,lmb_official_calendar,1,9,2,1,0,0,0,5,1,3,0,0,0,9,1,0,No Line,0.0,none,-1,11,7,1,post,Final,Final,,,,,,,,,,,,,0,,,,,,none,809238
809286,2025-04-18,19:00,2025,TIJ,AGS,Jorge Perez,Ronald Medrano,,,lmb_official_calendar,1,2,4,0,0,0,0,0,0,0,0,0,0,0,0,0,No Line,0.0,none,-1,4,7,1,post,Final,Final,,,,,,,,,,,,,0,,,,,,none,809286
809335,2025-04-18,19:00,2025,DUR,SLT,Aaron Brooks,Manny Barreda,,,lmb_official_calendar,1,12,8,0,2,0,3,0,0,0,1,0,2,0,8,0,No Line,0.0,none,-1,10,12,1,post,Final,Final,,,,,,,,,,,,,0,,,,,,none,809335
809520,2025-04-18,19:00,2025,MTY,JAL,Stephen Tarpley,Dereck Rodríguez,,,lmb_official_calendar,1,3,2,1,0,0,0,1,1,0,0,0,0,2,1,0,No Line,0.0,none,-1,10,4,1,post,Final,Final,,,,,,,,,,,,,0,,,,,,none,809520
809571,2025-04-18,19:00,2025,MVA,LAR,Steven Moyers,Nick Margevicius,,,lmb_official_calendar,1,1,5,1,0,0,4,0,1,0,0,0,0,1,5,0,No Line,0.0,none,-1,9,9,1,post,Final,Final,,,,,,,,,,,,,0,,,,,,none,809571
809658,2025-04-18,19:00,2025,MEX,YUC,Dan Straily,Raúl Alcantara,,,lmb_official_calendar,1,7,16,0,0,6,0,0,7,0,0,0,2,6,9,0,No Line,0.0,none,-1,9,21,1,post,Final,Final,,,,,,,,,,,,,0,,,,,,none,809658
809750,2025-04-18,19:00,2025,CAM,TIG,Jon Olsen,Darel Torres,,,lmb_official_calendar,1,5,3,0,0,0,3,2,0,1,0,2,0,5,3,0,No Line,0.0,none,-1,4,7,1,post,Final,Final,,,,,,,,,,,,,0,,,,,,none,809750
809935,2025-04-18,19:00,2025,LAG,CHI,Aldo Montes,Javier Solano,,,lmb_official_calendar,1,7,1,0,0,0,0,3,0,3,1,1,0,7,1,0,No Line,0.0,none,-1,10,9,1,post,Final,Final,,,,,,,,,,,,,0,,,,,,none,809935
809980,2025-04-18,19:00,2025,TAB,OAX,Adrian Almeida,Radhames Liz,,,lmb_official_calendar,1,3,2,0,1,0,0,0,0,0,0,0,0,0,1,0,No Line,0.0,none,-1,11,7,1,post,Final,Final,,,,,,,,,,,,,0,,,,,,none,809980
809190,2025-04-19,19:00,2025,QRO,LEO,Paolo Espino,Adam Wolf,,,lmb_official_calendar,1,9,16,0,0,3,4,1,2,0,1,0,0,4,7,0,No Line,0.0,none,-1,13,18,1,post,Final,Final,,,,,,,,,,,,,0,,,,,,none,809190
809237,2025-04-19,19:00,2025,VER,PUE,Dinelson Lamet,Luis De Avila,,,lmb_official_calendar,1,4,1,0,0,0,0,0,0,0,0,2,0,2,0,0,No Line,0.0,none,-1,6,4,1,post,Final,Final,,,,,,,,,,,,,0,,,,,,none,809237
809285,2025-04-19,19:00,2025,TIJ,AGS,Julio Teheran,Elniery García,,,lmb_official_calendar,1,6,2,0,2,3,0,2,0,0,0,1,0,6,2,0,No Line,0.0,none,-1,7,5,1,post,Final,Final,,,,,,,,,,,,,0,,,,,,none,809285
809328,2025-04-19,19:00,2025,DUR,SLT,Aaron Fletcher,Zach Mort,,,lmb_official_calendar,1,5,3,0,0,0,1,0,1,1,0,0,0,1,2,0,No Line,0.0,none,-1,7,11,1,post,Final,Final,,,,,,,,,,,,,0,,,,,,none,809328
809527,2025-04-19,19:00,2025,MTY,JAL,Nolan Kingham,Bryce Conley,,,lmb_official_calendar,1,2,1,0,1,1,0,0,0,0,0,0,0,1,1,0,No Line,0.0,none,-1,6,5,1,post,Final,Final,,,,,,,,,,,,,0,,,,,,none,809527
809563,2025-04-19,19:00,2025,MVA,LAR,Wilmer Rios,Cory Abbott,,,lmb_official_calendar,1,1,2,0,0,0,1,0,0,0,0,0,0,0,1,0,No Line,0.0,none,-1,10,12,1,post,Final,Final,,,,,,,,,,,,,0,,,,,,none,809563
809654,2025-04-19,19:00,2025,MEX,YUC,Justin Courtney,César Valdez,,,lmb_official_calendar,1,12,2,0,0,1,0,2,0,0,0,3,0,6,0,0,No Line,0.0,none,-1,13,7,1,post,Final,Final,,,,,,,,,,,,,0,,,,,,none,809654
809749,2025-04-19,19:00,2025,CAM,TIG,Domingo Acevedo,,,,lmb_official_calendar,0,5,6,0,0,0,1,0,1,0,1,2,0,2,3,0,No Line,0.0,none,-1,10,9,1,post,Final,Final,,,,,,,,,,,,,0,,,,,,none,809749
809936,2025-04-19,19:00,2025,LAG,CHI,Travis Lakins,Gabriel Ponce,,,lmb_official_calendar,1,7,3,4,1,0,1,1,0,0,0,0,0,5,2,0,No Line,0.0,none,-1,9,8,1,post,Final,Final,,,,,,,,,,,,,0,,,,,,none,809936
809982,2025-04-19,19:00,2025,TAB,OAX,Jose Samayoa,Tommy Romero,,,lmb_official_calendar,1,10,9,3,0,0,0,0,0,0,0,0,3,3,3,0,No Line,0.0,none,-1,12,8,1,post,Final,Final,,,,,,,,,,,,,0,,,,,,none,809982
809188,2025-04-20,19:00,2025,QRO,LEO,Wilfredo Boscan,Christian Capuano,,,lmb_official_calendar,1,14,17,7,4,0,3,0,0,0,2,0,0,7,9,0,No Line,0.0,none,-1,14,18,1,post,Final,Final,,,,,,,,,,,,,0,,,,,,none,809188
809236,2025-04-20,19:00,2025,VER,PUE,Sammy Peralta,Wendolyn Bautista,,,lmb_official_calendar,1,5,4,0,0,0,3,1,0,0,1,0,0,1,4,0,No Line,0.0,none,-1,11,9,1,post,Final,Final,,,,,,,,,,,,,0,,,,,,none,809236
809284,2025-04-20,19:00,2025,TIJ,AGS,Ben Braymer,Deylen Miley,,,lmb_official_calendar,1,4,2,0,0,0,0,0,0,1,0,0,0,1,0,0,No Line,0.0,none,-1,6,7,1,post,Final,Final,,,,,,,,,,,,,0,,,,,,none,809284
809329,2025-04-20,19:00,2025,DUR,SLT,Jake Thompson,Alex Sanabia,,,lmb_official_calendar,1,7,8,0,2,2,2,0,0,3,0,0,0,5,4,0,No Line,0.0,none,-1,13,11,1,post,Final,Final,,,,,,,,,,,,,0,,,,,,none,809329
809518,2025-04-20,19:00,2025,MTY,JAL,Manny Banuelos,Eduardo Vera,,,lmb_official_calendar,1,4,7,0,2,0,0,1,2,1,2,1,0,3,6,0,No Line,0.0,none,-1,7,6,1,post,Final,Final,,,,,,,,,,,,,0,,,,,,none,809518
809566,2025-04-20,19:00,2025,MVA,LAR,Austin Warner,Daniel Mengden,,,lmb_official_calendar,1,5,4,0,0,3,3,0,0,0,0,1,0,4,3,0,No Line,0.0,none,-1,10,10,1,post,Final,Final,,,,,,,,,,,,,0,,,,,,none,809566
809752,2025-04-20,19:00,2025,CAM,TIG,Sean Nolin,Jacob Smith,,,lmb_official_calendar,1,9,3,2,1,2,0,2,0,0,2,0,0,6,3,0,No Line,0.0,none,-1,10,10,1,post,Final,Final,,,,,,,,,,,,,0,,,,,,none,809752
809937,2025-04-20,19:00,2025,LAG,CHI,Omar Araujo,Devin Smeltzer,,,lmb_official_calendar,1,3,12,2,9,0,0,0,0,0,3,0,0,2,12,0,No Line,0.0,none,-1,8,13,1,post,Final,Final,,,,,,,,,,,,,0,,,,,,none,809937
809979,2025-04-20,19:00,2025,TAB,OAX,Yoennis Yera,Robert Dugger,,,lmb_official_calendar,1,7,3,2,0,0,0,1,1,1,0,0,0,4,1,0,No Line,0.0,none,-1,14,5,1,post,Final,Final,,,,,,,,,,,,,0,,,,,,none,809979
809283,2025-04-21,19:00,2025,TIJ,MTY,Matt Dermody,Tyler Viza,,,lmb_official_calendar,1,2,5,0,0,1,2,0,1,0,0,1,0,2,3,0,No Line,0.0,none,-1,5,12,1,post,Final,Final,,,,,,,,,,,,,0,,,,,,none,809283
809478,2025-04-21,19:00,2025,TIG,MEX,Cameron Gann,Jose Bravo,,,lmb_official_calendar,1,2,7,1,0,0,3,0,0,0,0,0,0,1,3,0,No Line,0.0,none,-1,6,12,1,post,Final,Final,,,,,,,,,,,,,0,,,,,,none,809478
809978,2025-04-21,19:00,2025,TAB,YUC,Jeff Kinley,Logan Ondrusek,,,lmb_official_calendar,1,4,11,0,0,2,0,1,1,0,2,0,3,3,6,0,No Line,0.0,none,-1,15,11,1,post,Final,Final,,,,,,,,,,,,,0,,,,,,none,809978
809144,2025-04-22,19:00,2025,JAL,LAG,Jeremy Rhoades,Jaime Barria,,,lmb_official_calendar,1,8,11,0,0,0,4,0,0,2,0,0,0,2,4,0,No Line,0.0,none,-1,16,16,1,post,Final,Final,,,,,,,,,,,,,0,,,,,,none,809144
809282,2025-04-22,19:00,2025,TIJ,MTY,Phillips Valdez,Luis Cessa,,,lmb_official_calendar,1,6,7,0,0,1,0,3,5,0,1,0,0,4,6,0,No Line,0.0,none,-1,10,12,1,post,Final,Final,,,,,,,,,,,,,0,,,,,,none,809282
809381,2025-04-22,19:00,2025,OAX,QRO,Alemao Hernandez,,,,lmb_official_calendar,0,0,4,0,0,0,0,0,0,0,0,0,0,0,0,0,No Line,0.0,none,-1,4,10,1,post,Final,Final,,,,,,,,,,,,,0,,,,,,none,809381
809472,2025-04-22,19:00,2025,TIG,MEX,Ronnie Williams,Oscar De La Cruz,,,lmb_official_calendar,1,3,6,0,1,0,0,1,2,0,0,0,0,1,3,0,No Line,0.0,none,-1,9,9,1,post,Final,Final,,,,,,,,,,,,,0,,,,,,none,809472
809614,2025-04-22,19:00,2025,LAR,DUR,Junior Guerra,Felix Doubront,,,lmb_official_calendar,1,7,10,2,2,2,1,0,0,2,0,0,0,6,3,0,No Line,0.0,none,-1,10,13,1,post,Final,Final,,,,,,,,,,,,,0,,,,,,none,809614
809706,2025-04-22,19:00,2025,AGS,CHI,,Kevin Kelly,,,lmb_official_calendar,0,8,16,4,1,0,0,1,0,1,1,0,11,6,13,0,No Line,0.0,none,-1,14,16,1,post,Final,Final,,,,,,,,,,,,,0,,,,,,none,809706
809798,2025-04-22,19:00,2025,PUE,CAM,Vladimir Gutierrez,Yunesky Maya,,,lmb_official_calendar,1,5,0,0,0,0,0,2,0,0,0,0,0,2,0,0,No Line,0.0,none,-1,9,8,1,post,Final,Final,,,,,,,,,,,,,0,,,,,,none,809798
809836,2025-04-22,19:00,2025,SLT,MVA,Braulio Torres-Perez,Christian Young,,,lmb_official_calendar,1,1,18,0,0,0,0,0,0,0,1,0,0,0,1,0,No Line,0.0,none,-1,6,26,1,post,Final,Final,,,,,,,,,,,,,0,,,,,,none,809836
809973,2025-04-22,19:00,2025,TAB,YUC,Tyler Danish,Odrisamer Despaigne,,,lmb_official_calendar,1,2,1,0,0,0,0,0,1,2,0,0,0,2,1,0,No Line,0.0,none,-1,3,4,1,post,Final,Final,,,,,,,,,,,,,0,,,,,,none,809973
810023,2025-04-22,19:00,2025,LEO,VER,Faustino Carrera,Max Castillo,,,lmb_official_calendar,1,12,0,7,0,1,0,0,0,1,0,0,0,9,0,0,No Line,0.0,none,-1,13,6,1,post,Final,Final,,,,,,,,,,,,,0,,,,,,none,810023
809137,2025-04-23,19:00,2025,JAL,LAG,Elian Leyva,Miguel Vazquez,,,lmb_official_calendar,1,18,6,0,2,0,1,7,0,2,2,3,1,12,6,0,No Line,0.0,none,-1,17,13,1,post,Final,Final,,,,,,,,,,,,,0,,,,,,none,809137
809280,2025-04-23,19:00,2025,TIJ,MTY,Jorge Perez,Stephen Tarpley,,,lmb_official_calendar,1,7,4,2,0,0,0,1,1,4,0,0,0,7,1,0,No Line,0.0,none,-1,11,10,1,post,Final,Final,,,,,,,,,,,,,0,,,,,,none,809280
809377,2025-04-23,19:00,2025,OAX,QRO,Solomon Bates,Ronald Bolaños,,,lmb_official_calendar,1,13,6,1,0,1,2,0,0,0,2,4,0,6,4,0,No Line,0.0,none,-1,15,12,1,post,Final,Final,,,,,,,,,,,,,0,,,,,,none,809377
809471,2025-04-23,19:00,2025,TIG,MEX,Darel Torres,Zac Grotz,,,lmb_official_calendar,1,4,6,0,0,0,0,0,0,0,0,0,1,0,1,0,No Line,0.0,none,-1,6,7,1,post,Final,Final,,,,,,,,,,,,,0,,,,,,none,809471
809612,2025-04-23,19:00,2025,LAR,DUR,Brandon Brennan,Juan Carlos Sulbaran,,,lmb_official_calendar,1,13,2,0,1,0,0,5,0,1,0,7,0,13,1,0,No Line,0.0,none,-1,12,4,1,post,Final,Final,,,,,,,,,,,,,0,,,,,,none,809612
809704,2025-04-23,19:00,2025,AGS,CHI,Noah Bremer,Lewis Thorpe,,,lmb_official_calendar,1,9,13,0,3,2,1,3,0,0,7,1,0,6,11,0,No Line,0.0,none,-1,15,20,1,post,Final,Final,,,,,,,,,,,,,0,,,,,,none,809704
809796,2025-04-23,19:00,2025,PUE,CAM,Victor Vargas,Miller Hogan,,,lmb_official_calendar,1,6,4,2,0,1,0,0,0,0,1,0,1,3,2,0,No Line,0.0,none,-1,13,9,1,post,Final,Final,,,,,,,,,,,,,0,,,,,,none,809796
809841,2025-04-23,19:00,2025,SLT,MVA,Cristofer Ogando,Jorge Tavarez,,,lmb_official_calendar,1,6,1,0,0,0,0,3,0,0,0,2,0,5,0,0,No Line,0.0,none,-1,9,2,1,post,Final,Final,,,,,,,,,,,,,0,,,,,,none,809841
809976,2025-04-23,19:00,2025,TAB,YUC,Adrian Almeida,Raúl Alcantara,,,lmb_official_calendar,1,4,7,1,0,0,0,1,0,0,3,0,0,2,3,0,No Line,0.0,none,-1,10,6,1,post,Final,Final,,,,,,,,,,,,,0,,,,,,none,809976
810024,2025-04-23,19:00,2025,LEO,VER,Josimar Cousin,Esmil Rogers,,,lmb_official_calendar,1,1,6,0,1,0,1,0,2,1,0,0,0,1,4,0,No Line,0.0,none,-1,4,8,1,post,Final,Final,,,,,,,,,,,,,0,,,,,,none,810024
809139,2025-04-24,19:00,2025,JAL,LAG,Luis Payan,Aldo Montes,,,lmb_official_calendar,1,6,8,0,0,0,0,0,0,1,0,0,0,1,0,0,No Line,0.0,none,-1,13,13,1,post,Final,Final,,,,,,,,,,,,,0,,,,,,none,809139
809375,2025-04-24,19:00,2025,OAX,QRO,Jake Faria,Dalton Rodriguez,,,lmb_official_calendar,1,6,4,0,2,0,0,4,0,1,0,0,0,5,2,0,No Line,0.0,none,-1,10,5,1,post,Final,Final,,,,,,,,,,,,,0,,,,,,none,809375
809609,2025-04-24,19:00,2025,LAR,DUR,Nate Antone,Aaron Brooks,,,lmb_official_calendar,1,8,4,0,0,0,0,3,1,1,0,0,0,4,1,0,No Line,0.0,none,-1,9,4,1,post,Final,Final,,,,,,,,,,,,,0,,,,,,none,809609
809705,2025-04-24,19:00,2025,AGS,CHI,Ronald Medrano,Gabriel Ponce,,,lmb_official_calendar,1,3,14,0,0,0,3,0,0,1,4,0,1,1,8,0,No Line,0.0,none,-1,6,20,1,post,Final,Final,,,,,,,,,,,,,0,,,,,,none,809705
809793,2025-04-24,19:00,2025,PUE,CAM,Angel Sanchez,T.J. Zeuch,,,lmb_official_calendar,1,8,1,0,0,0,0,4,0,3,0,0,0,7,0,0,No Line,0.0,none,-1,10,3,1,post,Final,Final,,,,,,,,,,,,,0,,,,,,none,809793
809839,2025-04-24,19:00,2025,SLT,MVA,Manny Barreda,Steven Moyers,,,lmb_official_calendar,1,16,3,2,0,2,0,4,0,0,1,1,0,9,1,0,No Line,0.0,none,-1,17,4,1,post,Final,Final,,,,,,,,,,,,,0,,,,,,none,809839
810025,2025-04-24,19:00,2025,LEO,VER,Chris Vallimont,Tyler Alexander,,,lmb_official_calendar,1,9,13,0,1,0,1,0,0,0,1,6,0,6,3,0,No Line,0.0,none,-1,13,18,1,post,Final,Final,,,,,,,,,,,,,0,,,,,,none,810025
809140,2025-04-25,19:00,2025,JAL,AGS,Dereck Rodríguez,Elniery García,,,lmb_official_calendar,1,7,12,0,0,0,0,1,3,0,6,0,2,1,11,0,No Line,0.0,none,-1,10,18,1,post,Final,Final,,,,,,,,,,,,,0,,,,,,none,809140
809235,2025-04-25,19:00,2025,VER,OAX,David Reyes,Radhames Liz,,,lmb_official_calendar,1,13,7,1,0,0,0,3,0,3,0,0,0,7,0,0,No Line,0.0,none,-1,16,9,1,post,Final,Final,,,,,,,,,,,,,0,,,,,,none,809235
809420,2025-04-25,19:00,2025,CHI,SLT,Devin Smeltzer,Zach Mort,,,lmb_official_calendar,1,3,0,0,0,0,0,3,0,0,0,0,0,3,0,0,No Line,0.0,none,-1,8,6,1,post,Final,Final,,,,,,,,,,,,,0,,,,,,none,809420
809565,2025-04-25,19:00,2025,MVA,MTY,Wilmer Rios,Nolan Kingham,,,lmb_official_calendar,1,5,8,1,0,0,0,1,1,0,0,0,3,2,4,0,No Line,0.0,none,-1,10,14,1,post,Final,Final,,,,,,,,,,,,,0,,,,,,none,809565
809611,2025-04-25,19:00,2025,LAR,TIJ,Nick Margevicius,Julio Teheran,,,lmb_official_calendar,1,4,1,0,1,0,0,0,0,4,0,0,0,4,1,0,No Line,0.0,none,-1,6,2,1,post,Final,Final,,,,,,,,,,,,,0,,,,,,none,809611
809657,2025-04-25,19:00,2025,MEX,QRO,Dan Straily,Paolo Espino,,,lmb_official_calendar,1,7,6,0,0,1,1,0,0,0,0,1,0,2,1,0,No Line,0.0,none,-1,14,8,1,post,Final,Final,,,,,,,,,,,,,0,,,,,,none,809657
809747,2025-04-25,19:00,2025,CAM,TAB,Jon Olsen,Jose Samayoa,,,lmb_official_calendar,1,11,2,0,0,0,1,0,1,0,0,0,0,0,2,0,No Line,0.0,none,-1,13,6,1,post,Final,Final,,,,,,,,,,,,,0,,,,,,none,809747
809797,2025-04-25,19:00,2025,PUE,TIG,Luis De Avila,Kobe Foster,,,lmb_official_calendar,1,8,7,1,1,0,0,2,1,0,4,1,0,4,6,0,No Line,0.0,none,-1,15,15,1,post,Final,Final,,,,,,,,,,,,,0,,,,,,none,809797
809892,2025-04-25,19:00,2025,YUC,LEO,César Valdez,Adam Wolf,,,lmb_official_calendar,1,3,0,0,0,0,0,1,0,1,0,0,0,2,0,0,No Line,0.0,none,-1,8,1,1,post,Final,Final,,,,,,,,,,,,,0,,,,,,none,809892
809135,2025-04-26,19:00,2025,JAL,AGS,Bryce Conley,Deylen Miley,,,lmb_official_calendar,1,14,3,0,0,5,0,0,0,0,0,0,1,5,1,0,No Line,0.0,none,-1,13,9,1,post,Final,Final,,,,,,,,,,,,,0,,,,,,none,809135
809233,2025-04-26,19:00,2025,VER,OAX,Dinelson Lamet,Tommy Romero,,,lmb_official_calendar,1,7,11,0,1,2,0,2,0,0,3,0,5,4,9,0,No Line,0.0,none,-1,9,11,1,post,Final,Final,,,,,,,,,,,,,0,,,,,,none,809233
809330,2025-04-26,19:00,2025,DUR,LAG,Aaron Fletcher,Travis Lakins,,,lmb_official_calendar,1,0,11,0,0,0,2,0,1,0,1,0,0,0,4,0,No Line,0.0,none,-1,11,16,1,post,Final,Final,,,,,,,,,,,,,0,,,,,,none,809330
809422,2025-04-26,19:00,2025,CHI,SLT,Caleb Smith,Kurt Heyer,,,lmb_official_calendar,1,0,3,0,0,0,0,0,0,0,3,0,0,0,3,0,No Line,0.0,none,-1,0,8,1,post,Final,Final,,,,,,,,,,,,,0,,,,,,none,809422
809568,2025-04-26,19:00,2025,MVA,MTY,Austin Warner,Manny Banuelos,,,lmb_official_calendar,1,1,4,0,1,0,0,1,1,0,0,0,2,1,4,0,No Line,0.0,none,-1,4,10,1,post,Final,Final,,,,,,,,,,,,,0,,,,,,none,809568
809610,2025-04-26,19:00,2025,LAR,TIJ,Cory Abbott,Ben Braymer,,,lmb_official_calendar,1,4,3,0,1,0,0,0,0,0,0,0,0,0,1,0,No Line,0.0,none,-1,12,4,1,post,Final,Final,,,,,,,,,,,,,0,,,,,,none,809610
809660,2025-04-26,19:00,2025,MEX,QRO,Justin Courtney,Wilfredo Boscan,,,lmb_official_calendar,1,17,10,0,0,0,0,1,2,6,0,3,0,10,2,0,No Line,0.0,none,-1,16,16,1,post,Final,Final,,,,,,,,,,,,,0,,,,,,none,809660
809751,2025-04-26,19:00,2025,CAM,TAB,Domingo Acevedo,Yoennis Yera,,,lmb_official_calendar,1,9,4,0,0,1,0,0,0,1,0,0,0,2,0,0,No Line,0.0,none,-1,12,12,1,post,Final,Final,,,,,,,,,,,,,0,,,,,,none,809751
809795,2025-04-26,19:00,2025,PUE,TIG,Wendolyn Bautista,Jacob Smith,,,lmb_official_calendar,1,8,13,2,0,4,0,0,2,0,1,0,5,6,8,0,No Line,0.0,none,-1,12,18,1,post,Final,Final,,,,,,,,,,,,,0,,,,,,none,809795
809893,2025-04-26,19:00,2025,YUC,LEO,Logan Ondrusek,Derek West,,,lmb_official_calendar,1,5,2,1,2,0,0,0,0,0,0,2,0,3,2,0,No Line,0.0,none,-1,9,3,1,post,Final,Final,,,,,,,,,,,,,0,,,,,,none,809893
809136,2025-04-27,19:00,2025,JAL,AGS,Eduardo Vera,Shane Barringer,,,lmb_official_calendar,1,6,3,2,0,0,1,0,0,2,0,2,0,6,1,0,No Line,0.0,none,-1,9,8,1,post,Final,Final,,,,,,,,,,,,,0,,,,,,none,809136
809234,2025-04-27,19:00,2025,VER,OAX,Sammy Peralta,Robert Dugger,,,lmb_official_calendar,1,1,2,0,0,0,0,0,0,0,0,0,0,0,0,0,No Line,0.0,none,-1,5,6,1,post,Final,Final,,,,,,,,,,,,,0,,,,,,none,809234
809325,2025-04-27,19:00,2025,DUR,LAG,Jake Thompson,Omar Araujo,,,lmb_official_calendar,1,5,3,0,0,0,0,3,0,0,2,2,0,5,2,0,No Line,0.0,none,-1,9,5,1,post,Final,Final,,,,,,,,,,,,,0,,,,,,none,809325
809327,2025-04-27,19:00,2025,DUR,LAG,Felix Doubront,Jaime Barria,,,lmb_official_calendar,1,2,10,0,7,0,2,0,0,0,0,0,0,0,9,0,No Line,0.0,none,-1,7,12,1,post,Final,Final,,,,,,,,,,,,,0,,,,,,none,809327
809423,2025-04-27,19:00,2025,CHI,SLT,Kevin Kelly,Braulio Torres-Perez,,,lmb_official_calendar,1,12,8,0,1,0,1,0,1,4,4,2,0,6,7,0,No Line,0.0,none,-1,17,13,1,post,Final,Final,,,,,,,,,,,,,0,,,,,,none,809423
809564,2025-04-27,19:00,2025,MVA,MTY,Christian Young,Tyler Viza,,,lmb_official_calendar,1,4,10,0,4,0,0,1,0,0,1,1,0,2,5,0,No Line,0.0,none,-1,11,13,1,post,Final,Final,,,,,,,,,,,,,0,,,,,,none,809564
809613,2025-04-27,19:00,2025,LAR,TIJ,Daniel Mengden,Matt Dermody,,,lmb_official_calendar,1,9,4,5,0,0,0,0,0,0,0,3,2,8,2,0,No Line,0.0,none,-1,10,10,1,post,Final,Final,,,,,,,,,,,,,0,,,,,,none,809613
809659,2025-04-27,19:00,2025,MEX,QRO,Jose Bravo,Andy Otero,,,lmb_official_calendar,1,12,5,0,2,0,0,0,0,1,0,6,1,7,3,0,No Line,0.0,none,-1,20,11,1,post,Final,Final,,,,,,,,,,,,,0,,,,,,none,809659
809748,2025-04-27,19:00,2025,CAM,TAB,Sean Nolin,Jeff Kinley,,,lmb_official_calendar,1,14,7,2,0,0,0,5,2,1,0,1,0,9,2,0,No Line,0.0,none,-1,16,14,1,post,Final,Final,,,,,,,,,,,,,0,,,,,,none,809748
809799,2025-04-27,19:00,2025,PUE,TIG,Vladimir Gutierrez,Cameron Gann,,,lmb_official_calendar,1,13,2,4,1,1,0,1,0,1,0,0,1,7,2,0,No Line,0.0,none,-1,17,6,1,post,Final,Final,,,,,,,,,,,,,0,,,,,,none,809799
809882,2025-04-27,19:00,2025,YUC,LEO,Odrisamer Despaigne,Faustino Carrera,,,lmb_official_calendar,1,3,1,0,1,0,0,1,0,0,0,2,0,3,1,0,No Line,0.0,none,-1,9,6,1,post,Final,Final,,,,,,,,,,,,,0,,,,,,none,809882
809519,2025-04-28,19:00,2025,MTY,SLT,Luis Cessa,Cristofer Ogando,,,lmb_official_calendar,1,0,10,0,1,0,0,0,0,0,0,0,0,0,1,0,No Line,0.0,none,-1,3,13,1,post,Final,Final,,,,,,,,,,,,,0,,,,,,none,809519
809141,2025-04-29,19:00,2025,JAL,TIJ,Jeremy Rhoades,Phillips Valdez,,,lmb_official_calendar,1,3,8,2,1,0,2,0,1,1,0,0,0,3,4,0,No Line,0.0,none,-1,11,13,1,post,Final,Final,,,,,,,,,,,,,0,,,,,,none,809141
809185,2025-04-29,19:00,2025,QRO,OAX,Ronald Bolaños,Alemao Hernandez,,,lmb_official_calendar,1,7,6,0,0,1,0,1,1,0,0,0,2,2,3,0,No Line,0.0,none,-1,9,10,1,post,Final,Final,,,,,,,,,,,,,0,,,,,,none,809185
809424,2025-04-29,19:00,2025,CHI,DUR,Lewis Thorpe,Juan Carlos Sulbaran,,,lmb_official_calendar,1,4,10,1,3,0,0,0,5,0,1,1,0,2,9,0,No Line,0.0,none,-1,9,11,1,post,Final,Final,,,,,,,,,,,,,0,,,,,,none,809424
809515,2025-04-29,19:00,2025,MTY,SLT,Stephen Tarpley,Manny Barreda,,,lmb_official_calendar,1,3,1,0,0,0,0,0,0,1,0,2,1,3,1,0,No Line,0.0,none,-1,7,8,1,post,Final,Final,,,,,,,,,,,,,0,,,,,,none,809515
809651,2025-04-29,19:00,2025,MEX,VER,Oscar De La Cruz,Max Castillo,,,lmb_official_calendar,1,10,8,7,0,0,1,1,2,0,1,0,0,8,4,0,No Line,0.0,none,-1,15,14,1,post,Final,Final,,,,,,,,,,,,,0,,,,,,none,809651
809709,2025-04-29,19:00,2025,AGS,LAR,Shane Barringer,Junior Guerra,,,lmb_official_calendar,1,16,15,1,8,0,2,4,0,4,0,2,0,11,10,0,No Line,0.0,none,-1,24,15,1,post,Final,Final,,,,,,,,,,,,,0,,,,,,none,809709
809786,2025-04-29,19:00,2025,PUE,TAB,Victor Vargas,Tyler Danish,,,lmb_official_calendar,1,1,2,0,0,0,0,0,0,0,0,0,2,0,2,0,No Line,0.0,none,-1,3,9,1,post,Final,Final,,,,,,,,,,,,,0,,,,,,none,809786
809877,2025-04-29,19:00,2025,YUC,CAM,Raúl Alcantara,Yunesky Maya,,,lmb_official_calendar,1,2,4,0,0,0,1,0,0,0,3,0,0,0,4,0,No Line,0.0,none,-1,6,6,1,post,Final,Final,,,,,,,,,,,,,0,,,,,,none,809877
809934,2025-04-29,19:00,2025,LAG,MVA,Miguel Vazquez,Jorge Tavarez,,,lmb_official_calendar,1,5,11,0,0,1,1,0,1,1,0,0,3,2,5,0,No Line,0.0,none,-1,8,19,1,post,Final,Final,,,,,,,,,,,,,0,,,,,,none,809934
810027,2025-04-29,19:00,2025,LEO,TIG,Josimar Cousin,Darel Torres,,,lmb_official_calendar,1,5,3,0,1,0,0,3,0,0,0,0,0,3,1,0,No Line,0.0,none,-1,8,8,1,post,Final,Final,,,,,,,,,,,,,0,,,,,,none,810027
809138,2025-04-30,19:00,2025,JAL,TIJ,Elian Leyva,Jorge Perez,,,lmb_official_calendar,1,4,2,0,0,1,0,0,0,0,0,1,0,2,0,0,No Line,0.0,none,-1,9,9,1,post,Final,Final,,,,,,,,,,,,,0,,,,,,none,809138
809184,2025-04-30,19:00,2025,QRO,OAX,Dalton Rodriguez,Solomon Bates,,,lmb_official_calendar,1,5,14,0,2,0,0,1,1,0,1,0,0,1,4,0,No Line,0.0,none,-1,11,15,1,post,Final,Final,,,,,,,,,,,,,0,,,,,,none,809184
809426,2025-04-30,19:00,2025,CHI,DUR,Gabriel Ponce,Aaron Brooks,,,lmb_official_calendar,1,10,9,4,0,2,0,0,7,1,0,0,1,7,8,0,No Line,0.0,none,-1,15,13,1,post,Final,Final,,,,,,,,,,,,,0,,,,,,none,809426
809513,2025-04-30,19:00,2025,MTY,SLT,Nolan Kingham,Zach Mort,,,lmb_official_calendar,1,5,0,0,0,2,0,1,0,0,0,0,0,3,0,0,No Line,0.0,none,-1,9,4,1,post,Final,Final,,,,,,,,,,,,,0,,,,,,none,809513
809647,2025-04-30,19:00,2025,MEX,VER,Zac Grotz,Esmil Rogers,,,lmb_official_calendar,1,13,9,5,0,0,0,0,0,0,3,0,2,5,5,0,No Line,0.0,none,-1,16,14,1,post,Final,Final,,,,,,,,,,,,,0,,,,,,none,809647
809703,2025-04-30,19:00,2025,AGS,LAR,Ronald Medrano,Brandon Brennan,,,lmb_official_calendar,1,10,8,2,0,0,0,2,0,1,0,1,0,6,0,0,No Line,0.0,none,-1,11,7,1,post,Final,Final,,,,,,,,,,,,,0,,,,,,none,809703
809784,2025-04-30,19:00,2025,PUE,TAB,Angel Sanchez,Adrian Almeida,,,lmb_official_calendar,1,7,12,0,0,0,3,0,0,2,0,0,2,2,5,0,No Line,0.0,none,-1,12,11,1,post,Final,Final,,,,,,,,,,,,,0,,,,,,none,809784
809881,2025-04-30,19:00,2025,YUC,CAM,Yoanner Negrin,Miller Hogan,,,lmb_official_calendar,1,2,4,0,0,0,0,0,0,1,0,1,1,2,1,0,No Line,0.0,none,-1,4,6,1,post,Final,Final,,,,,,,,,,,,,0,,,,,,none,809881
809926,2025-04-30,19:00,2025,LAG,MVA,Aldo Montes,Steven Moyers,,,lmb_official_calendar,1,7,3,0,3,3,0,4,0,0,0,0,0,7,3,0,No Line,0.0,none,-1,8,3,1,post,Final,Final,,,,,,,,,,,,,0,,,,,,none,809926
810030,2025-04-30,19:00,2025,LEO,TIG,Chris Vallimont,,,,lmb_official_calendar,0,7,6,0,4,1,1,0,0,6,0,0,0,7,5,0,No Line,0.0,none,-1,11,12,1,post,Final,Final,,,,,,,,,,,,,0,,,,,,none,810030
809133,2025-05-01,19:00,2025,JAL,TIJ,Luis Payan,Julio Teheran,,,lmb_official_calendar,1,5,10,4,0,0,0,0,0,0,1,0,2,4,3,0,No Line,0.0,none,-1,10,20,1,post,Final,Final,,,,,,,,,,,,,0,,,,,,none,809133
809187,2025-05-01,19:00,2025,QRO,OAX,Paolo Espino,Jake Faria,,,lmb_official_calendar,1,7,16,1,3,0,4,1,0,0,2,4,0,6,9,0,No Line,0.0,none,-1,12,18,1,post,Final,Final,,,,,,,,,,,,,0,,,,,,none,809187
809421,2025-05-01,19:00,2025,CHI,DUR,Devin Smeltzer,Aaron Fletcher,,,lmb_official_calendar,1,9,7,0,1,0,0,7,0,0,0,2,0,9,1,0,No Line,0.0,none,-1,8,11,1,post,Final,Final,,,,,,,,,,,,,0,,,,,,none,809421
809653,2025-05-01,19:00,2025,MEX,VER,Dan Straily,Tyler Alexander,,,lmb_official_calendar,1,4,2,0,0,3,1,1,0,0,0,0,0,4,1,0,No Line,0.0,none,-1,6,7,1,post,Final,Final,,,,,,,,,,,,,0,,,,,,none,809653
809707,2025-05-01,19:00,2025,AGS,LAR,Deylen Miley,Nate Antone,,,lmb_official_calendar,1,11,10,1,0,1,1,0,0,2,2,0,0,4,3,0,No Line,0.0,none,-1,14,9,1,post,Final,Final,,,,,,,,,,,,,0,,,,,,none,809707
809789,2025-05-01,19:00,2025,PUE,TAB,Luis De Avila,Jose Samayoa,,,lmb_official_calendar,1,5,2,1,0,0,1,0,1,0,0,0,0,1,2,0,No Line,0.0,none,-1,10,8,1,post,Final,Final,,,,,,,,,,,,,0,,,,,,none,809789
809880,2025-05-01,19:00,2025,YUC,CAM,César Valdez,Jon Olsen,,,lmb_official_calendar,1,3,2,0,0,1,0,0,0,0,0,1,0,2,0,0,No Line,0.0,none,-1,6,8,1,post,Final,Final,,,,,,,,,,,,,0,,,,,,none,809880
809929,2025-05-01,19:00,2025,LAG,MVA,Travis Lakins,Wilmer Rios,,,lmb_official_calendar,1,5,8,0,0,0,2,0,2,0,1,3,2,3,7,0,No Line,0.0,none,-1,9,15,1,post,Final,Final,,,,,,,,,,,,,0,,,,,,none,809929
810026,2025-05-01,19:00,2025,LEO,TIG,Adam Wolf,Kobe Foster,,,lmb_official_calendar,1,5,4,0,0,0,0,0,0,2,1,0,0,2,1,0,No Line,0.0,none,-1,11,7,1,post,Final,Final,,,,,,,,,,,,,0,,,,,,none,810026
809186,2025-05-02,19:00,2025,QRO,YUC,Andy Otero,Logan Ondrusek,,,lmb_official_calendar,1,3,2,0,2,0,0,0,0,1,0,0,0,1,2,0,No Line,0.0,none,-1,9,9,1,post,Final,Final,,,,,,,,,,,,,0,,,,,,none,809186
809279,2025-05-02,19:00,2025,TIJ,CHI,Matt Dermody,Caleb Smith,,,lmb_official_calendar,1,4,0,0,0,2,0,0,0,2,0,0,0,4,0,0,No Line,0.0,none,-1,10,3,1,post,Final,Final,,,,,,,,,,,,,0,,,,,,none,809279
809326,2025-05-02,19:00,2025,DUR,MVA,Jake Thompson,Austin Warner,,,lmb_official_calendar,1,6,8,0,1,1,0,0,0,0,1,1,0,2,2,0,No Line,0.0,none,-1,14,14,1,post,Final,Final,,,,,,,,,,,,,0,,,,,,none,809326
809469,2025-05-02,19:00,2025,TIG,TAB,Alex Delgado,Yoennis Yera,,,lmb_official_calendar,1,4,5,1,1,0,0,0,1,0,0,0,0,1,2,0,No Line,0.0,none,-1,9,8,1,post,Final,Final,,,,,,,,,,,,,0,,,,,,none,809469
809512,2025-05-02,19:00,2025,MTY,AGS,Manny Banuelos,Elniery García,,,lmb_official_calendar,1,6,4,2,0,0,2,0,0,0,2,0,0,2,4,0,No Line,0.0,none,-1,10,7,1,post,Final,Final,,,,,,,,,,,,,0,,,,,,none,809512
809648,2025-05-02,19:00,2025,MEX,OAX,Justin Courtney,Radhames Liz,,,lmb_official_calendar,1,11,2,2,0,1,0,1,1,1,1,0,0,5,2,0,No Line,0.0,none,-1,20,6,1,post,Final,Final,,,,,,,,,,,,,0,,,,,,none,809648
809743,2025-05-02,19:00,2025,CAM,VER,Domingo Acevedo,David Reyes,,,lmb_official_calendar,1,3,8,0,0,1,0,0,2,0,1,0,0,1,3,0,No Line,0.0,none,-1,7,11,1,post,Final,Final,,,,,,,,,,,,,0,,,,,,none,809743
809840,2025-05-02,19:00,2025,SLT,JAL,Kurt Heyer,Dereck Rodríguez,,,lmb_official_calendar,1,8,5,2,0,1,0,0,1,0,0,0,0,3,1,0,No Line,0.0,none,-1,17,12,1,post,Final,Final,,,,,,,,,,,,,0,,,,,,none,809840
809925,2025-05-02,19:00,2025,LAG,LAR,Omar Araujo,Cory Abbott,,,lmb_official_calendar,1,5,3,0,0,2,0,1,0,1,1,0,0,4,1,0,No Line,0.0,none,-1,9,4,1,post,Final,Final,,,,,,,,,,,,,0,,,,,,none,809925
810022,2025-05-02,19:00,2025,LEO,PUE,Derek West,Wendolyn Bautista,,,lmb_official_calendar,1,5,13,0,0,0,4,0,0,2,4,2,0,4,8,0,No Line,0.0,none,-1,10,16,1,post,Final,Final,,,,,,,,,,,,,0,,,,,,none,810022
809179,2025-05-03,19:00,2025,QRO,YUC,Aríel Miranda,Odrisamer Despaigne,,,lmb_official_calendar,1,13,12,2,2,0,0,2,3,2,1,4,0,10,6,0,No Line,0.0,none,-1,15,16,1,post,Final,Final,,,,,,,,,,,,,0,,,,,,none,809179
809281,2025-05-03,19:00,2025,TIJ,CHI,Ben Braymer,Kevin Kelly,,,lmb_official_calendar,1,4,2,1,0,0,0,1,0,1,1,1,0,4,1,0,No Line,0.0,none,-1,8,5,1,post,Final,Final,,,,,,,,,,,,,0,,,,,,none,809281
809323,2025-05-03,19:00,2025,DUR,MVA,Felix Doubront,Christian Young,,,lmb_official_calendar,1,0,3,0,0,0,0,0,1,0,1,0,0,0,2,0,No Line,0.0,none,-1,2,12,1,post,Final,Final,,,,,,,,,,,,,0,,,,,,none,809323
809470,2025-05-03,19:00,2025,TIG,TAB,Cameron Gann,Jeff Kinley,,,lmb_official_calendar,1,5,6,0,2,0,0,1,2,0,0,2,0,3,4,0,No Line,0.0,none,-1,8,11,1,post,Final,Final,,,,,,,,,,,,,0,,,,,,none,809470
809517,2025-05-03,19:00,2025,MTY,AGS,Tyler Viza,Noah Bremer,,,lmb_official_calendar,1,5,10,0,0,0,1,3,5,2,3,0,0,5,9,0,No Line,0.0,none,-1,8,15,1,post,Final,Final,,,,,,,,,,,,,0,,,,,,none,809517
809650,2025-05-03,19:00,2025,MEX,OAX,Jose Bravo,Kyle Funkhouser,,,lmb_official_calendar,1,11,10,0,1,0,0,0,1,1,1,5,3,6,6,0,No Line,0.0,none,-1,16,16,1,post,Final,Final,,,,,,,,,,,,,0,,,,,,none,809650
809744,2025-05-03,19:00,2025,CAM,VER,Sean Nolin,Dinelson Lamet,,,lmb_official_calendar,1,11,0,2,0,1,0,0,0,3,0,0,0,6,0,0,No Line,0.0,none,-1,12,4,1,post,Final,Final,,,,,,,,,,,,,0,,,,,,none,809744
809842,2025-05-03,19:00,2025,SLT,JAL,Braulio Torres-Perez,Bryce Conley,,,lmb_official_calendar,1,3,7,1,1,0,2,0,3,0,0,0,1,1,7,0,No Line,0.0,none,-1,6,9,1,post,Final,Final,,,,,,,,,,,,,0,,,,,,none,809842
809927,2025-05-03,19:00,2025,LAG,LAR,Jaime Barria,Daniel Mengden,,,lmb_official_calendar,1,2,4,0,0,0,0,2,0,0,0,0,2,2,2,0,No Line,0.0,none,-1,6,8,1,post,Final,Final,,,,,,,,,,,,,0,,,,,,none,809927
810016,2025-05-03,19:00,2025,LEO,PUE,Faustino Carrera,Vladimir Gutierrez,,,lmb_official_calendar,1,3,14,0,4,1,0,0,2,1,2,0,2,2,10,0,No Line,0.0,none,-1,6,17,1,post,Final,Final,,,,,,,,,,,,,0,,,,,,none,810016
809181,2025-05-04,19:00,2025,QRO,YUC,Ronald Bolaños,Raúl Alcantara,,,lmb_official_calendar,1,8,5,0,0,3,0,0,0,0,2,0,2,3,4,0,No Line,0.0,none,-1,11,7,1,post,Final,Final,,,,,,,,,,,,,0,,,,,,none,809181
809277,2025-05-04,19:00,2025,TIJ,CHI,Caleb Baragar,Javier Solano,,,lmb_official_calendar,1,3,0,0,0,3,0,0,0,0,0,0,0,3,0,0,No Line,0.0,none,-1,5,6,1,post,Final,Final,,,,,,,,,,,,,0,,,,,,none,809277
809324,2025-05-04,19:00,2025,DUR,MVA,Francisco Haro,Jorge Tavarez,,,lmb_official_calendar,1,8,12,0,4,4,3,0,2,0,0,0,1,4,10,0,No Line,0.0,none,-1,12,17,1,post,Final,Final,,,,,,,,,,,,,0,,,,,,none,809324
809468,2025-05-04,19:00,2025,TIG,TAB,Darel Torres,Tyler Danish,,,lmb_official_calendar,1,4,1,0,0,0,0,0,0,1,0,0,0,1,0,0,No Line,0.0,none,-1,7,6,1,post,Final,Final,,,,,,,,,,,,,0,,,,,,none,809468
809516,2025-05-04,19:00,2025,MTY,AGS,César Vargas,Dakota Chalmers,,,lmb_official_calendar,1,4,3,1,1,2,0,0,1,0,0,1,0,4,2,0,No Line,0.0,none,-1,9,9,1,post,Final,Final,,,,,,,,,,,,,0,,,,,,none,809516
809646,2025-05-04,19:00,2025,MEX,OAX,,Robert Dugger,,,lmb_official_calendar,0,7,13,0,5,1,0,0,0,0,0,0,0,1,5,0,No Line,0.0,none,-1,11,20,1,post,Final,Final,,,,,,,,,,,,,0,,,,,,none,809646
809740,2025-05-04,19:00,2025,CAM,VER,Yunesky Maya,Sammy Peralta,,,lmb_official_calendar,1,4,8,0,5,0,1,0,0,0,0,0,2,0,8,0,No Line,0.0,none,-1,5,14,1,post,Final,Final,,,,,,,,,,,,,0,,,,,,none,809740
809835,2025-05-04,19:00,2025,SLT,JAL,Cristofer Ogando,Eduardo Vera,,,lmb_official_calendar,1,4,9,0,1,0,3,0,1,0,0,2,0,2,5,0,No Line,0.0,none,-1,12,12,1,post,Final,Final,,,,,,,,,,,,,0,,,,,,none,809835
809931,2025-05-04,19:00,2025,LAG,LAR,Miguel Vazquez,Junior Guerra,,,lmb_official_calendar,1,3,6,2,0,0,2,1,0,0,0,0,0,3,2,0,No Line,0.0,none,-1,6,10,1,post,Final,Final,,,,,,,,,,,,,0,,,,,,none,809931
810017,2025-05-04,19:00,2025,LEO,PUE,Josimar Cousin,Fernando Lozano,,,lmb_official_calendar,1,8,11,0,0,1,1,0,4,1,2,0,0,2,7,0,No Line,0.0,none,-1,8,15,1,post,Final,Final,,,,,,,,,,,,,0,,,,,,none,810017
809791,2025-05-05,19:00,2025,PUE,MEX,Victor Vargas,Zac Grotz,,,lmb_official_calendar,1,5,4,0,1,0,0,0,0,0,0,0,0,0,1,0,No Line,0.0,none,-1,10,13,1,post,Final,Final,,,,,,,,,,,,,0,,,,,,none,809791
809232,2025-05-06,19:00,2025,VER,TIG,Max Castillo,Ronnie Williams,,,lmb_official_calendar,1,11,15,0,4,8,5,0,2,0,0,0,0,8,11,0,No Line,0.0,none,-1,15,19,1,post,Final,Final,,,,,,,,,,,,,0,,,,,,none,809232
809378,2025-05-06,19:00,2025,OAX,YUC,,Yoanner Negrin,,,lmb_official_calendar,0,1,11,1,3,0,1,0,1,0,1,0,0,1,6,0,No Line,0.0,none,-1,5,14,1,post,Final,Final,,,,,,,,,,,,,0,,,,,,none,809378
809514,2025-05-06,19:00,2025,MTY,LAG,Stephen Tarpley,Aldo Montes,,,lmb_official_calendar,1,4,17,0,5,0,0,0,1,1,0,0,6,1,12,0,No Line,0.0,none,-1,11,19,1,post,Final,Final,,,,,,,,,,,,,0,,,,,,none,809514
809567,2025-05-06,19:00,2025,MVA,JAL,Steven Moyers,Jeremy Rhoades,,,lmb_official_calendar,1,7,5,5,0,0,0,0,0,0,0,2,0,7,0,0,No Line,0.0,none,-1,10,7,1,post,Final,Final,,,,,,,,,,,,,0,,,,,,none,809567
809604,2025-05-06,19:00,2025,LAR,CHI,Brandon Brennan,Gabriel Ponce,,,lmb_official_calendar,1,4,5,0,1,0,1,0,0,0,2,0,1,0,5,0,No Line,0.0,none,-1,9,11,1,post,Final,Final,,,,,,,,,,,,,0,,,,,,none,809604
809699,2025-05-06,19:00,2025,AGS,DUR,Ronald Medrano,Aaron Brooks,,,lmb_official_calendar,1,4,0,2,0,0,0,0,0,1,0,0,0,3,0,0,No Line,0.0,none,-1,13,6,1,post,Final,Final,,,,,,,,,,,,,0,,,,,,none,809699
809788,2025-05-06,19:00,2025,PUE,MEX,Angel Sanchez,Dan Straily,,,lmb_official_calendar,1,6,4,1,0,1,1,2,1,0,0,0,0,4,2,0,No Line,0.0,none,-1,10,15,1,post,Final,Final,,,,,,,,,,,,,0,,,,,,none,809788
809837,2025-05-06,19:00,2025,SLT,TIJ,Manny Barreda,Jorge Perez,,,lmb_official_calendar,1,5,6,0,0,0,0,0,1,0,2,0,0,0,3,0,No Line,0.0,none,-1,10,15,1,post,Final,Final,,,,,,,,,,,,,0,,,,,,none,809837
809970,2025-05-06,19:00,2025,TAB,QRO,Adrian Almeida,Paolo Espino,,,lmb_official_calendar,1,2,6,0,1,1,1,1,3,0,0,0,0,2,5,0,No Line,0.0,none,-1,7,13,1,post,Final,Final,,,,,,,,,,,,,0,,,,,,none,809970
810020,2025-05-06,19:00,2025,LEO,CAM,Chris Vallimont,Miller Hogan,,,lmb_official_calendar,1,5,13,0,1,0,0,2,1,0,0,0,1,2,3,0,No Line,0.0,none,-1,6,21,1,post,Final,Final,,,,,,,,,,,,,0,,,,,,none,810020
809231,2025-05-07,19:00,2025,VER,TIG,Esmil Rogers,Kobe Foster,,,lmb_official_calendar,1,5,4,2,0,0,0,0,0,0,2,0,1,2,3,0,No Line,0.0,none,-1,7,16,1,post,Final,Final,,,,,,,,,,,,,0,,,,,,none,809231
809376,2025-05-07,19:00,2025,OAX,YUC,Radhames Liz,César Valdez,,,lmb_official_calendar,1,14,5,0,0,1,0,8,0,2,3,0,0,11,3,0,No Line,0.0,none,-1,20,7,1,post,Final,Final,,,,,,,,,,,,,0,,,,,,none,809376
809506,2025-05-07,19:00,2025,MTY,LAG,Nolan Kingham,Travis Lakins,,,lmb_official_calendar,1,5,4,0,0,0,2,0,1,4,0,0,0,4,3,0,No Line,0.0,none,-1,13,7,1,post,Final,Final,,,,,,,,,,,,,0,,,,,,none,809506
809561,2025-05-07,19:00,2025,MVA,JAL,Wilmer Rios,Elian Leyva,,,lmb_official_calendar,1,10,12,1,1,1,1,0,3,2,5,4,0,8,10,0,No Line,0.0,none,-1,11,11,1,post,Final,Final,,,,,,,,,,,,,0,,,,,,none,809561
809603,2025-05-07,19:00,2025,LAR,CHI,Nate Antone,Devin Smeltzer,,,lmb_official_calendar,1,5,1,0,0,0,1,0,0,3,0,0,0,3,1,0,No Line,0.0,none,-1,10,5,1,post,Final,Final,,,,,,,,,,,,,0,,,,,,none,809603
809701,2025-05-07,19:00,2025,AGS,DUR,Deylen Miley,Aaron Fletcher,,,lmb_official_calendar,1,20,7,2,0,4,0,1,1,0,0,5,0,12,1,0,No Line,0.0,none,-1,23,10,1,post,Final,Final,,,,,,,,,,,,,0,,,,,,none,809701
809790,2025-05-07,19:00,2025,PUE,MEX,Luis De Avila,Justin Courtney,,,lmb_official_calendar,1,6,7,1,1,1,0,1,0,0,0,1,3,4,4,0,No Line,0.0,none,-1,12,12,1,post,Final,Final,,,,,,,,,,,,,0,,,,,,none,809790
809838,2025-05-07,19:00,2025,SLT,TIJ,Zach Mort,Julio Teheran,,,lmb_official_calendar,1,9,10,0,0,5,0,0,4,0,0,3,0,8,4,0,No Line,0.0,none,-1,13,12,1,post,Final,Final,,,,,,,,,,,,,0,,,,,,none,809838
809974,2025-05-07,19:00,2025,TAB,QRO,Jose Samayoa,Fredy Quintero,,,lmb_official_calendar,1,1,2,0,0,0,0,1,0,0,0,0,0,1,0,0,No Line,0.0,none,-1,7,7,1,post,Final,Final,,,,,,,,,,,,,0,,,,,,none,809974
810018,2025-05-07,19:00,2025,LEO,CAM,Adam Wolf,Gyeongju Kim,,,lmb_official_calendar,1,8,5,2,3,0,0,0,0,3,0,1,2,6,5,0,No Line,0.0,none,-1,11,6,1,post,Final,Final,,,,,,,,,,,,,0,,,,,,none,810018
809230,2025-05-08,19:00,2025,VER,TIG,Tyler Alexander,Carl Edwards Jr.,,,lmb_official_calendar,1,7,10,2,2,3,0,0,4,0,0,0,0,5,6,0,No Line,0.0,none,-1,10,11,1,post,Final,Final,,,,,,,,,,,,,0,,,,,,none,809230
809379,2025-05-08,19:00,2025,OAX,YUC,,Logan Ondrusek,,,lmb_official_calendar,0,8,2,3,0,2,0,0,0,1,0,0,0,6,0,0,No Line,0.0,none,-1,11,6,1,post,Final,Final,,,,,,,,,,,,,0,,,,,,none,809379
809510,2025-05-08,19:00,2025,MTY,LAG,Manny Banuelos,Omar Araujo,,,lmb_official_calendar,1,6,1,3,0,0,0,0,0,0,1,0,0,3,1,0,No Line,0.0,none,-1,7,2,1,post,Final,Final,,,,,,,,,,,,,0,,,,,,none,809510
809562,2025-05-08,19:00,2025,MVA,JAL,Austin Warner,Luis Payan,,,lmb_official_calendar,1,5,4,0,0,2,0,3,0,0,0,0,0,5,0,0,No Line,0.0,none,-1,8,5,1,post,Final,Final,,,,,,,,,,,,,0,,,,,,none,809562
809698,2025-05-08,19:00,2025,AGS,DUR,Elniery García,Jake Thompson,,,lmb_official_calendar,1,6,7,3,0,1,0,0,0,0,0,0,1,4,1,0,No Line,0.0,none,-1,12,18,1,post,Final,Final,,,,,,,,,,,,,0,,,,,,none,809698
809831,2025-05-08,19:00,2025,SLT,TIJ,Kurt Heyer,Matt Dermody,,,lmb_official_calendar,1,5,4,0,1,0,0,0,0,2,2,3,0,5,3,0,No Line,0.0,none,-1,10,8,1,post,Final,Final,,,,,,,,,,,,,0,,,,,,none,809831
809971,2025-05-08,19:00,2025,TAB,QRO,Yoennis Yera,Andy Otero,,,lmb_official_calendar,1,0,4,0,0,0,2,0,0,0,0,0,1,0,3,0,No Line,0.0,none,-1,7,8,1,post,Final,Final,,,,,,,,,,,,,0,,,,,,none,809971
810021,2025-05-08,19:00,2025,LEO,CAM,Collin Wiles,Domingo Acevedo,,,lmb_official_calendar,1,8,7,0,0,0,0,1,3,3,1,0,0,4,4,0,No Line,0.0,none,-1,12,12,1,post,Final,Final,,,,,,,,,,,,,0,,,,,,none,810021
809134,2025-05-09,19:00,2025,JAL,LAR,Dereck Rodríguez,Daniel Mengden,,,lmb_official_calendar,1,18,2,4,0,5,0,3,0,4,2,0,0,16,2,0,No Line,0.0,none,-1,17,8,1,post,Final,Final,,,,,,,,,,,,,0,,,,,,none,809134
809322,2025-05-09,19:00,2025,DUR,MTY,Felix Doubront,Tyler Viza,,,lmb_official_calendar,1,3,0,0,0,0,0,2,0,0,0,0,0,2,0,0,No Line,0.0,none,-1,5,7,1,post,Final,Final,,,,,,,,,,,,,0,,,,,,none,809322
809374,2025-05-09,19:00,2025,OAX,TIG,Kyle Funkhouser,Cameron Gann,,,lmb_official_calendar,1,5,3,0,0,3,0,0,0,0,0,1,0,4,0,0,No Line,0.0,none,-1,11,5,1,post,Final,Final,,,,,,,,,,,,,0,,,,,,none,809374
809425,2025-05-09,19:00,2025,CHI,MVA,Caleb Smith,Christian Young,,,lmb_official_calendar,1,5,6,1,0,2,0,0,0,0,2,2,0,5,2,0,No Line,0.0,none,-1,16,14,1,post,Final,Final,,,,,,,,,,,,,0,,,,,,none,809425
809652,2025-05-09,19:00,2025,MEX,CAM,Jose Bravo,Sean Nolin,,,lmb_official_calendar,1,3,1,0,0,1,0,0,0,0,0,1,1,2,1,0,No Line,0.0,none,-1,8,5,1,post,Final,Final,,,,,,,,,,,,,0,,,,,,none,809652
809696,2025-05-09,19:00,2025,AGS,SLT,Wilfredo Boscan,Cristofer Ogando,,,lmb_official_calendar,1,5,15,4,2,0,1,0,0,0,5,0,0,4,8,0,No Line,0.0,none,-1,12,19,1,post,Final,Final,,,,,,,,,,,,,0,,,,,,none,809696
809879,2025-05-09,19:00,2025,YUC,VER,Jonatan Bernal,David Reyes,,,lmb_official_calendar,1,6,5,2,0,0,0,1,0,0,5,0,0,3,5,0,No Line,0.0,none,-1,12,12,1,post,Final,Final,,,,,,,,,,,,,0,,,,,,none,809879
809969,2025-05-09,19:00,2025,TAB,LEO,Jeff Kinley,Faustino Carrera,,,lmb_official_calendar,1,3,6,0,0,0,0,0,0,0,0,1,2,1,2,0,No Line,0.0,none,-1,8,7,1,post,Final,Final,,,,,,,,,,,,,0,,,,,,none,809969
809132,2025-05-10,19:00,2025,JAL,LAR,Eduardo Vera,Junior Guerra,,,lmb_official_calendar,1,1,10,0,4,0,2,0,0,0,0,0,2,0,8,0,No Line,0.0,none,-1,5,13,1,post,Final,Final,,,,,,,,,,,,,0,,,,,,none,809132
809180,2025-05-10,19:00,2025,QRO,PUE,Ronald Bolaños,Vladimir Gutierrez,,,lmb_official_calendar,1,7,10,1,0,4,0,0,0,1,0,0,7,6,7,0,No Line,0.0,none,-1,13,12,1,post,Final,Final,,,,,,,,,,,,,0,,,,,,none,809180
809182,2025-05-10,19:00,2025,QRO,PUE,Aríel Miranda,Wendolyn Bautista,,,lmb_official_calendar,1,7,8,1,2,1,3,0,1,4,2,1,0,7,8,0,No Line,0.0,none,-1,11,13,1,post,Final,Final,,,,,,,,,,,,,0,,,,,,none,809182
809318,2025-05-10,19:00,2025,DUR,MTY,Jorge Sauceda,César Vargas,,,lmb_official_calendar,1,1,6,0,0,0,1,0,2,0,0,0,0,0,3,0,No Line,0.0,none,-1,6,13,1,post,Final,Final,,,,,,,,,,,,,0,,,,,,none,809318
809372,2025-05-10,19:00,2025,OAX,TIG,Alemao Hernandez,Darel Torres,,,lmb_official_calendar,1,5,3,0,0,0,0,0,0,2,3,2,0,4,3,0,No Line,0.0,none,-1,5,8,1,post,Final,Final,,,,,,,,,,,,,0,,,,,,none,809372
809411,2025-05-10,19:00,2025,CHI,MVA,Sergio Rodriguez,Jorge Tavarez,,,lmb_official_calendar,1,6,7,1,0,0,2,0,0,3,3,0,0,4,5,0,No Line,0.0,none,-1,14,11,1,post,Final,Final,,,,,,,,,,,,,0,,,,,,none,809411
809649,2025-05-10,19:00,2025,MEX,CAM,Wilmer Font,Yunesky Maya,,,lmb_official_calendar,1,12,7,0,3,0,2,2,1,2,0,1,1,5,7,0,No Line,0.0,none,-1,13,13,1,post,Final,Final,,,,,,,,,,,,,0,,,,,,none,809649
809700,2025-05-10,19:00,2025,AGS,SLT,,Alex Sanabia,,,lmb_official_calendar,0,9,17,1,0,0,1,1,4,1,4,0,2,3,11,0,No Line,0.0,none,-1,15,20,1,post,Final,Final,,,,,,,,,,,,,0,,,,,,none,809700
809885,2025-05-10,19:00,2025,YUC,VER,Raúl Alcantara,Dinelson Lamet,,,lmb_official_calendar,1,6,2,0,1,1,0,0,0,0,0,0,0,1,1,0,No Line,0.0,none,-1,5,8,1,post,Final,Final,,,,,,,,,,,,,0,,,,,,none,809885
809928,2025-05-10,19:00,2025,LAG,TIJ,Jaime Barria,Ben Braymer,,,lmb_official_calendar,1,4,11,0,1,0,0,2,8,0,0,1,1,3,10,0,No Line,0.0,none,-1,6,14,1,post,Final,Final,,,,,,,,,,,,,0,,,,,,none,809928
809975,2025-05-10,19:00,2025,TAB,LEO,Tyler Danish,Josimar Cousin,,,lmb_official_calendar,1,6,2,0,0,0,1,0,0,0,0,4,0,4,1,0,No Line,0.0,none,-1,7,8,1,post,Final,Final,,,,,,,,,,,,,0,,,,,,none,809975
809131,2025-05-11,19:00,2025,JAL,LAR,Jeremy Rhoades,Brandon Brennan,,,lmb_official_calendar,1,15,10,1,1,0,0,0,2,0,6,9,0,10,9,0,No Line,0.0,none,-1,12,18,1,post,Final,Final,,,,,,,,,,,,,0,,,,,,none,809131
809183,2025-05-11,19:00,2025,QRO,PUE,Paolo Espino,Fernando Lozano,,,lmb_official_calendar,1,3,16,1,1,0,4,1,1,0,2,0,1,2,9,0,No Line,0.0,none,-1,10,24,1,post,Final,Final,,,,,,,,,,,,,0,,,,,,none,809183
809319,2025-05-11,19:00,2025,DUR,MTY,Aaron Brooks,Stephen Tarpley,,,lmb_official_calendar,1,3,7,0,0,0,2,1,0,2,0,0,2,3,4,0,No Line,0.0,none,-1,9,11,1,post,Final,Final,,,,,,,,,,,,,0,,,,,,none,809319
809373,2025-05-11,19:00,2025,OAX,TIG,Sal Romano,Ronnie Williams,,,lmb_official_calendar,1,3,9,0,2,0,0,0,1,1,0,2,0,3,3,0,No Line,0.0,none,-1,10,10,1,post,Final,Final,,,,,,,,,,,,,0,,,,,,none,809373
809415,2025-05-11,19:00,2025,CHI,MVA,Gabriel Ponce,Steven Moyers,,,lmb_official_calendar,1,10,4,2,0,0,0,0,0,0,3,2,0,4,3,0,No Line,0.0,none,-1,12,6,1,post,Final,Final,,,,,,,,,,,,,0,,,,,,none,809415
809638,2025-05-11,19:00,2025,MEX,CAM,Zac Grotz,Miller Hogan,,,lmb_official_calendar,1,11,7,1,3,2,0,0,0,3,0,1,0,7,3,0,No Line,0.0,none,-1,9,9,1,post,Final,Final,,,,,,,,,,,,,0,,,,,,none,809638
809694,2025-05-11,19:00,2025,AGS,SLT,Ronald Medrano,Manny Barreda,,,lmb_official_calendar,1,10,9,0,1,3,0,0,0,5,2,0,0,8,3,0,No Line,0.0,none,-1,13,12,1,post,Final,Final,,,,,,,,,,,,,0,,,,,,none,809694
809878,2025-05-11,19:00,2025,YUC,VER,César Valdez,Sammy Peralta,,,lmb_official_calendar,1,2,8,1,0,0,0,0,6,0,0,0,0,1,6,0,No Line,0.0,none,-1,6,12,1,post,Final,Final,,,,,,,,,,,,,0,,,,,,none,809878
809930,2025-05-11,19:00,2025,LAG,TIJ,Miguel Vazquez,Caleb Baragar,,,lmb_official_calendar,1,2,10,0,0,0,0,0,0,0,1,0,1,0,2,0,No Line,0.0,none,-1,4,12,1,post,Final,Final,,,,,,,,,,,,,0,,,,,,none,809930
809972,2025-05-11,19:00,2025,TAB,LEO,Adrian Almeida,Chris Vallimont,,,lmb_official_calendar,1,6,7,5,2,1,3,0,0,0,0,0,1,6,6,0,No Line,0.0,none,-1,13,12,1,post,Final,Final,,,,,,,,,,,,,0,,,,,,none,809972
809918,2025-05-12,19:00,2025,LAG,TIJ,Aldo Montes,Jorge Perez,,,lmb_official_calendar,1,8,9,0,0,3,0,0,1,2,0,0,5,5,6,0,No Line,0.0,none,-1,16,16,1,post,Final,Final,,,,,,,,,,,,,0,,,,,,none,809918
809173,2025-05-13,19:00,2025,QRO,TIG,Dalton Rodriguez,Kobe Foster,,,lmb_official_calendar,1,4,11,1,6,1,0,0,1,0,1,0,2,2,10,0,No Line,0.0,none,-1,13,15,1,post,Final,Final,,,,,,,,,,,,,0,,,,,,none,809173
809320,2025-05-13,19:00,2025,DUR,JAL,Jake Thompson,Luis Payan,,,lmb_official_calendar,1,19,4,1,0,0,1,5,0,0,0,1,0,7,1,0,No Line,0.0,none,-1,21,8,1,post,Final,Final,,,,,,,,,,,,,0,,,,,,none,809320
809507,2025-05-13,19:00,2025,MTY,CHI,Nolan Kingham,Devin Smeltzer,,,lmb_official_calendar,1,11,7,1,1,0,0,0,1,4,0,0,0,5,2,0,No Line,0.0,none,-1,11,12,1,post,Final,Final,,,,,,,,,,,,,0,,,,,,none,809507
809553,2025-05-13,19:00,2025,MVA,TIJ,Wilmer Rios,Julio Teheran,,,lmb_official_calendar,1,3,0,0,0,0,0,0,0,2,0,0,0,2,0,0,No Line,0.0,none,-1,4,3,1,post,Final,Final,,,,,,,,,,,,,0,,,,,,none,809553
809639,2025-05-13,19:00,2025,MEX,TAB,Dan Straily,Jose Samayoa,,,lmb_official_calendar,1,16,6,0,0,5,1,0,0,1,3,0,1,6,5,0,No Line,0.0,none,-1,15,10,1,post,Final,Final,,,,,,,,,,,,,0,,,,,,none,809639
809746,2025-05-13,19:00,2025,CAM,VER,Ljay Newsome,Esmil Rogers,,,lmb_official_calendar,1,4,5,0,0,2,0,0,0,0,2,0,0,2,2,0,No Line,0.0,none,-1,8,11,1,post,Final,Final,,,,,,,,,,,,,0,,,,,,none,809746
809785,2025-05-13,19:00,2025,PUE,YUC,Victor Vargas,Yoanner Negrin,,,lmb_official_calendar,1,11,3,2,0,4,0,3,0,0,0,0,3,9,3,0,No Line,0.0,none,-1,14,6,1,post,Final,Final,,,,,,,,,,,,,0,,,,,,none,809785
809833,2025-05-13,19:00,2025,SLT,LAR,Zach Mort,Daniel Mengden,,,lmb_official_calendar,1,2,14,0,0,0,0,1,0,0,3,0,3,1,6,0,No Line,0.0,none,-1,10,16,1,post,Final,Final,,,,,,,,,,,,,0,,,,,,none,809833
809919,2025-05-13,19:00,2025,LAG,AGS,Travis Lakins,Deylen Miley,,,lmb_official_calendar,1,2,1,0,0,0,0,0,0,0,0,0,1,0,1,0,No Line,0.0,none,-1,4,11,1,post,Final,Final,,,,,,,,,,,,,0,,,,,,none,809919
810019,2025-05-13,19:00,2025,LEO,OAX,Adam Wolf,Solomon Bates,,,lmb_official_calendar,1,6,10,1,1,0,0,0,5,1,0,2,1,4,7,0,No Line,0.0,none,-1,10,14,1,post,Final,Final,,,,,,,,,,,,,0,,,,,,none,810019
809321,2025-05-14,19:00,2025,DUR,JAL,Oscar De La Cruz,Elian Leyva,,,lmb_official_calendar,1,5,13,0,0,2,0,2,0,1,0,0,8,5,8,0,No Line,0.0,none,-1,11,19,1,post,Final,Final,,,,,,,,,,,,,0,,,,,,none,809321
809504,2025-05-14,19:00,2025,MTY,CHI,Manny Banuelos,Caleb Smith,,,lmb_official_calendar,1,2,4,1,0,0,0,0,1,1,1,0,0,2,2,0,No Line,0.0,none,-1,5,8,1,post,Final,Final,,,,,,,,,,,,,0,,,,,,none,809504
809554,2025-05-14,19:00,2025,MVA,TIJ,Austin Warner,Matt Dermody,,,lmb_official_calendar,1,10,9,2,3,0,0,0,2,4,1,0,2,6,8,0,No Line,0.0,none,-1,14,8,1,post,Final,Final,,,,,,,,,,,,,0,,,,,,none,809554
809645,2025-05-14,19:00,2025,MEX,TAB,Justin Courtney,Yoennis Yera,,,lmb_official_calendar,1,1,2,0,1,0,0,0,0,0,0,0,0,0,1,0,No Line,0.0,none,-1,7,10,1,post,Final,Final,,,,,,,,,,,,,0,,,,,,none,809645
809741,2025-05-14,19:00,2025,CAM,VER,Domingo Acevedo,Tyler Alexander,,,lmb_official_calendar,1,13,5,3,0,0,1,0,0,7,0,1,0,11,1,0,No Line,0.0,none,-1,15,9,1,post,Final,Final,,,,,,,,,,,,,0,,,,,,none,809741
809787,2025-05-14,19:00,2025,PUE,YUC,Angel Sanchez,Logan Ondrusek,,,lmb_official_calendar,1,15,2,3,0,2,0,0,0,0,0,3,0,8,0,0,No Line,0.0,none,-1,17,8,1,post,Final,Final,,,,,,,,,,,,,0,,,,,,none,809787
809834,2025-05-14,19:00,2025,SLT,LAR,Kurt Heyer,Nate Antone,,,lmb_official_calendar,1,4,5,0,0,0,0,0,1,2,0,0,1,2,2,0,No Line,0.0,none,-1,7,11,1,post,Final,Final,,,,,,,,,,,,,0,,,,,,none,809834
809922,2025-05-14,19:00,2025,LAG,AGS,Grant Gavin,Elniery García,,,lmb_official_calendar,1,12,8,1,0,2,0,0,2,3,0,0,0,6,2,0,No Line,0.0,none,-1,16,7,1,post,Final,Final,,,,,,,,,,,,,0,,,,,,none,809922
810008,2025-05-14,19:00,2025,LEO,OAX,Collin Wiles,Radhames Liz,,,lmb_official_calendar,1,2,18,0,1,2,0,0,0,0,0,0,2,2,3,0,No Line,0.0,none,-1,7,22,1,post,Final,Final,,,,,,,,,,,,,0,,,,,,none,810008
809176,2025-05-15,19:00,2025,QRO,TIG,Ronald Bolaños,Cameron Gann,,,lmb_official_calendar,1,10,16,1,3,0,2,5,1,0,2,0,0,6,8,0,No Line,0.0,none,-1,17,18,1,post,Final,Final,,,,,,,,,,,,,0,,,,,,none,809176
809177,2025-05-15,19:00,2025,QRO,TIG,Andy Otero,Carl Edwards Jr.,,,lmb_official_calendar,1,9,4,2,2,1,1,0,0,2,0,1,1,6,4,0,No Line,0.0,none,-1,13,7,1,post,Final,Final,,,,,,,,,,,,,0,,,,,,none,809177
809316,2025-05-15,19:00,2025,DUR,JAL,Felix Doubront,Dereck Rodríguez,,,lmb_official_calendar,1,8,7,4,1,0,1,0,2,0,0,2,2,6,6,0,No Line,0.0,none,-1,8,13,1,post,Final,Final,,,,,,,,,,,,,0,,,,,,none,809316
809505,2025-05-15,19:00,2025,MTY,CHI,Tyler Viza,Sergio Rodriguez,,,lmb_official_calendar,1,3,1,0,0,2,0,1,0,0,1,0,0,3,1,0,No Line,0.0,none,-1,9,5,1,post,Final,Final,,,,,,,,,,,,,0,,,,,,none,809505
809556,2025-05-15,19:00,2025,MVA,TIJ,Christian Young,Ben Braymer,,,lmb_official_calendar,1,11,2,0,0,0,0,1,0,0,0,0,1,1,1,0,No Line,0.0,none,-1,7,8,1,post,Final,Final,,,,,,,,,,,,,0,,,,,,none,809556
809641,2025-05-15,19:00,2025,MEX,TAB,Jose Bravo,Jeff Kinley,,,lmb_official_calendar,1,10,9,0,0,0,0,0,1,0,5,4,0,4,6,0,No Line,0.0,none,-1,13,12,1,post,Final,Final,,,,,,,,,,,,,0,,,,,,none,809641
809742,2025-05-15,19:00,2025,CAM,VER,Sean Nolin,David Reyes,,,lmb_official_calendar,1,3,2,1,0,1,0,1,1,0,1,0,0,3,2,0,No Line,0.0,none,-1,11,11,1,post,Final,Final,,,,,,,,,,,,,0,,,,,,none,809742
809777,2025-05-15,19:00,2025,PUE,YUC,Luis De Avila,,,,lmb_official_calendar,0,8,13,0,1,0,1,1,0,3,6,2,0,6,8,0,No Line,0.0,none,-1,11,18,1,post,Final,Final,,,,,,,,,,,,,0,,,,,,none,809777
809827,2025-05-15,19:00,2025,SLT,LAR,Cristofer Ogando,Drew Strotman,,,lmb_official_calendar,1,13,11,7,4,0,0,4,0,0,0,0,1,11,5,0,No Line,0.0,none,-1,16,12,1,post,Final,Final,,,,,,,,,,,,,0,,,,,,none,809827
809920,2025-05-15,19:00,2025,LAG,AGS,Ricardo Sánchez,Alex Scherff,,,lmb_official_calendar,1,6,13,1,1,1,4,0,1,1,1,0,4,3,11,0,No Line,0.0,none,-1,7,16,1,post,Final,Final,,,,,,,,,,,,,0,,,,,,none,809920
810010,2025-05-15,19:00,2025,LEO,OAX,Faustino Carrera,Jake Faria,,,lmb_official_calendar,1,6,5,0,0,0,0,0,1,0,0,2,3,2,4,0,No Line,0.0,none,-1,9,12,1,post,Final,Final,,,,,,,,,,,,,0,,,,,,none,810010
809125,2025-05-16,19:00,2025,JAL,CHI,Eduardo Vera,Gabriel Ponce,,,lmb_official_calendar,1,9,1,0,0,0,0,1,0,4,0,0,0,5,0,0,No Line,0.0,none,-1,9,2,1,post,Final,Final,,,,,,,,,,,,,0,,,,,,none,809125
809229,2025-05-16,19:00,2025,VER,TAB,Dinelson Lamet,Tyler Danish,,,lmb_official_calendar,1,7,6,1,5,0,0,1,0,1,0,0,0,3,5,0,No Line,0.0,none,-1,10,8,1,post,Final,Final,,,,,,,,,,,,,0,,,,,,none,809229
809278,2025-05-16,19:00,2025,TIJ,DUR,Caleb Baragar,Jake Walters,,,lmb_official_calendar,1,4,1,0,0,0,0,0,0,4,0,0,1,4,1,0,No Line,0.0,none,-1,7,6,1,post,Final,Final,,,,,,,,,,,,,0,,,,,,none,809278
809371,2025-05-16,19:00,2025,OAX,PUE,Kyle Funkhouser,Wendolyn Bautista,,,lmb_official_calendar,1,0,8,0,0,0,0,0,3,0,4,0,0,0,7,0,No Line,0.0,none,-1,5,12,1,post,Final,Final,,,,,,,,,,,,,0,,,,,,none,809371
809467,2025-05-16,19:00,2025,TIG,YUC,Darel Torres,César Valdez,,,lmb_official_calendar,1,1,3,0,1,0,1,0,0,0,1,0,0,0,3,0,No Line,0.0,none,-1,4,8,1,post,Final,Final,,,,,,,,,,,,,0,,,,,,none,809467
809745,2025-05-16,19:00,2025,CAM,QRO,Yunesky Maya,Ronald Bolaños,,,lmb_official_calendar,1,2,3,0,0,0,2,2,0,0,0,0,1,2,3,0,No Line,0.0,none,-1,5,11,1,post,Final,Final,,,,,,,,,,,,,0,,,,,,none,809745
809832,2025-05-16,19:00,2025,SLT,LAG,Alex Sanabia,Jaime Barria,,,lmb_official_calendar,1,6,8,0,0,2,0,0,0,2,3,1,0,5,3,0,No Line,0.0,none,-1,13,13,1,post,Final,Final,,,,,,,,,,,,,0,,,,,,none,809832
810011,2025-05-16,19:00,2025,LEO,MEX,Josimar Cousin,Wilmer Font,,,lmb_official_calendar,1,6,7,0,0,0,0,3,1,0,2,0,2,3,5,0,No Line,0.0,none,-1,9,13,1,post,Final,Final,,,,,,,,,,,,,0,,,,,,none,810011
809128,2025-05-17,19:00,2025,JAL,CHI,Zach Matson,Sebastian Rodriguez,,,lmb_official_calendar,1,11,10,0,2,1,4,2,1,3,0,0,0,6,7,0,No Line,0.0,none,-1,16,13,1,post,Final,Final,,,,,,,,,,,,,0,,,,,,none,809128
809228,2025-05-17,19:00,2025,VER,TAB,Sammy Peralta,Adrian Almeida,,,lmb_official_calendar,1,5,9,2,1,2,0,0,0,0,2,0,3,4,6,0,No Line,0.0,none,-1,9,12,1,post,Final,Final,,,,,,,,,,,,,0,,,,,,none,809228
809276,2025-05-17,19:00,2025,TIJ,DUR,Jorge Perez,Aaron Brooks,,,lmb_official_calendar,1,4,5,0,0,0,1,0,3,0,0,0,0,0,4,0,No Line,0.0,none,-1,9,10,1,post,Final,Final,,,,,,,,,,,,,0,,,,,,none,809276
809370,2025-05-17,19:00,2025,OAX,PUE,Alemao Hernandez,Vladimir Gutierrez,,,lmb_official_calendar,1,13,1,1,0,4,0,0,1,1,0,0,0,6,1,0,No Line,0.0,none,-1,14,6,1,post,Final,Final,,,,,,,,,,,,,0,,,,,,none,809370
809463,2025-05-17,19:00,2025,TIG,YUC,Ronnie Williams,Jose Torres,,,lmb_official_calendar,1,0,8,0,1,0,0,0,0,0,2,0,0,0,3,0,No Line,0.0,none,-1,5,10,1,post,Final,Final,,,,,,,,,,,,,0,,,,,,none,809463
809508,2025-05-17,19:00,2025,MTY,LAR,César Vargas,Junior Guerra,,,lmb_official_calendar,1,1,11,0,1,0,5,0,0,0,0,0,0,0,6,0,No Line,0.0,none,-1,4,11,1,post,Final,Final,,,,,,,,,,,,,0,,,,,,none,809508
809558,2025-05-17,19:00,2025,MVA,AGS,Jeremy Rhoades,,,,lmb_official_calendar,0,3,1,1,1,1,0,1,0,0,0,0,0,3,1,0,No Line,0.0,none,-1,7,9,1,post,Final,Final,,,,,,,,,,,,,0,,,,,,none,809558
809736,2025-05-17,19:00,2025,CAM,QRO,Miller Hogan,Aríel Miranda,,,lmb_official_calendar,1,8,5,0,2,1,0,0,1,2,0,2,1,5,4,0,No Line,0.0,none,-1,9,12,1,post,Final,Final,,,,,,,,,,,,,0,,,,,,none,809736
810014,2025-05-17,19:00,2025,LEO,MEX,Lisalverto Bonilla,Zac Grotz,,,lmb_official_calendar,1,12,14,0,1,0,3,0,1,1,0,1,3,2,8,0,No Line,0.0,none,-1,15,20,1,post,Final,Final,,,,,,,,,,,,,0,,,,,,none,810014
809129,2025-05-18,19:00,2025,JAL,CHI,,Devin Smeltzer,,,lmb_official_calendar,0,6,1,1,1,0,0,3,0,0,0,0,0,4,1,0,No Line,0.0,none,-1,15,7,1,post,Final,Final,,,,,,,,,,,,,0,,,,,,none,809129
809227,2025-05-18,19:00,2025,VER,TAB,Esmil Rogers,Jose Samayoa,,,lmb_official_calendar,1,3,0,1,0,0,0,0,0,0,0,0,0,1,0,0,No Line,0.0,none,-1,8,9,1,post,Final,Final,,,,,,,,,,,,,0,,,,,,none,809227
809275,2025-05-18,19:00,2025,TIJ,DUR,Julio Teheran,Jake Thompson,,,lmb_official_calendar,1,9,2,0,0,2,0,2,0,0,0,1,2,5,2,0,No Line,0.0,none,-1,14,5,1,post,Final,Final,,,,,,,,,,,,,0,,,,,,none,809275
809369,2025-05-18,19:00,2025,OAX,PUE,Sal Romano,Fernando Lozano,,,lmb_official_calendar,1,8,4,0,0,1,0,3,1,0,0,1,3,5,4,0,No Line,0.0,none,-1,14,12,1,post,Final,Final,,,,,,,,,,,,,0,,,,,,none,809369
809460,2025-05-18,19:00,2025,TIG,YUC,Kobe Foster,Yoanner Negrin,,,lmb_official_calendar,1,3,5,3,0,0,0,0,0,0,0,0,3,3,3,0,No Line,0.0,none,-1,8,10,1,post,Final,Final,,,,,,,,,,,,,0,,,,,,none,809460
809509,2025-05-18,19:00,2025,MTY,LAR,Stephen Tarpley,Brandon Brennan,,,lmb_official_calendar,1,7,4,0,0,0,0,0,1,2,2,0,0,2,3,0,No Line,0.0,none,-1,6,9,1,post,Final,Final,,,,,,,,,,,,,0,,,,,,none,809509
809555,2025-05-18,19:00,2025,MVA,AGS,,,,,lmb_official_calendar,0,1,2,0,1,0,0,0,0,0,1,0,0,0,2,0,No Line,0.0,none,-1,3,6,1,post,Final,Final,,,,,,,,,,,,,0,,,,,,none,809555
809557,2025-05-18,19:00,2025,MVA,AGS,Wilmer Rios,Deylen Miley,,,lmb_official_calendar,1,2,3,0,1,0,0,2,0,0,0,0,0,2,1,0,No Line,0.0,none,-1,4,5,1,post,Final,Final,,,,,,,,,,,,,0,,,,,,none,809557
809735,2025-05-18,19:00,2025,CAM,QRO,Ljay Newsome,Dalton Rodriguez,,,lmb_official_calendar,1,4,10,0,0,1,0,0,2,2,1,1,3,4,6,0,No Line,0.0,none,-1,7,13,1,post,Final,Final,,,,,,,,,,,,,0,,,,,,none,809735
809829,2025-05-18,19:00,2025,SLT,LAG,,,,,lmb_official_calendar,0,6,5,3,1,0,0,0,2,0,2,2,0,5,5,0,No Line,0.0,none,-1,10,13,1,post,Final,Final,,,,,,,,,,,,,0,,,,,,none,809829
809830,2025-05-18,19:00,2025,SLT,LAG,Manny Barreda,Travis Lakins,,,lmb_official_calendar,1,2,13,0,2,1,3,0,2,0,0,1,2,2,9,0,No Line,0.0,none,-1,9,16,1,post,Final,Final,,,,,,,,,,,,,0,,,,,,none,809830
810009,2025-05-18,19:00,2025,LEO,MEX,Adam Wolf,Dan Straily,,,lmb_official_calendar,1,6,10,0,0,2,1,1,0,1,2,2,2,6,5,0,No Line,0.0,none,-1,8,16,1,post,Final,Final,,,,,,,,,,,,,0,,,,,,none,810009
809511,2025-05-19,19:00,2025,MTY,LAR,Nolan Kingham,Daniel Mengden,,,lmb_official_calendar,1,4,6,1,0,0,0,0,3,1,0,1,0,3,3,0,No Line,0.0,none,-1,10,9,1,post,Final,Final,,,,,,,,,,,,,0,,,,,,none,809511
809126,2025-05-20,19:00,2025,JAL,MTY,Stephen Gonsalves,,,,lmb_official_calendar,0,6,15,0,0,1,4,4,1,0,0,0,0,5,5,0,No Line,0.0,none,-1,14,18,1,post,Final,Final,,,,,,,,,,,,,0,,,,,,none,809126
809317,2025-05-20,19:00,2025,DUR,SLT,Oscar De La Cruz,Zach Mort,,,lmb_official_calendar,1,8,13,0,2,1,2,4,1,0,0,0,2,5,7,0,No Line,0.0,none,-1,8,18,1,post,Final,Final,,,,,,,,,,,,,0,,,,,,none,809317
809366,2025-05-20,19:00,2025,OAX,VER,Radhames Liz,Tyler Alexander,,,lmb_official_calendar,1,8,7,0,0,1,4,0,0,1,1,0,0,2,5,0,No Line,0.0,none,-1,10,9,1,post,Final,Final,,,,,,,,,,,,,0,,,,,,none,809366
809413,2025-05-20,19:00,2025,CHI,LAG,Caleb Smith,Grant Gavin,,,lmb_official_calendar,1,5,9,0,1,0,0,0,0,0,2,1,2,1,5,0,No Line,0.0,none,-1,10,13,1,post,Final,Final,,,,,,,,,,,,,0,,,,,,none,809413
809461,2025-05-20,19:00,2025,TIG,PUE,Carl Edwards Jr.,Victor Vargas,,,lmb_official_calendar,1,5,1,2,1,0,0,0,0,2,0,1,0,5,1,0,No Line,0.0,none,-1,7,7,1,post,Final,Final,,,,,,,,,,,,,0,,,,,,none,809461
809606,2025-05-20,19:00,2025,LAR,MVA,Nate Antone,Austin Warner,,,lmb_official_calendar,1,0,6,0,3,0,0,0,0,0,0,0,0,0,3,0,No Line,0.0,none,-1,11,14,1,post,Final,Final,,,,,,,,,,,,,0,,,,,,none,809606
809695,2025-05-20,19:00,2025,AGS,TIJ,Elniery García,Matt Dermody,,,lmb_official_calendar,1,2,5,0,1,1,1,0,0,0,0,0,0,1,2,0,No Line,0.0,none,-1,10,8,1,post,Final,Final,,,,,,,,,,,,,0,,,,,,none,809695
809883,2025-05-20,19:00,2025,YUC,MEX,Logan Ondrusek,Justin Courtney,,,lmb_official_calendar,1,6,10,0,0,0,2,0,0,3,2,2,0,5,4,0,No Line,0.0,none,-1,8,10,1,post,Final,Final,,,,,,,,,,,,,0,,,,,,none,809883
809962,2025-05-20,19:00,2025,TAB,CAM,Yoennis Yera,Domingo Acevedo,,,lmb_official_calendar,1,4,3,1,0,0,1,0,0,0,0,0,0,1,1,0,No Line,0.0,none,-1,7,7,1,post,Final,Final,,,,,,,,,,,,,0,,,,,,none,809962
810012,2025-05-20,19:00,2025,LEO,QRO,Collin Wiles,Fredy Quintero,,,lmb_official_calendar,1,5,6,0,2,2,0,1,0,0,3,1,0,4,5,0,No Line,0.0,none,-1,9,12,1,post,Final,Final,,,,,,,,,,,,,0,,,,,,none,810012
809130,2025-05-21,19:00,2025,JAL,MTY,Dereck Rodríguez,Tyler Viza,,,lmb_official_calendar,1,7,16,0,0,0,0,2,1,1,0,2,0,5,1,0,No Line,0.0,none,-1,12,20,1,post,Final,Final,,,,,,,,,,,,,0,,,,,,none,809130
809314,2025-05-21,19:00,2025,DUR,SLT,Felix Doubront,Kurt Heyer,,,lmb_official_calendar,1,9,5,0,0,0,0,0,0,0,1,4,2,4,3,0,No Line,0.0,none,-1,14,9,1,post,Final,Final,,,,,,,,,,,,,0,,,,,,none,809314
809367,2025-05-21,19:00,2025,OAX,VER,Jake Faria,David Reyes,,,lmb_official_calendar,1,12,6,0,0,2,2,1,3,0,0,0,0,3,5,0,No Line,0.0,none,-1,16,13,1,post,Final,Final,,,,,,,,,,,,,0,,,,,,none,809367
809414,2025-05-21,19:00,2025,CHI,LAG,Sergio Rodriguez,Ricardo Sanchez,,,lmb_official_calendar,1,25,6,4,0,11,3,1,1,0,2,6,0,22,6,0,No Line,0.0,none,-1,33,8,1,post,Final,Final,,,,,,,,,,,,,0,,,,,,none,809414
809465,2025-05-21,19:00,2025,TIG,PUE,Steven Moyers,Angel Sanchez,,,lmb_official_calendar,1,1,4,0,0,0,0,0,0,0,1,0,0,0,1,0,No Line,0.0,none,-1,6,8,1,post,Final,Final,,,,,,,,,,,,,0,,,,,,none,809465
809608,2025-05-21,19:00,2025,LAR,MVA,Drew Strotman,Christian Young,,,lmb_official_calendar,1,9,0,0,0,0,0,0,0,4,0,0,0,4,0,0,No Line,0.0,none,-1,13,4,1,post,Final,Final,,,,,,,,,,,,,0,,,,,,none,809608
809697,2025-05-21,19:00,2025,AGS,TIJ,Ronald Medrano,Ben Braymer,,,lmb_official_calendar,1,7,8,4,1,1,1,0,0,0,2,0,0,5,4,0,No Line,0.0,none,-1,12,13,1,post,Final,Final,,,,,,,,,,,,,0,,,,,,none,809697
809884,2025-05-21,19:00,2025,YUC,MEX,Huascar Ynoa,Ricardo Pinto,,,lmb_official_calendar,1,2,8,0,1,0,0,0,2,0,0,0,0,0,3,0,No Line,0.0,none,-1,5,12,1,post,Final,Final,,,,,,,,,,,,,0,,,,,,none,809884
809964,2025-05-21,19:00,2025,TAB,CAM,Jeff Kinley,Yunesky Maya,,,lmb_official_calendar,1,4,1,0,0,0,0,0,0,1,0,0,0,1,0,0,No Line,0.0,none,-1,7,5,1,post,Final,Final,,,,,,,,,,,,,0,,,,,,none,809964
810013,2025-05-21,19:00,2025,LEO,QRO,Faustino Carrera,Andy Otero,,,lmb_official_calendar,1,11,3,6,0,0,0,1,2,0,1,0,0,7,3,0,No Line,0.0,none,-1,15,6,1,post,Final,Final,,,,,,,,,,,,,0,,,,,,none,810013
809127,2025-05-22,19:00,2025,JAL,MTY,Eduardo Vera,César Vargas,,,lmb_official_calendar,1,7,6,1,0,0,0,3,0,1,0,0,4,5,4,0,No Line,0.0,none,-1,12,11,1,post,Final,Final,,,,,,,,,,,,,0,,,,,,none,809127
809313,2025-05-22,19:00,2025,DUR,SLT,Jake Walters,Cristofer Ogando,,,lmb_official_calendar,1,10,5,8,0,0,0,0,4,2,0,0,0,10,4,0,No Line,0.0,none,-1,9,10,1,post,Final,Final,,,,,,,,,,,,,0,,,,,,none,809313
809368,2025-05-22,19:00,2025,OAX,VER,Kyle Funkhouser,Dinelson Lamet,,,lmb_official_calendar,1,8,7,0,1,0,0,0,1,2,1,1,0,3,3,0,No Line,0.0,none,-1,12,13,1,post,Final,Final,,,,,,,,,,,,,0,,,,,,none,809368
809412,2025-05-22,19:00,2025,CHI,LAG,Gabriel Ponce,Jaime Barria,,,lmb_official_calendar,1,2,11,1,0,0,0,1,0,0,0,0,1,2,1,0,No Line,0.0,none,-1,9,10,1,post,Final,Final,,,,,,,,,,,,,0,,,,,,none,809412
809466,2025-05-22,19:00,2025,TIG,PUE,Darel Torres,Luis De Avila,,,lmb_official_calendar,1,6,5,0,0,0,0,0,2,0,0,0,1,0,3,0,No Line,0.0,none,-1,9,4,1,post,Final,Final,,,,,,,,,,,,,0,,,,,,none,809466
809607,2025-05-22,19:00,2025,LAR,MVA,Junior Guerra,Jorge Tavarez,,,lmb_official_calendar,1,1,0,0,0,0,0,0,0,0,0,0,0,0,0,0,No Line,0.0,none,-1,9,3,1,post,Final,Final,,,,,,,,,,,,,0,,,,,,none,809607
809687,2025-05-22,19:00,2025,AGS,TIJ,Alex Scherff,Caleb Baragar,,,lmb_official_calendar,1,13,9,3,6,4,3,2,0,2,0,0,0,11,9,0,No Line,0.0,none,-1,16,9,1,post,Final,Final,,,,,,,,,,,,,0,,,,,,none,809687
809871,2025-05-22,19:00,2025,YUC,MEX,César Valdez,Zac Grotz,,,lmb_official_calendar,1,2,1,0,0,0,0,1,1,0,0,0,0,1,1,0,No Line,0.0,none,-1,6,6,1,post,Final,Final,,,,,,,,,,,,,0,,,,,,none,809871
809965,2025-05-22,19:00,2025,TAB,CAM,Tyler Danish,Yunesky Maya,,,lmb_official_calendar,1,8,1,0,0,0,0,2,0,3,0,0,0,5,0,0,No Line,0.0,none,-1,12,3,1,post,Final,Final,,,,,,,,,,,,,0,,,,,,none,809965
810015,2025-05-22,19:00,2025,LEO,QRO,Josimar Cousin,Ronald Bolaños,,,lmb_official_calendar,1,10,4,4,0,0,0,5,2,0,0,0,1,9,3,0,No Line,0.0,none,-1,14,7,1,post,Final,Final,,,,,,,,,,,,,0,,,,,,none,810015
809175,2025-05-23,19:00,2025,QRO,OAX,Aríel Miranda,Alemao Hernandez,,,lmb_official_calendar,1,3,9,0,0,0,0,0,0,0,5,0,1,0,6,0,No Line,0.0,none,-1,10,13,1,post,Final,Final,,,,,,,,,,,,,0,,,,,,none,809175
809226,2025-05-23,19:00,2025,VER,LEO,Orlando Lara,Derek West,,,lmb_official_calendar,1,4,1,0,0,0,0,0,0,0,0,1,0,1,0,0,No Line,0.0,none,-1,7,3,1,post,Final,Final,,,,,,,,,,,,,0,,,,,,none,809226
809315,2025-05-23,19:00,2025,DUR,LAR,Aaron Brooks,Brandon Brennan,,,lmb_official_calendar,1,4,5,0,1,0,0,0,0,0,0,1,0,1,1,0,No Line,0.0,none,-1,11,12,1,post,Final,Final,,,,,,,,,,,,,0,,,,,,none,809315
809416,2025-05-23,19:00,2025,CHI,AGS,Wily Peralta,Deylen Miley,,,lmb_official_calendar,1,3,4,2,0,0,1,0,1,0,0,0,0,2,2,0,No Line,0.0,none,-1,10,5,1,post,Final,Final,,,,,,,,,,,,,0,,,,,,none,809416
809559,2025-05-23,19:00,2025,MVA,SLT,Jeremy Rhoades,Zach Mort,,,lmb_official_calendar,1,3,2,2,2,0,0,0,0,0,0,0,0,2,2,0,No Line,0.0,none,-1,5,9,1,post,Final,Final,,,,,,,,,,,,,0,,,,,,none,809559
809643,2025-05-23,19:00,2025,MEX,TIG,Dan Straily,Ronnie Williams,,,lmb_official_calendar,1,6,12,0,5,3,2,1,1,0,0,0,0,4,8,0,No Line,0.0,none,-1,13,18,1,post,Final,Final,,,,,,,,,,,,,0,,,,,,none,809643
809876,2025-05-23,19:00,2025,YUC,TAB,Jose Torres,Raul Carrillo,,,lmb_official_calendar,1,2,7,0,0,0,1,2,0,0,0,0,0,2,1,0,No Line,0.0,none,-1,8,11,1,post,Final,Final,,,,,,,,,,,,,0,,,,,,none,809876
809921,2025-05-23,19:00,2025,LAG,JAL,Travis Lakins,Elian Leyva,,,lmb_official_calendar,1,7,6,1,2,2,0,0,0,0,0,0,1,3,3,0,No Line,0.0,none,-1,9,10,1,post,Final,Final,,,,,,,,,,,,,0,,,,,,none,809921
809174,2025-05-24,19:00,2025,QRO,OAX,Dalton Rodriguez,Sal Romano,,,lmb_official_calendar,1,3,5,0,0,2,0,0,0,0,2,1,3,3,5,0,No Line,0.0,none,-1,6,7,1,post,Final,Final,,,,,,,,,,,,,0,,,,,,none,809174
809225,2025-05-24,19:00,2025,VER,LEO,Esmil Rogers,Adam Wolf,,,lmb_official_calendar,1,9,6,0,0,2,0,4,2,0,0,0,0,6,2,0,No Line,0.0,none,-1,13,11,1,post,Final,Final,,,,,,,,,,,,,0,,,,,,none,809225
809274,2025-05-24,19:00,2025,TIJ,MTY,Jorge Perez,,,,lmb_official_calendar,0,5,3,0,0,0,0,0,0,0,1,3,0,3,1,0,No Line,0.0,none,-1,7,8,1,post,Final,Final,,,,,,,,,,,,,0,,,,,,none,809274
809312,2025-05-24,19:00,2025,DUR,LAR,Jake Thompson,Daniel Mengden,,,lmb_official_calendar,1,17,11,3,0,0,3,2,3,3,3,0,2,8,11,0,No Line,0.0,none,-1,19,14,1,post,Final,Final,,,,,,,,,,,,,0,,,,,,none,809312
809417,2025-05-24,19:00,2025,CHI,AGS,Devin Smeltzer,Tucker Smith,,,lmb_official_calendar,1,7,6,0,0,0,0,0,0,0,0,1,0,1,0,0,No Line,0.0,none,-1,14,18,1,post,Final,Final,,,,,,,,,,,,,0,,,,,,none,809417
809560,2025-05-24,19:00,2025,MVA,SLT,Wilmer Rios,Manny Barreda,,,lmb_official_calendar,1,11,8,0,0,0,0,1,3,0,1,0,1,1,5,0,No Line,0.0,none,-1,9,7,1,post,Final,Final,,,,,,,,,,,,,0,,,,,,none,809560
809644,2025-05-24,19:00,2025,MEX,TIG,Deolis Guerra,Kobe Foster,,,lmb_official_calendar,1,17,1,0,0,1,1,2,0,2,0,2,0,7,1,0,No Line,0.0,none,-1,20,4,1,post,Final,Final,,,,,,,,,,,,,0,,,,,,none,809644
809776,2025-05-24,19:00,2025,PUE,CAM,,,,,lmb_official_calendar,0,14,1,3,0,0,0,1,1,4,0,5,0,13,1,0,No Line,0.0,none,-1,18,8,1,post,Final,Final,,,,,,,,,,,,,0,,,,,,none,809776
809780,2025-05-24,19:00,2025,PUE,CAM,Fernando Lozano,,,,lmb_official_calendar,0,7,11,1,0,1,1,0,0,0,1,5,4,7,6,0,No Line,0.0,none,-1,9,13,1,post,Final,Final,,,,,,,,,,,,,0,,,,,,none,809780
809870,2025-05-24,19:00,2025,YUC,TAB,Yoanner Negrin,Jose Samayoa,,,lmb_official_calendar,1,10,9,0,0,7,3,1,0,0,0,0,0,8,3,0,No Line,0.0,none,-1,17,14,1,post,Final,Final,,,,,,,,,,,,,0,,,,,,none,809870
809924,2025-05-24,19:00,2025,LAG,JAL,Aldo Montes,Dovydas Neverauskas,,,lmb_official_calendar,1,5,3,0,1,0,0,0,0,1,0,3,0,4,1,0,No Line,0.0,none,-1,7,6,1,post,Final,Final,,,,,,,,,,,,,0,,,,,,none,809924
809178,2025-05-25,19:00,2025,QRO,OAX,Fredy Quintero,Radhames Liz,,,lmb_official_calendar,1,14,12,4,0,1,0,0,3,0,2,2,2,7,7,0,No Line,0.0,none,-1,19,18,1,post,Final,Final,,,,,,,,,,,,,0,,,,,,none,809178
809224,2025-05-25,19:00,2025,VER,LEO,Tyler Alexander,Adrian Almeida,,,lmb_official_calendar,1,16,2,2,0,0,0,7,0,2,0,0,1,11,1,0,No Line,0.0,none,-1,14,2,1,post,Final,Final,,,,,,,,,,,,,0,,,,,,none,809224
809273,2025-05-25,19:00,2025,TIJ,MTY,Julio Teheran,,,,lmb_official_calendar,0,5,8,0,0,1,0,3,1,1,0,0,1,5,2,0,No Line,0.0,none,-1,9,15,1,post,Final,Final,,,,,,,,,,,,,0,,,,,,none,809273
809308,2025-05-25,19:00,2025,DUR,LAR,,Nate Antone,,,lmb_official_calendar,0,13,20,0,2,0,1,3,6,0,2,1,1,4,12,0,No Line,0.0,none,-1,15,28,1,post,Final,Final,,,,,,,,,,,,,0,,,,,,none,809308
809418,2025-05-25,19:00,2025,CHI,AGS,Max Castillo,Ronald Medrano,,,lmb_official_calendar,1,6,4,0,0,0,0,0,0,2,0,1,0,3,0,0,No Line,0.0,none,-1,13,11,1,post,Final,Final,,,,,,,,,,,,,0,,,,,,none,809418
809550,2025-05-25,19:00,2025,MVA,SLT,Austin Warner,Cam Alldred,,,lmb_official_calendar,1,4,12,0,0,0,4,2,0,1,0,0,4,3,8,0,No Line,0.0,none,-1,9,19,1,post,Final,Final,,,,,,,,,,,,,0,,,,,,none,809550
809640,2025-05-25,19:00,2025,MEX,TIG,Justin Courtney,Carl Edwards Jr.,,,lmb_official_calendar,1,3,2,1,0,0,0,0,0,0,1,0,0,1,1,0,No Line,0.0,none,-1,9,8,1,post,Final,Final,,,,,,,,,,,,,0,,,,,,none,809640
809781,2025-05-25,19:00,2025,PUE,CAM,Victor Vargas,,,,lmb_official_calendar,0,5,9,0,0,2,2,0,0,2,0,1,2,5,4,0,No Line,0.0,none,-1,7,11,1,post,Final,Final,,,,,,,,,,,,,0,,,,,,none,809781
809872,2025-05-25,19:00,2025,YUC,TAB,Logan Ondrusek,Yoennis Yera,,,lmb_official_calendar,1,6,8,2,0,0,0,1,3,0,0,1,1,4,4,0,No Line,0.0,none,-1,15,11,1,post,Final,Final,,,,,,,,,,,,,0,,,,,,none,809872
809923,2025-05-25,19:00,2025,LAG,JAL,Grant Gavin,Stephen Gonsalves,,,lmb_official_calendar,1,8,5,3,2,1,0,0,0,0,1,1,1,5,4,0,No Line,0.0,none,-1,12,7,1,post,Final,Final,,,,,,,,,,,,,0,,,,,,none,809923
809272,2025-05-26,19:00,2025,TIJ,MTY,Matt Dermody,Manny Banuelos,,,lmb_official_calendar,1,4,1,0,0,0,0,0,0,0,0,0,0,0,0,0,No Line,0.0,none,-1,7,4,1,post,Final,Final,,,,,,,,,,,,,0,,,,,,none,809272
809170,2025-05-27,19:00,2025,QRO,VER,,David Reyes,,,lmb_official_calendar,0,11,5,2,0,5,2,3,0,1,0,0,2,11,4,0,No Line,0.0,none,-1,11,11,1,post,Final,Final,,,,,,,,,,,,,0,,,,,,none,809170
809271,2025-05-27,19:00,2025,TIJ,LAR,Ben Braymer,Drew Strotman,,,lmb_official_calendar,1,1,6,1,0,0,0,0,0,0,2,0,1,1,3,0,No Line,0.0,none,-1,1,11,1,post,Final,Final,,,,,,,,,,,,,0,,,,,,none,809271
809364,2025-05-27,19:00,2025,OAX,MEX,Jake Faria,Ricardo Pinto,,,lmb_official_calendar,1,7,9,1,6,2,0,4,2,0,0,0,0,7,8,0,No Line,0.0,none,-1,11,9,1,post,Final,Final,,,,,,,,,,,,,0,,,,,,none,809364
809462,2025-05-27,19:00,2025,TIG,LEO,Steven Moyers,Faustino Carrera,,,lmb_official_calendar,1,5,2,0,0,1,0,0,1,0,0,3,1,4,2,0,No Line,0.0,none,-1,9,9,1,post,Final,Final,,,,,,,,,,,,,0,,,,,,none,809462
809502,2025-05-27,19:00,2025,MTY,MVA,Jared Lakind,Christian Young,,,lmb_official_calendar,1,5,8,2,5,0,0,0,0,0,1,1,0,3,6,0,No Line,0.0,none,-1,10,15,1,post,Final,Final,,,,,,,,,,,,,0,,,,,,none,809502
809690,2025-05-27,19:00,2025,AGS,JAL,Elniery García,Dereck Rodríguez,,,lmb_official_calendar,1,9,11,2,0,0,0,2,0,4,0,0,0,8,0,0,No Line,0.0,none,-1,18,12,1,post,Final,Final,,,,,,,,,,,,,0,,,,,,none,809690
809737,2025-05-27,19:00,2025,CAM,YUC,Sean Nolin,Huascar Ynoa,,,lmb_official_calendar,1,7,11,3,1,0,1,0,2,0,1,0,0,3,5,0,No Line,0.0,none,-1,10,16,1,post,Final,Final,,,,,,,,,,,,,0,,,,,,none,809737
809828,2025-05-27,19:00,2025,SLT,CHI,Kurt Heyer,Caleb Smith,,,lmb_official_calendar,1,9,8,0,0,0,4,0,1,0,0,0,1,0,6,0,No Line,0.0,none,-1,13,12,1,post,Final,Final,,,,,,,,,,,,,0,,,,,,none,809828
809916,2025-05-27,19:00,2025,LAG,DUR,Ricardo Sanchez,Felix Doubront,,,lmb_official_calendar,1,3,1,0,0,0,0,1,1,1,0,0,0,2,1,0,No Line,0.0,none,-1,7,3,1,post,Final,Final,,,,,,,,,,,,,0,,,,,,none,809916
809966,2025-05-27,19:00,2025,TAB,PUE,Jeff Kinley,Vladimir Gutierrez,,,lmb_official_calendar,1,7,2,0,0,0,2,0,0,1,0,1,0,2,2,0,No Line,0.0,none,-1,12,5,1,post,Final,Final,,,,,,,,,,,,,0,,,,,,none,809966
809172,2025-05-28,19:00,2025,QRO,VER,,Dinelson Lamet,,,lmb_official_calendar,0,4,6,0,1,1,3,1,0,1,0,0,0,3,4,0,No Line,0.0,none,-1,6,11,1,post,Final,Final,,,,,,,,,,,,,0,,,,,,none,809172
809270,2025-05-28,19:00,2025,TIJ,LAR,Teddy Stankiewicz,Junior Guerra,,,lmb_official_calendar,1,7,6,1,1,0,0,0,0,0,0,0,0,1,1,0,No Line,0.0,none,-1,10,9,1,post,Final,Final,,,,,,,,,,,,,0,,,,,,none,809270
809363,2025-05-28,19:00,2025,OAX,MEX,Kyle Funkhouser,Zac Grotz,,,lmb_official_calendar,1,6,4,0,1,0,2,1,0,5,0,0,0,6,3,0,No Line,0.0,none,-1,11,8,1,post,Final,Final,,,,,,,,,,,,,0,,,,,,none,809363
809464,2025-05-28,19:00,2025,TIG,LEO,Darel Torres,Josimar Cousin,,,lmb_official_calendar,1,6,12,0,1,1,0,3,0,0,4,1,4,5,9,0,No Line,0.0,none,-1,11,13,1,post,Final,Final,,,,,,,,,,,,,0,,,,,,none,809464
809496,2025-05-28,19:00,2025,MTY,MVA,César Vargas,Jorge Tavarez,,,lmb_official_calendar,1,2,3,0,2,2,0,0,1,0,0,0,0,2,3,0,No Line,0.0,none,-1,4,6,1,post,Final,Final,,,,,,,,,,,,,0,,,,,,none,809496
809692,2025-05-28,19:00,2025,AGS,JAL,Ramón Rosso,Eduardo Vera,,,lmb_official_calendar,1,0,3,0,2,0,0,0,0,0,1,0,0,0,3,0,No Line,0.0,none,-1,5,10,1,post,Final,Final,,,,,,,,,,,,,0,,,,,,none,809692
809738,2025-05-28,19:00,2025,CAM,YUC,Yunesky Maya,César Valdez,,,lmb_official_calendar,1,20,8,5,0,3,0,5,0,0,4,5,1,18,5,0,No Line,0.0,none,-1,19,14,1,post,Final,Final,,,,,,,,,,,,,0,,,,,,none,809738
809826,2025-05-28,19:00,2025,SLT,CHI,Cristofer Ogando,Gabriel Ponce,,,lmb_official_calendar,1,5,10,0,5,0,0,0,1,4,0,0,0,4,6,0,No Line,0.0,none,-1,10,14,1,post,Final,Final,,,,,,,,,,,,,0,,,,,,none,809826
809917,2025-05-28,19:00,2025,LAG,DUR,Jaime Barria,Jake Walters,,,lmb_official_calendar,1,5,3,2,0,3,0,0,0,0,0,0,3,5,3,0,No Line,0.0,none,-1,8,8,1,post,Final,Final,,,,,,,,,,,,,0,,,,,,none,809917
809968,2025-05-28,19:00,2025,TAB,PUE,Tyler Danish,Angel Sanchez,,,lmb_official_calendar,1,4,9,0,3,1,0,0,0,0,5,0,1,1,9,0,No Line,0.0,none,-1,10,16,1,post,Final,Final,,,,,,,,,,,,,0,,,,,,none,809968
809171,2025-05-29,19:00,2025,QRO,VER,,Orlando Lara,,,lmb_official_calendar,0,8,5,2,0,0,0,0,1,2,0,0,2,4,3,0,No Line,0.0,none,-1,11,7,1,post,Final,Final,,,,,,,,,,,,,0,,,,,,none,809171
809268,2025-05-29,19:00,2025,TIJ,LAR,Jorge Perez,Brandon Brennan,,,lmb_official_calendar,1,1,14,0,0,0,3,0,2,1,4,0,0,1,9,0,No Line,0.0,none,-1,6,18,1,post,Final,Final,,,,,,,,,,,,,0,,,,,,none,809268
809458,2025-05-29,19:00,2025,TIG,LEO,Ronnie Williams,Aaron Shortridge,,,lmb_official_calendar,1,1,7,0,1,0,1,0,0,0,3,0,1,0,6,0,No Line,0.0,none,-1,9,10,1,post,Final,Final,,,,,,,,,,,,,0,,,,,,none,809458
809499,2025-05-29,19:00,2025,MTY,MVA,Stephen Tarpley,Jeremy Rhoades,,,lmb_official_calendar,1,8,7,1,0,0,1,0,0,0,2,0,3,1,6,0,No Line,0.0,none,-1,12,12,1,post,Final,Final,,,,,,,,,,,,,0,,,,,,none,809499
809686,2025-05-29,19:00,2025,AGS,JAL,Deylen Miley,Elian Leyva,,,lmb_official_calendar,1,6,5,4,0,0,0,1,3,1,2,0,0,6,5,0,No Line,0.0,none,-1,10,5,1,post,Final,Final,,,,,,,,,,,,,0,,,,,,none,809686
809732,2025-05-29,19:00,2025,CAM,YUC,Miller Hogan,Jose Torres,,,lmb_official_calendar,1,1,3,0,0,0,0,1,0,0,0,0,0,1,0,0,No Line,0.0,none,-1,6,5,1,post,Final,Final,,,,,,,,,,,,,0,,,,,,none,809732
809823,2025-05-29,19:00,2025,SLT,CHI,Zach Mort,Wily Peralta,,,lmb_official_calendar,1,6,0,3,0,0,0,0,0,1,0,0,0,4,0,0,No Line,0.0,none,-1,13,4,1,post,Final,Final,,,,,,,,,,,,,0,,,,,,none,809823
809910,2025-05-29,19:00,2025,LAG,DUR,Travis Lakins,Aaron Brooks,,,lmb_official_calendar,1,5,11,0,0,0,0,0,1,0,2,0,3,0,6,0,No Line,0.0,none,-1,6,17,1,post,Final,Final,,,,,,,,,,,,,0,,,,,,none,809910
809963,2025-05-29,19:00,2025,TAB,PUE,Raul Carrillo,Luis De Avila,,,lmb_official_calendar,1,2,3,1,0,0,0,0,0,0,0,0,0,1,0,0,No Line,0.0,none,-1,6,9,1,post,Final,Final,,,,,,,,,,,,,0,,,,,,none,809963
809118,2025-05-30,19:00,2025,JAL,SLT,Dovydas Neverauskas,Manny Barreda,,,lmb_official_calendar,1,8,13,5,0,0,1,3,3,0,5,0,1,8,10,0,No Line,0.0,none,-1,10,20,1,post,Final,Final,,,,,,,,,,,,,0,,,,,,none,809118
809164,2025-05-30,19:00,2025,QRO,MEX,Aríel Miranda,Deolis Guerra,,,lmb_official_calendar,1,9,10,2,3,1,0,0,0,0,4,1,0,4,7,0,No Line,0.0,none,-1,16,15,1,post,Final,Final,,,,,,,,,,,,,0,,,,,,none,809164
809361,2025-05-30,19:00,2025,OAX,TAB,Sal Romano,Joe Van Meter,,,lmb_official_calendar,1,14,3,0,0,2,0,4,0,2,0,1,0,9,0,0,No Line,0.0,none,-1,16,8,1,post,Final,Final,,,,,,,,,,,,,0,,,,,,none,809361
809456,2025-05-30,19:00,2025,TIG,CAM,Kobe Foster,Onelki Garcia,,,lmb_official_calendar,1,3,10,0,2,0,0,0,3,1,4,0,0,1,9,0,No Line,0.0,none,-1,8,11,1,post,Final,Final,,,,,,,,,,,,,0,,,,,,none,809456
809546,2025-05-30,19:00,2025,MVA,DUR,Wilmer Rios,Jake Thompson,,,lmb_official_calendar,1,7,5,0,0,0,0,0,0,0,1,5,0,5,1,0,No Line,0.0,none,-1,8,9,1,post,Final,Final,,,,,,,,,,,,,0,,,,,,none,809546
809601,2025-05-30,19:00,2025,LAR,LAG,Daniel Mengden,Aldo Montes,,,lmb_official_calendar,1,4,6,2,0,0,0,0,6,0,0,0,0,2,6,0,No Line,0.0,none,-1,9,8,1,post,Final,Final,,,,,,,,,,,,,0,,,,,,none,809601
809693,2025-05-30,19:00,2025,AGS,MTY,Tucker Smith,Nolan Kingham,,,lmb_official_calendar,1,16,10,2,1,0,4,1,0,1,0,6,0,10,5,0,No Line,0.0,none,-1,22,17,1,post,Final,Final,,,,,,,,,,,,,0,,,,,,none,809693
809779,2025-05-30,19:00,2025,PUE,VER,Wendolyn Bautista,Esmil Rogers,,,lmb_official_calendar,1,7,10,1,0,2,0,1,6,0,0,1,0,5,6,0,No Line,0.0,none,-1,13,15,1,post,Final,Final,,,,,,,,,,,,,0,,,,,,none,809779
810002,2025-05-30,19:00,2025,LEO,YUC,Derek West,,,,lmb_official_calendar,0,9,8,0,0,1,0,0,0,0,5,0,1,1,6,0,No Line,0.0,none,-1,9,12,1,post,Final,Final,,,,,,,,,,,,,0,,,,,,none,810002
809120,2025-05-31,19:00,2025,JAL,SLT,Pavel Hernandez,Braulio Torres-Perez,,,lmb_official_calendar,1,7,9,2,3,1,2,3,0,0,3,0,0,6,8,0,No Line,0.0,none,-1,9,9,1,post,Final,Final,,,,,,,,,,,,,0,,,,,,none,809120
809169,2025-05-31,19:00,2025,QRO,MEX,Dalton Rodriguez,Justin Courtney,,,lmb_official_calendar,1,4,19,1,5,0,1,0,6,2,0,1,1,4,13,0,No Line,0.0,none,-1,11,19,1,post,Final,Final,,,,,,,,,,,,,0,,,,,,none,809169
809362,2025-05-31,19:00,2025,OAX,TAB,Radhames Liz,Yoennis Yera,,,lmb_official_calendar,1,5,1,0,0,0,1,4,0,1,0,0,0,5,1,0,No Line,0.0,none,-1,11,3,1,post,Final,Final,,,,,,,,,,,,,0,,,,,,none,809362
809407,2025-05-31,19:00,2025,CHI,TIJ,Max Castillo,Luis Marquez,,,lmb_official_calendar,1,9,4,4,1,1,0,0,1,4,0,0,0,9,2,0,No Line,0.0,none,-1,8,6,1,post,Final,Final,,,,,,,,,,,,,0,,,,,,none,809407
809410,2025-05-31,19:00,2025,CHI,TIJ,Devin Smeltzer,Julio Teheran,,,lmb_official_calendar,1,8,7,0,0,2,2,3,2,2,0,0,3,7,7,0,No Line,0.0,none,-1,13,7,1,post,Final,Final,,,,,,,,,,,,,0,,,,,,none,809410
809454,2025-05-31,19:00,2025,TIG,CAM,Julio Robaina,Domingo Acevedo,,,lmb_official_calendar,1,2,4,0,1,0,0,0,2,1,0,1,1,2,4,0,No Line,0.0,none,-1,5,7,1,post,Final,Final,,,,,,,,,,,,,0,,,,,,none,809454
809455,2025-05-31,19:00,2025,TIG,CAM,Carl Edwards Jr.,Sean Nolin,,,lmb_official_calendar,1,13,6,0,0,3,0,7,1,2,5,1,0,13,6,0,No Line,0.0,none,-1,13,9,1,post,Final,Final,,,,,,,,,,,,,0,,,,,,none,809455
809548,2025-05-31,19:00,2025,MVA,DUR,Austin Warner,Oscar De La Cruz,,,lmb_official_calendar,1,2,5,0,3,0,2,0,0,0,0,2,0,2,5,0,No Line,0.0,none,-1,10,8,1,post,Final,Final,,,,,,,,,,,,,0,,,,,,none,809548
809605,2025-05-31,19:00,2025,LAR,LAG,Nate Antone,Grant Gavin,,,lmb_official_calendar,1,3,2,1,0,0,0,0,0,0,0,0,0,1,0,0,No Line,0.0,none,-1,7,10,1,post,Final,Final,,,,,,,,,,,,,0,,,,,,none,809605
809688,2025-05-31,19:00,2025,AGS,MTY,Ronald Medrano,Manny Banuelos,,,lmb_official_calendar,1,5,10,2,0,0,0,2,6,0,0,0,3,4,9,0,No Line,0.0,none,-1,7,12,1,post,Final,Final,,,,,,,,,,,,,0,,,,,,none,809688
810003,2025-05-31,19:00,2025,LEO,YUC,Josimar Cousin,Logan Ondrusek,,,lmb_official_calendar,1,7,6,0,3,1,1,1,2,0,0,0,0,2,6,0,No Line,0.0,none,-1,12,14,1,post,Final,Final,,,,,,,,,,,,,0,,,,,,none,810003
809121,2025-06-01,19:00,2025,JAL,SLT,Luis Payan,Kurt Heyer,,,lmb_official_calendar,1,4,2,0,0,0,0,0,0,0,0,0,1,0,1,0,No Line,0.0,none,-1,12,6,1,post,Final,Final,,,,,,,,,,,,,0,,,,,,none,809121
809360,2025-06-01,19:00,2025,OAX,TAB,Jake Faria,Jeff Kinley,,,lmb_official_calendar,1,5,9,0,2,2,0,0,1,0,2,0,3,2,8,0,No Line,0.0,none,-1,7,18,1,post,Final,Final,,,,,,,,,,,,,0,,,,,,none,809360
809405,2025-06-01,19:00,2025,CHI,TIJ,Caleb Smith,Matt Dermody,,,lmb_official_calendar,1,7,11,3,1,0,1,1,0,1,1,0,2,5,5,0,No Line,0.0,none,-1,11,10,1,post,Final,Final,,,,,,,,,,,,,0,,,,,,none,809405
809545,2025-06-01,19:00,2025,MVA,DUR,Christian Young,Felix Doubront,,,lmb_official_calendar,1,5,9,1,0,0,0,0,0,0,0,0,1,1,1,0,No Line,0.0,none,-1,10,15,1,post,Final,Final,,,,,,,,,,,,,0,,,,,,none,809545
809599,2025-06-01,19:00,2025,LAR,LAG,Drew Strotman,Ricardo Sanchez,,,lmb_official_calendar,1,5,6,2,1,1,0,1,0,0,1,0,0,4,2,0,No Line,0.0,none,-1,10,10,1,post,Final,Final,,,,,,,,,,,,,0,,,,,,none,809599
809689,2025-06-01,19:00,2025,AGS,MTY,Elniery García,,,,lmb_official_calendar,0,7,12,0,2,0,0,3,0,0,0,2,0,5,2,0,No Line,0.0,none,-1,13,17,1,post,Final,Final,,,,,,,,,,,,,0,,,,,,none,809689
809782,2025-06-01,19:00,2025,PUE,VER,Victor Vargas,David Reyes,,,lmb_official_calendar,1,4,5,2,0,0,1,0,0,2,1,0,0,4,2,0,No Line,0.0,none,-1,13,9,1,post,Final,Final,,,,,,,,,,,,,0,,,,,,none,809782
810005,2025-06-01,19:00,2025,LEO,YUC,Faustino Carrera,,,,lmb_official_calendar,0,4,1,0,1,0,0,2,0,1,0,0,0,3,1,0,No Line,0.0,none,-1,7,8,1,post,Final,Final,,,,,,,,,,,,,0,,,,,,none,810005
809778,2025-06-02,19:00,2025,PUE,VER,Victor Vargas,Tyler Alexander,,,lmb_official_calendar,1,12,8,0,3,6,1,0,1,0,0,0,0,6,5,0,No Line,0.0,none,-1,12,12,1,post,Final,Final,,,,,,,,,,,,,0,,,,,,none,809778
809223,2025-06-03,19:00,2025,VER,MEX,Dinelson Lamet,Nick Bennett,,,lmb_official_calendar,1,8,14,1,4,1,0,0,0,0,1,1,0,3,5,0,No Line,0.0,none,-1,8,13,1,post,Final,Final,,,,,,,,,,,,,0,,,,,,none,809223
809269,2025-06-03,19:00,2025,TIJ,JAL,Teddy Stankiewicz,Dereck Rodríguez,,,lmb_official_calendar,1,8,1,0,0,0,0,5,0,0,0,3,0,8,0,0,No Line,0.0,none,-1,8,8,1,post,Final,Final,,,,,,,,,,,,,0,,,,,,none,809269
809306,2025-06-03,19:00,2025,DUR,CHI,Tiago Da Silva,Benjamin Kowalski,,,lmb_official_calendar,1,11,13,1,1,0,0,0,3,0,1,2,3,3,8,0,No Line,0.0,none,-1,17,15,1,post,Final,Final,,,,,,,,,,,,,0,,,,,,none,809306
809359,2025-06-03,19:00,2025,OAX,CAM,Alemao Hernandez,Yunesky Maya,,,lmb_official_calendar,1,7,9,2,0,0,1,0,0,0,0,0,0,2,1,0,No Line,0.0,none,-1,15,12,1,post,Final,Final,,,,,,,,,,,,,0,,,,,,none,809359
809497,2025-06-03,19:00,2025,MTY,SLT,Luis Cessa,Cam Alldred,,,lmb_official_calendar,1,12,4,0,1,2,0,1,0,0,3,3,0,6,4,0,No Line,0.0,none,-1,11,11,1,post,Final,Final,,,,,,,,,,,,,0,,,,,,none,809497
809549,2025-06-03,19:00,2025,MVA,LAG,Jorge Tavarez,Jaime Barria,,,lmb_official_calendar,1,3,4,0,0,2,0,0,2,0,0,0,0,2,2,0,No Line,0.0,none,-1,10,9,1,post,Final,Final,,,,,,,,,,,,,0,,,,,,none,809549
809597,2025-06-03,19:00,2025,LAR,AGS,Junior Guerra,Adrian Almeida,,,lmb_official_calendar,1,3,2,0,0,0,0,0,0,0,1,0,0,0,1,0,No Line,0.0,none,-1,4,9,1,post,Final,Final,,,,,,,,,,,,,0,,,,,,none,809597
809783,2025-06-03,19:00,2025,PUE,LEO,Vladimir Gutierrez,Aaron Shortridge,,,lmb_official_calendar,1,7,8,0,1,0,0,0,1,0,0,4,1,4,3,0,No Line,0.0,none,-1,8,13,1,post,Final,Final,,,,,,,,,,,,,0,,,,,,none,809783
809873,2025-06-03,19:00,2025,YUC,QRO,César Valdez,Andy Otero,,,lmb_official_calendar,1,9,12,0,1,0,0,0,2,0,1,6,3,6,7,0,No Line,0.0,none,-1,9,17,1,post,Final,Final,,,,,,,,,,,,,0,,,,,,none,809873
809967,2025-06-03,19:00,2025,TAB,TIG,Tyler Danish,Steven Moyers,,,lmb_official_calendar,1,2,4,0,2,0,0,0,0,0,0,0,0,0,2,0,No Line,0.0,none,-1,6,8,1,post,Final,Final,,,,,,,,,,,,,0,,,,,,none,809967
809221,2025-06-04,19:00,2025,VER,MEX,Orlando Lara,Efrain Contreras,,,lmb_official_calendar,1,2,7,0,0,0,0,0,2,1,0,0,3,1,5,0,No Line,0.0,none,-1,8,11,1,post,Final,Final,,,,,,,,,,,,,0,,,,,,none,809221
809267,2025-06-04,19:00,2025,TIJ,JAL,Caleb Baragar,Eduardo Vera,,,lmb_official_calendar,1,4,1,0,0,1,0,0,0,1,1,0,0,2,1,0,No Line,0.0,none,-1,10,5,1,post,Final,Final,,,,,,,,,,,,,0,,,,,,none,809267
809310,2025-06-04,19:00,2025,DUR,CHI,Tiago Da Silva,Wily Peralta,,,lmb_official_calendar,1,4,3,2,1,0,1,0,0,0,0,0,0,2,2,0,No Line,0.0,none,-1,7,7,1,post,Final,Final,,,,,,,,,,,,,0,,,,,,none,809310
809358,2025-06-04,19:00,2025,OAX,CAM,Luis Miranda,Miller Hogan,,,lmb_official_calendar,1,4,16,1,4,0,2,0,0,0,1,2,2,3,9,0,No Line,0.0,none,-1,8,16,1,post,Final,Final,,,,,,,,,,,,,0,,,,,,none,809358
809498,2025-06-04,19:00,2025,MTY,SLT,Stephen Tarpley,Zach Mort,,,lmb_official_calendar,1,8,11,0,0,1,0,0,6,0,0,0,0,1,6,0,No Line,0.0,none,-1,13,15,1,post,Final,Final,,,,,,,,,,,,,0,,,,,,none,809498
809547,2025-06-04,19:00,2025,MVA,LAG,Wilmer Rios,Aldo Montes,,,lmb_official_calendar,1,10,1,2,0,1,1,3,0,0,0,3,0,9,1,0,No Line,0.0,none,-1,11,5,1,post,Final,Final,,,,,,,,,,,,,0,,,,,,none,809547
809551,2025-06-04,19:00,2025,MVA,LAG,Jeremy Rhoades,Travis Lakins,,,lmb_official_calendar,1,2,4,1,2,0,2,0,0,0,0,0,0,1,4,0,No Line,0.0,none,-1,5,7,1,post,Final,Final,,,,,,,,,,,,,0,,,,,,none,809551
809594,2025-06-04,19:00,2025,LAR,AGS,Brandon Brennan,Deylen Miley,,,lmb_official_calendar,1,1,5,0,2,1,0,0,2,0,0,0,0,1,4,0,No Line,0.0,none,-1,6,11,1,post,Final,Final,,,,,,,,,,,,,0,,,,,,none,809594
809771,2025-06-04,19:00,2025,PUE,LEO,Wendolyn Bautista,,,,lmb_official_calendar,0,2,19,0,3,0,12,0,0,1,1,0,1,1,17,0,No Line,0.0,none,-1,8,15,1,post,Final,Final,,,,,,,,,,,,,0,,,,,,none,809771
809775,2025-06-04,19:00,2025,PUE,LEO,Angel Sanchez,Derek West,,,lmb_official_calendar,1,4,2,0,0,0,0,0,0,4,1,0,0,4,1,0,No Line,0.0,none,-1,7,9,1,post,Final,Final,,,,,,,,,,,,,0,,,,,,none,809775
809869,2025-06-04,19:00,2025,YUC,QRO,,Ronald Bolaños,,,lmb_official_calendar,0,10,7,0,1,5,1,5,2,0,3,0,0,10,7,0,No Line,0.0,none,-1,9,10,1,post,Final,Final,,,,,,,,,,,,,0,,,,,,none,809869
809961,2025-06-04,19:00,2025,TAB,TIG,Raul Carrillo,Darel Torres,,,lmb_official_calendar,1,5,7,1,0,1,1,0,2,1,0,0,2,3,5,0,No Line,0.0,none,-1,8,11,1,post,Final,Final,,,,,,,,,,,,,0,,,,,,none,809961
809222,2025-06-05,19:00,2025,VER,MEX,Esmil Rogers,,,,lmb_official_calendar,0,6,0,0,0,0,0,0,0,0,0,0,0,0,0,0,No Line,0.0,none,-1,0,0,1,post,Final,Final,,,,,,,,,,,,,0,,,,,,none,809222
809266,2025-06-05,19:00,2025,TIJ,JAL,Jorge Perez,Zach Matson,,,lmb_official_calendar,1,7,11,0,0,1,2,0,2,0,5,3,1,4,10,0,No Line,0.0,none,-1,6,15,1,post,Final,Final,,,,,,,,,,,,,0,,,,,,none,809266
809309,2025-06-05,19:00,2025,DUR,CHI,Jake Thompson,Max Castillo,,,lmb_official_calendar,1,6,7,3,0,0,1,0,0,0,0,2,0,5,1,0,No Line,0.0,none,-1,12,9,1,post,Final,Final,,,,,,,,,,,,,0,,,,,,none,809309
809357,2025-06-05,19:00,2025,OAX,CAM,Radhames Liz,Grant Gambrell,,,lmb_official_calendar,1,8,3,0,0,0,1,2,0,2,0,0,0,4,1,0,No Line,0.0,none,-1,13,5,1,post,Final,Final,,,,,,,,,,,,,0,,,,,,none,809357
809503,2025-06-05,19:00,2025,MTY,SLT,Nolan Kingham,Manny Barreda,,,lmb_official_calendar,1,6,14,2,1,0,0,0,5,0,2,0,3,2,11,0,No Line,0.0,none,-1,8,17,1,post,Final,Final,,,,,,,,,,,,,0,,,,,,none,809503
809596,2025-06-05,19:00,2025,LAR,AGS,Daniel Mengden,Tucker Smith,,,lmb_official_calendar,1,8,0,5,0,0,0,0,0,2,0,1,0,8,0,0,No Line,0.0,none,-1,13,1,1,post,Final,Final,,,,,,,,,,,,,0,,,,,,none,809596
809874,2025-06-05,19:00,2025,YUC,QRO,Yoanner Negrin,Aríel Miranda,,,lmb_official_calendar,1,20,7,0,0,11,0,2,0,1,1,5,0,19,1,0,No Line,0.0,none,-1,19,15,1,post,Final,Final,,,,,,,,,,,,,0,,,,,,none,809874
809955,2025-06-05,19:00,2025,TAB,TIG,Joe Van Meter,Carl Edwards Jr.,,,lmb_official_calendar,1,3,1,0,0,0,0,0,0,1,0,0,0,1,0,0,No Line,0.0,none,-1,5,7,1,post,Final,Final,,,,,,,,,,,,,0,,,,,,none,809955
809122,2025-06-06,19:00,2025,JAL,MVA,Pavel Hernandez,Austin Warner,,,lmb_official_calendar,1,9,11,1,0,1,0,5,3,0,5,1,0,8,8,0,No Line,0.0,none,-1,15,21,1,post,Final,Final,,,,,,,,,,,,,0,,,,,,none,809122
809167,2025-06-06,19:00,2025,QRO,TAB,Dalton Rodriguez,Yoennis Yera,,,lmb_official_calendar,1,5,4,1,2,1,0,0,0,1,0,0,0,3,2,0,No Line,0.0,none,-1,12,5,1,post,Final,Final,,,,,,,,,,,,,0,,,,,,none,809167
809404,2025-06-06,19:00,2025,CHI,LAR,Devin Smeltzer,Nate Antone,,,lmb_official_calendar,1,11,10,3,2,1,1,3,0,0,0,0,1,7,4,0,No Line,0.0,none,-1,19,19,1,post,Final,Final,,,,,,,,,,,,,0,,,,,,none,809404
809642,2025-06-06,19:00,2025,MEX,PUE,Deolis Guerra,Luis De Avila,,,lmb_official_calendar,1,21,8,4,1,8,2,5,0,0,0,0,0,17,3,0,No Line,0.0,none,-1,22,15,1,post,Final,Final,,,,,,,,,,,,,0,,,,,,none,809642
809691,2025-06-06,19:00,2025,AGS,DUR,Ronald Medrano,Cristofer Ogando,,,lmb_official_calendar,1,10,18,3,2,0,2,3,7,1,0,0,2,7,13,0,No Line,0.0,none,-1,11,20,1,post,Final,Final,,,,,,,,,,,,,0,,,,,,none,809691
809733,2025-06-06,19:00,2025,CAM,LEO,Onelki Garcia,Josimar Cousin,,,lmb_official_calendar,1,7,10,3,0,0,0,0,0,0,0,4,0,7,0,0,No Line,0.0,none,-1,6,12,1,post,Final,Final,,,,,,,,,,,,,0,,,,,,none,809733
809824,2025-06-06,19:00,2025,SLT,TIJ,Braulio Torres-Perez,Keyvius Sampson,,,lmb_official_calendar,1,10,4,1,0,4,0,1,0,1,1,0,2,7,3,0,No Line,0.0,none,-1,16,11,1,post,Final,Final,,,,,,,,,,,,,0,,,,,,none,809824
809875,2025-06-06,19:00,2025,YUC,OAX,Jose Torres,Jake Faria,,,lmb_official_calendar,1,5,4,0,2,0,0,5,0,0,1,0,1,5,4,0,No Line,0.0,none,-1,6,10,1,post,Final,Final,,,,,,,,,,,,,0,,,,,,none,809875
809912,2025-06-06,19:00,2025,LAG,MTY,Grant Gavin,Manny Banuelos,,,lmb_official_calendar,1,5,8,0,0,0,0,0,3,1,2,0,2,1,7,0,No Line,0.0,none,-1,11,14,1,post,Final,Final,,,,,,,,,,,,,0,,,,,,none,809912
809124,2025-06-07,19:00,2025,JAL,MVA,Luis Payan,Christian Young,,,lmb_official_calendar,1,3,2,0,0,0,0,0,1,0,1,0,0,0,2,0,No Line,0.0,none,-1,5,1,1,post,Final,Final,,,,,,,,,,,,,0,,,,,,none,809124
809168,2025-06-07,19:00,2025,QRO,TAB,Ulises Joaquin,Jeff Kinley,,,lmb_official_calendar,1,7,8,0,0,0,0,1,0,1,0,0,0,2,0,0,No Line,0.0,none,-1,15,12,1,post,Final,Final,,,,,,,,,,,,,0,,,,,,none,809168
809408,2025-06-07,19:00,2025,CHI,LAR,Caleb Smith,Drew Strotman,,,lmb_official_calendar,1,15,1,2,0,1,1,5,0,1,0,0,0,9,1,0,No Line,0.0,none,-1,16,7,1,post,Final,Final,,,,,,,,,,,,,0,,,,,,none,809408
809457,2025-06-07,19:00,2025,TIG,VER,Julio Robaina,Tyler Alexander,,,lmb_official_calendar,1,3,1,0,0,0,0,0,0,0,0,0,1,0,1,0,No Line,0.0,none,-1,7,2,1,post,Final,Final,,,,,,,,,,,,,0,,,,,,none,809457
809459,2025-06-07,19:00,2025,TIG,VER,,,,,lmb_official_calendar,0,7,5,0,1,3,0,2,1,1,0,1,1,7,3,0,No Line,0.0,none,-1,11,9,1,post,Final,Final,,,,,,,,,,,,,0,,,,,,none,809459
809629,2025-06-07,19:00,2025,MEX,PUE,Justin Courtney,Fernando Lozano,,,lmb_official_calendar,1,17,6,4,0,0,1,1,0,0,0,0,0,5,1,0,No Line,0.0,none,-1,18,11,1,post,Final,Final,,,,,,,,,,,,,0,,,,,,none,809629
809685,2025-06-07,19:00,2025,AGS,DUR,Elniery García,Felix Doubront,,,lmb_official_calendar,1,12,15,0,1,1,0,1,0,0,0,0,3,2,4,0,No Line,0.0,none,-1,17,16,1,post,Final,Final,,,,,,,,,,,,,0,,,,,,none,809685
809734,2025-06-07,19:00,2025,CAM,LEO,Domingo Acevedo,Faustino Carrera,,,lmb_official_calendar,1,10,9,1,1,0,6,0,0,5,0,0,0,6,7,0,No Line,0.0,none,-1,8,11,1,post,Final,Final,,,,,,,,,,,,,0,,,,,,none,809734
809825,2025-06-07,19:00,2025,SLT,TIJ,Cameron Gann,Julio Teheran,,,lmb_official_calendar,1,11,6,4,0,5,0,1,0,1,2,0,3,11,5,0,No Line,0.0,none,-1,12,11,1,post,Final,Final,,,,,,,,,,,,,0,,,,,,none,809825
809868,2025-06-07,19:00,2025,YUC,OAX,Logan Ondrusek,,,,lmb_official_calendar,0,4,8,1,0,0,1,0,2,0,3,0,0,1,6,0,No Line,0.0,none,-1,8,16,1,post,Final,Final,,,,,,,,,,,,,0,,,,,,none,809868
809914,2025-06-07,19:00,2025,LAG,MTY,Ricardo Sanchez,César Vargas,,,lmb_official_calendar,1,5,4,0,1,0,0,0,2,0,0,0,0,0,3,0,No Line,0.0,none,-1,9,7,1,post,Final,Final,,,,,,,,,,,,,0,,,,,,none,809914
809123,2025-06-08,19:00,2025,JAL,MVA,Dereck Rodríguez,Jorge Tavarez,,,lmb_official_calendar,1,14,8,0,0,0,0,5,0,5,4,0,0,10,4,0,No Line,0.0,none,-1,19,13,1,post,Final,Final,,,,,,,,,,,,,0,,,,,,none,809123
809165,2025-06-08,19:00,2025,QRO,TAB,Andy Otero,Tyler Danish,,,lmb_official_calendar,1,6,9,0,7,3,0,0,0,0,0,0,1,3,8,0,No Line,0.0,none,-1,10,15,1,post,Final,Final,,,,,,,,,,,,,0,,,,,,none,809165
809409,2025-06-08,19:00,2025,CHI,LAR,Gabriel Ponce,Junior Guerra,,,lmb_official_calendar,1,16,19,2,3,1,4,0,0,0,0,10,7,13,14,0,No Line,0.0,none,-1,20,21,1,post,Final,Final,,,,,,,,,,,,,0,,,,,,none,809409
809452,2025-06-08,19:00,2025,TIG,VER,Steven Moyers,Dinelson Lamet,,,lmb_official_calendar,1,2,9,0,1,0,1,1,0,0,0,0,3,1,5,0,No Line,0.0,none,-1,9,13,1,post,Final,Final,,,,,,,,,,,,,0,,,,,,none,809452
809631,2025-06-08,19:00,2025,MEX,PUE,Ricardo Pinto,Vladimir Gutierrez,,,lmb_official_calendar,1,6,4,2,0,0,0,0,1,0,1,0,1,2,3,0,No Line,0.0,none,-1,11,10,1,post,Final,Final,,,,,,,,,,,,,0,,,,,,none,809631
809684,2025-06-08,19:00,2025,AGS,DUR,Adrian Almeida,Jorge Garcia,,,lmb_official_calendar,1,10,17,0,0,2,6,0,6,0,0,0,0,2,12,0,No Line,0.0,none,-1,12,24,1,post,Final,Final,,,,,,,,,,,,,0,,,,,,none,809684
809739,2025-06-08,19:00,2025,CAM,LEO,Sho Itoh,Aaron Shortridge,,,lmb_official_calendar,1,4,2,0,0,0,0,0,0,2,0,1,0,3,0,0,No Line,0.0,none,-1,9,7,1,post,Final,Final,,,,,,,,,,,,,0,,,,,,none,809739
809822,2025-06-08,19:00,2025,SLT,TIJ,Cam Alldred,Matt Dermody,,,lmb_official_calendar,1,7,4,1,1,0,0,0,0,3,0,0,0,4,1,0,No Line,0.0,none,-1,15,7,1,post,Final,Final,,,,,,,,,,,,,0,,,,,,none,809822
809866,2025-06-08,19:00,2025,YUC,OAX,Dario Agrazal,Alemao Hernandez,,,lmb_official_calendar,1,8,4,4,0,0,0,1,1,0,0,1,1,6,2,0,No Line,0.0,none,-1,13,11,1,post,Final,Final,,,,,,,,,,,,,0,,,,,,none,809866
809911,2025-06-08,19:00,2025,LAG,MTY,Jaime Barria,Luis Cessa,,,lmb_official_calendar,1,8,1,1,0,0,1,5,0,0,0,0,0,6,1,0,No Line,0.0,none,-1,15,8,1,post,Final,Final,,,,,,,,,,,,,0,,,,,,none,809911
809119,2025-06-09,19:00,2025,JAL,TIG,Eduardo Vera,Darel Torres,,,lmb_official_calendar,1,7,3,2,1,1,0,1,0,2,0,1,1,7,2,0,No Line,0.0,none,-1,13,7,1,post,Final,Final,,,,,,,,,,,,,0,,,,,,none,809119
809113,2025-06-10,19:00,2025,JAL,TIG,Dovydas Neverauskas,Carl Edwards Jr.,,,lmb_official_calendar,1,13,4,0,0,4,0,0,0,1,1,3,0,8,1,0,No Line,0.0,none,-1,14,10,1,post,Final,Final,,,,,,,,,,,,,0,,,,,,none,809113
809220,2025-06-10,19:00,2025,VER,LAG,Henry Henry,Travis Lakins,,,lmb_official_calendar,1,8,6,0,0,1,0,0,0,0,3,2,0,3,3,0,No Line,0.0,none,-1,11,8,1,post,Final,Final,,,,,,,,,,,,,0,,,,,,none,809220
809265,2025-06-10,19:00,2025,TIJ,QRO,Teddy Stankiewicz,Ronald Bolaños,,,lmb_official_calendar,1,15,3,4,0,0,0,2,0,7,2,0,1,13,3,0,No Line,0.0,none,-1,11,10,1,post,Final,Final,,,,,,,,,,,,,0,,,,,,none,809265
809311,2025-06-10,19:00,2025,DUR,YUC,Tanner Tully,Odrisamer Despaigne,,,lmb_official_calendar,1,16,10,1,0,10,2,0,0,1,4,0,0,12,6,0,No Line,0.0,none,-1,21,18,1,post,Final,Final,,,,,,,,,,,,,0,,,,,,none,809311
809356,2025-06-10,19:00,2025,OAX,AGS,Sal Romano,Deylen Miley,,,lmb_official_calendar,1,5,11,0,7,0,0,2,1,0,3,0,0,2,11,0,No Line,0.0,none,-1,4,12,1,post,Final,Final,,,,,,,,,,,,,0,,,,,,none,809356
809500,2025-06-10,19:00,2025,MTY,MEX,Alonso Becerra,Zac Grotz,,,lmb_official_calendar,1,17,4,2,0,1,1,0,0,7,2,3,0,13,3,0,No Line,0.0,none,-1,23,5,1,post,Final,Final,,,,,,,,,,,,,0,,,,,,none,809500
809552,2025-06-10,19:00,2025,MVA,TAB,Wilmer Rios,Raul Carrillo,,,lmb_official_calendar,1,12,3,0,0,0,0,3,0,0,0,5,1,8,1,0,No Line,0.0,none,-1,19,8,1,post,Final,Final,,,,,,,,,,,,,0,,,,,,none,809552
809600,2025-06-10,19:00,2025,LAR,CAM,Daniel Camarena,Miller Hogan,,,lmb_official_calendar,1,7,6,0,0,0,1,0,0,3,1,0,3,3,5,0,No Line,0.0,none,-1,12,8,1,post,Final,Final,,,,,,,,,,,,,0,,,,,,none,809600
809773,2025-06-10,19:00,2025,PUE,CHI,Angel Sanchez,Wily Peralta,,,lmb_official_calendar,1,17,9,4,1,3,4,0,0,4,0,2,0,13,5,0,No Line,0.0,none,-1,21,13,1,post,Final,Final,,,,,,,,,,,,,0,,,,,,none,809773
810007,2025-06-10,19:00,2025,LEO,SLT,Derek West,Zach Mort,,,lmb_official_calendar,1,10,7,1,0,0,0,0,0,0,2,4,2,5,4,0,No Line,0.0,none,-1,14,12,1,post,Final,Final,,,,,,,,,,,,,0,,,,,,none,810007
809117,2025-06-11,19:00,2025,JAL,TIG,Pavel Hernandez,Julio Robaina,,,lmb_official_calendar,1,4,3,0,2,1,1,2,0,1,0,0,0,4,3,0,No Line,0.0,none,-1,6,4,1,post,Final,Final,,,,,,,,,,,,,0,,,,,,none,809117
809217,2025-06-11,19:00,2025,VER,LAG,Esmil Rogers,Aldo Montes,,,lmb_official_calendar,1,3,4,1,3,1,0,0,0,0,0,0,1,2,4,0,No Line,0.0,none,-1,7,5,1,post,Final,Final,,,,,,,,,,,,,0,,,,,,none,809217
809263,2025-06-11,19:00,2025,TIJ,QRO,Caleb Baragar,Aríel Miranda,,,lmb_official_calendar,1,8,7,1,0,0,1,0,1,1,0,0,0,2,2,0,No Line,0.0,none,-1,5,12,1,post,Final,Final,,,,,,,,,,,,,0,,,,,,none,809263
809307,2025-06-11,19:00,2025,DUR,YUC,Jake Thompson,Yoanner Negrin,,,lmb_official_calendar,1,2,16,0,4,0,0,0,4,0,0,0,2,0,10,0,No Line,0.0,none,-1,11,20,1,post,Final,Final,,,,,,,,,,,,,0,,,,,,none,809307
809353,2025-06-11,19:00,2025,OAX,AGS,Radhames Liz,Tucker Smith,,,lmb_official_calendar,1,6,7,1,0,0,0,0,0,0,3,1,1,2,4,0,No Line,0.0,none,-1,15,11,1,post,Final,Final,,,,,,,,,,,,,0,,,,,,none,809353
809501,2025-06-11,19:00,2025,MTY,MEX,Nolan Kingham,Wilmer Font,,,lmb_official_calendar,1,1,8,0,0,0,3,0,1,0,1,0,3,0,8,0,No Line,0.0,none,-1,6,8,1,post,Final,Final,,,,,,,,,,,,,0,,,,,,none,809501
809537,2025-06-11,19:00,2025,MVA,TAB,Jeremy Rhoades,Joe Van Meter,,,lmb_official_calendar,1,10,7,1,3,0,0,4,0,0,1,0,0,5,4,0,No Line,0.0,none,-1,11,11,1,post,Final,Final,,,,,,,,,,,,,0,,,,,,none,809537
809595,2025-06-11,19:00,2025,LAR,CAM,Daniel Mengden,Grant Gambrell,,,lmb_official_calendar,1,6,0,3,0,0,0,1,0,1,0,0,0,5,0,0,No Line,0.0,none,-1,10,6,1,post,Final,Final,,,,,,,,,,,,,0,,,,,,none,809595
809769,2025-06-11,19:00,2025,PUE,CHI,Victor Vargas,Max Castillo,,,lmb_official_calendar,1,8,7,0,1,0,3,1,0,0,0,2,0,3,4,0,No Line,0.0,none,-1,8,11,1,post,Final,Final,,,,,,,,,,,,,0,,,,,,none,809769
810001,2025-06-11,19:00,2025,LEO,SLT,Sammy Tavarez,Manny Barreda,,,lmb_official_calendar,1,6,4,0,1,0,0,0,0,0,1,0,0,0,2,0,No Line,0.0,none,-1,13,13,1,post,Final,Final,,,,,,,,,,,,,0,,,,,,none,810001
809219,2025-06-12,19:00,2025,VER,LAG,Orlando Lara,Grant Gavin,,,lmb_official_calendar,1,4,5,0,0,1,1,1,1,0,0,2,1,4,3,0,No Line,0.0,none,-1,7,8,1,post,Final,Final,,,,,,,,,,,,,0,,,,,,none,809219
809264,2025-06-12,19:00,2025,TIJ,QRO,Jorge Perez,Dalton Rodriguez,,,lmb_official_calendar,1,5,2,1,1,1,0,0,0,0,0,1,0,3,1,0,No Line,0.0,none,-1,10,5,1,post,Final,Final,,,,,,,,,,,,,0,,,,,,none,809264
809302,2025-06-12,19:00,2025,DUR,YUC,Cristofer Ogando,Jimmy Endersby,,,lmb_official_calendar,1,9,8,1,3,0,0,0,4,0,1,2,0,3,8,0,No Line,0.0,none,-1,12,10,1,post,Final,Final,,,,,,,,,,,,,0,,,,,,none,809302
809354,2025-06-12,19:00,2025,OAX,AGS,Jake Faria,,,,lmb_official_calendar,0,8,2,1,0,1,0,1,1,0,0,0,1,3,2,0,No Line,0.0,none,-1,12,7,1,post,Final,Final,,,,,,,,,,,,,0,,,,,,none,809354
809488,2025-06-12,19:00,2025,MTY,MEX,Manny Banuelos,Deolis Guerra,,,lmb_official_calendar,1,3,5,0,2,0,0,0,1,0,0,3,2,3,5,0,No Line,0.0,none,-1,9,10,1,post,Final,Final,,,,,,,,,,,,,0,,,,,,none,809488
809536,2025-06-12,19:00,2025,MVA,TAB,Austin Warner,Yoennis Yera,,,lmb_official_calendar,1,12,2,1,0,0,0,3,0,0,0,0,2,4,2,0,No Line,0.0,none,-1,14,9,1,post,Final,Final,,,,,,,,,,,,,0,,,,,,none,809536
809598,2025-06-12,19:00,2025,LAR,CAM,Nate Antone,Onelki Garcia,,,lmb_official_calendar,1,6,2,1,0,0,0,2,0,3,0,0,0,6,0,0,No Line,0.0,none,-1,13,10,1,post,Final,Final,,,,,,,,,,,,,0,,,,,,none,809598
810000,2025-06-12,19:00,2025,LEO,SLT,Felipe Gonzalez,Braulio Torres-Perez,,,lmb_official_calendar,1,13,5,2,4,0,0,0,0,2,0,2,0,6,4,0,No Line,0.0,none,-1,14,9,1,post,Final,Final,,,,,,,,,,,,,0,,,,,,none,810000
809115,2025-06-13,19:00,2025,JAL,YUC,Luis Payan,Huascar Ynoa,,,lmb_official_calendar,1,14,6,3,0,6,0,1,0,1,0,1,0,12,0,0,No Line,0.0,none,-1,21,11,1,post,Final,Final,,,,,,,,,,,,,0,,,,,,none,809115
809218,2025-06-13,19:00,2025,VER,CHI,David Reyes,Devin Smeltzer,,,lmb_official_calendar,1,7,4,0,1,2,0,0,0,0,2,0,0,2,3,0,No Line,0.0,none,-1,9,9,1,post,Final,Final,,,,,,,,,,,,,0,,,,,,none,809218
809262,2025-06-13,19:00,2025,TIJ,MEX,Jorge Perez,Justin Courtney,,,lmb_official_calendar,1,7,6,0,0,0,0,0,3,0,0,0,3,0,6,0,No Line,0.0,none,-1,13,10,1,post,Final,Final,,,,,,,,,,,,,0,,,,,,none,809262
809305,2025-06-13,19:00,2025,DUR,TIG,Felix Doubront,Julio Robaina,,,lmb_official_calendar,1,7,3,0,0,2,0,0,0,2,0,0,0,4,0,0,No Line,0.0,none,-1,16,5,1,post,Final,Final,,,,,,,,,,,,,0,,,,,,none,809305
809355,2025-06-13,19:00,2025,OAX,SLT,,Cameron Gann,,,lmb_official_calendar,0,11,3,0,1,0,0,2,1,1,0,2,1,5,3,0,No Line,0.0,none,-1,14,8,1,post,Final,Final,,,,,,,,,,,,,0,,,,,,none,809355
809493,2025-06-13,19:00,2025,MTY,QRO,César Vargas,,,,lmb_official_calendar,0,6,3,4,0,0,1,0,1,1,0,1,1,6,3,0,No Line,0.0,none,-1,9,6,1,post,Final,Final,,,,,,,,,,,,,0,,,,,,none,809493
809538,2025-06-13,19:00,2025,MVA,CAM,Christian Young,Domingo Acevedo,,,lmb_official_calendar,1,3,7,0,1,0,0,0,0,0,4,1,2,1,7,0,No Line,0.0,none,-1,8,15,1,post,Final,Final,,,,,,,,,,,,,0,,,,,,none,809538
809593,2025-06-13,19:00,2025,LAR,TAB,Drew Strotman,Jeff Kinley,,,lmb_official_calendar,1,9,7,4,2,0,0,2,4,2,0,0,0,8,6,0,No Line,0.0,none,-1,12,9,1,post,Final,Final,,,,,,,,,,,,,0,,,,,,none,809593
810004,2025-06-13,19:00,2025,LEO,AGS,Faustino Carrera,Elniery García,,,lmb_official_calendar,1,7,9,2,0,0,2,0,0,0,0,1,4,3,6,0,No Line,0.0,none,-1,14,12,1,post,Final,Final,,,,,,,,,,,,,0,,,,,,none,810004
809111,2025-06-14,19:00,2025,JAL,YUC,Dereck Rodríguez,Dario Agrazal,,,lmb_official_calendar,1,12,10,5,0,3,0,0,0,0,3,1,4,9,7,0,No Line,0.0,none,-1,13,13,1,post,Final,Final,,,,,,,,,,,,,0,,,,,,none,809111
809214,2025-06-14,19:00,2025,VER,CHI,Tyler Alexander,Caleb Smith,,,lmb_official_calendar,1,4,14,1,0,0,2,1,0,0,0,0,8,2,10,0,No Line,0.0,none,-1,5,10,1,post,Final,Final,,,,,,,,,,,,,0,,,,,,none,809214
809261,2025-06-14,19:00,2025,TIJ,MEX,Keyvius Sampson,Ricardo Pinto,,,lmb_official_calendar,1,8,6,1,0,3,0,0,1,0,0,0,2,4,3,0,No Line,0.0,none,-1,9,15,1,post,Final,Final,,,,,,,,,,,,,0,,,,,,none,809261
809304,2025-06-14,19:00,2025,DUR,TIG,Jesus Garcia,Steven Moyers,,,lmb_official_calendar,1,7,6,0,0,2,0,0,0,0,0,0,3,2,3,0,No Line,0.0,none,-1,12,12,1,post,Final,Final,,,,,,,,,,,,,0,,,,,,none,809304
809352,2025-06-14,19:00,2025,OAX,SLT,Alemao Hernandez,Cam Alldred,,,lmb_official_calendar,1,11,6,3,2,0,2,0,1,4,0,0,0,7,5,0,No Line,0.0,none,-1,12,10,1,post,Final,Final,,,,,,,,,,,,,0,,,,,,none,809352
809492,2025-06-14,19:00,2025,MTY,QRO,Stephen Tarpley,Andy Otero,,,lmb_official_calendar,1,4,1,0,0,1,0,2,0,0,0,0,0,3,0,0,No Line,0.0,none,-1,4,5,1,post,Final,Final,,,,,,,,,,,,,0,,,,,,none,809492
809542,2025-06-14,19:00,2025,MVA,CAM,Jorge Tavarez,Sean Nolin,,,lmb_official_calendar,1,6,12,3,5,0,1,2,0,1,0,0,0,6,6,0,No Line,0.0,none,-1,8,14,1,post,Final,Final,,,,,,,,,,,,,0,,,,,,none,809542
809586,2025-06-14,19:00,2025,LAR,TAB,Junior Guerra,Tyler Danish,,,lmb_official_calendar,1,3,2,0,1,1,0,0,0,0,0,0,0,1,1,0,No Line,0.0,none,-1,8,8,1,post,Final,Final,,,,,,,,,,,,,0,,,,,,none,809586
810006,2025-06-14,19:00,2025,LEO,AGS,Aaron Shortridge,Adrian Almeida,,,lmb_official_calendar,1,2,18,0,1,0,1,0,1,0,0,0,4,0,7,0,No Line,0.0,none,-1,7,21,1,post,Final,Final,,,,,,,,,,,,,0,,,,,,none,810006
809112,2025-06-15,19:00,2025,JAL,YUC,Eduardo Vera,Odrisamer Despaigne,,,lmb_official_calendar,1,9,10,0,0,1,0,0,6,5,1,0,0,6,7,0,No Line,0.0,none,-1,11,11,1,post,Final,Final,,,,,,,,,,,,,0,,,,,,none,809112
809215,2025-06-15,19:00,2025,VER,CHI,Dinelson Lamet,,,,lmb_official_calendar,0,2,1,0,0,0,0,2,0,0,1,0,0,2,1,0,No Line,0.0,none,-1,6,3,1,post,Final,Final,,,,,,,,,,,,,0,,,,,,none,809215
809260,2025-06-15,19:00,2025,TIJ,MEX,Ben Braymer,,,,lmb_official_calendar,0,1,5,0,0,1,0,0,3,0,0,0,0,1,3,0,No Line,0.0,none,-1,5,10,1,post,Final,Final,,,,,,,,,,,,,0,,,,,,none,809260
809301,2025-06-15,19:00,2025,DUR,TIG,Tanner Tully,Carl Edwards Jr.,,,lmb_official_calendar,1,2,7,0,0,0,0,0,0,1,0,0,0,1,0,0,No Line,0.0,none,-1,5,14,1,post,Final,Final,,,,,,,,,,,,,0,,,,,,none,809301
809351,2025-06-15,19:00,2025,OAX,SLT,,Zach Mort,,,lmb_official_calendar,0,6,8,0,0,0,1,0,0,0,0,0,2,0,3,0,No Line,0.0,none,-1,9,15,1,post,Final,Final,,,,,,,,,,,,,0,,,,,,none,809351
809495,2025-06-15,19:00,2025,MTY,QRO,Luis Cessa,,,,lmb_official_calendar,0,3,1,0,0,0,0,0,0,0,0,3,0,3,0,0,No Line,0.0,none,-1,6,6,1,post,Final,Final,,,,,,,,,,,,,0,,,,,,none,809495
809543,2025-06-15,19:00,2025,MVA,CAM,Wilmer Rios,Miller Hogan,,,lmb_official_calendar,1,1,10,0,2,0,0,0,0,1,4,0,0,1,6,0,No Line,0.0,none,-1,9,10,1,post,Final,Final,,,,,,,,,,,,,0,,,,,,none,809543
809591,2025-06-15,19:00,2025,LAR,TAB,Daniel Camarena,Raul Carrillo,,,lmb_official_calendar,1,12,9,4,4,4,0,0,3,0,1,0,0,8,8,0,No Line,0.0,none,-1,16,13,1,post,Final,Final,,,,,,,,,,,,,0,,,,,,none,809591
809770,2025-06-15,19:00,2025,PUE,LAG,,,,,lmb_official_calendar,0,4,1,0,0,0,0,0,0,3,0,0,1,3,1,0,No Line,0.0,none,-1,10,5,1,post,Final,Final,,,,,,,,,,,,,0,,,,,,none,809770
809774,2025-06-15,19:00,2025,PUE,LAG,Angel Sanchez,Jaime Barria,,,lmb_official_calendar,1,5,4,0,1,0,2,0,0,0,0,0,1,0,4,0,No Line,0.0,none,-1,9,7,1,post,Final,Final,,,,,,,,,,,,,0,,,,,,none,809774
809159,2025-06-17,19:00,2025,QRO,MVA,Aríel Miranda,Jeremy Rhoades,,,lmb_official_calendar,1,4,12,0,0,0,0,2,4,0,0,2,2,4,6,0,No Line,0.0,none,-1,8,14,1,post,Final,Final,,,,,,,,,,,,,0,,,,,,none,809159
809406,2025-06-17,19:00,2025,CHI,LEO,Wily Peralta,Felipe Gonzalez,,,lmb_official_calendar,1,2,5,0,0,0,0,0,0,0,0,0,2,0,2,0,No Line,0.0,none,-1,8,7,1,post,Final,Final,,,,,,,,,,,,,0,,,,,,none,809406
809453,2025-06-17,19:00,2025,TIG,TIJ,,Teddy Stankiewicz,,,lmb_official_calendar,0,13,16,0,0,0,0,5,4,1,0,0,1,6,5,0,No Line,0.0,none,-1,13,14,1,post,Final,Final,,,,,,,,,,,,,0,,,,,,none,809453
809632,2025-06-17,19:00,2025,MEX,MTY,,Nolan Kingham,,,lmb_official_calendar,0,7,3,2,0,1,1,1,0,0,0,0,0,4,1,0,No Line,0.0,none,-1,11,5,1,post,Final,Final,,,,,,,,,,,,,0,,,,,,none,809632
809683,2025-06-17,19:00,2025,AGS,PUE,Deylen Miley,Moises Diaz,,,lmb_official_calendar,1,10,5,1,0,1,0,2,2,0,0,0,0,4,2,0,No Line,0.0,none,-1,12,11,1,post,Final,Final,,,,,,,,,,,,,0,,,,,,none,809683
809731,2025-06-17,19:00,2025,CAM,JAL,Grant Gambrell,Luis Ivan Rodriguez,,,lmb_official_calendar,1,10,8,2,0,1,2,0,3,0,1,3,0,6,6,0,No Line,0.0,none,-1,12,19,1,post,Final,Final,,,,,,,,,,,,,0,,,,,,none,809731
809821,2025-06-17,19:00,2025,SLT,VER,Manny Barreda,Esmil Rogers,,,lmb_official_calendar,1,10,7,2,0,0,0,2,1,5,0,0,4,9,5,0,No Line,0.0,none,-1,10,10,1,post,Final,Final,,,,,,,,,,,,,0,,,,,,none,809821
809865,2025-06-17,19:00,2025,YUC,LAR,Yoanner Negrin,Daniel Mengden,,,lmb_official_calendar,1,6,10,1,0,2,0,1,3,0,0,0,4,4,7,0,No Line,0.0,none,-1,13,14,1,post,Final,Final,,,,,,,,,,,,,0,,,,,,none,809865
809913,2025-06-17,19:00,2025,LAG,OAX,Aldo Montes,Jake Faria,,,lmb_official_calendar,1,4,8,0,1,0,1,0,0,1,2,3,1,4,5,0,No Line,0.0,none,-1,9,14,1,post,Final,Final,,,,,,,,,,,,,0,,,,,,none,809913
809958,2025-06-17,19:00,2025,TAB,DUR,Joe Van Meter,Jake Thompson,,,lmb_official_calendar,1,11,2,1,1,3,0,0,0,2,0,0,0,6,1,0,No Line,0.0,none,-1,15,6,1,post,Final,Final,,,,,,,,,,,,,0,,,,,,none,809958
809160,2025-06-18,19:00,2025,QRO,MVA,Dalton Rodriguez,Austin Warner,,,lmb_official_calendar,1,10,17,0,0,1,5,0,0,5,3,1,6,7,14,0,No Line,0.0,none,-1,18,17,1,post,Final,Final,,,,,,,,,,,,,0,,,,,,none,809160
809403,2025-06-18,19:00,2025,CHI,LEO,Max Castillo,Alberto Guerrero,,,lmb_official_calendar,1,6,14,0,0,1,2,1,6,1,5,0,1,3,14,0,No Line,0.0,none,-1,11,18,1,post,Final,Final,,,,,,,,,,,,,0,,,,,,none,809403
809449,2025-06-18,19:00,2025,TIG,TIJ,Julio Robaina,Caleb Baragar,,,lmb_official_calendar,1,2,5,1,0,1,3,0,0,0,0,0,0,2,3,0,No Line,0.0,none,-1,8,6,1,post,Final,Final,,,,,,,,,,,,,0,,,,,,none,809449
809635,2025-06-18,19:00,2025,MEX,MTY,,Manny Banuelos,,,lmb_official_calendar,0,3,10,3,1,0,0,0,3,0,1,0,0,3,5,0,No Line,0.0,none,-1,7,11,1,post,Final,Final,,,,,,,,,,,,,0,,,,,,none,809635
809681,2025-06-18,19:00,2025,AGS,PUE,Tucker Smith,Fernando Lozano,,,lmb_official_calendar,1,6,5,1,0,2,0,0,3,0,0,0,0,3,3,0,No Line,0.0,none,-1,13,11,1,post,Final,Final,,,,,,,,,,,,,0,,,,,,none,809681
809727,2025-06-18,19:00,2025,CAM,JAL,Onelki Garcia,Luis Payan,,,lmb_official_calendar,1,6,3,0,0,0,1,0,0,0,0,1,0,1,1,0,No Line,0.0,none,-1,8,8,1,post,Final,Final,,,,,,,,,,,,,0,,,,,,none,809727
809820,2025-06-18,19:00,2025,SLT,VER,Kurt Heyer,,,,lmb_official_calendar,0,7,8,1,3,0,0,0,3,0,0,2,0,3,6,0,No Line,0.0,none,-1,12,12,1,post,Final,Final,,,,,,,,,,,,,0,,,,,,none,809820
809863,2025-06-18,19:00,2025,YUC,LAR,Jimmy Endersby,Nate Antone,,,lmb_official_calendar,1,3,2,1,0,0,0,0,1,0,0,0,0,1,1,0,No Line,0.0,none,-1,8,10,1,post,Final,Final,,,,,,,,,,,,,0,,,,,,none,809863
809959,2025-06-18,19:00,2025,TAB,DUR,Yoennis Yera,Cristofer Ogando,,,lmb_official_calendar,1,5,4,0,1,0,0,0,3,2,0,0,0,2,4,0,No Line,0.0,none,-1,10,10,1,post,Final,Final,,,,,,,,,,,,,0,,,,,,none,809959
809398,2025-06-19,19:00,2025,CHI,LEO,Devin Smeltzer,Faustino Carrera,,,lmb_official_calendar,1,4,3,0,2,0,0,1,1,0,0,2,0,3,3,0,No Line,0.0,none,-1,8,8,1,post,Final,Final,,,,,,,,,,,,,0,,,,,,none,809398
809450,2025-06-19,19:00,2025,TIG,TIJ,Steven Moyers,Julio Teheran,,,lmb_official_calendar,1,0,12,0,5,0,4,0,0,0,0,0,2,0,11,0,No Line,0.0,none,-1,3,13,1,post,Final,Final,,,,,,,,,,,,,0,,,,,,none,809450
809636,2025-06-19,19:00,2025,MEX,MTY,,Alonso Becerra,,,lmb_official_calendar,0,7,8,2,2,2,0,2,1,0,1,0,0,6,4,0,No Line,0.0,none,-1,16,13,1,post,Final,Final,,,,,,,,,,,,,0,,,,,,none,809636
809682,2025-06-19,19:00,2025,AGS,PUE,Oscar De La Cruz,Emailin Montilla,,,lmb_official_calendar,1,8,7,0,0,0,0,0,0,2,3,1,0,3,3,0,No Line,0.0,none,-1,14,10,1,post,Final,Final,,,,,,,,,,,,,0,,,,,,none,809682
809726,2025-06-19,19:00,2025,CAM,JAL,Domingo Acevedo,Pavel Hernandez,,,lmb_official_calendar,1,3,7,0,1,1,0,2,3,0,0,0,3,3,7,0,No Line,0.0,none,-1,11,10,1,post,Final,Final,,,,,,,,,,,,,0,,,,,,none,809726
809818,2025-06-19,19:00,2025,SLT,VER,Cameron Gann,David Reyes,,,lmb_official_calendar,1,5,4,0,0,0,1,0,0,0,2,0,0,0,3,0,No Line,0.0,none,-1,8,11,1,post,Final,Final,,,,,,,,,,,,,0,,,,,,none,809818
809864,2025-06-19,19:00,2025,YUC,LAR,Huascar Ynoa,Drew Strotman,,,lmb_official_calendar,1,2,7,0,0,0,1,0,0,0,0,0,2,0,3,0,No Line,0.0,none,-1,5,13,1,post,Final,Final,,,,,,,,,,,,,0,,,,,,none,809864
809909,2025-06-19,19:00,2025,LAG,OAX,Grant Gavin,Alemao Hernandez,,,lmb_official_calendar,1,6,16,0,0,4,2,1,2,0,2,0,0,5,6,0,No Line,0.0,none,-1,10,13,1,post,Final,Final,,,,,,,,,,,,,0,,,,,,none,809909
809915,2025-06-19,19:00,2025,LAG,OAX,,,,,lmb_official_calendar,0,6,5,1,0,1,0,0,0,2,0,0,4,4,4,0,No Line,0.0,none,-1,11,11,1,post,Final,Final,,,,,,,,,,,,,0,,,,,,none,809915
809957,2025-06-19,19:00,2025,TAB,DUR,Jeff Kinley,Felix Doubront,,,lmb_official_calendar,1,1,10,0,0,0,0,0,10,1,0,0,0,1,10,0,No Line,0.0,none,-1,6,12,1,post,Final,Final,,,,,,,,,,,,,0,,,,,,none,809957
809401,2025-06-20,19:00,2025,CHI,OAX,Caleb Smith,,,,lmb_official_calendar,0,6,5,1,0,0,0,1,0,0,3,1,1,3,4,0,No Line,0.0,none,-1,15,9,1,post,Final,Final,,,,,,,,,,,,,0,,,,,,none,809401
809448,2025-06-20,19:00,2025,TIG,LAR,Carl Edwards Jr.,Junior Guerra,,,lmb_official_calendar,1,9,1,1,0,0,0,3,0,0,0,5,1,9,1,0,No Line,0.0,none,-1,11,5,1,post,Final,Final,,,,,,,,,,,,,0,,,,,,none,809448
809634,2025-06-20,19:00,2025,MEX,MVA,Ricardo Pinto,Jorge Tavarez,,,lmb_official_calendar,1,6,11,0,2,1,0,0,0,0,1,0,1,1,4,0,No Line,0.0,none,-1,11,15,1,post,Final,Final,,,,,,,,,,,,,0,,,,,,none,809634
809729,2025-06-20,19:00,2025,CAM,DUR,Sean Nolin,Jesus Garcia,,,lmb_official_calendar,1,3,1,0,0,1,0,0,1,0,0,0,0,1,1,0,No Line,0.0,none,-1,5,4,1,post,Final,Final,,,,,,,,,,,,,0,,,,,,none,809729
809819,2025-06-20,19:00,2025,SLT,PUE,Cam Alldred,Vladimir Gutierrez,,,lmb_official_calendar,1,7,8,0,0,4,0,0,0,0,0,0,0,4,0,0,No Line,0.0,none,-1,12,14,1,post,Final,Final,,,,,,,,,,,,,0,,,,,,none,809819
809867,2025-06-20,19:00,2025,YUC,TIJ,Dario Agrazal,Julio Teheran,,,lmb_official_calendar,1,3,4,0,0,0,0,1,0,1,4,0,0,2,4,0,No Line,0.0,none,-1,8,5,1,post,Final,Final,,,,,,,,,,,,,0,,,,,,none,809867
809904,2025-06-20,19:00,2025,LAG,LEO,Ricardo Sanchez,Sammy Tavarez,,,lmb_official_calendar,1,5,3,5,0,0,0,0,0,0,0,0,0,5,0,0,No Line,0.0,none,-1,6,8,1,post,Final,Final,,,,,,,,,,,,,0,,,,,,none,809904
809960,2025-06-20,19:00,2025,TAB,JAL,Tyler Danish,Dereck Rodríguez,,,lmb_official_calendar,1,1,0,0,0,0,0,0,0,0,0,0,0,0,0,0,No Line,0.0,none,-1,6,7,1,post,Final,Final,,,,,,,,,,,,,0,,,,,,none,809960
809402,2025-06-21,19:00,2025,CHI,OAX,Darel Torres,,,,lmb_official_calendar,0,10,6,0,0,1,0,1,2,1,0,0,0,3,2,0,No Line,0.0,none,-1,11,10,1,post,Final,Final,,,,,,,,,,,,,0,,,,,,none,809402
809451,2025-06-21,19:00,2025,TIG,LAR,Alex Delgado,Daniel Camarena,,,lmb_official_calendar,1,7,5,1,0,1,4,0,0,0,0,4,0,6,4,0,No Line,0.0,none,-1,9,6,1,post,Final,Final,,,,,,,,,,,,,0,,,,,,none,809451
809637,2025-06-21,19:00,2025,MEX,MVA,Zac Grotz,Christian Young,,,lmb_official_calendar,1,1,4,0,0,0,0,0,1,0,1,0,1,0,3,0,No Line,0.0,none,-1,4,10,1,post,Final,Final,,,,,,,,,,,,,0,,,,,,none,809637
809677,2025-06-21,19:00,2025,AGS,VER,Josimar Cousin,Dinelson Lamet,,,lmb_official_calendar,1,3,3,2,2,0,0,0,0,0,1,1,0,3,3,0,No Line,0.0,none,-1,4,4,1,post,Final,Final,,,,,,,,,,,,,0,,,,,,none,809677
809724,2025-06-21,19:00,2025,CAM,DUR,Miller Hogan,Tanner Tully,,,lmb_official_calendar,1,6,5,0,0,0,0,2,0,0,0,2,1,4,1,0,No Line,0.0,none,-1,12,9,1,post,Final,Final,,,,,,,,,,,,,0,,,,,,none,809724
809817,2025-06-21,19:00,2025,SLT,PUE,Zach Mort,Edgar Torres,,,lmb_official_calendar,1,4,3,0,0,0,0,0,0,0,0,0,2,0,2,0,No Line,0.0,none,-1,8,8,1,post,Final,Final,,,,,,,,,,,,,0,,,,,,none,809817
809862,2025-06-21,19:00,2025,YUC,TIJ,Odrisamer Despaigne,Keyvius Sampson,,,lmb_official_calendar,1,3,5,0,0,0,0,3,0,0,3,0,0,3,3,0,No Line,0.0,none,-1,7,7,1,post,Final,Final,,,,,,,,,,,,,0,,,,,,none,809862
809905,2025-06-21,19:00,2025,LAG,LEO,Jaime Barria,Aaron Shortridge,,,lmb_official_calendar,1,13,8,2,0,0,2,0,3,0,0,2,2,4,7,0,No Line,0.0,none,-1,14,14,1,post,Final,Final,,,,,,,,,,,,,0,,,,,,none,809905
809956,2025-06-21,19:00,2025,TAB,JAL,Raul Carrillo,Eduardo Vera,,,lmb_official_calendar,1,5,6,0,1,2,0,0,1,0,0,0,0,2,2,0,No Line,0.0,none,-1,8,14,1,post,Final,Final,,,,,,,,,,,,,0,,,,,,none,809956
809400,2025-06-22,19:00,2025,CHI,OAX,Wily Peralta,,,,lmb_official_calendar,0,7,6,0,0,3,1,0,0,0,3,1,0,4,4,0,No Line,0.0,none,-1,10,12,1,post,Final,Final,,,,,,,,,,,,,0,,,,,,none,809400
809444,2025-06-22,19:00,2025,TIG,LAR,Jose Albertos,Daniel Mengden,,,lmb_official_calendar,1,2,1,2,1,0,0,0,0,0,0,0,0,2,1,0,No Line,0.0,none,-1,8,5,1,post,Final,Final,,,,,,,,,,,,,0,,,,,,none,809444
809678,2025-06-22,19:00,2025,AGS,VER,Deylen Miley,,,,lmb_official_calendar,0,4,10,0,2,0,0,0,2,1,3,0,1,1,8,0,No Line,0.0,none,-1,9,11,1,post,Final,Final,,,,,,,,,,,,,0,,,,,,none,809678
809680,2025-06-22,19:00,2025,AGS,VER,,,,,lmb_official_calendar,0,7,5,1,0,0,0,2,0,0,0,0,2,3,2,0,No Line,0.0,none,-1,11,8,1,post,Final,Final,,,,,,,,,,,,,0,,,,,,none,809680
809725,2025-06-22,19:00,2025,CAM,DUR,Grant Gambrell,,,,lmb_official_calendar,0,2,1,0,0,0,0,0,0,1,1,0,0,1,1,0,No Line,0.0,none,-1,8,10,1,post,Final,Final,,,,,,,,,,,,,0,,,,,,none,809725
809816,2025-06-22,19:00,2025,SLT,PUE,Manny Barreda,Victor Vargas,,,lmb_official_calendar,1,12,4,0,0,2,1,5,0,0,0,2,0,9,1,0,No Line,0.0,none,-1,19,12,1,post,Final,Final,,,,,,,,,,,,,0,,,,,,none,809816
809903,2025-06-22,19:00,2025,LAG,LEO,Aldo Montes,,,,lmb_official_calendar,0,0,6,0,0,0,1,0,0,0,0,0,1,0,2,0,No Line,0.0,none,-1,4,11,1,post,Final,Final,,,,,,,,,,,,,0,,,,,,none,809903
809951,2025-06-22,19:00,2025,TAB,JAL,Joe Van Meter,Dovydas Neverauskas,,,lmb_official_calendar,1,7,1,0,0,0,0,0,0,2,0,0,0,2,0,0,No Line,0.0,none,-1,10,6,1,post,Final,Final,,,,,,,,,,,,,0,,,,,,none,809951
809157,2025-06-23,19:00,2025,QRO,MTY,Tyler Viza,Stephen Tarpley,,,lmb_official_calendar,1,7,4,1,2,0,1,1,0,0,0,1,0,3,3,0,No Line,0.0,none,-1,7,9,1,post,Final,Final,,,,,,,,,,,,,0,,,,,,none,809157
809162,2025-06-23,19:00,2025,QRO,MTY,Aríel Miranda,Luis Cessa,,,lmb_official_calendar,1,9,7,3,0,1,2,0,0,1,0,1,5,6,7,0,No Line,0.0,none,-1,14,5,1,post,Final,Final,,,,,,,,,,,,,0,,,,,,none,809162
809728,2025-06-23,19:00,2025,CAM,MEX,Onelki Garcia,Wilmer Font,,,lmb_official_calendar,1,5,11,0,2,2,4,0,3,0,0,1,1,3,10,0,No Line,0.0,none,-1,8,13,1,post,Final,Final,,,,,,,,,,,,,0,,,,,,none,809728
809213,2025-06-24,19:00,2025,VER,YUC,Orlando Lara,Yoanner Negrin,,,lmb_official_calendar,1,5,3,2,1,2,0,0,0,0,0,0,1,4,2,0,No Line,0.0,none,-1,10,8,1,post,Final,Final,,,,,,,,,,,,,0,,,,,,none,809213
809258,2025-06-24,19:00,2025,TIJ,LAG,Ben Braymer,Travis Lakins,,,lmb_official_calendar,1,2,14,0,1,0,4,0,3,1,4,0,0,1,12,0,No Line,0.0,none,-1,5,14,1,post,Final,Final,,,,,,,,,,,,,0,,,,,,none,809258
809347,2025-06-24,19:00,2025,OAX,TIG,Solomon Bates,Julio Robaina,,,lmb_official_calendar,1,3,8,0,1,0,0,0,1,1,2,1,0,2,4,0,No Line,0.0,none,-1,10,12,1,post,Final,Final,,,,,,,,,,,,,0,,,,,,none,809347
809489,2025-06-24,19:00,2025,MTY,DUR,Nolan Kingham,Cristofer Ogando,,,lmb_official_calendar,1,5,3,1,0,0,1,0,2,1,0,0,0,2,3,0,No Line,0.0,none,-1,8,9,1,post,Final,Final,,,,,,,,,,,,,0,,,,,,none,809489
809540,2025-06-24,19:00,2025,MVA,CHI,Wilmer Rios,Max Castillo,,,lmb_official_calendar,1,3,1,0,0,0,0,1,0,1,0,0,0,2,0,0,No Line,0.0,none,-1,11,7,1,post,Final,Final,,,,,,,,,,,,,0,,,,,,none,809540
809587,2025-06-24,19:00,2025,LAR,JAL,Nate Antone,Luis Ivan Rodriguez,,,lmb_official_calendar,1,9,5,0,0,0,1,1,2,3,1,1,0,5,4,0,No Line,0.0,none,-1,11,10,1,post,Final,Final,,,,,,,,,,,,,0,,,,,,none,809587
809764,2025-06-24,19:00,2025,PUE,QRO,Angel Sanchez,Michel Baez,,,lmb_official_calendar,1,6,7,0,0,0,0,0,1,1,5,0,0,1,6,0,No Line,0.0,none,-1,7,14,1,post,Final,Final,,,,,,,,,,,,,0,,,,,,none,809764
809815,2025-06-24,19:00,2025,SLT,AGS,Kurt Heyer,Tucker Smith,,,lmb_official_calendar,1,12,11,2,2,0,0,0,0,0,0,0,0,2,2,0,No Line,0.0,none,-1,13,18,1,post,Final,Final,,,,,,,,,,,,,0,,,,,,none,809815
809994,2025-06-24,19:00,2025,LEO,TAB,Alberto Guerrero,Yoennis Yera,,,lmb_official_calendar,1,6,8,1,0,0,1,0,1,0,0,0,5,1,7,0,No Line,0.0,none,-1,13,11,1,post,Final,Final,,,,,,,,,,,,,0,,,,,,none,809994
809216,2025-06-25,19:00,2025,VER,YUC,David Reyes,Jimmy Endersby,,,lmb_official_calendar,1,5,11,0,1,0,3,4,3,0,1,0,0,4,8,0,No Line,0.0,none,-1,7,13,1,post,Final,Final,,,,,,,,,,,,,0,,,,,,none,809216
809259,2025-06-25,19:00,2025,TIJ,LAG,Teddy Stankiewicz,Grant Gavin,,,lmb_official_calendar,1,2,1,0,0,0,0,0,0,0,0,0,0,0,0,0,No Line,0.0,none,-1,4,6,1,post,Final,Final,,,,,,,,,,,,,0,,,,,,none,809259
809350,2025-06-25,19:00,2025,OAX,TIG,Alemao Hernandez,Steven Moyers,,,lmb_official_calendar,1,8,12,0,0,4,3,1,0,2,0,0,0,7,3,0,No Line,0.0,none,-1,17,17,1,post,Final,Final,,,,,,,,,,,,,0,,,,,,none,809350
809491,2025-06-25,19:00,2025,MTY,DUR,Manny Banuelos,Felix Doubront,,,lmb_official_calendar,1,5,1,0,1,0,0,0,0,0,0,2,0,2,1,0,No Line,0.0,none,-1,8,1,1,post,Final,Final,,,,,,,,,,,,,0,,,,,,none,809491
809539,2025-06-25,19:00,2025,MVA,CHI,Jeremy Rhoades,Devin Smeltzer,,,lmb_official_calendar,1,1,6,0,0,0,0,0,2,0,1,0,0,0,3,0,No Line,0.0,none,-1,9,13,1,post,Final,Final,,,,,,,,,,,,,0,,,,,,none,809539
809589,2025-06-25,19:00,2025,LAR,JAL,,Dereck Rodríguez,,,lmb_official_calendar,0,4,3,0,0,0,0,0,2,0,0,0,0,0,2,0,No Line,0.0,none,-1,6,8,1,post,Final,Final,,,,,,,,,,,,,0,,,,,,none,809589
809717,2025-06-25,19:00,2025,CAM,MEX,Sean Nolin,Ricardo Pinto,,,lmb_official_calendar,1,4,5,0,2,1,0,0,3,0,0,3,0,4,5,0,No Line,0.0,none,-1,9,6,1,post,Final,Final,,,,,,,,,,,,,0,,,,,,none,809717
809767,2025-06-25,19:00,2025,PUE,QRO,Vladimir Gutierrez,Ulises Joaquin,,,lmb_official_calendar,1,6,4,0,0,1,0,0,0,0,0,0,0,1,0,0,No Line,0.0,none,-1,8,10,1,post,Final,Final,,,,,,,,,,,,,0,,,,,,none,809767
809813,2025-06-25,19:00,2025,SLT,AGS,Cameron Gann,Oscar De La Cruz,,,lmb_official_calendar,1,5,20,0,0,1,0,0,0,0,3,0,3,1,6,0,No Line,0.0,none,-1,10,21,1,post,Final,Final,,,,,,,,,,,,,0,,,,,,none,809813
809993,2025-06-25,19:00,2025,LEO,TAB,Faustino Carrera,,,,lmb_official_calendar,0,14,11,6,0,0,0,0,0,1,3,0,1,7,4,0,No Line,0.0,none,-1,11,17,1,post,Final,Final,,,,,,,,,,,,,0,,,,,,none,809993
809211,2025-06-26,19:00,2025,VER,YUC,Henry Henry,Huascar Ynoa,,,lmb_official_calendar,1,9,5,0,0,0,1,3,0,2,0,1,2,6,3,0,No Line,0.0,none,-1,15,9,1,post,Final,Final,,,,,,,,,,,,,0,,,,,,none,809211
809257,2025-06-26,19:00,2025,TIJ,LAG,Jorge Perez,Ricardo Sanchez,,,lmb_official_calendar,1,3,8,2,5,0,0,1,0,0,2,0,0,3,7,0,No Line,0.0,none,-1,9,12,1,post,Final,Final,,,,,,,,,,,,,0,,,,,,none,809257
809348,2025-06-26,19:00,2025,OAX,TIG,Kyle Barraclough,Carl Edwards Jr.,,,lmb_official_calendar,1,8,11,0,0,1,4,0,1,1,1,1,1,3,7,0,No Line,0.0,none,-1,12,16,1,post,Final,Final,,,,,,,,,,,,,0,,,,,,none,809348
809490,2025-06-26,19:00,2025,MTY,DUR,Jared Lakind,Jesus Garcia,,,lmb_official_calendar,1,2,1,0,0,0,0,1,0,0,0,1,0,2,0,0,No Line,0.0,none,-1,6,4,1,post,Final,Final,,,,,,,,,,,,,0,,,,,,none,809490
809541,2025-06-26,19:00,2025,MVA,CHI,Austin Warner,Caleb Smith,,,lmb_official_calendar,1,3,1,0,0,0,0,0,0,0,0,2,0,2,0,0,No Line,0.0,none,-1,9,7,1,post,Final,Final,,,,,,,,,,,,,0,,,,,,none,809541
809590,2025-06-26,19:00,2025,LAR,JAL,,Eduardo Vera,,,lmb_official_calendar,0,11,5,3,0,0,1,1,0,2,3,0,0,6,4,0,No Line,0.0,none,-1,15,8,1,post,Final,Final,,,,,,,,,,,,,0,,,,,,none,809590
809761,2025-06-26,19:00,2025,PUE,QRO,Emailin Montilla,,,,lmb_official_calendar,0,7,6,0,0,1,0,1,0,0,3,2,0,4,3,0,No Line,0.0,none,-1,13,9,1,post,Final,Final,,,,,,,,,,,,,0,,,,,,none,809761
809812,2025-06-26,19:00,2025,SLT,AGS,Cam Alldred,Elniery García,,,lmb_official_calendar,1,22,7,10,0,3,7,0,0,8,0,0,0,21,7,0,No Line,0.0,none,-1,18,11,1,post,Final,Final,,,,,,,,,,,,,0,,,,,,none,809812
809992,2025-06-26,19:00,2025,LEO,TAB,Felipe Gonzalez,Tyler Danish,,,lmb_official_calendar,1,18,11,0,0,3,0,2,3,2,0,1,0,8,3,0,No Line,0.0,none,-1,21,11,1,post,Final,Final,,,,,,,,,,,,,0,,,,,,none,809992
809333,2025-06-30,19:00,2025,MEX,LMB,,,,,lmb_official_calendar,0,4,3,0,0,0,0,0,0,0,1,0,2,0,3,0,No Line,0.0,none,-1,7,6,1,post,Final,Final,,,,,,,,,,,,,0,,,,,,none,809333
809114,2025-07-01,19:00,2025,JAL,DUR,Luis Payan,Felix Doubront,,,lmb_official_calendar,1,6,3,0,0,0,0,0,0,0,0,1,1,1,1,0,No Line,0.0,none,-1,11,6,1,post,Final,Final,,,,,,,,,,,,,0,,,,,,none,809114
809212,2025-07-01,19:00,2025,VER,CAM,Dinelson Lamet,Miller Hogan,,,lmb_official_calendar,1,6,2,0,1,1,0,0,0,0,0,2,0,3,1,0,No Line,0.0,none,-1,9,4,1,post,Final,Final,,,,,,,,,,,,,0,,,,,,none,809212
809349,2025-07-01,19:00,2025,OAX,LEO,Radhames Liz,Faustino Carrera,,,lmb_official_calendar,1,8,2,0,0,0,0,0,0,0,0,0,0,0,0,0,No Line,0.0,none,-1,14,9,1,post,Final,Final,,,,,,,,,,,,,0,,,,,,none,809349
809397,2025-07-01,19:00,2025,CHI,MTY,Max Castillo,Manny Banuelos,,,lmb_official_calendar,1,7,8,1,4,1,0,3,0,0,0,0,3,5,7,0,No Line,0.0,none,-1,16,7,1,post,Final,Final,,,,,,,,,,,,,0,,,,,,none,809397
809445,2025-07-01,19:00,2025,TIG,QRO,Carl Edwards Jr.,Tyler Alexander,,,lmb_official_calendar,1,1,0,0,0,0,0,1,0,0,0,0,0,1,0,0,No Line,0.0,none,-1,0,2,1,post,Final,Final,,,,,,,,,,,,,0,,,,,,none,809445
809530,2025-07-01,19:00,2025,MVA,TIJ,Christian Young,Caleb Baragar,,,lmb_official_calendar,1,5,4,0,1,0,0,1,0,0,0,1,2,2,3,0,No Line,0.0,none,-1,6,9,1,post,Final,Final,,,,,,,,,,,,,0,,,,,,none,809530
809588,2025-07-01,19:00,2025,LAR,SLT,Drew Strotman,Manny Barreda,,,lmb_official_calendar,1,3,8,0,0,0,2,3,1,0,4,0,0,3,7,0,No Line,0.0,none,-1,7,11,1,post,Final,Final,,,,,,,,,,,,,0,,,,,,none,809588
809860,2025-07-01,19:00,2025,YUC,PUE,César Valdez,Vladimir Gutierrez,,,lmb_official_calendar,1,6,5,0,0,0,2,0,0,0,0,1,0,1,2,0,No Line,0.0,none,-1,12,11,1,post,Final,Final,,,,,,,,,,,,,0,,,,,,none,809860
809950,2025-07-01,19:00,2025,TAB,MEX,Joe Van Meter,Ricardo Pinto,,,lmb_official_calendar,1,4,5,1,0,0,0,0,0,0,0,0,0,1,0,0,No Line,0.0,none,-1,8,7,1,post,Final,Final,,,,,,,,,,,,,0,,,,,,none,809950
809116,2025-07-02,19:00,2025,JAL,DUR,Dovydas Neverauskas,Jorge Garcia,,,lmb_official_calendar,1,7,5,0,0,0,0,0,0,0,0,1,2,1,2,0,No Line,0.0,none,-1,7,8,1,post,Final,Final,,,,,,,,,,,,,0,,,,,,none,809116
809209,2025-07-02,19:00,2025,VER,CAM,Esmil Rogers,Sho Itoh,,,lmb_official_calendar,1,4,9,0,0,4,4,0,0,0,0,0,0,4,4,0,No Line,0.0,none,-1,8,10,1,post,Final,Final,,,,,,,,,,,,,0,,,,,,none,809209
809346,2025-07-02,19:00,2025,OAX,LEO,Sal Romano,Aaron Shortridge,,,lmb_official_calendar,1,3,12,0,4,1,0,0,0,0,2,0,1,1,7,0,No Line,0.0,none,-1,8,15,1,post,Final,Final,,,,,,,,,,,,,0,,,,,,none,809346
809446,2025-07-02,19:00,2025,TIG,QRO,Julio Robaina,Andy Otero,,,lmb_official_calendar,1,7,8,2,0,0,0,4,1,0,0,0,0,6,1,0,No Line,0.0,none,-1,9,15,1,post,Final,Final,,,,,,,,,,,,,0,,,,,,none,809446
809529,2025-07-02,19:00,2025,MVA,TIJ,Jorge Tavarez,Matt Solter,,,lmb_official_calendar,1,5,4,0,1,0,2,0,0,1,0,0,0,1,3,0,No Line,0.0,none,-1,9,10,1,post,Final,Final,,,,,,,,,,,,,0,,,,,,none,809529
809544,2025-07-02,19:00,2025,MVA,TIJ,Wilmer Rios,Ben Braymer,,,lmb_official_calendar,1,4,2,1,1,2,0,0,0,0,0,0,1,3,2,0,No Line,0.0,none,-1,7,5,1,post,Final,Final,,,,,,,,,,,,,0,,,,,,none,809544
809585,2025-07-02,19:00,2025,LAR,SLT,Nate Antone,Zach Mort,,,lmb_official_calendar,1,5,0,0,0,0,0,1,0,0,0,1,0,2,0,0,No Line,0.0,none,-1,7,5,1,post,Final,Final,,,,,,,,,,,,,0,,,,,,none,809585
809671,2025-07-02,19:00,2025,AGS,LAG,Oscar De La Cruz,Travis Lakins,,,lmb_official_calendar,1,0,10,0,1,0,0,0,0,0,0,0,0,0,1,0,No Line,0.0,none,-1,3,13,1,post,Final,Final,,,,,,,,,,,,,0,,,,,,none,809671
809679,2025-07-02,19:00,2025,AGS,LAG,,,,,lmb_official_calendar,0,2,6,0,1,0,0,1,0,0,0,0,1,1,2,0,No Line,0.0,none,-1,7,12,1,post,Final,Final,,,,,,,,,,,,,0,,,,,,none,809679
809861,2025-07-02,19:00,2025,YUC,PUE,Odrisamer Despaigne,Emailin Montilla,,,lmb_official_calendar,1,6,5,0,0,0,0,0,1,1,0,0,0,1,1,0,No Line,0.0,none,-1,12,7,1,post,Final,Final,,,,,,,,,,,,,0,,,,,,none,809861
809952,2025-07-02,19:00,2025,TAB,MEX,Yoennis Yera,,,,lmb_official_calendar,0,1,0,1,0,0,0,0,0,0,0,0,0,1,0,0,No Line,0.0,none,-1,4,5,1,post,Final,Final,,,,,,,,,,,,,0,,,,,,none,809952
809104,2025-07-03,19:00,2025,JAL,DUR,Pavel Hernandez,Tanner Tully,,,lmb_official_calendar,1,9,5,3,0,0,0,2,1,0,1,0,2,5,4,0,No Line,0.0,none,-1,9,9,1,post,Final,Final,,,,,,,,,,,,,0,,,,,,none,809104
809210,2025-07-03,19:00,2025,VER,CAM,Orlando Lara,Sean Nolin,,,lmb_official_calendar,1,6,7,4,3,0,4,0,0,0,0,0,0,4,7,0,No Line,0.0,none,-1,7,8,1,post,Final,Final,,,,,,,,,,,,,0,,,,,,none,809210
809345,2025-07-03,19:00,2025,OAX,LEO,Jake Faria,Felipe Gonzalez,,,lmb_official_calendar,1,5,4,1,0,0,2,0,1,0,0,0,0,1,3,0,No Line,0.0,none,-1,8,8,1,post,Final,Final,,,,,,,,,,,,,0,,,,,,none,809345
809396,2025-07-03,19:00,2025,CHI,MTY,,,,,lmb_official_calendar,0,3,15,0,4,0,0,0,2,0,4,3,3,3,13,0,No Line,0.0,none,-1,3,15,1,post,Final,Final,,,,,,,,,,,,,0,,,,,,none,809396
809399,2025-07-03,19:00,2025,CHI,MTY,Devin Smeltzer,Stephen Tarpley,,,lmb_official_calendar,1,4,8,1,2,0,0,1,1,0,0,0,1,2,4,0,No Line,0.0,none,-1,9,12,1,post,Final,Final,,,,,,,,,,,,,0,,,,,,none,809399
809447,2025-07-03,19:00,2025,TIG,QRO,Xzavion Curry,Aríel Miranda,,,lmb_official_calendar,1,4,6,0,0,0,1,0,0,0,2,1,0,1,3,0,No Line,0.0,none,-1,10,8,1,post,Final,Final,,,,,,,,,,,,,0,,,,,,none,809447
809592,2025-07-03,19:00,2025,LAR,SLT,Junior Guerra,Cameron Gann,,,lmb_official_calendar,1,4,1,0,0,1,0,0,0,0,0,0,1,1,1,0,No Line,0.0,none,-1,8,5,1,post,Final,Final,,,,,,,,,,,,,0,,,,,,none,809592
809675,2025-07-03,19:00,2025,AGS,LAG,Tucker Smith,Aldo Montes,,,lmb_official_calendar,1,13,14,5,0,0,3,1,3,0,5,1,1,7,12,0,No Line,0.0,none,-1,17,14,1,post,Final,Final,,,,,,,,,,,,,0,,,,,,none,809675
809854,2025-07-03,19:00,2025,YUC,PUE,Yoanner Negrin,Fernando Lozano,,,lmb_official_calendar,1,3,5,0,1,0,0,0,0,0,0,0,0,0,1,0,No Line,0.0,none,-1,6,6,1,post,Final,Final,,,,,,,,,,,,,0,,,,,,none,809854
809954,2025-07-03,19:00,2025,TAB,MEX,Tyler Danish,Wilmer Font,,,lmb_official_calendar,1,3,6,0,1,0,0,0,0,0,0,0,1,0,2,0,No Line,0.0,none,-1,8,10,1,post,Final,Final,,,,,,,,,,,,,0,,,,,,none,809954
809163,2025-07-04,19:00,2025,QRO,CAM,Ulises Joaquin,Domingo Acevedo,,,lmb_official_calendar,1,8,4,0,0,1,0,0,1,1,0,3,3,5,4,0,No Line,0.0,none,-1,13,8,1,post,Final,Final,,,,,,,,,,,,,0,,,,,,none,809163
809303,2025-07-04,19:00,2025,DUR,TIJ,Tiago Da Silva,Teddy Stankiewicz,,,lmb_official_calendar,1,7,6,0,0,0,1,0,0,0,0,0,0,0,1,0,No Line,0.0,none,-1,12,9,1,post,Final,Final,,,,,,,,,,,,,0,,,,,,none,809303
809395,2025-07-04,19:00,2025,CHI,JAL,Wily Peralta,Dereck Rodríguez,,,lmb_official_calendar,1,18,6,7,0,0,1,0,0,4,1,0,0,11,2,0,No Line,0.0,none,-1,21,10,1,post,Final,Final,,,,,,,,,,,,,0,,,,,,none,809395
809580,2025-07-04,19:00,2025,LAR,MTY,Daniel Camarena,Luis Cessa,,,lmb_official_calendar,1,0,9,0,0,0,1,0,3,0,0,0,0,0,4,0,No Line,0.0,none,-1,10,14,1,post,Final,Final,,,,,,,,,,,,,0,,,,,,none,809580
809630,2025-07-04,19:00,2025,MEX,LEO,Jose Bravo,Alberto Guerrero,,,lmb_official_calendar,1,11,10,0,1,0,1,0,0,1,3,0,0,1,5,0,No Line,0.0,none,-1,12,14,1,post,Final,Final,,,,,,,,,,,,,0,,,,,,none,809630
809676,2025-07-04,19:00,2025,AGS,MVA,Edwar Colina,Jeremy Rhoades,,,lmb_official_calendar,1,10,4,0,2,2,0,2,0,2,0,2,0,8,2,0,No Line,0.0,none,-1,15,10,1,post,Final,Final,,,,,,,,,,,,,0,,,,,,none,809676
809765,2025-07-04,19:00,2025,PUE,OAX,Edgar Torres,Alemao Hernandez,,,lmb_official_calendar,1,12,11,0,5,0,0,8,1,0,0,1,4,9,10,0,No Line,0.0,none,-1,22,11,1,post,Final,Final,,,,,,,,,,,,,0,,,,,,none,809765
809851,2025-07-04,19:00,2025,YUC,TIG,Dario Agrazal,Steven Moyers,,,lmb_official_calendar,1,6,1,0,0,1,0,0,0,1,0,0,0,2,0,0,No Line,0.0,none,-1,11,7,1,post,Final,Final,,,,,,,,,,,,,0,,,,,,none,809851
809906,2025-07-04,19:00,2025,LAG,SLT,Grant Gavin,Kurt Heyer,,,lmb_official_calendar,1,7,13,0,0,0,0,2,0,0,5,2,2,4,7,0,No Line,0.0,none,-1,11,12,1,post,Final,Final,,,,,,,,,,,,,0,,,,,,none,809906
809953,2025-07-04,19:00,2025,TAB,VER,Jose Samayoa,Connor Curlis,,,lmb_official_calendar,1,1,2,0,0,0,0,0,0,0,2,0,0,0,2,0,No Line,0.0,none,-1,4,7,1,post,Final,Final,,,,,,,,,,,,,0,,,,,,none,809953
809154,2025-07-05,19:00,2025,QRO,CAM,Tyler Viza,,,,lmb_official_calendar,0,11,1,2,0,3,0,0,0,6,0,0,0,11,0,0,No Line,0.0,none,-1,9,7,1,post,Final,Final,,,,,,,,,,,,,0,,,,,,none,809154
809299,2025-07-05,19:00,2025,DUR,TIJ,Regi Grace,David Reyes,,,lmb_official_calendar,1,7,14,0,1,0,2,0,3,3,0,0,0,3,6,0,No Line,0.0,none,-1,16,15,1,post,Final,Final,,,,,,,,,,,,,0,,,,,,none,809299
809391,2025-07-05,19:00,2025,CHI,JAL,Darel Torres,Luis Ivan Rodriguez,,,lmb_official_calendar,1,4,14,0,0,0,0,0,0,1,1,0,0,1,1,0,No Line,0.0,none,-1,6,14,1,post,Final,Final,,,,,,,,,,,,,0,,,,,,none,809391
809584,2025-07-05,19:00,2025,LAR,MTY,Jacob Nix,César Vargas,,,lmb_official_calendar,1,1,10,0,0,0,0,0,1,0,1,0,3,0,5,0,No Line,0.0,none,-1,9,12,1,post,Final,Final,,,,,,,,,,,,,0,,,,,,none,809584
809623,2025-07-05,19:00,2025,MEX,LEO,Justin Courtney,Sammy Tavarez,,,lmb_official_calendar,1,17,10,2,1,0,1,5,2,0,5,3,1,10,10,0,No Line,0.0,none,-1,18,17,1,post,Final,Final,,,,,,,,,,,,,0,,,,,,none,809623
809672,2025-07-05,19:00,2025,AGS,MVA,Elniery García,Austin Warner,,,lmb_official_calendar,1,5,4,0,1,1,0,0,3,0,0,0,0,1,4,0,No Line,0.0,none,-1,10,13,1,post,Final,Final,,,,,,,,,,,,,0,,,,,,none,809672
809766,2025-07-05,19:00,2025,PUE,OAX,Yoimer Camacho,Kyle Barraclough,,,lmb_official_calendar,1,15,6,1,0,1,1,5,0,2,0,0,2,9,3,0,No Line,0.0,none,-1,15,10,1,post,Final,Final,,,,,,,,,,,,,0,,,,,,none,809766
809857,2025-07-05,19:00,2025,YUC,TIG,Jose Torres,Alex Delgado,,,lmb_official_calendar,1,6,3,1,0,1,1,2,0,0,0,0,0,4,1,0,No Line,0.0,none,-1,8,4,1,post,Final,Final,,,,,,,,,,,,,0,,,,,,none,809857
809908,2025-07-05,19:00,2025,LAG,SLT,Ricardo Sanchez,Cam Alldred,,,lmb_official_calendar,1,3,5,0,1,0,0,0,1,1,0,0,0,1,2,0,No Line,0.0,none,-1,5,9,1,post,Final,Final,,,,,,,,,,,,,0,,,,,,none,809908
809949,2025-07-05,19:00,2025,TAB,VER,Raul Carrillo,Esmil Rogers,,,lmb_official_calendar,1,6,4,2,0,0,0,3,0,0,0,0,1,5,1,0,No Line,0.0,none,-1,12,7,1,post,Final,Final,,,,,,,,,,,,,0,,,,,,none,809949
809153,2025-07-06,19:00,2025,QRO,CAM,Michel Baez,Miller Hogan,,,lmb_official_calendar,1,3,10,0,4,0,0,1,1,1,3,0,0,2,8,0,No Line,0.0,none,-1,10,13,1,post,Final,Final,,,,,,,,,,,,,0,,,,,,none,809153
809300,2025-07-06,19:00,2025,DUR,TIJ,Felix Doubront,Jorge Perez,,,lmb_official_calendar,1,5,7,1,1,0,0,3,1,0,0,0,0,4,2,0,No Line,0.0,none,-1,11,10,1,post,Final,Final,,,,,,,,,,,,,0,,,,,,none,809300
809393,2025-07-06,19:00,2025,CHI,JAL,Max Castillo,Eduardo Vera,,,lmb_official_calendar,1,7,9,0,0,0,2,1,0,0,5,0,2,1,9,0,No Line,0.0,none,-1,13,12,1,post,Final,Final,,,,,,,,,,,,,0,,,,,,none,809393
809583,2025-07-06,19:00,2025,LAR,MTY,Drew Strotman,Nolan Kingham,,,lmb_official_calendar,1,1,3,0,0,0,0,0,2,0,0,0,1,0,3,0,No Line,0.0,none,-1,7,9,1,post,Final,Final,,,,,,,,,,,,,0,,,,,,none,809583
809622,2025-07-06,19:00,2025,MEX,LEO,Ricardo Pinto,Faustino Carrera,,,lmb_official_calendar,1,9,13,1,2,2,0,0,0,0,0,0,2,3,4,0,No Line,0.0,none,-1,14,14,1,post,Final,Final,,,,,,,,,,,,,0,,,,,,none,809622
809674,2025-07-06,19:00,2025,AGS,MVA,Deylen Miley,Christian Young,,,lmb_official_calendar,1,2,8,1,0,0,1,0,0,0,0,0,0,1,1,0,No Line,0.0,none,-1,5,11,1,post,Final,Final,,,,,,,,,,,,,0,,,,,,none,809674
809763,2025-07-06,19:00,2025,PUE,OAX,Vladimir Gutierrez,Radhames Liz,,,lmb_official_calendar,1,6,13,0,0,3,0,0,0,1,3,2,1,6,4,0,No Line,0.0,none,-1,13,14,1,post,Final,Final,,,,,,,,,,,,,0,,,,,,none,809763
809858,2025-07-06,19:00,2025,YUC,TIG,César Valdez,Carl Edwards Jr.,,,lmb_official_calendar,1,5,4,0,1,0,0,0,1,3,2,0,0,3,4,0,No Line,0.0,none,-1,10,9,1,post,Final,Final,,,,,,,,,,,,,0,,,,,,none,809858
809907,2025-07-06,19:00,2025,LAG,SLT,Jaime Barria,Manny Barreda,,,lmb_official_calendar,1,4,3,0,0,0,1,0,0,0,1,0,0,0,2,0,No Line,0.0,none,-1,6,11,1,post,Final,Final,,,,,,,,,,,,,0,,,,,,none,809907
809948,2025-07-06,19:00,2025,TAB,VER,Joe Van Meter,Dinelson Lamet,,,lmb_official_calendar,1,14,5,3,0,0,0,9,3,1,0,0,0,13,3,0,No Line,0.0,none,-1,14,10,1,post,Final,Final,,,,,,,,,,,,,0,,,,,,none,809948
809151,2025-07-07,19:00,2025,QRO,MEX,Tyler Alexander,Kent Emanuel,,,lmb_official_calendar,1,7,4,0,0,0,2,1,0,0,0,4,0,5,2,0,No Line,0.0,none,-1,13,13,1,post,Final,Final,,,,,,,,,,,,,0,,,,,,none,809151
809155,2025-07-08,19:00,2025,QRO,MEX,Aríel Miranda,Wilmer Font,,,lmb_official_calendar,1,10,12,2,3,0,5,0,0,3,2,0,0,5,10,0,No Line,0.0,none,-1,20,13,1,post,Final,Final,,,,,,,,,,,,,0,,,,,,none,809155
809256,2025-07-08,19:00,2025,TIJ,AGS,Ben Braymer,Oscar De La Cruz,,,lmb_official_calendar,1,5,0,1,0,0,0,0,0,0,0,4,0,5,0,0,No Line,0.0,none,-1,7,4,1,post,Final,Final,,,,,,,,,,,,,0,,,,,,none,809256
809342,2025-07-08,19:00,2025,OAX,VER,Solomon Bates,Luis Romero,,,lmb_official_calendar,1,4,5,0,0,0,0,0,0,0,2,1,1,1,3,0,No Line,0.0,none,-1,9,8,1,post,Final,Final,,,,,,,,,,,,,0,,,,,,none,809342
809392,2025-07-08,19:00,2025,CHI,LAG,Caleb Smith,Travis Lakins,,,lmb_official_calendar,1,2,6,0,3,0,0,0,0,1,0,0,0,1,3,0,No Line,0.0,none,-1,7,6,1,post,Final,Final,,,,,,,,,,,,,0,,,,,,none,809392
809436,2025-07-08,19:00,2025,TIG,PUE,Julio Robaina,Emailin Montilla,,,lmb_official_calendar,1,1,3,0,0,0,0,0,1,0,0,0,2,0,3,0,No Line,0.0,none,-1,7,6,1,post,Final,Final,,,,,,,,,,,,,0,,,,,,none,809436
809494,2025-07-08,19:00,2025,MTY,JAL,Justus Sheffield,Luis Payan,,,lmb_official_calendar,1,2,3,0,2,0,0,0,1,2,0,0,0,2,3,0,No Line,0.0,none,-1,8,4,1,post,Final,Final,,,,,,,,,,,,,0,,,,,,none,809494
809535,2025-07-08,19:00,2025,MVA,LAR,Jorge Tavarez,Nate Antone,,,lmb_official_calendar,1,5,13,0,0,1,3,0,1,1,0,0,4,2,8,0,No Line,0.0,none,-1,10,15,1,post,Final,Final,,,,,,,,,,,,,0,,,,,,none,809535
809718,2025-07-08,19:00,2025,CAM,TAB,Sho Itoh,Yoennis Yera,,,lmb_official_calendar,1,5,10,0,0,0,2,0,0,1,1,1,3,2,6,0,No Line,0.0,none,-1,8,15,1,post,Final,Final,,,,,,,,,,,,,0,,,,,,none,809718
809808,2025-07-08,19:00,2025,SLT,DUR,Zach Mort,Jorge Garcia,,,lmb_official_calendar,1,13,1,4,0,0,0,6,0,3,0,0,1,13,1,0,No Line,0.0,none,-1,16,8,1,post,Final,Final,,,,,,,,,,,,,0,,,,,,none,809808
809999,2025-07-08,19:00,2025,LEO,YUC,Felipe Gonzalez,Odrisamer Despaigne,,,lmb_official_calendar,1,10,9,1,0,0,4,2,0,6,0,0,0,9,4,0,No Line,0.0,none,-1,13,14,1,post,Final,Final,,,,,,,,,,,,,0,,,,,,none,809999
809156,2025-07-09,19:00,2025,QRO,MEX,Ulises Joaquin,Jose Bravo,,,lmb_official_calendar,1,5,8,3,3,0,4,2,0,0,0,0,1,5,8,0,No Line,0.0,none,-1,12,14,1,post,Final,Final,,,,,,,,,,,,,0,,,,,,none,809156
809166,2025-07-09,19:00,2025,QRO,MEX,,,,,lmb_official_calendar,0,7,0,4,0,0,0,1,0,1,0,0,0,6,0,0,No Line,0.0,none,-1,12,3,1,post,Final,Final,,,,,,,,,,,,,0,,,,,,none,809166
809254,2025-07-09,19:00,2025,TIJ,AGS,Matt Solter,Adrian Almeida,,,lmb_official_calendar,1,6,5,0,1,0,0,0,0,0,2,1,0,1,3,0,No Line,0.0,none,-1,12,13,1,post,Final,Final,,,,,,,,,,,,,0,,,,,,none,809254
809343,2025-07-09,19:00,2025,OAX,VER,Jake Faria,Orlando Lara,,,lmb_official_calendar,1,7,12,1,6,0,0,0,1,1,0,0,0,2,7,0,No Line,0.0,none,-1,12,15,1,post,Final,Final,,,,,,,,,,,,,0,,,,,,none,809343
809390,2025-07-09,19:00,2025,CHI,LAG,Wily Peralta,Aldo Montes,,,lmb_official_calendar,1,14,6,1,0,0,0,3,1,5,2,1,0,10,3,0,No Line,0.0,none,-1,20,10,1,post,Final,Final,,,,,,,,,,,,,0,,,,,,none,809390
809437,2025-07-09,19:00,2025,TIG,PUE,Xzavion Curry,Fernando Lozano,,,lmb_official_calendar,1,4,2,0,0,1,0,2,0,0,0,0,0,3,0,0,No Line,0.0,none,-1,8,4,1,post,Final,Final,,,,,,,,,,,,,0,,,,,,none,809437
809484,2025-07-09,19:00,2025,MTY,JAL,Manny Banuelos,Dovydas Neverauskas,,,lmb_official_calendar,1,12,1,3,0,0,0,1,0,0,0,2,0,6,0,0,No Line,0.0,none,-1,13,6,1,post,Final,Final,,,,,,,,,,,,,0,,,,,,none,809484
809531,2025-07-09,19:00,2025,MVA,LAR,Wilmer Rios,Junior Guerra,,,lmb_official_calendar,1,4,0,0,0,0,0,0,0,3,0,1,0,4,0,0,No Line,0.0,none,-1,9,5,1,post,Final,Final,,,,,,,,,,,,,0,,,,,,none,809531
809720,2025-07-09,19:00,2025,CAM,TAB,Onelki Garcia,Tyler Danish,,,lmb_official_calendar,1,5,3,0,1,0,2,0,0,1,0,0,0,1,3,0,No Line,0.0,none,-1,8,8,1,post,Final,Final,,,,,,,,,,,,,0,,,,,,none,809720
809809,2025-07-09,19:00,2025,SLT,DUR,Cameron Gann,Tanner Tully,,,lmb_official_calendar,1,11,3,1,0,1,0,0,0,0,0,0,1,2,1,0,No Line,0.0,none,-1,13,10,1,post,Final,Final,,,,,,,,,,,,,0,,,,,,none,809809
809998,2025-07-09,19:00,2025,LEO,YUC,Alberto Guerrero,Yoanner Negrin,,,lmb_official_calendar,1,10,12,6,2,1,5,0,0,0,0,1,1,8,8,0,No Line,0.0,none,-1,13,11,1,post,Final,Final,,,,,,,,,,,,,0,,,,,,none,809998
809255,2025-07-10,19:00,2025,TIJ,AGS,Teddy Stankiewicz,Tucker Smith,,,lmb_official_calendar,1,6,4,0,0,0,0,4,0,0,0,2,0,6,0,0,No Line,0.0,none,-1,11,9,1,post,Final,Final,,,,,,,,,,,,,0,,,,,,none,809255
809344,2025-07-10,19:00,2025,OAX,VER,Alemao Hernandez,Connor Curlis,,,lmb_official_calendar,1,10,6,0,0,4,0,2,0,0,0,1,3,7,3,0,No Line,0.0,none,-1,12,12,1,post,Final,Final,,,,,,,,,,,,,0,,,,,,none,809344
809394,2025-07-10,19:00,2025,CHI,LAG,Darel Torres,Grant Gavin,,,lmb_official_calendar,1,4,3,1,1,0,0,0,1,0,0,0,0,1,2,0,No Line,0.0,none,-1,8,6,1,post,Final,Final,,,,,,,,,,,,,0,,,,,,none,809394
809440,2025-07-10,19:00,2025,TIG,PUE,Steven Moyers,Cleiverth Perez,,,lmb_official_calendar,1,7,1,3,1,0,0,2,0,0,0,1,0,6,1,0,No Line,0.0,none,-1,9,7,1,post,Final,Final,,,,,,,,,,,,,0,,,,,,none,809440
809485,2025-07-10,19:00,2025,MTY,JAL,Luis Cessa,Greg Minier,,,lmb_official_calendar,1,13,7,8,0,0,0,2,0,1,2,0,1,11,3,0,No Line,0.0,none,-1,16,9,1,post,Final,Final,,,,,,,,,,,,,0,,,,,,none,809485
809533,2025-07-10,19:00,2025,MVA,LAR,Brady Miller,Adrian De Horta,,,lmb_official_calendar,1,9,6,0,1,0,0,1,0,0,0,8,0,9,1,0,No Line,0.0,none,-1,5,11,1,post,Final,Final,,,,,,,,,,,,,0,,,,,,none,809533
809719,2025-07-10,19:00,2025,CAM,TAB,Domingo Acevedo,Jose Samayoa,,,lmb_official_calendar,1,5,2,0,0,0,0,0,0,0,0,0,0,0,0,0,No Line,0.0,none,-1,8,11,1,post,Final,Final,,,,,,,,,,,,,0,,,,,,none,809719
809814,2025-07-10,19:00,2025,SLT,DUR,Kurt Heyer,Tiago Da Silva,,,lmb_official_calendar,1,6,10,1,2,0,0,2,0,0,0,0,1,3,3,0,No Line,0.0,none,-1,11,15,1,post,Final,Final,,,,,,,,,,,,,0,,,,,,none,809814
809995,2025-07-10,19:00,2025,LEO,YUC,Aaron Shortridge,Dario Agrazal,,,lmb_official_calendar,1,2,14,0,7,0,3,1,0,0,4,1,0,2,14,0,No Line,0.0,none,-1,7,20,1,post,Final,Final,,,,,,,,,,,,,0,,,,,,none,809995
809106,2025-07-11,19:00,2025,JAL,LAG,Dovydas Neverauskas,,,,lmb_official_calendar,0,9,4,0,0,0,0,0,4,0,0,2,0,2,4,0,No Line,0.0,none,-1,9,9,1,post,Final,Final,,,,,,,,,,,,,0,,,,,,none,809106
809206,2025-07-11,19:00,2025,VER,LEO,Esmil Rogers,Sammy Tavarez,,,lmb_official_calendar,1,8,5,1,0,1,0,0,0,1,2,0,2,3,4,0,No Line,0.0,none,-1,11,11,1,post,Final,Final,,,,,,,,,,,,,0,,,,,,none,809206
809341,2025-07-11,19:00,2025,OAX,QRO,Kyle Barraclough,Tyler Viza,,,lmb_official_calendar,1,18,0,1,0,0,0,9,0,0,0,2,0,12,0,0,No Line,0.0,none,-1,20,3,1,post,Final,Final,,,,,,,,,,,,,0,,,,,,none,809341
809441,2025-07-11,19:00,2025,TIG,MEX,Carl Edwards Jr.,Justin Courtney,,,lmb_official_calendar,1,0,1,0,0,0,0,0,0,0,0,0,0,0,0,0,No Line,0.0,none,-1,6,6,1,post,Final,Final,,,,,,,,,,,,,0,,,,,,none,809441
809482,2025-07-11,19:00,2025,MTY,TIJ,Stephen Tarpley,David Reyes,,,lmb_official_calendar,1,3,2,0,0,0,0,1,0,0,1,0,0,1,1,0,No Line,0.0,none,-1,10,7,1,post,Final,Final,,,,,,,,,,,,,0,,,,,,none,809482
809579,2025-07-11,19:00,2025,LAR,DUR,Jacob Nix,Jorge Bautista,,,lmb_official_calendar,1,3,5,0,0,0,2,0,1,0,0,0,0,0,3,0,No Line,0.0,none,-1,10,10,1,post,Final,Final,,,,,,,,,,,,,0,,,,,,none,809579
809673,2025-07-11,19:00,2025,AGS,CHI,Deylen Miley,Gabriel Ponce,,,lmb_official_calendar,1,1,17,0,1,1,0,0,0,0,2,0,0,1,3,0,No Line,0.0,none,-1,3,20,1,post,Final,Final,,,,,,,,,,,,,0,,,,,,none,809673
809723,2025-07-11,19:00,2025,CAM,PUE,Carlos Bustamante,Vladimir Gutierrez,,,lmb_official_calendar,1,11,2,1,0,1,1,0,0,0,0,3,0,5,1,0,No Line,0.0,none,-1,18,5,1,post,Final,Final,,,,,,,,,,,,,0,,,,,,none,809723
809811,2025-07-11,19:00,2025,SLT,MVA,Cam Alldred,Austin Warner,,,lmb_official_calendar,1,7,4,1,0,0,2,4,0,0,0,2,0,7,2,0,No Line,0.0,none,-1,9,10,1,post,Final,Final,,,,,,,,,,,,,0,,,,,,none,809811
809946,2025-07-11,19:00,2025,TAB,YUC,Raul Carrillo,Alexis Gonzalez,,,lmb_official_calendar,1,8,6,2,1,0,0,0,0,1,0,0,1,3,2,0,No Line,0.0,none,-1,12,11,1,post,Final,Final,,,,,,,,,,,,,0,,,,,,none,809946
809208,2025-07-12,19:00,2025,VER,LEO,Dinelson Lamet,Faustino Carrera,,,lmb_official_calendar,1,10,4,0,2,4,0,2,0,4,0,0,0,10,2,0,No Line,0.0,none,-1,10,8,1,post,Final,Final,,,,,,,,,,,,,0,,,,,,none,809208
809339,2025-07-12,19:00,2025,OAX,QRO,Luis Miranda,Michel Baez,,,lmb_official_calendar,1,11,2,0,2,7,0,0,0,0,0,0,0,7,2,0,No Line,0.0,none,-1,11,9,1,post,Final,Final,,,,,,,,,,,,,0,,,,,,none,809339
809442,2025-07-12,19:00,2025,TIG,MEX,,Ricardo Pinto,,,lmb_official_calendar,0,3,5,0,2,3,1,0,1,0,0,0,0,3,4,0,No Line,0.0,none,-1,10,8,1,post,Final,Final,,,,,,,,,,,,,0,,,,,,none,809442
809487,2025-07-12,19:00,2025,MTY,TIJ,César Vargas,,,,lmb_official_calendar,0,2,7,0,1,0,0,0,0,0,2,0,0,0,3,0,No Line,0.0,none,-1,4,12,1,post,Final,Final,,,,,,,,,,,,,0,,,,,,none,809487
809578,2025-07-12,19:00,2025,LAR,DUR,Daniel Mengden,Tiago Da Silva,,,lmb_official_calendar,1,3,9,0,2,0,0,0,2,0,0,0,1,0,5,0,No Line,0.0,none,-1,5,17,1,post,Final,Final,,,,,,,,,,,,,0,,,,,,none,809578
809667,2025-07-12,19:00,2025,AGS,CHI,Elniery García,Max Castillo,,,lmb_official_calendar,1,5,4,0,0,1,0,0,0,1,2,0,2,2,4,0,No Line,0.0,none,-1,11,10,1,post,Final,Final,,,,,,,,,,,,,0,,,,,,none,809667
809722,2025-07-12,19:00,2025,CAM,PUE,,Yoimer Camacho,,,lmb_official_calendar,0,3,1,0,0,0,0,1,0,1,0,1,0,3,0,0,No Line,0.0,none,-1,7,7,1,post,Final,Final,,,,,,,,,,,,,0,,,,,,none,809722
809810,2025-07-12,19:00,2025,SLT,MVA,Manny Barreda,Christian Young,,,lmb_official_calendar,1,8,3,1,0,0,0,2,3,2,0,0,0,5,3,0,No Line,0.0,none,-1,13,8,1,post,Final,Final,,,,,,,,,,,,,0,,,,,,none,809810
809947,2025-07-12,19:00,2025,TAB,YUC,Joe Van Meter,César Valdez,,,lmb_official_calendar,1,1,3,0,0,0,1,0,1,0,1,1,0,1,3,0,No Line,0.0,none,-1,8,5,1,post,Final,Final,,,,,,,,,,,,,0,,,,,,none,809947
809107,2025-07-13,19:00,2025,JAL,LAG,,,,,lmb_official_calendar,0,6,9,0,1,0,1,0,0,0,0,0,0,0,2,0,No Line,0.0,none,-1,10,12,1,post,Final,Final,,,,,,,,,,,,,0,,,,,,none,809107
809110,2025-07-13,19:00,2025,JAL,LAG,Eduardo Vera,,,,lmb_official_calendar,0,11,5,5,0,0,0,0,1,2,0,2,1,9,2,0,No Line,0.0,none,-1,9,11,1,post,Final,Final,,,,,,,,,,,,,0,,,,,,none,809110
809205,2025-07-13,19:00,2025,VER,LEO,Luis Romero,Felipe Gonzalez,,,lmb_official_calendar,1,5,4,0,1,0,2,2,1,0,0,1,0,3,4,0,No Line,0.0,none,-1,6,4,1,post,Final,Final,,,,,,,,,,,,,0,,,,,,none,809205
809336,2025-07-13,19:00,2025,OAX,QRO,Solomon Bates,Tyler Alexander,,,lmb_official_calendar,1,11,5,1,0,3,3,0,0,0,1,1,0,5,4,0,No Line,0.0,none,-1,15,13,1,post,Final,Final,,,,,,,,,,,,,0,,,,,,none,809336
809439,2025-07-13,19:00,2025,TIG,MEX,Julio Robaina,,,,lmb_official_calendar,0,3,2,2,0,0,0,1,0,0,1,0,0,3,1,0,No Line,0.0,none,-1,7,6,1,post,Final,Final,,,,,,,,,,,,,0,,,,,,none,809439
809486,2025-07-13,19:00,2025,MTY,TIJ,Nolan Kingham,Ben Braymer,,,lmb_official_calendar,1,9,4,1,0,1,0,0,0,1,1,0,0,3,1,0,No Line,0.0,none,-1,12,7,1,post,Final,Final,,,,,,,,,,,,,0,,,,,,none,809486
809581,2025-07-13,19:00,2025,LAR,DUR,Nate Antone,Jorge Garcia,,,lmb_official_calendar,1,1,5,0,0,0,2,0,0,0,1,0,1,0,4,0,No Line,0.0,none,-1,8,9,1,post,Final,Final,,,,,,,,,,,,,0,,,,,,none,809581
809669,2025-07-13,19:00,2025,AGS,CHI,Oscar De La Cruz,Caleb Smith,,,lmb_official_calendar,1,4,1,0,0,1,0,2,1,0,0,1,0,4,1,0,No Line,0.0,none,-1,7,2,1,post,Final,Final,,,,,,,,,,,,,0,,,,,,none,809669
809721,2025-07-13,19:00,2025,CAM,PUE,Sho Itoh,Emailin Montilla,,,lmb_official_calendar,1,4,3,0,1,0,0,1,1,1,0,2,1,4,3,0,No Line,0.0,none,-1,8,14,1,post,Final,Final,,,,,,,,,,,,,0,,,,,,none,809721
809941,2025-07-13,19:00,2025,TAB,YUC,Yoennis Yera,Odrisamer Despaigne,,,lmb_official_calendar,1,5,12,0,0,0,5,2,1,0,0,1,2,3,8,0,No Line,0.0,none,-1,9,17,1,post,Final,Final,,,,,,,,,,,,,0,,,,,,none,809941
809207,2025-07-15,19:00,2025,VER,QRO,Orlando Lara,Aríel Miranda,,,lmb_official_calendar,1,5,4,0,1,0,0,3,0,0,0,1,1,4,2,0,No Line,0.0,none,-1,8,13,1,post,Final,Final,,,,,,,,,,,,,0,,,,,,none,809207
809298,2025-07-15,19:00,2025,DUR,LAG,Tanner Tully,Omar Araujo,,,lmb_official_calendar,1,9,5,0,0,0,0,6,0,2,1,1,1,9,2,0,No Line,0.0,none,-1,13,10,1,post,Final,Final,,,,,,,,,,,,,0,,,,,,none,809298
809389,2025-07-15,19:00,2025,CHI,SLT,Wily Peralta,Zach Mort,,,lmb_official_calendar,1,7,3,0,1,0,0,4,0,0,1,2,0,6,2,0,No Line,0.0,none,-1,8,15,1,post,Final,Final,,,,,,,,,,,,,0,,,,,,none,809389
809532,2025-07-15,19:00,2025,MVA,MTY,Wilmer Rios,Justus Sheffield,,,lmb_official_calendar,1,6,5,2,1,0,0,0,0,1,0,0,0,3,1,0,No Line,0.0,none,-1,13,9,1,post,Final,Final,,,,,,,,,,,,,0,,,,,,none,809532
809582,2025-07-15,19:00,2025,LAR,TIJ,Junior Guerra,Caleb Baragar,,,lmb_official_calendar,1,6,7,0,0,0,5,4,0,0,0,0,1,4,6,0,No Line,0.0,none,-1,6,10,1,post,Final,Final,,,,,,,,,,,,,0,,,,,,none,809582
809628,2025-07-15,19:00,2025,MEX,OAX,Brooks Hall,Radhames Liz,,,lmb_official_calendar,1,1,9,1,0,0,2,0,2,0,1,0,1,1,6,0,No Line,0.0,none,-1,8,15,1,post,Final,Final,,,,,,,,,,,,,0,,,,,,none,809628
809762,2025-07-15,19:00,2025,PUE,TAB,Fernando Lozano,Tyler Danish,,,lmb_official_calendar,1,8,5,1,0,2,1,0,1,0,2,0,1,3,5,0,No Line,0.0,none,-1,8,11,1,post,Final,Final,,,,,,,,,,,,,0,,,,,,none,809762
809856,2025-07-15,19:00,2025,YUC,CAM,Yoanner Negrin,Pablo Tellez,,,lmb_official_calendar,1,11,1,0,0,0,0,4,0,0,1,1,0,5,1,0,No Line,0.0,none,-1,17,4,1,post,Final,Final,,,,,,,,,,,,,0,,,,,,none,809856
809105,2025-07-16,19:00,2025,JAL,AGS,Zac Grotz,Tucker Smith,,,lmb_official_calendar,1,5,2,3,0,0,0,0,0,0,0,1,0,4,0,0,No Line,0.0,none,-1,8,3,1,post,Final,Final,,,,,,,,,,,,,0,,,,,,none,809105
809108,2025-07-16,19:00,2025,JAL,AGS,,,,,lmb_official_calendar,0,9,5,0,0,2,3,2,0,4,0,1,2,9,5,0,No Line,0.0,none,-1,11,8,1,post,Final,Final,,,,,,,,,,,,,0,,,,,,none,809108
809204,2025-07-16,19:00,2025,VER,QRO,,Huascar Ynoa,,,lmb_official_calendar,0,5,2,0,0,0,0,1,0,4,0,0,0,5,0,0,No Line,0.0,none,-1,9,4,1,post,Final,Final,,,,,,,,,,,,,0,,,,,,none,809204
809296,2025-07-16,19:00,2025,DUR,LAG,Keyvius Sampson,Jaime Barria,,,lmb_official_calendar,1,9,4,0,0,0,0,0,0,0,0,0,2,0,2,0,No Line,0.0,none,-1,9,9,1,post,Final,Final,,,,,,,,,,,,,0,,,,,,none,809296
809385,2025-07-16,19:00,2025,CHI,SLT,Darel Torres,Cameron Gann,,,lmb_official_calendar,1,6,2,2,0,0,0,0,0,0,0,0,0,2,0,0,No Line,0.0,none,-1,12,7,1,post,Final,Final,,,,,,,,,,,,,0,,,,,,none,809385
809534,2025-07-16,19:00,2025,MVA,MTY,Jackson Goddard,Manny Banuelos,,,lmb_official_calendar,1,3,2,0,0,1,0,0,0,0,0,1,0,2,0,0,No Line,0.0,none,-1,7,5,1,post,Final,Final,,,,,,,,,,,,,0,,,,,,none,809534
809577,2025-07-16,19:00,2025,LAR,TIJ,Adrian De Horta,Teddy Stankiewicz,,,lmb_official_calendar,1,8,6,0,0,0,0,3,0,0,0,0,3,3,3,0,No Line,0.0,none,-1,9,12,1,post,Final,Final,,,,,,,,,,,,,0,,,,,,none,809577
809760,2025-07-16,19:00,2025,PUE,TAB,Vladimir Gutierrez,Jose Samayoa,,,lmb_official_calendar,1,5,10,1,0,0,3,1,0,1,4,2,0,5,7,0,No Line,0.0,none,-1,10,15,1,post,Final,Final,,,,,,,,,,,,,0,,,,,,none,809760
809852,2025-07-16,19:00,2025,YUC,CAM,Dario Agrazal,Domingo Acevedo,,,lmb_official_calendar,1,4,6,0,0,0,2,0,0,0,0,0,0,0,2,0,No Line,0.0,none,-1,6,9,1,post,Final,Final,,,,,,,,,,,,,0,,,,,,none,809852
809990,2025-07-16,19:00,2025,LEO,TIG,Aaron Shortridge,Steven Moyers,,,lmb_official_calendar,1,3,17,2,2,0,5,0,0,1,0,0,5,3,12,0,No Line,0.0,none,-1,9,12,1,post,Final,Final,,,,,,,,,,,,,0,,,,,,none,809990
809997,2025-07-16,19:00,2025,LEO,TIG,,,,,lmb_official_calendar,0,4,3,4,0,0,3,0,0,0,0,0,0,4,3,0,No Line,0.0,none,-1,5,4,1,post,Final,Final,,,,,,,,,,,,,0,,,,,,none,809997
809203,2025-07-17,19:00,2025,VER,QRO,Esmil Rogers,Ulises Joaquin,,,lmb_official_calendar,1,6,10,2,2,0,0,0,0,0,3,2,1,4,6,0,No Line,0.0,none,-1,12,17,1,post,Final,Final,,,,,,,,,,,,,0,,,,,,none,809203
809295,2025-07-17,19:00,2025,DUR,LAG,Jorge Bautista,Ricardo Sanchez,,,lmb_official_calendar,1,4,5,0,0,0,0,0,0,4,3,0,0,4,3,0,No Line,0.0,none,-1,10,9,1,post,Final,Final,,,,,,,,,,,,,0,,,,,,none,809295
809387,2025-07-17,19:00,2025,CHI,SLT,Gabriel Ponce,Kurt Heyer,,,lmb_official_calendar,1,4,3,0,0,1,0,2,0,0,0,1,2,4,2,0,No Line,0.0,none,-1,9,4,1,post,Final,Final,,,,,,,,,,,,,0,,,,,,none,809387
809528,2025-07-17,19:00,2025,MVA,MTY,Brady Miller,Luis Cessa,,,lmb_official_calendar,1,3,8,0,0,1,0,0,2,0,2,0,0,1,4,0,No Line,0.0,none,-1,11,8,1,post,Final,Final,,,,,,,,,,,,,0,,,,,,none,809528
809573,2025-07-17,19:00,2025,LAR,TIJ,Jacob Nix,Jorge Perez,,,lmb_official_calendar,1,4,6,0,2,0,3,0,0,1,0,2,1,3,6,0,No Line,0.0,none,-1,8,13,1,post,Final,Final,,,,,,,,,,,,,0,,,,,,none,809573
809626,2025-07-17,19:00,2025,MEX,OAX,Daniel Camarena,Robert Dugger,,,lmb_official_calendar,1,5,4,0,0,2,0,0,1,0,2,0,1,2,4,0,No Line,0.0,none,-1,9,8,1,post,Final,Final,,,,,,,,,,,,,0,,,,,,none,809626
809627,2025-07-17,19:00,2025,MEX,OAX,,,,,lmb_official_calendar,0,14,7,0,0,1,1,6,1,6,0,0,1,13,3,0,No Line,0.0,none,-1,18,12,1,post,Final,Final,,,,,,,,,,,,,0,,,,,,none,809627
809758,2025-07-17,19:00,2025,PUE,TAB,Angel Sanchez,Ian Kahaloa,,,lmb_official_calendar,1,3,18,0,0,1,3,0,0,0,5,0,5,1,13,0,No Line,0.0,none,-1,11,16,1,post,Final,Final,,,,,,,,,,,,,0,,,,,,none,809758
809855,2025-07-17,19:00,2025,YUC,CAM,,Jake Thompson,,,lmb_official_calendar,0,4,6,0,0,1,1,0,0,0,1,0,0,1,2,0,No Line,0.0,none,-1,6,8,1,post,Final,Final,,,,,,,,,,,,,0,,,,,,none,809855
809991,2025-07-17,19:00,2025,LEO,TIG,Jeff Lindgren,Carl Edwards Jr.,,,lmb_official_calendar,1,5,4,0,0,0,0,0,0,0,0,0,0,0,0,0,No Line,0.0,none,-1,9,6,1,post,Final,Final,,,,,,,,,,,,,0,,,,,,none,809991
809201,2025-07-18,19:00,2025,VER,MEX,Dinelson Lamet,Ricardo Pinto,,,lmb_official_calendar,1,3,6,0,0,0,0,0,0,0,2,0,2,0,4,0,No Line,0.0,none,-1,7,5,1,post,Final,Final,,,,,,,,,,,,,0,,,,,,none,809201
809253,2025-07-18,19:00,2025,TIJ,CHI,David Reyes,Max Castillo,,,lmb_official_calendar,1,5,1,0,0,0,0,0,1,3,0,0,0,3,1,0,No Line,0.0,none,-1,8,4,1,post,Final,Final,,,,,,,,,,,,,0,,,,,,none,809253
809443,2025-07-18,19:00,2025,TIG,TAB,,Joe Van Meter,,,lmb_official_calendar,0,5,4,0,0,0,0,5,1,0,0,0,0,5,1,0,No Line,0.0,none,-1,9,12,1,post,Final,Final,,,,,,,,,,,,,0,,,,,,none,809443
809481,2025-07-18,19:00,2025,MTY,AGS,Stephen Tarpley,Deylen Miley,,,lmb_official_calendar,1,5,4,2,0,0,0,0,0,0,0,0,1,2,1,0,No Line,0.0,none,-1,8,10,1,post,Final,Final,,,,,,,,,,,,,0,,,,,,none,809481
809714,2025-07-18,19:00,2025,CAM,OAX,Miller Hogan,Kyle Barraclough,,,lmb_official_calendar,1,3,7,0,0,0,0,0,0,0,1,1,0,1,1,0,No Line,0.0,none,-1,13,14,1,post,Final,Final,,,,,,,,,,,,,0,,,,,,none,809714
809800,2025-07-18,19:00,2025,SLT,JAL,Manny Barreda,Luis Ivan Rodriguez,,,lmb_official_calendar,1,7,6,1,0,1,2,0,2,0,1,0,0,2,5,0,No Line,0.0,none,-1,11,7,1,post,Final,Final,,,,,,,,,,,,,0,,,,,,none,809800
809853,2025-07-18,19:00,2025,YUC,QRO,Odrisamer Despaigne,Michel Baez,,,lmb_official_calendar,1,3,5,0,3,0,0,0,1,2,0,0,0,2,4,0,No Line,0.0,none,-1,5,10,1,post,Final,Final,,,,,,,,,,,,,0,,,,,,none,809853
809902,2025-07-18,19:00,2025,LAG,LAR,,Daniel Mengden,,,lmb_official_calendar,0,1,4,0,0,0,1,0,1,0,0,0,0,0,2,0,No Line,0.0,none,-1,7,9,1,post,Final,Final,,,,,,,,,,,,,0,,,,,,none,809902
809984,2025-07-18,19:00,2025,LEO,PUE,Faustino Carrera,Cleiverth Perez,,,lmb_official_calendar,1,5,7,0,0,0,2,0,1,0,1,0,0,0,4,0,No Line,0.0,none,-1,7,14,1,post,Final,Final,,,,,,,,,,,,,0,,,,,,none,809984
809202,2025-07-19,19:00,2025,VER,MEX,Luis Romero,Tyler Beede,,,lmb_official_calendar,1,2,4,1,0,0,0,0,0,0,0,1,1,2,1,0,No Line,0.0,none,-1,5,7,1,post,Final,Final,,,,,,,,,,,,,0,,,,,,none,809202
809252,2025-07-19,19:00,2025,TIJ,CHI,Domingo Germán,Caleb Smith,,,lmb_official_calendar,1,11,0,0,0,3,0,0,0,0,0,4,0,7,0,0,No Line,0.0,none,-1,12,6,1,post,Final,Final,,,,,,,,,,,,,0,,,,,,none,809252
809292,2025-07-19,19:00,2025,DUR,MVA,Tiago Da Silva,Christian Young,,,lmb_official_calendar,1,3,2,0,0,0,0,1,0,0,0,1,2,2,2,0,No Line,0.0,none,-1,6,6,1,post,Final,Final,,,,,,,,,,,,,0,,,,,,none,809292
809297,2025-07-19,19:00,2025,DUR,MVA,,,,,lmb_official_calendar,0,10,13,0,0,1,0,4,0,4,2,0,0,9,2,0,No Line,0.0,none,-1,15,13,1,post,Final,Final,,,,,,,,,,,,,0,,,,,,none,809297
809438,2025-07-19,19:00,2025,TIG,TAB,,Yoennis Yera,,,lmb_official_calendar,0,4,3,0,0,0,0,0,0,0,0,0,0,0,0,0,No Line,0.0,none,-1,6,5,1,post,Final,Final,,,,,,,,,,,,,0,,,,,,none,809438
809483,2025-07-19,19:00,2025,MTY,AGS,César Vargas,Elniery García,,,lmb_official_calendar,1,4,3,2,1,2,0,0,0,0,0,0,1,4,2,0,No Line,0.0,none,-1,10,7,1,post,Final,Final,,,,,,,,,,,,,0,,,,,,none,809483
809711,2025-07-19,19:00,2025,CAM,OAX,Sho Itoh,Luis Miranda,,,lmb_official_calendar,1,5,6,0,3,0,2,1,0,3,0,0,0,4,5,0,No Line,0.0,none,-1,16,14,1,post,Final,Final,,,,,,,,,,,,,0,,,,,,none,809711
809802,2025-07-19,19:00,2025,SLT,JAL,Cam Alldred,Eduardo Vera,,,lmb_official_calendar,1,8,4,1,0,5,0,0,1,0,0,0,0,6,1,0,No Line,0.0,none,-1,10,8,1,post,Final,Final,,,,,,,,,,,,,0,,,,,,none,809802
809843,2025-07-19,19:00,2025,YUC,QRO,Ronnie Williams,Tyler Alexander,,,lmb_official_calendar,1,0,8,0,1,0,1,0,3,0,0,0,0,0,5,0,No Line,0.0,none,-1,3,13,1,post,Final,Final,,,,,,,,,,,,,0,,,,,,none,809843
809983,2025-07-19,19:00,2025,LEO,PUE,Felipe Gonzalez,Emailin Montilla,,,lmb_official_calendar,1,10,3,0,0,3,1,0,2,6,0,0,0,9,3,0,No Line,0.0,none,-1,15,6,1,post,Final,Final,,,,,,,,,,,,,0,,,,,,none,809983
809196,2025-07-20,19:00,2025,VER,MEX,Andy Otero,Brooks Hall,,,lmb_official_calendar,1,0,2,0,0,0,1,0,1,0,0,0,0,0,2,0,No Line,0.0,none,-1,4,8,1,post,Final,Final,,,,,,,,,,,,,0,,,,,,none,809196
809251,2025-07-20,19:00,2025,TIJ,CHI,Ben Braymer,Wily Peralta,,,lmb_official_calendar,1,8,4,2,1,0,0,0,2,4,0,0,0,6,3,0,No Line,0.0,none,-1,11,6,1,post,Final,Final,,,,,,,,,,,,,0,,,,,,none,809251
809435,2025-07-20,19:00,2025,TIG,TAB,,Tyler Danish,,,lmb_official_calendar,0,6,7,0,0,1,1,0,2,0,0,0,2,1,5,0,No Line,0.0,none,-1,10,7,1,post,Final,Final,,,,,,,,,,,,,0,,,,,,none,809435
809480,2025-07-20,19:00,2025,MTY,AGS,Nolan Kingham,Oscar De La Cruz,,,lmb_official_calendar,1,5,3,0,1,0,0,0,1,0,1,0,0,0,3,0,No Line,0.0,none,-1,8,10,1,post,Final,Final,,,,,,,,,,,,,0,,,,,,none,809480
809710,2025-07-20,19:00,2025,CAM,OAX,Pablo Tellez,Radhames Liz,,,lmb_official_calendar,1,3,5,1,0,0,0,1,0,0,0,1,0,3,0,0,No Line,0.0,none,-1,11,14,1,post,Final,Final,,,,,,,,,,,,,0,,,,,,none,809710
809804,2025-07-20,19:00,2025,SLT,JAL,Zach Mort,Dovydas Neverauskas,,,lmb_official_calendar,1,12,13,0,1,3,0,0,0,0,2,0,1,3,4,0,No Line,0.0,none,-1,9,15,1,post,Final,Final,,,,,,,,,,,,,0,,,,,,none,809804
809848,2025-07-20,19:00,2025,YUC,QRO,Yoanner Negrin,Aríel Miranda,,,lmb_official_calendar,1,3,5,0,0,1,0,2,0,0,0,0,0,3,0,0,No Line,0.0,none,-1,6,5,1,post,Final,Final,,,,,,,,,,,,,0,,,,,,none,809848
809895,2025-07-20,19:00,2025,LAG,LAR,,,,,lmb_official_calendar,0,5,4,1,1,0,0,3,2,0,1,0,0,4,4,0,No Line,0.0,none,-1,6,10,1,post,Final,Final,,,,,,,,,,,,,0,,,,,,none,809895
809897,2025-07-20,19:00,2025,LAG,LAR,,Junior Guerra,,,lmb_official_calendar,0,4,13,2,0,1,0,1,6,0,2,0,0,4,8,0,No Line,0.0,none,-1,5,12,1,post,Final,Final,,,,,,,,,,,,,0,,,,,,none,809897
809987,2025-07-20,19:00,2025,LEO,PUE,Sammy Tavarez,Fernando Lozano,,,lmb_official_calendar,1,8,5,1,1,0,1,0,0,0,0,0,2,1,4,0,No Line,0.0,none,-1,10,10,1,post,Final,Final,,,,,,,,,,,,,0,,,,,,none,809987
809294,2025-07-21,19:00,2025,DUR,MVA,Tanner Tully,Estalin Ortiz,,,lmb_official_calendar,1,6,11,0,5,0,1,0,4,1,0,0,1,1,11,0,No Line,0.0,none,-1,5,12,1,post,Final,Final,,,,,,,,,,,,,0,,,,,,none,809294
809801,2025-07-21,19:00,2025,SLT,MTY,Cameron Gann,Manny Banuelos,,,lmb_official_calendar,1,7,6,1,0,0,0,0,0,1,3,1,1,3,4,0,No Line,0.0,none,-1,10,8,1,post,Final,Final,,,,,,,,,,,,,0,,,,,,none,809801
809152,2025-07-22,19:00,2025,QRO,LEO,Huascar Ynoa,Alberto Guerrero,,,lmb_official_calendar,1,7,6,0,3,2,1,0,1,0,0,1,0,3,5,0,No Line,0.0,none,-1,13,10,1,post,Final,Final,,,,,,,,,,,,,0,,,,,,none,809152
809199,2025-07-22,19:00,2025,VER,PUE,Connor Curlis,Vladimir Gutierrez,,,lmb_official_calendar,1,2,3,0,0,0,0,0,1,0,0,0,0,0,1,0,No Line,0.0,none,-1,5,9,1,post,Final,Final,,,,,,,,,,,,,0,,,,,,none,809199
809249,2025-07-22,19:00,2025,TIJ,JAL,Caleb Baragar,Luis Payan,,,lmb_official_calendar,1,11,3,10,0,1,0,0,3,0,0,0,0,11,3,0,No Line,0.0,none,-1,13,9,1,post,Final,Final,,,,,,,,,,,,,0,,,,,,none,809249
809384,2025-07-22,19:00,2025,CHI,DUR,Darel Torres,Keyvius Sampson,,,lmb_official_calendar,1,13,2,0,0,0,2,1,0,2,0,0,0,3,2,0,No Line,0.0,none,-1,12,3,1,post,Final,Final,,,,,,,,,,,,,0,,,,,,none,809384
809427,2025-07-22,19:00,2025,TIG,CAM,Xzavion Curry,Domingo Acevedo,,,lmb_official_calendar,1,0,3,0,0,0,0,0,0,0,0,0,1,0,1,0,No Line,0.0,none,-1,2,7,1,post,Final,Final,,,,,,,,,,,,,0,,,,,,none,809427
809847,2025-07-22,19:00,2025,YUC,MEX,Tommy Doyle,Wilmer Font,,,lmb_official_calendar,1,4,5,1,0,3,0,0,0,0,0,0,3,4,3,0,No Line,0.0,none,-1,13,9,1,post,Final,Final,,,,,,,,,,,,,0,,,,,,none,809847
809899,2025-07-22,19:00,2025,LAG,MVA,Jaime Barria,Wilmer Rios,,,lmb_official_calendar,1,6,3,0,0,3,0,1,0,0,0,0,1,4,1,0,No Line,0.0,none,-1,11,14,1,post,Final,Final,,,,,,,,,,,,,0,,,,,,none,809899
809944,2025-07-22,19:00,2025,TAB,OAX,Jose Samayoa,Alemao Hernandez,,,lmb_official_calendar,1,0,2,0,0,0,0,0,0,0,0,0,0,0,0,0,No Line,0.0,none,-1,9,7,1,post,Final,Final,,,,,,,,,,,,,0,,,,,,none,809944
809150,2025-07-23,19:00,2025,QRO,LEO,Ulises Joaquin,Aaron Shortridge,,,lmb_official_calendar,1,6,17,0,7,0,5,0,4,1,1,0,0,1,17,0,No Line,0.0,none,-1,13,18,1,post,Final,Final,,,,,,,,,,,,,0,,,,,,none,809150
809198,2025-07-23,19:00,2025,VER,PUE,Esmil Rogers,Angel Sanchez,,,lmb_official_calendar,1,6,11,0,0,0,0,4,6,0,0,0,0,4,6,0,No Line,0.0,none,-1,11,18,1,post,Final,Final,,,,,,,,,,,,,0,,,,,,none,809198
809250,2025-07-23,19:00,2025,TIJ,JAL,Teddy Stankiewicz,Zac Grotz,,,lmb_official_calendar,1,2,6,0,1,0,0,0,0,0,0,0,3,0,4,0,No Line,0.0,none,-1,4,15,1,post,Final,Final,,,,,,,,,,,,,0,,,,,,none,809250
809386,2025-07-23,19:00,2025,CHI,DUR,Javier Solano,Jorge Bautista,,,lmb_official_calendar,1,3,4,1,0,0,0,1,1,0,0,0,2,2,3,0,No Line,0.0,none,-1,8,7,1,post,Final,Final,,,,,,,,,,,,,0,,,,,,none,809386
809429,2025-07-23,19:00,2025,TIG,CAM,Steven Moyers,Jake Thompson,,,lmb_official_calendar,1,2,4,1,0,0,0,1,0,0,0,0,3,2,3,0,No Line,0.0,none,-1,11,9,1,post,Final,Final,,,,,,,,,,,,,0,,,,,,none,809429
809666,2025-07-23,19:00,2025,AGS,LAR,,,,,lmb_official_calendar,0,11,1,4,0,5,1,1,0,0,0,1,0,11,1,0,No Line,0.0,none,-1,14,4,1,post,Final,Final,,,,,,,,,,,,,0,,,,,,none,809666
809670,2025-07-23,19:00,2025,AGS,LAR,Tucker Smith,Jacob Nix,,,lmb_official_calendar,1,3,5,0,0,0,0,2,2,0,2,0,0,2,4,0,No Line,0.0,none,-1,8,6,1,post,Final,Final,,,,,,,,,,,,,0,,,,,,none,809670
809806,2025-07-23,19:00,2025,SLT,MTY,,Luis Cessa,,,lmb_official_calendar,0,3,9,0,1,2,0,0,2,1,0,0,2,3,5,0,No Line,0.0,none,-1,5,18,1,post,Final,Final,,,,,,,,,,,,,0,,,,,,none,809806
809807,2025-07-23,19:00,2025,SLT,MTY,,,,,lmb_official_calendar,0,3,1,0,1,1,0,1,0,0,0,1,0,3,1,0,No Line,0.0,none,-1,7,4,1,post,Final,Final,,,,,,,,,,,,,0,,,,,,none,809807
809850,2025-07-23,19:00,2025,YUC,MEX,César Valdez,Daniel Camarena,,,lmb_official_calendar,1,10,7,1,0,4,0,0,0,0,1,0,3,5,4,0,No Line,0.0,none,-1,11,9,1,post,Final,Final,,,,,,,,,,,,,0,,,,,,none,809850
809894,2025-07-23,19:00,2025,LAG,MVA,Ricardo Sanchez,Brady Miller,,,lmb_official_calendar,1,3,10,0,0,1,0,0,0,1,0,0,0,2,0,0,No Line,0.0,none,-1,12,15,1,post,Final,Final,,,,,,,,,,,,,0,,,,,,none,809894
809938,2025-07-23,19:00,2025,TAB,OAX,Tyler Danish,Robert Dugger,,,lmb_official_calendar,1,7,6,0,0,0,0,0,0,1,2,0,0,1,2,0,No Line,0.0,none,-1,10,10,1,post,Final,Final,,,,,,,,,,,,,0,,,,,,none,809938
809145,2025-07-24,19:00,2025,QRO,LEO,Michel Baez,Jeff Lindgren,,,lmb_official_calendar,1,16,5,4,1,0,3,4,1,1,0,6,0,15,5,0,No Line,0.0,none,-1,19,8,1,post,Final,Final,,,,,,,,,,,,,0,,,,,,none,809145
809200,2025-07-24,19:00,2025,VER,PUE,Dinelson Lamet,Cleiverth Perez,,,lmb_official_calendar,1,1,0,0,0,0,0,0,0,0,0,0,0,0,0,0,No Line,0.0,none,-1,2,3,1,post,Final,Final,,,,,,,,,,,,,0,,,,,,none,809200
809247,2025-07-24,19:00,2025,TIJ,JAL,Jorge Perez,Luis Ivan Rodriguez,,,lmb_official_calendar,1,4,3,1,0,0,0,0,2,1,0,1,0,3,2,0,No Line,0.0,none,-1,12,7,1,post,Final,Final,,,,,,,,,,,,,0,,,,,,none,809247
809388,2025-07-24,19:00,2025,CHI,DUR,Max Castillo,Matt Solter,,,lmb_official_calendar,1,15,5,0,2,5,0,0,0,0,0,3,0,8,2,0,No Line,0.0,none,-1,15,9,1,post,Final,Final,,,,,,,,,,,,,0,,,,,,none,809388
809432,2025-07-24,19:00,2025,TIG,CAM,Alex Delgado,Miller Hogan,,,lmb_official_calendar,1,8,3,3,0,1,0,0,1,0,0,1,0,5,1,0,No Line,0.0,none,-1,15,6,1,post,Final,Final,,,,,,,,,,,,,0,,,,,,none,809432
809665,2025-07-24,19:00,2025,AGS,LAR,Deylen Miley,Daniel Mengden,,,lmb_official_calendar,1,4,10,0,0,0,2,0,0,1,0,0,3,1,5,0,No Line,0.0,none,-1,9,15,1,post,Final,Final,,,,,,,,,,,,,0,,,,,,none,809665
809849,2025-07-24,19:00,2025,YUC,MEX,Odrisamer Despaigne,Ricardo Pinto,,,lmb_official_calendar,1,3,4,0,2,0,0,1,0,1,1,0,0,2,3,0,No Line,0.0,none,-1,8,10,1,post,Final,Final,,,,,,,,,,,,,0,,,,,,none,809849
809901,2025-07-24,19:00,2025,LAG,MVA,Grant Gavin,Austin Warner,,,lmb_official_calendar,1,5,1,0,0,0,0,0,0,2,0,0,0,2,0,0,No Line,0.0,none,-1,10,7,1,post,Final,Final,,,,,,,,,,,,,0,,,,,,none,809901
809939,2025-07-24,19:00,2025,TAB,OAX,Ian Kahaloa,Kyle Barraclough,,,lmb_official_calendar,1,9,2,1,0,0,0,0,0,1,1,3,0,5,1,0,No Line,0.0,none,-1,15,5,1,post,Final,Final,,,,,,,,,,,,,0,,,,,,none,809939
809248,2025-07-25,19:00,2025,TIJ,SLT,David Reyes,Manny Barreda,,,lmb_official_calendar,1,8,1,1,0,0,0,0,0,0,1,4,0,5,1,0,No Line,0.0,none,-1,10,8,1,post,Final,Final,,,,,,,,,,,,,0,,,,,,none,809248
809337,2025-07-25,19:00,2025,OAX,YUC,,Dario Agrazal,,,lmb_official_calendar,0,11,5,3,0,0,0,3,2,0,0,3,0,9,2,0,No Line,0.0,none,-1,13,11,1,post,Final,Final,,,,,,,,,,,,,0,,,,,,none,809337
809476,2025-07-25,19:00,2025,MTY,LAG,Stephen Tarpley,,,,lmb_official_calendar,0,1,9,1,2,0,0,0,1,0,0,0,2,1,5,0,No Line,0.0,none,-1,5,14,1,post,Final,Final,,,,,,,,,,,,,0,,,,,,none,809476
809524,2025-07-25,19:00,2025,MVA,JAL,Christian Young,,,,lmb_official_calendar,0,2,3,0,0,0,0,0,1,0,0,2,0,2,1,0,No Line,0.0,none,-1,6,7,1,post,Final,Final,,,,,,,,,,,,,0,,,,,,none,809524
809570,2025-07-25,19:00,2025,LAR,CHI,Junior Guerra,Caleb Smith,,,lmb_official_calendar,1,3,2,0,0,0,0,0,1,0,1,1,0,1,2,0,No Line,0.0,none,-1,6,6,1,post,Final,Final,,,,,,,,,,,,,0,,,,,,none,809570
809625,2025-07-25,19:00,2025,MEX,TIG,,Julio Robaina,,,lmb_official_calendar,0,4,8,0,2,2,1,0,1,0,2,0,0,2,6,0,No Line,0.0,none,-1,5,10,1,post,Final,Final,,,,,,,,,,,,,0,,,,,,none,809625
809668,2025-07-25,19:00,2025,DUR,AGS,Tiago Da Silva,Oscar De La Cruz,,,lmb_official_calendar,1,5,10,0,0,0,1,1,1,0,3,0,0,1,5,0,No Line,0.0,none,-1,11,14,1,post,Final,Final,,,,,,,,,,,,,0,,,,,,none,809668
809713,2025-07-25,19:00,2025,CAM,LEO,Sho Itoh,Faustino Carrera,,,lmb_official_calendar,1,4,3,1,0,0,0,0,0,0,0,1,3,2,3,0,No Line,0.0,none,-1,8,3,1,post,Final,Final,,,,,,,,,,,,,0,,,,,,none,809713
809753,2025-07-25,19:00,2025,PUE,VER,Emailin Montilla,Luis Romero,,,lmb_official_calendar,1,1,4,0,0,0,1,0,0,0,1,0,1,0,3,0,No Line,0.0,none,-1,7,11,1,post,Final,Final,,,,,,,,,,,,,0,,,,,,none,809753
809940,2025-07-25,19:00,2025,TAB,QRO,Joe Van Meter,,,,lmb_official_calendar,0,5,4,0,0,0,1,2,0,1,3,0,0,3,4,0,No Line,0.0,none,-1,11,9,1,post,Final,Final,,,,,,,,,,,,,0,,,,,,none,809940
809245,2025-07-26,19:00,2025,TIJ,SLT,Domingo Germán,Zach Mort,,,lmb_official_calendar,1,8,11,0,0,5,6,0,0,0,0,1,0,6,6,0,No Line,0.0,none,-1,15,14,1,post,Final,Final,,,,,,,,,,,,,0,,,,,,none,809245
809340,2025-07-26,19:00,2025,OAX,YUC,Edwar Colina,Yoanner Negrin,,,lmb_official_calendar,1,8,0,0,0,0,0,1,0,1,0,3,0,5,0,0,No Line,0.0,none,-1,13,2,1,post,Final,Final,,,,,,,,,,,,,0,,,,,,none,809340
809479,2025-07-26,19:00,2025,MTY,LAG,César Vargas,Omar Araujo,,,lmb_official_calendar,1,4,5,2,0,0,0,0,0,0,1,0,0,2,1,0,No Line,0.0,none,-1,11,11,1,post,Final,Final,,,,,,,,,,,,,0,,,,,,none,809479
809521,2025-07-26,19:00,2025,MVA,JAL,Jackson Goddard,Dovydas Neverauskas,,,lmb_official_calendar,1,7,2,1,0,0,0,0,2,0,0,2,0,3,2,0,No Line,0.0,none,-1,10,5,1,post,Final,Final,,,,,,,,,,,,,0,,,,,,none,809521
809576,2025-07-26,19:00,2025,LAR,CHI,Nate Antone,Wily Peralta,,,lmb_official_calendar,1,4,10,0,0,2,0,2,4,0,0,0,0,4,4,0,No Line,0.0,none,-1,10,11,1,post,Final,Final,,,,,,,,,,,,,0,,,,,,none,809576
809624,2025-07-26,19:00,2025,MEX,TIG,Kent Emanuel,Jose Albertos,,,lmb_official_calendar,1,12,3,0,0,0,0,0,0,4,3,6,0,10,3,0,No Line,0.0,none,-1,14,8,1,post,Final,Final,,,,,,,,,,,,,0,,,,,,none,809624
809664,2025-07-26,19:00,2025,DUR,AGS,Jorge Garcia,Elniery García,,,lmb_official_calendar,1,6,5,3,0,0,0,0,0,0,0,0,1,3,1,0,No Line,0.0,none,-1,8,8,1,post,Final,Final,,,,,,,,,,,,,0,,,,,,none,809664
809712,2025-07-26,19:00,2025,CAM,LEO,Pablo Tellez,Felipe Gonzalez,,,lmb_official_calendar,1,4,3,2,0,0,1,1,0,0,0,0,0,3,1,0,No Line,0.0,none,-1,6,7,1,post,Final,Final,,,,,,,,,,,,,0,,,,,,none,809712
809754,2025-07-26,19:00,2025,PUE,VER,Fernando Lozano,Andy Otero,,,lmb_official_calendar,1,15,3,0,0,5,0,0,0,1,1,1,0,7,1,0,No Line,0.0,none,-1,11,9,1,post,Final,Final,,,,,,,,,,,,,0,,,,,,none,809754
809942,2025-07-26,19:00,2025,TAB,QRO,Yoennis Yera,Aríel Miranda,,,lmb_official_calendar,1,7,3,3,0,1,3,1,0,0,0,0,0,5,3,0,No Line,0.0,none,-1,10,6,1,post,Final,Final,,,,,,,,,,,,,0,,,,,,none,809942
809244,2025-07-27,19:00,2025,TIJ,SLT,Ben Braymer,Cameron Gann,,,lmb_official_calendar,1,2,4,0,1,2,0,0,0,0,1,0,1,2,3,0,No Line,0.0,none,-1,5,9,1,post,Final,Final,,,,,,,,,,,,,0,,,,,,none,809244
809338,2025-07-27,19:00,2025,OAX,YUC,,Tommy Doyle,,,lmb_official_calendar,0,6,5,1,0,0,0,0,0,0,0,4,2,5,2,0,No Line,0.0,none,-1,6,14,1,post,Final,Final,,,,,,,,,,,,,0,,,,,,none,809338
809473,2025-07-27,19:00,2025,MTY,LAG,Nolan Kingham,Jaime Barria,,,lmb_official_calendar,1,11,6,0,0,0,0,0,0,0,2,3,1,3,3,0,No Line,0.0,none,-1,14,11,1,post,Final,Final,,,,,,,,,,,,,0,,,,,,none,809473
809525,2025-07-27,19:00,2025,MVA,JAL,Wilmer Rios,Luis Payan,,,lmb_official_calendar,1,8,2,0,1,2,0,3,0,1,0,1,0,7,1,0,No Line,0.0,none,-1,12,9,1,post,Final,Final,,,,,,,,,,,,,0,,,,,,none,809525
809569,2025-07-27,19:00,2025,LAR,CHI,Adrian De Horta,Darel Torres,,,lmb_official_calendar,1,0,1,0,0,0,0,0,0,0,0,0,1,0,1,0,No Line,0.0,none,-1,4,7,1,post,Final,Final,,,,,,,,,,,,,0,,,,,,none,809569
809602,2025-07-27,19:00,2025,LAR,CHI,Brandon Brennan,Abdiel Saldana,,,lmb_official_calendar,1,1,3,1,0,0,2,0,0,0,0,0,0,1,2,0,No Line,0.0,none,-1,4,5,1,post,Final,Final,,,,,,,,,,,,,0,,,,,,none,809602
809617,2025-07-27,19:00,2025,MEX,TIG,Wilmer Font,Xzavion Curry,,,lmb_official_calendar,1,9,5,2,1,1,0,0,2,2,0,2,0,7,3,0,No Line,0.0,none,-1,16,13,1,post,Final,Final,,,,,,,,,,,,,0,,,,,,none,809617
809662,2025-07-27,19:00,2025,DUR,AGS,Tanner Tully,Josimar Cousin,,,lmb_official_calendar,1,7,12,0,0,0,0,0,1,0,0,0,0,0,1,0,No Line,0.0,none,-1,11,11,1,post,Final,Final,,,,,,,,,,,,,0,,,,,,none,809662
809716,2025-07-27,19:00,2025,CAM,LEO,Domingo Acevedo,Sammy Tavarez,,,lmb_official_calendar,1,4,3,0,0,0,0,2,1,0,1,0,1,2,3,0,No Line,0.0,none,-1,9,10,1,post,Final,Final,,,,,,,,,,,,,0,,,,,,none,809716
809755,2025-07-27,19:00,2025,PUE,VER,Vladimir Gutierrez,Connor Curlis,,,lmb_official_calendar,1,13,12,2,4,0,2,0,2,5,3,1,0,8,11,0,No Line,0.0,none,-1,16,16,1,post,Final,Final,,,,,,,,,,,,,0,,,,,,none,809755
809943,2025-07-27,19:00,2025,TAB,QRO,Jose Samayoa,Huascar Ynoa,,,lmb_official_calendar,1,3,2,0,1,1,0,0,0,0,0,0,0,1,1,0,No Line,0.0,none,-1,8,9,1,post,Final,Final,,,,,,,,,,,,,0,,,,,,none,809943
809433,2025-07-28,19:00,2025,TIG,OAX,Steven Moyers,Radhames Liz,,,lmb_official_calendar,1,7,8,0,1,1,0,0,0,3,2,0,4,4,7,0,No Line,0.0,none,-1,10,8,1,post,Final,Final,,,,,,,,,,,,,0,,,,,,none,809433
809103,2025-07-29,19:00,2025,JAL,LAR,Zac Grotz,Connor Sadzeck,,,lmb_official_calendar,1,9,7,0,0,3,0,0,0,6,0,0,0,9,0,0,No Line,0.0,none,-1,12,10,1,post,Final,Final,,,,,,,,,,,,,0,,,,,,none,809103
809149,2025-07-29,19:00,2025,QRO,PUE,Michel Baez,Angel Sanchez,,,lmb_official_calendar,1,8,9,0,1,5,1,0,0,0,0,1,5,6,7,0,No Line,0.0,none,-1,8,13,1,post,Final,Final,,,,,,,,,,,,,0,,,,,,none,809149
809293,2025-07-29,19:00,2025,DUR,MTY,Keyvius Sampson,Manny Banuelos,,,lmb_official_calendar,1,5,3,0,0,0,0,0,0,1,1,1,0,2,1,0,No Line,0.0,none,-1,10,9,1,post,Final,Final,,,,,,,,,,,,,0,,,,,,none,809293
809382,2025-07-29,19:00,2025,CHI,MVA,Javier Solano,Jorge Tavarez,,,lmb_official_calendar,1,8,5,4,1,3,0,0,4,0,0,0,0,7,5,0,No Line,0.0,none,-1,11,8,1,post,Final,Final,,,,,,,,,,,,,0,,,,,,none,809382
809430,2025-07-29,19:00,2025,TIG,OAX,Alex Delgado,Alemao Hernandez,,,lmb_official_calendar,1,5,7,0,0,0,0,2,0,1,3,0,0,3,3,0,No Line,0.0,none,-1,9,10,1,post,Final,Final,,,,,,,,,,,,,0,,,,,,none,809430
809616,2025-07-29,19:00,2025,MEX,CAM,Brooks Hall,Jake Thompson,,,lmb_official_calendar,1,8,6,3,0,0,4,3,0,1,1,0,1,7,6,0,No Line,0.0,none,-1,7,8,1,post,Final,Final,,,,,,,,,,,,,0,,,,,,none,809616
809663,2025-07-29,19:00,2025,AGS,SLT,,Kurt Heyer,,,lmb_official_calendar,0,1,8,0,0,0,0,1,1,0,0,0,0,1,1,0,No Line,0.0,none,-1,8,12,1,post,Final,Final,,,,,,,,,,,,,0,,,,,,none,809663
809844,2025-07-29,19:00,2025,YUC,VER,César Valdez,Esmil Rogers,,,lmb_official_calendar,1,3,2,1,0,0,1,1,0,0,0,1,0,3,1,0,No Line,0.0,none,-1,9,5,1,post,Final,Final,,,,,,,,,,,,,0,,,,,,none,809844
809898,2025-07-29,19:00,2025,LAG,TIJ,Ricardo Sanchez,Teddy Stankiewicz,,,lmb_official_calendar,1,1,7,1,0,0,2,0,2,0,0,0,2,1,6,0,No Line,0.0,none,-1,9,14,1,post,Final,Final,,,,,,,,,,,,,0,,,,,,none,809898
809945,2025-07-29,19:00,2025,TAB,LEO,Tyler Danish,Aaron Shortridge,,,lmb_official_calendar,1,4,3,0,0,0,0,1,1,0,1,0,0,1,2,0,No Line,0.0,none,-1,9,6,1,post,Final,Final,,,,,,,,,,,,,0,,,,,,none,809945
809102,2025-07-30,19:00,2025,JAL,LAR,Luis Ivan Rodriguez,Daniel Mengden,,,lmb_official_calendar,1,6,0,1,0,0,0,0,0,0,0,2,0,3,0,0,No Line,0.0,none,-1,9,5,1,post,Final,Final,,,,,,,,,,,,,0,,,,,,none,809102
809146,2025-07-30,19:00,2025,QRO,PUE,,Cleiverth Perez,,,lmb_official_calendar,0,3,5,0,0,0,1,0,0,0,2,1,0,1,3,0,No Line,0.0,none,-1,8,13,1,post,Final,Final,,,,,,,,,,,,,0,,,,,,none,809146
809290,2025-07-30,19:00,2025,DUR,MTY,Jorge Bautista,Justus Sheffield,,,lmb_official_calendar,1,7,6,0,0,0,0,0,1,0,0,0,4,0,5,0,No Line,0.0,none,-1,11,16,1,post,Final,Final,,,,,,,,,,,,,0,,,,,,none,809290
809380,2025-07-30,19:00,2025,CHI,MVA,Max Castillo,Austin Warner,,,lmb_official_calendar,1,8,4,0,0,1,2,0,1,2,0,4,0,7,3,0,No Line,0.0,none,-1,9,8,1,post,Final,Final,,,,,,,,,,,,,0,,,,,,none,809380
809431,2025-07-30,19:00,2025,TIG,OAX,Julio Robaina,Kyle Barraclough,,,lmb_official_calendar,1,2,4,0,0,0,0,0,2,0,2,0,0,0,4,0,No Line,0.0,none,-1,6,8,1,post,Final,Final,,,,,,,,,,,,,0,,,,,,none,809431
809621,2025-07-30,19:00,2025,MEX,CAM,Ricardo Pinto,Miller Hogan,,,lmb_official_calendar,1,5,4,0,2,2,1,0,0,0,0,0,0,2,3,0,No Line,0.0,none,-1,7,10,1,post,Final,Final,,,,,,,,,,,,,0,,,,,,none,809621
809661,2025-07-30,19:00,2025,AGS,SLT,,Cam Alldred,,,lmb_official_calendar,0,5,3,0,0,0,0,2,0,2,0,1,0,5,0,0,No Line,0.0,none,-1,11,7,1,post,Final,Final,,,,,,,,,,,,,0,,,,,,none,809661
809845,2025-07-30,19:00,2025,YUC,VER,Odrisamer Despaigne,Dinelson Lamet,,,lmb_official_calendar,1,2,7,0,0,2,6,0,0,0,0,0,0,2,6,0,No Line,0.0,none,-1,6,7,1,post,Final,Final,,,,,,,,,,,,,0,,,,,,none,809845
809896,2025-07-30,19:00,2025,LAG,TIJ,Grant Gavin,Jorge Perez,,,lmb_official_calendar,1,4,3,0,0,0,0,0,2,0,0,4,0,4,2,0,No Line,0.0,none,-1,6,6,1,post,Final,Final,,,,,,,,,,,,,0,,,,,,none,809896
809099,2025-07-31,19:00,2025,JAL,LAR,Eduardo Vera,Junior Guerra,,,lmb_official_calendar,1,6,7,0,1,1,1,2,4,0,0,1,0,4,6,0,No Line,0.0,none,-1,12,7,1,post,Final,Final,,,,,,,,,,,,,0,,,,,,none,809099
809142,2025-07-31,19:00,2025,QRO,PUE,,Emailin Montilla,,,lmb_official_calendar,0,10,6,0,0,0,0,1,1,0,0,2,2,3,3,0,No Line,0.0,none,-1,17,11,1,post,Final,Final,,,,,,,,,,,,,0,,,,,,none,809142
809291,2025-07-31,19:00,2025,DUR,MTY,Kevin Kelly,Luis Cessa,,,lmb_official_calendar,1,6,5,0,0,0,0,5,1,0,2,0,0,5,3,0,No Line,0.0,none,-1,10,8,1,post,Final,Final,,,,,,,,,,,,,0,,,,,,none,809291
809383,2025-07-31,19:00,2025,CHI,MVA,Caleb Smith,Christian Young,,,lmb_official_calendar,1,2,12,0,0,0,2,0,3,0,0,0,4,0,9,0,No Line,0.0,none,-1,4,15,1,post,Final,Final,,,,,,,,,,,,,0,,,,,,none,809383
809655,2025-07-31,19:00,2025,AGS,SLT,,Manny Barreda,,,lmb_official_calendar,0,7,6,0,0,1,0,3,1,2,5,0,0,6,6,0,No Line,0.0,none,-1,10,9,1,post,Final,Final,,,,,,,,,,,,,0,,,,,,none,809655
809846,2025-07-31,19:00,2025,YUC,VER,Yoanner Negrin,Luis Romero,,,lmb_official_calendar,1,1,7,1,0,0,1,0,2,0,0,0,2,1,5,0,No Line,0.0,none,-1,3,6,1,post,Final,Final,,,,,,,,,,,,,0,,,,,,none,809846
809900,2025-07-31,19:00,2025,LAG,TIJ,Travis Lakins,David Reyes,,,lmb_official_calendar,1,5,13,3,0,0,0,2,2,0,2,0,1,5,5,0,No Line,0.0,none,-1,10,17,1,post,Final,Final,,,,,,,,,,,,,0,,,,,,none,809900
809933,2025-07-31,19:00,2025,TAB,LEO,Ian Kahaloa,Jeff Lindgren,,,lmb_official_calendar,1,2,4,0,1,0,0,0,0,0,3,2,0,2,4,0,No Line,0.0,none,-1,5,6,1,post,Final,Final,,,,,,,,,,,,,0,,,,,,none,809933
809147,2025-08-01,19:00,2025,QRO,TIG,Zach Phillips,Jose Albertos,,,lmb_official_calendar,1,11,13,2,0,0,0,0,6,0,0,0,0,2,6,0,No Line,0.0,none,-1,16,18,1,post,Final,Final,,,,,,,,,,,,,0,,,,,,none,809147
809197,2025-08-01,19:00,2025,VER,CAM,Orlando Lara,Pablo Tellez,,,lmb_official_calendar,1,7,1,0,0,4,0,1,0,0,0,0,1,5,1,0,No Line,0.0,none,-1,10,6,1,post,Final,Final,,,,,,,,,,,,,0,,,,,,none,809197
809246,2025-08-01,19:00,2025,TIJ,MVA,Domingo Germán,Jackson Goddard,,,lmb_official_calendar,1,4,6,1,0,0,0,0,0,1,0,0,0,2,0,0,No Line,0.0,none,-1,9,7,1,post,Final,Final,,,,,,,,,,,,,0,,,,,,none,809246
809288,2025-08-01,19:00,2025,DUR,JAL,Jorge Garcia,Aríel Miranda,,,lmb_official_calendar,1,3,10,0,0,1,0,0,1,0,0,0,4,1,5,0,No Line,0.0,none,-1,8,9,1,post,Final,Final,,,,,,,,,,,,,0,,,,,,none,809288
809477,2025-08-01,19:00,2025,MTY,CHI,Stephen Tarpley,Wily Peralta,,,lmb_official_calendar,1,12,6,1,0,2,5,3,0,0,0,3,0,9,5,0,No Line,0.0,none,-1,16,8,1,post,Final,Final,,,,,,,,,,,,,0,,,,,,none,809477
809619,2025-08-01,19:00,2025,MEX,TAB,Kent Emanuel,Yoennis Yera,,,lmb_official_calendar,1,6,5,1,1,0,0,0,2,0,0,1,2,2,5,0,No Line,0.0,none,-1,9,10,1,post,Final,Final,,,,,,,,,,,,,0,,,,,,none,809619
809756,2025-08-01,19:00,2025,PUE,YUC,Vladimir Gutierrez,Dario Agrazal,,,lmb_official_calendar,1,6,3,0,0,0,0,0,0,1,0,3,0,4,0,0,No Line,0.0,none,-1,11,5,1,post,Final,Final,,,,,,,,,,,,,0,,,,,,none,809756
809803,2025-08-01,19:00,2025,SLT,LAR,Zach Mort,Nate Antone,,,lmb_official_calendar,1,8,11,2,0,0,0,3,2,1,1,0,1,6,4,0,No Line,0.0,none,-1,13,11,1,post,Final,Final,,,,,,,,,,,,,0,,,,,,none,809803
809891,2025-08-01,19:00,2025,LAG,AGS,Omar Araujo,Tucker Smith,,,lmb_official_calendar,1,4,7,1,0,0,0,1,2,0,0,1,0,3,2,0,No Line,0.0,none,-1,11,19,1,post,Final,Final,,,,,,,,,,,,,0,,,,,,none,809891
809986,2025-08-01,19:00,2025,LEO,OAX,Felipe Gonzalez,Luis Miranda,,,lmb_official_calendar,1,6,7,0,0,0,0,1,3,1,1,0,0,2,4,0,No Line,0.0,none,-1,9,14,1,post,Final,Final,,,,,,,,,,,,,0,,,,,,none,809986
809148,2025-08-02,19:00,2025,QRO,TIG,Huascar Ynoa,Xzavion Curry,,,lmb_official_calendar,1,9,10,0,4,0,3,0,0,1,1,0,0,1,8,0,No Line,0.0,none,-1,12,13,1,post,Final,Final,,,,,,,,,,,,,0,,,,,,none,809148
809192,2025-08-02,19:00,2025,VER,CAM,Connor Curlis,Domingo Acevedo,,,lmb_official_calendar,1,5,6,1,0,0,0,1,4,0,0,1,0,3,4,0,No Line,0.0,none,-1,11,8,1,post,Final,Final,,,,,,,,,,,,,0,,,,,,none,809192
809243,2025-08-02,19:00,2025,TIJ,MVA,Ben Braymer,Wilmer Rios,,,lmb_official_calendar,1,9,4,3,0,0,0,0,1,1,0,0,1,4,2,0,No Line,0.0,none,-1,13,10,1,post,Final,Final,,,,,,,,,,,,,0,,,,,,none,809243
809287,2025-08-02,19:00,2025,DUR,JAL,Tanner Tully,Luis Payan,,,lmb_official_calendar,1,4,7,0,0,0,0,0,0,0,0,0,2,0,2,0,No Line,0.0,none,-1,8,10,1,post,Final,Final,,,,,,,,,,,,,0,,,,,,none,809287
809475,2025-08-02,19:00,2025,MTY,CHI,César Vargas,Darel Torres,,,lmb_official_calendar,1,8,4,2,0,1,0,0,0,2,3,0,1,5,4,0,No Line,0.0,none,-1,12,11,1,post,Final,Final,,,,,,,,,,,,,0,,,,,,none,809475
809618,2025-08-02,19:00,2025,MEX,TAB,Wilmer Font,Joe Van Meter,,,lmb_official_calendar,1,18,7,1,0,4,1,0,0,3,1,1,1,9,3,0,No Line,0.0,none,-1,16,12,1,post,Final,Final,,,,,,,,,,,,,0,,,,,,none,809618
809759,2025-08-02,19:00,2025,PUE,YUC,Fernando Lozano,Tommy Doyle,,,lmb_official_calendar,1,7,8,1,0,2,0,2,0,0,1,0,0,5,1,0,No Line,0.0,none,-1,14,15,1,post,Final,Final,,,,,,,,,,,,,0,,,,,,none,809759
809794,2025-08-02,19:00,2025,SLT,LAR,Cameron Gann,Adrian De Horta,,,lmb_official_calendar,1,5,13,0,0,0,3,2,0,0,0,1,0,3,3,0,No Line,0.0,none,-1,7,14,1,post,Final,Final,,,,,,,,,,,,,0,,,,,,none,809794
809888,2025-08-02,19:00,2025,LAG,AGS,Jaime Barria,Josimar Cousin,,,lmb_official_calendar,1,3,6,1,1,0,0,0,1,0,1,1,2,2,5,0,No Line,0.0,none,-1,7,12,1,post,Final,Final,,,,,,,,,,,,,0,,,,,,none,809888
809985,2025-08-02,19:00,2025,LEO,OAX,Jeff Lindgren,Robert Dugger,,,lmb_official_calendar,1,3,6,0,0,1,0,1,0,0,0,1,3,3,3,0,No Line,0.0,none,-1,8,10,1,post,Final,Final,,,,,,,,,,,,,0,,,,,,none,809985
809143,2025-08-03,19:00,2025,QRO,TIG,Michel Baez,Steven Moyers,,,lmb_official_calendar,1,12,8,0,0,4,0,7,2,0,0,0,0,11,2,0,No Line,0.0,none,-1,9,14,1,post,Final,Final,,,,,,,,,,,,,0,,,,,,none,809143
809193,2025-08-03,19:00,2025,VER,CAM,Esmil Rogers,,,,lmb_official_calendar,0,6,4,3,0,0,0,0,2,0,1,2,0,5,3,0,No Line,0.0,none,-1,5,8,1,post,Final,Final,,,,,,,,,,,,,0,,,,,,none,809193
809242,2025-08-03,19:00,2025,TIJ,MVA,Caleb Baragar,Jorge Tavarez,,,lmb_official_calendar,1,1,7,1,0,0,0,0,0,0,0,0,0,1,0,0,No Line,0.0,none,-1,4,9,1,post,Final,Final,,,,,,,,,,,,,0,,,,,,none,809242
809289,2025-08-03,19:00,2025,DUR,JAL,Keyvius Sampson,Zac Grotz,,,lmb_official_calendar,1,9,7,0,1,1,0,0,1,0,0,3,2,4,4,0,No Line,0.0,none,-1,10,12,1,post,Final,Final,,,,,,,,,,,,,0,,,,,,none,809289
809474,2025-08-03,19:00,2025,MTY,CHI,Nolan Kingham,Javier Solano,,,lmb_official_calendar,1,5,3,0,0,0,0,0,0,0,0,0,0,0,0,0,No Line,0.0,none,-1,10,5,1,post,Final,Final,,,,,,,,,,,,,0,,,,,,none,809474
809615,2025-08-03,19:00,2025,MEX,TAB,Brooks Hall,Jose Samayoa,,,lmb_official_calendar,1,10,8,0,1,6,1,0,0,1,0,3,0,10,2,0,No Line,0.0,none,-1,18,10,1,post,Final,Final,,,,,,,,,,,,,0,,,,,,none,809615
809757,2025-08-03,19:00,2025,PUE,YUC,Yoimer Camacho,Derek West,,,lmb_official_calendar,1,9,8,0,2,1,0,4,0,0,0,4,0,9,2,0,No Line,0.0,none,-1,13,13,1,post,Final,Final,,,,,,,,,,,,,0,,,,,,none,809757
809792,2025-08-03,19:00,2025,SLT,LAR,Kurt Heyer,Brandon Brennan,,,lmb_official_calendar,1,9,12,0,5,4,1,0,1,1,0,3,2,8,9,0,No Line,0.0,none,-1,11,17,1,post,Final,Final,,,,,,,,,,,,,0,,,,,,none,809792
809887,2025-08-03,19:00,2025,LAG,AGS,,Adrian Almeida,,,lmb_official_calendar,0,7,6,2,0,1,0,0,0,0,0,1,0,4,0,0,No Line,0.0,none,-1,13,14,1,post,Final,Final,,,,,,,,,,,,,0,,,,,,none,809887
809989,2025-08-03,19:00,2025,LEO,OAX,Sammy Tavarez,Radhames Liz,,,lmb_official_calendar,1,2,1,0,0,0,0,1,0,0,0,0,1,1,1,0,No Line,0.0,none,-1,7,3,1,post,Final,Final,,,,,,,,,,,,,0,,,,,,none,809989
809889,2025-08-04,19:00,2025,LAG,SLT,Grant Gavin,Cam Alldred,,,lmb_official_calendar,1,3,0,0,0,1,0,0,0,0,0,0,0,1,0,0,No Line,0.0,none,-1,4,4,1,post,Final,Final,,,,,,,,,,,,,0,,,,,,none,809889
809098,2025-08-05,19:00,2025,JAL,CHI,Luis Ivan Rodriguez,Max Castillo,,,lmb_official_calendar,1,10,3,5,0,1,0,4,1,0,0,0,0,10,1,0,No Line,0.0,none,-1,11,7,1,post,Final,Final,,,,,,,,,,,,,0,,,,,,none,809098
809194,2025-08-05,19:00,2025,VER,TAB,Braulio Torres-Perez,Tyler Danish,,,lmb_official_calendar,1,5,9,0,2,0,0,0,0,0,0,5,2,5,4,0,No Line,0.0,none,-1,4,11,1,post,Final,Final,,,,,,,,,,,,,0,,,,,,none,809194
809241,2025-08-05,19:00,2025,TIJ,DUR,Jared Wilson,Jorge Bautista,,,lmb_official_calendar,1,10,5,1,0,7,4,1,0,0,0,0,0,9,4,0,No Line,0.0,none,-1,8,8,1,post,Final,Final,,,,,,,,,,,,,0,,,,,,none,809241
809332,2025-08-05,19:00,2025,OAX,PUE,Alemao Hernandez,Edgar Torres,,,lmb_official_calendar,1,5,2,2,1,0,0,1,0,0,0,1,0,4,1,0,No Line,0.0,none,-1,10,4,1,post,Final,Final,,,,,,,,,,,,,0,,,,,,none,809332
809434,2025-08-05,19:00,2025,TIG,YUC,Steven Moyers,César Valdez,,,lmb_official_calendar,1,2,10,1,0,0,0,0,1,0,2,0,0,1,3,0,No Line,0.0,none,-1,5,15,1,post,Final,Final,,,,,,,,,,,,,0,,,,,,none,809434
809526,2025-08-05,19:00,2025,MVA,AGS,Austin Warner,Deylen Miley,,,lmb_official_calendar,1,11,3,4,0,3,0,1,0,0,1,1,0,9,1,0,No Line,0.0,none,-1,15,6,1,post,Final,Final,,,,,,,,,,,,,0,,,,,,none,809526
809572,2025-08-05,19:00,2025,LAR,MTY,Daniel Mengden,Manny Banuelos,,,lmb_official_calendar,1,7,3,0,0,0,0,0,0,2,0,0,0,2,0,0,No Line,0.0,none,-1,9,7,1,post,Final,Final,,,,,,,,,,,,,0,,,,,,none,809572
809988,2025-08-05,19:00,2025,LEO,MEX,Faustino Carrera,Ricardo Pinto,,,lmb_official_calendar,1,6,5,2,0,0,5,0,0,0,0,0,0,2,5,0,No Line,0.0,none,-1,10,10,1,post,Final,Final,,,,,,,,,,,,,0,,,,,,none,809988
809101,2025-08-06,19:00,2025,JAL,CHI,Eduardo Vera,Caleb Smith,,,lmb_official_calendar,1,3,10,2,0,0,1,0,0,0,9,0,0,2,10,0,No Line,0.0,none,-1,6,14,1,post,Final,Final,,,,,,,,,,,,,0,,,,,,none,809101
809195,2025-08-06,19:00,2025,VER,TAB,Orlando Lara,Ian Kahaloa,,,lmb_official_calendar,1,5,0,0,0,0,0,3,0,0,0,1,0,4,0,0,No Line,0.0,none,-1,9,5,1,post,Final,Final,,,,,,,,,,,,,0,,,,,,none,809195
809240,2025-08-06,19:00,2025,TIJ,DUR,Jorge Perez,Kevin Kelly,,,lmb_official_calendar,1,7,2,0,2,0,0,0,0,0,0,2,0,2,2,0,No Line,0.0,none,-1,10,4,1,post,Final,Final,,,,,,,,,,,,,0,,,,,,none,809240
809334,2025-08-06,19:00,2025,OAX,PUE,Kyle Barraclough,Cleiverth Perez,,,lmb_official_calendar,1,11,0,0,0,2,0,0,0,1,0,0,0,3,0,0,No Line,0.0,none,-1,22,4,1,post,Final,Final,,,,,,,,,,,,,0,,,,,,none,809334
809428,2025-08-06,19:00,2025,TIG,YUC,Julio Robaina,Yoanner Negrin,,,lmb_official_calendar,1,3,6,0,0,0,2,0,0,1,0,0,0,1,2,0,No Line,0.0,none,-1,10,12,1,post,Final,Final,,,,,,,,,,,,,0,,,,,,none,809428
809522,2025-08-06,19:00,2025,MVA,AGS,Christian Young,Oscar De La Cruz,,,lmb_official_calendar,1,10,9,2,0,0,0,1,0,0,3,4,2,7,5,0,No Line,0.0,none,-1,16,12,1,post,Final,Final,,,,,,,,,,,,,0,,,,,,none,809522
809575,2025-08-06,19:00,2025,LAR,MTY,Junior Guerra,Justus Sheffield,,,lmb_official_calendar,1,8,5,2,0,0,0,0,0,0,0,1,1,3,1,0,No Line,0.0,none,-1,16,9,1,post,Final,Final,,,,,,,,,,,,,0,,,,,,none,809575
809708,2025-08-06,19:00,2025,CAM,QRO,Jake Thompson,,,,lmb_official_calendar,0,3,0,0,0,0,0,0,0,0,0,0,0,0,0,0,No Line,0.0,none,-1,6,1,1,post,Final,Final,,,,,,,,,,,,,0,,,,,,none,809708
809715,2025-08-06,19:00,2025,CAM,QRO,Miller Hogan,,,,lmb_official_calendar,0,4,3,0,2,2,0,0,0,0,0,1,1,3,3,0,No Line,0.0,none,-1,7,5,1,post,Final,Final,,,,,,,,,,,,,0,,,,,,none,809715
809886,2025-08-06,19:00,2025,LAG,SLT,Travis Lakins,,,,lmb_official_calendar,0,6,0,0,0,0,0,3,0,0,0,1,0,4,0,0,No Line,0.0,none,-1,14,3,1,post,Final,Final,,,,,,,,,,,,,0,,,,,,none,809886
809981,2025-08-06,19:00,2025,LEO,MEX,Aaron Shortridge,Justin Courtney,,,lmb_official_calendar,1,9,12,0,0,1,2,3,2,0,5,0,0,4,9,0,No Line,0.0,none,-1,16,16,1,post,Final,Final,,,,,,,,,,,,,0,,,,,,none,809981
809100,2025-08-07,19:00,2025,JAL,CHI,Aríel Miranda,Wily Peralta,,,lmb_official_calendar,1,10,12,4,3,0,1,0,5,0,1,0,0,4,10,0,No Line,0.0,none,-1,10,14,1,post,Final,Final,,,,,,,,,,,,,0,,,,,,none,809100
809189,2025-08-07,19:00,2025,VER,TAB,Connor Curlis,Yoennis Yera,,,lmb_official_calendar,1,1,8,0,2,0,0,0,0,0,2,0,0,0,4,0,No Line,0.0,none,-1,4,11,1,post,Final,Final,,,,,,,,,,,,,0,,,,,,none,809189
809239,2025-08-07,19:00,2025,TIJ,DUR,Teddy Stankiewicz,Jorge Garcia,,,lmb_official_calendar,1,6,3,0,0,0,0,0,0,2,1,0,0,2,1,0,No Line,0.0,none,-1,8,10,1,post,Final,Final,,,,,,,,,,,,,0,,,,,,none,809239
809331,2025-08-07,19:00,2025,OAX,PUE,Luis Miranda,Emailin Montilla,,,lmb_official_calendar,1,15,0,7,0,5,0,2,0,0,0,1,0,15,0,0,No Line,0.0,none,-1,14,0,1,post,Final,Final,,,,,,,,,,,,,0,,,,,,none,809331
809419,2025-08-07,19:00,2025,TIG,YUC,Jose Albertos,Dario Agrazal,,,lmb_official_calendar,1,2,11,1,3,0,6,0,2,0,0,0,0,1,11,0,No Line,0.0,none,-1,1,9,1,post,Final,Final,,,,,,,,,,,,,0,,,,,,none,809419
809523,2025-08-07,19:00,2025,MVA,AGS,Jackson Goddard,Tucker Smith,,,lmb_official_calendar,1,5,1,0,0,1,0,0,0,0,0,3,0,4,0,0,No Line,0.0,none,-1,11,5,1,post,Final,Final,,,,,,,,,,,,,0,,,,,,none,809523
809574,2025-08-07,19:00,2025,LAR,MTY,Nate Antone,Luis Cessa,,,lmb_official_calendar,1,3,5,0,1,2,0,0,0,0,0,0,0,2,1,0,No Line,0.0,none,-1,11,14,1,post,Final,Final,,,,,,,,,,,,,0,,,,,,none,809574
809890,2025-08-07,19:00,2025,LAG,SLT,Jaime Barria,Anibal Cervantes,,,lmb_official_calendar,1,3,1,2,1,0,0,0,0,1,0,0,0,3,1,0,No Line,0.0,none,-1,7,6,1,post,Final,Final,,,,,,,,,,,,,0,,,,,,none,809890
810060,2025-08-09,19:00,2025,CAM,PUE,Domingo Acevedo,Vladimir Gutierrez,,,lmb_official_calendar,1,7,0,1,0,0,0,0,0,0,0,0,0,1,0,0,No Line,0.0,none,-1,9,6,1,post,Final,Final,,,,,,,,,,,,,0,,,,,,none,810060
810065,2025-08-09,19:00,2025,OAX,VER,Radhames Liz,Luis Romero,,,lmb_official_calendar,1,18,11,3,0,3,1,0,0,5,0,0,3,11,4,0,No Line,0.0,none,-1,21,21,1,post,Final,Final,,,,,,,,,,,,,0,,,,,,none,810065
810071,2025-08-09,19:00,2025,MEX,YUC,Brooks Hall,Tommy Doyle,,,lmb_official_calendar,1,13,3,0,2,0,0,4,0,0,0,1,0,5,2,0,No Line,0.0,none,-1,13,7,1,post,Final,Final,,,,,,,,,,,,,0,,,,,,none,810071
810077,2025-08-09,19:00,2025,MVA,LAR,Wilmer Rios,Adrian De Horta,,,lmb_official_calendar,1,20,3,0,1,7,0,2,2,2,0,0,0,11,3,0,No Line,0.0,none,-1,18,11,1,post,Final,Final,,,,,,,,,,,,,0,,,,,,none,810077
810079,2025-08-09,19:00,2025,TIJ,LAG,David Reyes,Ricardo Sanchez,,,lmb_official_calendar,1,7,2,6,0,0,0,0,2,1,0,0,0,7,2,0,No Line,0.0,none,-1,9,8,1,post,Final,Final,,,,,,,,,,,,,0,,,,,,none,810079
810092,2025-08-09,19:00,2025,MTY,JAL,Nolan Kingham,Luis Ivan Rodriguez,,,lmb_official_calendar,1,3,5,0,0,0,0,0,1,0,0,0,3,0,4,0,No Line,0.0,none,-1,6,12,1,post,Final,Final,,,,,,,,,,,,,0,,,,,,none,810092
810058,2025-08-10,19:00,2025,CAM,PUE,Miller Hogan,Fernando Lozano,,,lmb_official_calendar,1,3,2,2,0,0,1,0,0,0,0,1,0,3,1,0,No Line,0.0,none,-1,5,9,1,post,Final,Final,,,,,,,,,,,,,0,,,,,,none,810058
810063,2025-08-10,19:00,2025,OAX,VER,Alemao Hernandez,Orlando Lara,,,lmb_official_calendar,1,9,3,0,0,5,0,0,0,1,0,1,0,7,0,0,No Line,0.0,none,-1,13,8,1,post,Final,Final,,,,,,,,,,,,,0,,,,,,none,810063
810070,2025-08-10,19:00,2025,MEX,YUC,Ricardo Pinto,Odrisamer Despaigne,,,lmb_official_calendar,1,12,1,1,0,0,1,0,0,0,0,1,0,2,1,0,No Line,0.0,none,-1,10,6,1,post,Final,Final,,,,,,,,,,,,,0,,,,,,none,810070
810075,2025-08-10,19:00,2025,MVA,LAR,Jorge Tavarez,Daniel Mengden,,,lmb_official_calendar,1,4,3,1,0,0,0,0,0,0,0,0,0,1,0,0,No Line,0.0,none,-1,15,7,1,post,Final,Final,,,,,,,,,,,,,0,,,,,,none,810075
810078,2025-08-10,19:00,2025,TIJ,LAG,Domingo Germán,Grant Gavin,,,lmb_official_calendar,1,2,4,0,0,0,1,0,1,0,1,1,1,1,4,0,No Line,0.0,none,-1,9,9,1,post,Final,Final,,,,,,,,,,,,,0,,,,,,none,810078
810085,2025-08-10,19:00,2025,MTY,JAL,Manny Banuelos,Zac Grotz,,,lmb_official_calendar,1,2,10,0,0,0,1,0,1,0,1,0,0,0,3,0,No Line,0.0,none,-1,7,11,1,post,Final,Final,,,,,,,,,,,,,0,,,,,,none,810085
810059,2025-08-12,19:00,2025,PUE,CAM,,Sho Itoh,,,lmb_official_calendar,0,6,9,1,1,0,2,0,0,2,1,0,0,3,4,0,No Line,0.0,none,-1,12,12,1,post,Final,Final,,,,,,,,,,,,,0,,,,,,none,810059
810062,2025-08-12,19:00,2025,VER,OAX,Esmil Rogers,,,,lmb_official_calendar,0,9,12,1,0,0,2,0,0,0,2,0,2,1,6,0,No Line,0.0,none,-1,7,14,1,post,Final,Final,,,,,,,,,,,,,0,,,,,,none,810062
810069,2025-08-12,19:00,2025,YUC,MEX,Yoanner Negrin,Justin Courtney,,,lmb_official_calendar,1,2,4,0,0,0,0,0,0,2,0,0,1,2,1,0,No Line,0.0,none,-1,8,9,1,post,Final,Final,,,,,,,,,,,,,0,,,,,,none,810069
810076,2025-08-12,19:00,2025,LAR,MVA,Junior Guerra,Austin Warner,,,lmb_official_calendar,1,6,3,1,0,0,0,0,0,0,0,0,3,1,3,0,No Line,0.0,none,-1,11,9,1,post,Final,Final,,,,,,,,,,,,,0,,,,,,none,810076
810080,2025-08-12,19:00,2025,LAG,TIJ,Travis Lakins,Teddy Stankiewicz,,,lmb_official_calendar,1,4,3,0,0,0,0,0,0,1,0,1,0,2,0,0,No Line,0.0,none,-1,11,9,1,post,Final,Final,,,,,,,,,,,,,0,,,,,,none,810080
810089,2025-08-12,19:00,2025,JAL,MTY,Luis Payan,Justus Sheffield,,,lmb_official_calendar,1,14,2,0,1,0,0,3,1,2,0,1,0,6,2,0,No Line,0.0,none,-1,14,8,1,post,Final,Final,,,,,,,,,,,,,0,,,,,,none,810089
810055,2025-08-13,19:00,2025,VER,OAX,Connor Curlis,Robert Dugger,,,lmb_official_calendar,1,3,4,0,0,0,0,0,1,1,1,0,0,1,2,0,No Line,0.0,none,-1,3,11,1,post,Final,Final,,,,,,,,,,,,,0,,,,,,none,810055
810057,2025-08-13,19:00,2025,PUE,CAM,Fernando Lozano,Jake Thompson,,,lmb_official_calendar,1,3,2,1,0,0,1,0,1,0,0,0,0,1,2,0,No Line,0.0,none,-1,8,9,1,post,Final,Final,,,,,,,,,,,,,0,,,,,,none,810057
810068,2025-08-13,19:00,2025,YUC,MEX,César Valdez,Wilmer Font,,,lmb_official_calendar,1,1,3,0,0,0,0,0,0,1,0,0,0,1,0,0,No Line,0.0,none,-1,3,8,1,post,Final,Final,,,,,,,,,,,,,0,,,,,,none,810068
810074,2025-08-13,19:00,2025,LAR,MVA,Nate Antone,Christian Young,,,lmb_official_calendar,1,12,8,4,0,0,1,2,0,0,0,2,1,8,2,0,No Line,0.0,none,-1,16,14,1,post,Final,Final,,,,,,,,,,,,,0,,,,,,none,810074
810082,2025-08-13,19:00,2025,LAG,TIJ,Jaime Barria,Caleb Baragar,,,lmb_official_calendar,1,6,9,0,0,0,3,1,0,0,1,0,0,1,4,0,No Line,0.0,none,-1,12,9,1,post,Final,Final,,,,,,,,,,,,,0,,,,,,none,810082
810090,2025-08-13,19:00,2025,JAL,MTY,Eduardo Vera,César Vargas,,,lmb_official_calendar,1,6,7,0,0,3,3,1,1,0,0,0,1,4,5,0,No Line,0.0,none,-1,12,13,1,post,Final,Final,,,,,,,,,,,,,0,,,,,,none,810090
810073,2025-08-14,19:00,2025,LAR,MVA,Adrian De Horta,Wilmer Rios,,,lmb_official_calendar,1,4,3,0,0,0,0,1,2,0,0,0,0,1,2,0,No Line,0.0,none,-1,10,10,1,post,Final,Final,,,,,,,,,,,,,0,,,,,,none,810073
810081,2025-08-14,19:00,2025,LAG,TIJ,Ricardo Sanchez,David Reyes,,,lmb_official_calendar,1,4,3,0,2,0,0,1,0,1,0,0,0,2,2,0,No Line,0.0,none,-1,8,12,1,post,Final,Final,,,,,,,,,,,,,0,,,,,,none,810081
810088,2025-08-14,19:00,2025,JAL,MTY,Zac Grotz,Nolan Kingham,,,lmb_official_calendar,1,6,12,0,3,0,0,0,0,1,0,1,0,2,3,0,No Line,0.0,none,-1,9,15,1,post,Final,Final,,,,,,,,,,,,,0,,,,,,none,810088
810050,2025-08-15,19:00,2025,PUE,CAM,Edgar Torres,Domingo Acevedo,,,lmb_official_calendar,1,9,2,1,0,3,1,4,0,1,0,0,0,9,1,0,No Line,0.0,none,-1,14,7,1,post,Final,Final,,,,,,,,,,,,,0,,,,,,none,810050
810072,2025-08-16,19:00,2025,MVA,LAR,Jorge Tavarez,Daniel Mengden,,,lmb_official_calendar,1,7,5,0,0,0,0,1,3,1,0,0,0,2,3,0,No Line,0.0,none,-1,14,10,1,post,Final,Final,,,,,,,,,,,,,0,,,,,,none,810072
810083,2025-08-16,19:00,2025,TIJ,LAG,Domingo Germán,Grant Gavin,,,lmb_official_calendar,1,6,11,3,7,2,1,1,1,0,0,0,0,6,9,0,No Line,0.0,none,-1,12,12,1,post,Final,Final,,,,,,,,,,,,,0,,,,,,none,810083
810087,2025-08-16,19:00,2025,MTY,JAL,Manny Banuelos,Luis Ivan Rodriguez,,,lmb_official_calendar,1,7,6,2,0,3,0,0,0,0,2,0,4,5,6,0,No Line,0.0,none,-1,10,8,1,post,Final,Final,,,,,,,,,,,,,0,,,,,,none,810087
810067,2025-08-17,19:00,2025,MVA,LAR,Austin Warner,Junior Guerra,,,lmb_official_calendar,1,4,10,0,2,0,0,0,0,1,0,3,7,4,9,0,No Line,0.0,none,-1,8,14,1,post,Final,Final,,,,,,,,,,,,,0,,,,,,none,810067
810086,2025-08-17,19:00,2025,MTY,JAL,Justus Sheffield,Luis Payan,,,lmb_official_calendar,1,0,6,0,4,0,0,0,1,0,0,0,1,0,6,0,No Line,0.0,none,-1,4,9,1,post,Final,Final,,,,,,,,,,,,,0,,,,,,none,810086
810046,2025-08-18,19:00,2025,CAM,PUE,Miller Hogan,Yoimer Camacho,,,lmb_official_calendar,1,8,2,0,0,0,0,2,0,0,0,6,2,8,2,0,No Line,0.0,none,-1,7,4,1,post,Final,Final,,,,,,,,,,,,,0,,,,,,none,810046
810100,2025-08-20,19:00,2025,OAX,CAM,Radhames Liz,Domingo Acevedo,,,lmb_official_calendar,1,15,1,3,1,0,0,7,0,3,0,2,0,15,1,0,No Line,0.0,none,-1,17,9,1,post,Final,Final,,,,,,,,,,,,,0,,,,,,none,810100
810105,2025-08-20,19:00,2025,MEX,PUE,Brooks Hall,Vladimir Gutierrez,,,lmb_official_calendar,1,7,2,0,0,0,0,0,2,1,0,6,0,7,2,0,No Line,0.0,none,-1,12,7,1,post,Final,Final,,,,,,,,,,,,,0,,,,,,none,810105
810111,2025-08-20,19:00,2025,LAG,JAL,Travis Lakins,Zac Grotz,,,lmb_official_calendar,1,3,9,0,1,0,0,0,1,0,0,0,3,0,5,0,No Line,0.0,none,-1,9,13,1,post,Final,Final,,,,,,,,,,,,,0,,,,,,none,810111
810118,2025-08-20,19:00,2025,LAR,MTY,Nate Antone,Nolan Kingham,,,lmb_official_calendar,1,2,11,0,1,0,0,1,4,0,3,0,0,1,8,0,No Line,0.0,none,-1,6,16,1,post,Final,Final,,,,,,,,,,,,,0,,,,,,none,810118
810099,2025-08-21,19:00,2025,OAX,CAM,Alemao Hernandez,Miller Hogan,,,lmb_official_calendar,1,8,7,0,3,2,1,1,0,0,0,0,2,3,6,0,No Line,0.0,none,-1,12,12,1,post,Final,Final,,,,,,,,,,,,,0,,,,,,none,810099
810106,2025-08-21,19:00,2025,MEX,PUE,Ricardo Pinto,Yoimer Camacho,,,lmb_official_calendar,1,8,2,1,0,0,0,1,0,2,1,2,0,6,1,0,No Line,0.0,none,-1,13,6,1,post,Final,Final,,,,,,,,,,,,,0,,,,,,none,810106
810112,2025-08-21,19:00,2025,LAG,JAL,Jaime Barria,Luis Ivan Rodriguez,,,lmb_official_calendar,1,4,7,0,0,0,2,0,0,0,2,1,2,1,6,0,No Line,0.0,none,-1,9,10,1,post,Final,Final,,,,,,,,,,,,,0,,,,,,none,810112
810117,2025-08-21,19:00,2025,LAR,MTY,Daniel Mengden,Manny Banuelos,,,lmb_official_calendar,1,1,3,0,0,0,0,0,0,0,0,0,0,0,0,0,No Line,0.0,none,-1,4,8,1,post,Final,Final,,,,,,,,,,,,,0,,,,,,none,810117
810097,2025-08-23,19:00,2025,CAM,OAX,Sho Itoh,Luis Miranda,,,lmb_official_calendar,1,5,3,0,1,0,0,0,0,5,0,0,2,5,3,0,No Line,0.0,none,-1,7,8,1,post,Final,Final,,,,,,,,,,,,,0,,,,,,none,810097
810113,2025-08-23,19:00,2025,JAL,LAG,Luis Payan,Ricardo Sanchez,,,lmb_official_calendar,1,8,1,0,0,0,1,2,0,2,0,0,0,4,1,0,No Line,0.0,none,-1,15,3,1,post,Final,Final,,,,,,,,,,,,,0,,,,,,none,810113
810116,2025-08-23,19:00,2025,MTY,LAR,Stephen Tarpley,Junior Guerra,,,lmb_official_calendar,1,11,1,2,0,0,0,0,1,0,0,6,0,8,1,0,No Line,0.0,none,-1,15,6,1,post,Final,Final,,,,,,,,,,,,,0,,,,,,none,810116
810095,2025-08-24,19:00,2025,CAM,OAX,Jake Thompson,Kyle Barraclough,,,lmb_official_calendar,1,4,0,0,0,0,0,0,0,0,0,0,0,0,0,0,No Line,0.0,none,-1,4,6,1,post,Final,Final,,,,,,,,,,,,,0,,,,,,none,810095
810107,2025-08-24,19:00,2025,PUE,MEX,Cleiverth Perez,Justin Courtney,,,lmb_official_calendar,1,6,13,2,1,2,6,0,0,0,0,1,0,5,7,0,No Line,0.0,none,-1,11,16,1,post,Final,Final,,,,,,,,,,,,,0,,,,,,none,810107
810094,2025-08-25,19:00,2025,CAM,OAX,Domingo Acevedo,Radhames Liz,,,lmb_official_calendar,1,4,5,0,1,0,3,0,0,0,0,0,0,0,4,0,No Line,0.0,none,-1,7,10,1,post,Final,Final,,,,,,,,,,,,,0,,,,,,none,810094
810108,2025-08-25,19:00,2025,PUE,MEX,Vladimir Gutierrez,Brooks Hall,,,lmb_official_calendar,1,3,9,0,0,1,2,2,1,0,2,0,3,3,8,0,No Line,0.0,none,-1,7,12,1,post,Final,Final,,,,,,,,,,,,,0,,,,,,none,810108
810109,2025-08-25,19:00,2025,JAL,LAG,Eduardo Vera,Grant Gavin,,,lmb_official_calendar,1,3,9,0,0,0,1,0,0,2,3,0,0,2,4,0,No Line,0.0,none,-1,9,12,1,post,Final,Final,,,,,,,,,,,,,0,,,,,,none,810109
810119,2025-08-25,19:00,2025,MTY,LAR,César Vargas,Adrian De Horta,,,lmb_official_calendar,1,8,6,1,2,0,1,2,0,1,0,0,0,4,3,0,No Line,0.0,none,-1,12,15,1,post,Final,Final,,,,,,,,,,,,,0,,,,,,none,810119
810102,2025-08-26,19:00,2025,JAL,LAG,Zac Grotz,Jaime Barria,,,lmb_official_calendar,1,2,3,1,0,0,0,0,0,0,0,0,0,1,0,0,No Line,0.0,none,-1,8,6,1,post,Final,Final,,,,,,,,,,,,,0,,,,,,none,810102
810093,2025-08-27,19:00,2025,OAX,CAM,Alemao Hernandez,Miller Hogan,,,lmb_official_calendar,1,3,5,0,0,0,0,0,0,0,0,0,2,0,2,0,No Line,0.0,none,-1,10,10,1,post,Final,Final,,,,,,,,,,,,,0,,,,,,none,810093
810091,2025-08-28,19:00,2025,OAX,CAM,Luis Miranda,Sho Itoh,,,lmb_official_calendar,1,5,15,0,0,3,0,0,4,0,1,0,0,3,5,0,No Line,0.0,none,-1,12,21,1,post,Final,Final,,,,,,,,,,,,,0,,,,,,none,810091
810103,2025-08-28,19:00,2025,LAG,JAL,Grant Gavin,Luis Ivan Rodriguez,,,lmb_official_calendar,1,6,4,1,3,1,0,0,0,0,0,0,1,2,4,0,No Line,0.0,none,-1,7,8,1,post,Final,Final,,,,,,,,,,,,,0,,,,,,none,810103
810104,2025-08-29,19:00,2025,LAG,JAL,Travis Lakins,Luis Payan,,,lmb_official_calendar,1,4,5,0,0,0,2,1,0,0,0,0,0,1,2,0,No Line,0.0,none,-1,6,11,1,post,Final,Final,,,,,,,,,,,,,0,,,,,,none,810104
810042,2025-08-30,19:00,2025,MEX,CAM,Ricardo Pinto,Domingo Acevedo,,,lmb_official_calendar,1,2,4,1,0,0,0,0,0,1,2,0,1,2,3,0,No Line,0.0,none,-1,8,5,1,post,Final,Final,,,,,,,,,,,,,0,,,,,,none,810042
810044,2025-08-31,19:00,2025,MEX,CAM,Brooks Hall,Jake Thompson,,,lmb_official_calendar,1,6,4,2,0,0,2,3,0,0,0,0,2,5,4,0,No Line,0.0,none,-1,8,8,1,post,Final,Final,,,,,,,,,,,,,0,,,,,,none,810044
810049,2025-08-31,19:00,2025,JAL,MTY,Zac Grotz,Nolan Kingham,,,lmb_official_calendar,1,11,9,0,1,2,0,5,0,1,1,0,6,8,8,0,No Line,0.0,none,-1,10,14,1,post,Final,Final,,,,,,,,,,,,,0,,,,,,none,810049
810048,2025-09-01,19:00,2025,JAL,MTY,Eduardo Vera,Manny Banuelos,,,lmb_official_calendar,1,6,3,0,2,4,0,0,0,0,1,0,0,4,3,0,No Line,0.0,none,-1,11,4,1,post,Final,Final,,,,,,,,,,,,,0,,,,,,none,810048
810045,2025-09-02,19:00,2025,CAM,MEX,Miller Hogan,Justin Courtney,,,lmb_official_calendar,1,5,2,0,0,0,1,0,0,0,0,1,0,1,1,0,No Line,0.0,none,-1,6,5,1,post,Final,Final,,,,,,,,,,,,,0,,,,,,none,810045
810040,2025-09-03,19:00,2025,CAM,MEX,Sho Itoh,Efrain Contreras,,,lmb_official_calendar,1,5,7,0,1,0,0,0,1,1,0,1,1,2,3,0,No Line,0.0,none,-1,5,7,1,post,Final,Final,,,,,,,,,,,,,0,,,,,,none,810040
810052,2025-09-03,19:00,2025,MTY,JAL,Stephen Tarpley,Luis Payan,,,lmb_official_calendar,1,3,1,0,0,1,1,1,0,1,0,0,0,3,1,0,No Line,0.0,none,-1,7,6,1,post,Final,Final,,,,,,,,,,,,,0,,,,,,none,810052
810036,2025-09-04,19:00,2025,CAM,MEX,Domingo Acevedo,Ricardo Pinto,,,lmb_official_calendar,1,4,5,0,0,0,1,0,3,0,0,0,0,0,4,0,No Line,0.0,none,-1,5,7,1,post,Final,Final,,,,,,,,,,,,,0,,,,,,none,810036
810051,2025-09-04,19:00,2025,MTY,JAL,Luis Cessa,Luis Ivan Rodriguez,,,lmb_official_calendar,1,4,6,0,2,2,0,0,0,0,0,0,1,2,3,0,No Line,0.0,none,-1,10,10,1,post,Final,Final,,,,,,,,,,,,,0,,,,,,none,810051
810043,2025-09-05,19:00,2025,MTY,JAL,Nolan Kingham,Zac Grotz,,,lmb_official_calendar,1,4,6,0,0,0,0,2,0,0,3,0,1,2,4,0,No Line,0.0,none,-1,11,12,1,post,Final,Final,,,,,,,,,,,,,0,,,,,,none,810043
810037,2025-09-06,19:00,2025,MEX,CAM,Brooks Hall,Jake Thompson,,,lmb_official_calendar,1,12,6,1,2,0,2,0,0,3,0,3,0,7,4,0,No Line,0.0,none,-1,14,10,1,post,Final,Final,,,,,,,,,,,,,0,,,,,,none,810037
810035,2025-09-10,19:00,2025,MEX,JAL,Ricardo Pinto,Luis Payan,,,lmb_official_calendar,1,8,4,3,0,4,0,0,0,0,1,0,3,7,4,0,No Line,0.0,none,-1,13,9,1,post,Final,Final,,,,,,,,,,,,,0,,,,,,none,810035
810031,2025-09-11,19:00,2025,MEX,JAL,Justin Courtney,Zac Grotz,,,lmb_official_calendar,1,12,1,0,0,0,0,1,0,0,1,1,0,2,1,0,No Line,0.0,none,-1,19,8,1,post,Final,Final,,,,,,,,,,,,,0,,,,,,none,810031
810032,2025-09-13,19:00,2025,JAL,MEX,Luis Ivan Rodriguez,Brooks Hall,,,lmb_official_calendar,1,2,7,0,0,0,0,2,0,0,4,0,2,2,6,0,No Line,0.0,none,-1,6,10,1,post,Final,Final,,,,,,,,,,,,,0,,,,,,none,810032
810033,2025-09-14,19:00,2025,JAL,MEX,Eduardo Vera,Efrain Contreras,,,lmb_official_calendar,1,3,7,0,2,0,3,0,0,0,0,0,2,0,7,0,No Line,0.0,none,-1,8,8,1,post,Final,Final,,,,,,,,,,,,,0,,,,,,none,810033
10579,2026-01-22,19:00,2026,MEX,JAL,Carley Hoover,Eva Voortman,,,lmb_official_calendar,1,6,5,1,1,0,1,1,0,4,3,0,0,6,5,0,No Line,0.0,none,-1,5,9,1,post,Final,Final,,,,,,,,,,,,,0,,,,,,none,10579
10581,2026-01-22,19:00,2026,VER,LAG,Lisa Hop,Sarah Willis,,,lmb_official_calendar,1,4,1,0,0,0,0,0,0,3,0,0,0,3,0,0,No Line,0.0,none,-1,6,4,1,post,Final,Final,,,,,,,,,,,,,0,,,,,,none,10581
10583,2026-01-22,19:00,2026,LEO,HER,Rachel García,Shiono Oguri,,,lmb_official_calendar,1,8,11,0,3,0,3,2,0,0,0,4,0,6,6,0,No Line,0.0,none,-1,11,15,1,post,Final,Final,,,,,,,,,,,,,0,,,,,,none,10583
10585,2026-01-22,19:00,2026,MTY,TAB,Payton Gottshall,Donnie Gobourne,,,lmb_official_calendar,1,0,1,0,0,0,0,0,0,0,0,0,0,0,0,0,No Line,0.0,none,-1,2,3,1,post,Final,Final,,,,,,,,,,,,,0,,,,,,none,10585
10580,2026-01-23,19:00,2026,MEX,JAL,Yilián Tornes,Rissa Bajusz,,,lmb_official_calendar,1,10,6,3,0,0,0,0,2,3,2,1,2,7,6,0,No Line,0.0,none,-1,11,6,1,post,Final,Final,,,,,,,,,,,,,0,,,,,,none,10580
10582,2026-01-23,19:00,2026,VER,LAG,Ilaria Cacciamani,Aliyah Binford,,,lmb_official_calendar,1,12,1,1,0,7,1,0,0,0,0,4,0,12,1,0,No Line,0.0,none,-1,15,3,1,post,Final,Final,,,,,,,,,,,,,0,,,,,,none,10582
10584,2026-01-23,19:00,2026,LEO,HER,Jordan Johnson,Sona Halajian,,,lmb_official_calendar,1,16,4,4,2,3,0,0,0,2,0,6,0,15,2,0,No Line,0.0,none,-1,15,9,1,post,Final,Final,,,,,,,,,,,,,0,,,,,,none,10584
10586,2026-01-23,19:00,2026,MTY,TAB,Samantha Show,Dawn Bodrug,,,lmb_official_calendar,1,2,1,0,0,0,0,0,0,0,0,1,1,1,1,0,No Line,0.0,none,-1,4,3,1,post,Final,Final,,,,,,,,,,,,,0,,,,,,none,10586
10587,2026-01-24,19:00,2026,MEX,HER,Carley Hoover,Shiono Oguri,,,lmb_official_calendar,1,2,3,2,1,0,1,0,0,0,0,0,1,2,3,0,No Line,0.0,none,-1,5,4,1,post,Final,Final,,,,,,,,,,,,,0,,,,,,none,10587
10589,2026-01-24,19:00,2026,VER,TAB,TBD,TBD,,,lmb_official_calendar,1,2,1,0,1,0,0,0,0,2,0,0,0,2,1,0,No Line,0.0,none,-1,4,1,1,post,Final,Final,,,,,,,,,,,,,0,,,,,,none,10589
10591,2026-01-24,19:00,2026,LEO,JAL,Rachel García,TBD,,,lmb_official_calendar,1,1,2,0,1,0,1,0,0,0,0,1,0,1,2,0,No Line,0.0,none,-1,7,3,1,post,Final,Final,,,,,,,,,,,,,0,,,,,,none,10591
10593,2026-01-24,19:00,2026,LAG,MTY,Sarah Willis,Yanina Treviño,,,lmb_official_calendar,1,4,2,0,0,1,0,1,0,2,2,0,0,4,2,0,No Line,0.0,none,-1,9,6,1,post,Final,Final,,,,,,,,,,,,,0,,,,,,none,10593
10588,2026-01-25,19:00,2026,MEX,HER,Yilián Tornes,Morgan Smith,,,lmb_official_calendar,1,4,0,0,0,2,0,0,0,0,0,2,0,4,0,0,No Line,0.0,none,-1,6,2,1,post,Final,Final,,,,,,,,,,,,,0,,,,,,none,10588
10590,2026-01-25,19:00,2026,VER,TAB,Kamalani Dung,Donnie Gobourne,,,lmb_official_calendar,1,3,4,2,0,0,1,1,2,0,0,0,0,3,3,0,No Line,0.0,none,-1,9,6,1,post,Final,Final,,,,,,,,,,,,,0,,,,,,none,10590
10592,2026-01-25,19:00,2026,LEO,JAL,Jordan Johnson,Eva Voortman,,,lmb_official_calendar,1,4,3,0,0,0,2,0,0,0,0,0,0,0,2,0,No Line,0.0,none,-1,9,3,1,post,Final,Final,,,,,,,,,,,,,0,,,,,,none,10592
10594,2026-01-25,19:00,2026,LAG,MTY,TBD,TBD,,,lmb_official_calendar,1,7,6,1,1,0,0,6,1,0,1,0,1,7,4,0,No Line,0.0,none,-1,7,10,1,post,Final,Final,,,,,,,,,,,,,0,,,,,,none,10594
10595,2026-01-29,19:00,2026,LAG,MEX,Sarah Willis,TBD,,,lmb_official_calendar,1,0,8,0,1,0,0,0,0,0,2,0,4,0,7,0,No Line,0.0,none,-1,1,11,1,post,Final,Final,,,,,,,,,,,,,0,,,,,,none,10595
10597,2026-01-29,19:00,2026,VER,JAL,Lisa Hop,TBD,,,lmb_official_calendar,1,6,3,1,0,0,3,1,0,0,0,0,0,2,3,0,No Line,0.0,none,-1,5,6,1,post,Final,Final,,,,,,,,,,,,,0,,,,,,none,10597
10599,2026-01-29,19:00,2026,MTY,LEO,Payton Gottshall,Rachel García,,,lmb_official_calendar,1,0,1,0,0,0,0,0,0,0,0,0,0,0,0,0,No Line,0.0,none,-1,2,2,1,post,Final,Final,,,,,,,,,,,,,0,,,,,,none,10599
10601,2026-01-29,19:00,2026,TAB,HER,Donnie Gobourne,Shiono Oguri,,,lmb_official_calendar,1,3,1,0,0,0,0,2,0,1,0,0,1,3,1,0,No Line,0.0,none,-1,6,3,1,post,Final,Final,,,,,,,,,,,,,0,,,,,,none,10601
10596,2026-01-30,19:00,2026,LAG,MEX,TBD,TBD,,,lmb_official_calendar,1,0,15,0,3,0,0,0,0,0,0,0,8,0,11,0,No Line,0.0,none,-1,5,16,1,post,Final,Final,,,,,,,,,,,,,0,,,,,,none,10596
10598,2026-01-30,19:00,2026,VER,JAL,Ilaria Cacciamani,TBD,,,lmb_official_calendar,1,0,5,0,0,0,0,0,3,0,0,0,2,0,5,0,No Line,0.0,none,-1,3,6,1,post,Final,Final,,,,,,,,,,,,,0,,,,,,none,10598
10600,2026-01-30,19:00,2026,MTY,LEO,Payton Gottshall,Jordan Johnson,,,lmb_official_calendar,1,0,5,0,0,0,0,0,3,0,0,0,0,0,3,0,No Line,0.0,none,-1,2,10,1,post,Final,Final,,,,,,,,,,,,,0,,,,,,none,10600
10602,2026-01-30,19:00,2026,TAB,HER,TBD,TBD,,,lmb_official_calendar,1,10,1,0,0,0,0,3,1,0,0,7,0,10,1,0,No Line,0.0,none,-1,9,7,1,post,Final,Final,,,,,,,,,,,,,0,,,,,,none,10602
10603,2026-01-31,19:00,2026,MEX,MTY,Carley Hoover,Samantha Show,,,lmb_official_calendar,1,7,2,3,0,0,0,0,2,1,0,3,0,7,2,0,No Line,0.0,none,-1,8,7,1,post,Final,Final,,,,,,,,,,,,,0,,,,,,none,10603
10605,2026-01-31,19:00,2026,VER,HER,Lisa Hop,Shiono Oguri,,,lmb_official_calendar,1,9,0,0,0,5,0,0,0,0,0,2,0,7,0,0,No Line,0.0,none,-1,8,2,1,post,Final,Final,,,,,,,,,,,,,0,,,,,,none,10605
10607,2026-01-31,19:00,2026,LAG,LEO,Aliyah Binford,Rachel García,,,lmb_official_calendar,1,1,5,0,0,0,0,0,0,0,3,0,0,0,3,0,No Line,0.0,none,-1,3,9,1,post,Final,Final,,,,,,,,,,,,,0,,,,,,none,10607
10609,2026-01-31,19:00,2026,TAB,JAL,Donnie Gobourne,Rissa Bajusz,,,lmb_official_calendar,1,3,5,0,0,1,0,0,5,0,0,0,0,1,5,0,No Line,0.0,none,-1,9,7,1,post,Final,Final,,,,,,,,,,,,,0,,,,,,none,10609
10604,2026-02-01,19:00,2026,MEX,MTY,Yilián Tornes,Payton Gottshall,,,lmb_official_calendar,1,7,3,3,2,2,0,0,1,0,0,2,0,7,3,0,No Line,0.0,none,-1,11,6,1,post,Final,Final,,,,,,,,,,,,,0,,,,,,none,10604
10608,2026-02-01,19:00,2026,LAG,LEO,Sarah Willis,Jordan Johnson,,,lmb_official_calendar,1,4,1,0,0,0,0,0,0,0,0,4,0,4,0,0,No Line,0.0,none,-1,5,5,1,post,Final,Final,,,,,,,,,,,,,0,,,,,,none,10608
10610,2026-02-01,19:00,2026,TAB,JAL,Jayme Reddacliff,TBD,,,lmb_official_calendar,1,4,3,0,0,2,0,0,0,0,0,2,0,4,0,0,No Line,0.0,none,-1,6,4,1,post,Final,Final,,,,,,,,,,,,,0,,,,,,none,10610
10619,2026-02-05,19:00,2026,MEX,VER,Carley Hoover,Ilaria Cacciamani,,,lmb_official_calendar,1,10,2,0,0,0,0,0,0,6,0,0,0,6,0,0,No Line,0.0,none,-1,11,2,1,post,Final,Final,,,,,,,,,,,,,0,,,,,,none,10619
10621,2026-02-05,19:00,2026,JAL,LEO,TBD,Rachel García,,,lmb_official_calendar,1,4,9,0,3,0,0,0,0,0,1,2,1,2,5,0,No Line,0.0,none,-1,8,10,1,post,Final,Final,,,,,,,,,,,,,0,,,,,,none,10621
10623,2026-02-05,19:00,2026,MTY,LAG,Samantha Show,Sarah Willis,,,lmb_official_calendar,1,0,3,0,0,0,3,0,0,0,0,0,0,0,3,0,No Line,0.0,none,-1,4,6,1,post,Final,Final,,,,,,,,,,,,,0,,,,,,none,10623
10625,2026-02-05,19:00,2026,HER,TAB,Shiono Oguri,Donnie Gobourne,,,lmb_official_calendar,1,0,3,0,1,0,0,0,0,0,0,0,0,0,1,0,No Line,0.0,none,-1,2,2,1,post,Final,Final,,,,,,,,,,,,,0,,,,,,none,10625
10620,2026-02-06,19:00,2026,MEX,VER,TBD,TBD,,,lmb_official_calendar,1,3,5,0,0,0,0,1,0,1,2,1,0,3,2,0,No Line,0.0,none,-1,7,9,1,post,Final,Final,,,,,,,,,,,,,0,,,,,,none,10620
10622,2026-02-06,19:00,2026,JAL,LEO,TBD,Jordan Johnson,,,lmb_official_calendar,1,3,4,0,0,0,0,3,0,0,0,0,0,3,0,0,No Line,0.0,none,-1,5,6,1,post,Final,Final,,,,,,,,,,,,,0,,,,,,none,10622
10624,2026-02-06,19:00,2026,MTY,LAG,TBD,TBD,,,lmb_official_calendar,1,3,1,1,0,0,0,0,0,2,0,0,0,3,0,0,No Line,0.0,none,-1,6,5,1,post,Final,Final,,,,,,,,,,,,,0,,,,,,none,10624
10626,2026-02-06,19:00,2026,HER,TAB,TBD,TBD,,,lmb_official_calendar,1,1,4,0,0,0,0,0,2,0,0,0,0,0,2,0,No Line,0.0,none,-1,4,9,1,post,Final,Final,,,,,,,,,,,,,0,,,,,,none,10626
10627,2026-02-07,19:00,2026,MEX,LAG,Karla Téllez,Sarah Willis,,,lmb_official_calendar,1,19,34,3,9,7,7,0,0,2,8,1,3,13,27,0,No Line,0.0,none,-1,18,29,1,post,Final,Final,,,,,,,,,,,,,0,,,,,,none,10627
10629,2026-02-07,19:00,2026,MTY,VER,Samantha Show,Ilaria Cacciamani,,,lmb_official_calendar,1,3,1,3,0,0,0,0,0,0,0,0,0,3,0,0,No Line,0.0,none,-1,6,6,1,post,Final,Final,,,,,,,,,,,,,0,,,,,,none,10629
10633,2026-02-07,19:00,2026,HER,LEO,Shiono Oguri,TBD,,,lmb_official_calendar,1,0,5,0,0,0,3,0,0,0,2,0,0,0,5,0,No Line,0.0,none,-1,1,6,1,post,Final,Final,,,,,,,,,,,,,0,,,,,,none,10633
10628,2026-02-08,19:00,2026,MEX,LAG,TBD,TBD,,,lmb_official_calendar,1,18,8,3,1,3,0,5,3,0,4,3,0,14,8,0,No Line,0.0,none,-1,13,9,1,post,Final,Final,,,,,,,,,,,,,0,,,,,,none,10628
10630,2026-02-08,19:00,2026,MTY,VER,TBD,TBD,,,lmb_official_calendar,1,2,4,0,0,0,0,0,0,0,1,1,2,1,3,0,No Line,0.0,none,-1,3,7,1,post,Final,Final,,,,,,,,,,,,,0,,,,,,none,10630
10632,2026-02-08,19:00,2026,JAL,TAB,TBD,TBD,,,lmb_official_calendar,1,11,10,2,6,0,0,0,3,0,0,2,0,4,9,0,No Line,0.0,none,-1,12,7,1,post,Final,Final,,,,,,,,,,,,,0,,,,,,none,10632
10634,2026-02-08,19:00,2026,HER,LEO,TBD,TBD,,,lmb_official_calendar,1,2,6,0,1,0,1,0,1,0,0,0,0,0,3,0,No Line,0.0,none,-1,4,7,1,post,Final,Final,,,,,,,,,,,,,0,,,,,,none,10634
10695,2026-02-08,19:00,2026,JAL,TAB,TBD,TBD,,,lmb_official_calendar,1,9,10,0,0,0,2,1,4,1,1,0,0,2,7,0,No Line,0.0,none,-1,8,11,1,post,Final,Final,,,,,,,,,,,,,0,,,,,,none,10695
10635,2026-02-12,19:00,2026,TAB,MEX,Donnie Gobourne,TBD,,,lmb_official_calendar,1,2,9,0,1,0,1,0,0,0,0,0,7,0,9,0,No Line,0.0,none,-1,5,5,1,post,Final,Final,,,,,,,,,,,,,0,,,,,,none,10635
10637,2026-02-12,19:00,2026,VER,MTY,Lisa Hop,Payton Gottshall,,,lmb_official_calendar,1,6,7,2,0,0,0,1,3,2,1,0,1,5,5,0,No Line,0.0,none,-1,7,8,1,post,Final,Final,,,,,,,,,,,,,0,,,,,,none,10637
10639,2026-02-12,19:00,2026,LEO,LAG,Rachel García,Savanah Henley,,,lmb_official_calendar,1,5,0,1,0,0,0,3,0,1,0,0,0,5,0,0,No Line,0.0,none,-1,6,2,1,post,Final,Final,,,,,,,,,,,,,0,,,,,,none,10639
10641,2026-02-12,19:00,2026,JAL,HER,TBD,Shiono Oguri,,,lmb_official_calendar,1,3,8,0,1,0,1,0,2,0,0,2,4,2,8,0,No Line,0.0,none,-1,7,11,1,post,Final,Final,,,,,,,,,,,,,0,,,,,,none,10641
10636,2026-02-13,19:00,2026,TAB,MEX,TBD,TBD,,,lmb_official_calendar,1,2,1,1,0,0,0,0,0,0,1,0,0,1,1,0,No Line,0.0,none,-1,6,3,1,post,Final,Final,,,,,,,,,,,,,0,,,,,,none,10636
10638,2026-02-13,19:00,2026,VER,MTY,TBD,TBD,,,lmb_official_calendar,1,5,3,0,2,0,0,3,0,1,1,0,0,4,3,0,No Line,0.0,none,-1,11,6,1,post,Final,Final,,,,,,,,,,,,,0,,,,,,none,10638
10640,2026-02-13,19:00,2026,LEO,LAG,Jordan Johnson,TBD,,,lmb_official_calendar,1,7,8,0,2,1,0,0,0,3,4,2,0,6,6,0,No Line,0.0,none,-1,9,11,1,post,Final,Final,,,,,,,,,,,,,0,,,,,,none,10640
10642,2026-02-13,19:00,2026,JAL,HER,TBD,TBD,,,lmb_official_calendar,1,7,2,0,1,0,0,3,1,0,0,0,0,3,2,0,No Line,0.0,none,-1,11,4,1,post,Final,Final,,,,,,,,,,,,,0,,,,,,none,10642
10643,2026-02-14,19:00,2026,TAB,VER,Alexis Bermúdez,Donnie Gobourne,,,lmb_official_calendar,1,1,3,0,0,0,0,0,1,0,0,0,1,0,2,0,No Line,0.0,none,-1,7,9,1,post,Final,Final,,,,,,,,,,,,,0,,,,,,none,10643
10645,2026-02-14,19:00,2026,LEO,MTY,Rachel García,Payton Gottshall,,,lmb_official_calendar,1,1,0,0,0,0,0,0,0,0,0,0,0,0,0,0,No Line,0.0,none,-1,6,1,1,post,Final,Final,,,,,,,,,,,,,0,,,,,,none,10645
10647,2026-02-14,19:00,2026,JAL,MEX,Nicola Simpson,Carley Hoover,,,lmb_official_calendar,1,3,5,0,1,0,2,3,0,0,1,0,0,3,4,0,No Line,0.0,none,-1,7,11,1,post,Final,Final,,,,,,,,,,,,,0,,,,,,none,10647
10649,2026-02-14,19:00,2026,HER,LAG,Shiono Oguri,Savanah Henley,,,lmb_official_calendar,1,5,2,3,0,0,0,0,0,0,0,0,0,3,0,0,No Line,0.0,none,-1,7,7,1,post,Final,Final,,,,,,,,,,,,,0,,,,,,none,10649
10644,2026-02-15,19:00,2026,TAB,VER,TBD,TBD,,,lmb_official_calendar,1,5,2,2,1,0,0,0,0,0,0,3,0,5,1,0,No Line,0.0,none,-1,6,4,1,post,Final,Final,,,,,,,,,,,,,0,,,,,,none,10644
10646,2026-02-15,19:00,2026,LEO,MTY,TBD,TBD,,,lmb_official_calendar,1,1,3,0,0,1,0,0,0,0,0,0,0,1,0,0,No Line,0.0,none,-1,6,2,1,post,Final,Final,,,,,,,,,,,,,0,,,,,,none,10646
10648,2026-02-15,19:00,2026,JAL,MEX,TBD,TBD,,,lmb_official_calendar,1,5,8,3,4,0,0,0,0,0,4,0,0,3,8,0,No Line,0.0,none,-1,4,11,1,post,Final,Final,,,,,,,,,,,,,0,,,,,,none,10648
10650,2026-02-15,19:00,2026,HER,LAG,TBD,TBD,,,lmb_official_calendar,1,1,6,0,3,0,0,1,0,0,0,0,2,1,5,0,No Line,0.0,none,-1,5,10,1,post,Final,Final,,,,,,,,,,,,,0,,,,,,none,10650
10713,2026-02-17,19:00,2026,ZS,ZN,Jordan Johnson,Aliyah Binford,,,lmb_official_calendar,1,5,3,0,0,0,0,1,0,3,0,0,2,4,2,0,No Line,0.0,none,-1,6,8,1,post,Final,Final,,,,,,,,,,,,,0,,,,,,none,10713
10651,2026-02-19,19:00,2026,HER,MEX,Shiono Oguri,Carley Hoover,,,lmb_official_calendar,1,0,8,0,1,0,0,0,3,0,2,0,2,0,8,0,No Line,0.0,none,-1,2,10,1,post,Final,Final,,,,,,,,,,,,,0,,,,,,none,10651
10653,2026-02-19,19:00,2026,LAG,VER,Savanah Henley,Ilaria Cacciamani,,,lmb_official_calendar,1,4,5,2,1,0,0,1,0,0,2,0,1,3,4,0,No Line,0.0,none,-1,6,8,1,post,Final,Final,,,,,,,,,,,,,0,,,,,,none,10653
10655,2026-02-19,19:00,2026,LEO,TAB,Rachel García,Rissa Bajusz,,,lmb_official_calendar,1,9,2,2,0,4,0,0,0,3,0,0,0,9,0,0,No Line,0.0,none,-1,9,4,1,post,Final,Final,,,,,,,,,,,,,0,,,,,,none,10655
10657,2026-02-19,19:00,2026,JAL,MTY,Nicola Simpson,Payton Gottshall,,,lmb_official_calendar,1,10,19,0,0,0,0,2,4,0,1,4,0,6,5,0,No Line,0.0,none,-1,8,14,1,post,Final,Final,,,,,,,,,,,,,0,,,,,,none,10657
10652,2026-02-20,19:00,2026,HER,MEX,TBD,TBD,,,lmb_official_calendar,1,1,6,0,0,0,0,0,0,0,0,1,0,1,0,0,No Line,0.0,none,-1,4,9,1,post,Final,Final,,,,,,,,,,,,,0,,,,,,none,10652
10654,2026-02-20,19:00,2026,LAG,VER,TBD,TBD,,,lmb_official_calendar,1,3,5,0,0,0,0,0,0,0,1,2,0,2,1,0,No Line,0.0,none,-1,7,6,1,post,Final,Final,,,,,,,,,,,,,0,,,,,,none,10654
10656,2026-02-20,19:00,2026,LEO,TAB,Jordan Johnson,TBD,,,lmb_official_calendar,1,5,10,1,5,0,0,0,3,0,1,4,0,5,9,0,No Line,0.0,none,-1,6,10,1,post,Final,Final,,,,,,,,,,,,,0,,,,,,none,10656
10658,2026-02-20,19:00,2026,JAL,MTY,TBD,TBD,,,lmb_official_calendar,1,0,4,0,0,0,0,0,4,0,0,0,0,0,4,0,No Line,0.0,none,-1,1,6,1,post,Final,Final,,,,,,,,,,,,,0,,,,,,none,10658
10659,2026-02-21,19:00,2026,LEO,MEX,Rachel García,Carley Hoover,,,lmb_official_calendar,1,1,2,0,0,0,0,0,0,1,1,0,0,1,1,0,No Line,0.0,none,-1,7,5,1,post,Final,Final,,,,,,,,,,,,,0,,,,,,none,10659
10661,2026-02-21,19:00,2026,TAB,LAG,Rissa Bajusz,Sarah Willis,,,lmb_official_calendar,1,0,5,0,0,0,0,0,0,0,1,0,0,0,1,0,No Line,0.0,none,-1,2,2,1,post,Final,Final,,,,,,,,,,,,,0,,,,,,none,10661
10663,2026-02-21,19:00,2026,JAL,VER,Eva Voortman,Alexis Bermúdez,,,lmb_official_calendar,1,3,6,0,0,1,1,0,0,0,0,0,0,1,1,0,No Line,0.0,none,-1,7,4,1,post,Final,Final,,,,,,,,,,,,,0,,,,,,none,10663
10665,2026-02-21,19:00,2026,HER,MTY,Shiono Oguri,Katerina Kindermannova,,,lmb_official_calendar,1,2,12,1,0,0,1,1,2,0,0,0,1,2,4,0,No Line,0.0,none,-1,8,14,1,post,Final,Final,,,,,,,,,,,,,0,,,,,,none,10665
10662,2026-02-22,19:00,2026,TAB,LAG,Donnie Gobourne,Savanah Henley,,,lmb_official_calendar,1,8,1,5,1,0,0,1,0,0,0,1,0,7,1,0,No Line,0.0,none,-1,9,3,1,post,Final,Final,,,,,,,,,,,,,0,,,,,,none,10662
10666,2026-02-22,19:00,2026,HER,MTY,Sona Halajian,Payton Gottshall,,,lmb_official_calendar,1,6,7,2,0,3,0,0,5,0,2,1,0,6,7,0,No Line,0.0,none,-1,10,5,1,post,Final,Final,,,,,,,,,,,,,0,,,,,,none,10666
10667,2026-02-26,19:00,2026,MEX,TAB,Carley Hoover,Donnie Gobourne,,,lmb_official_calendar,1,3,2,0,0,0,0,0,1,0,0,0,0,0,1,0,No Line,0.0,none,-1,7,5,1,post,Final,Final,,,,,,,,,,,,,0,,,,,,none,10667
10669,2026-02-26,19:00,2026,LEO,VER,Rachel García,TBD,,,lmb_official_calendar,1,4,5,0,0,0,0,0,0,0,2,0,0,0,2,0,No Line,0.0,none,-1,11,4,1,post,Final,Final,,,,,,,,,,,,,0,,,,,,none,10669
10671,2026-02-26,19:00,2026,LAG,JAL,Sarah Willis,Yeraldíne Carrión,,,lmb_official_calendar,1,6,1,2,0,0,0,0,0,3,0,1,0,6,0,0,No Line,0.0,none,-1,11,7,1,post,Final,Final,,,,,,,,,,,,,0,,,,,,none,10671
10673,2026-02-26,19:00,2026,MTY,HER,Katerina Kindermannova,Rissa Bajusz,,,lmb_official_calendar,1,4,0,0,0,0,0,0,0,3,0,1,0,4,0,0,No Line,0.0,none,-1,11,4,1,post,Final,Final,,,,,,,,,,,,,0,,,,,,none,10673
10668,2026-02-27,19:00,2026,MEX,TAB,Yilián Tornes,Dawn Bodrug,,,lmb_official_calendar,1,16,5,3,0,2,0,5,0,0,1,0,0,10,1,0,No Line,0.0,none,-1,17,7,1,post,Final,Final,,,,,,,,,,,,,0,,,,,,none,10668
10670,2026-02-27,19:00,2026,LEO,VER,Alexia Silvas,Alexis Bermúdez,,,lmb_official_calendar,1,3,5,1,1,0,0,0,0,0,0,0,4,1,5,0,No Line,0.0,none,-1,8,7,1,post,Final,Final,,,,,,,,,,,,,0,,,,,,none,10670
10672,2026-02-27,19:00,2026,LAG,JAL,Savanah Henley,Angela Cota,,,lmb_official_calendar,1,11,1,2,0,1,0,4,0,0,0,4,0,11,0,0,No Line,0.0,none,-1,14,3,1,post,Final,Final,,,,,,,,,,,,,0,,,,,,none,10672
10674,2026-02-27,19:00,2026,MTY,HER,Katerina Kindermannova,Morgan Smith,,,lmb_official_calendar,1,2,4,1,2,0,0,0,0,0,2,0,0,1,4,0,No Line,0.0,none,-1,10,7,1,post,Final,Final,,,,,,,,,,,,,0,,,,,,none,10674
10675,2026-02-28,19:00,2026,VER,MEX,TBD,TBD,,,lmb_official_calendar,1,2,1,0,0,0,0,0,0,1,0,0,1,1,1,0,No Line,0.0,none,-1,7,7,1,post,Final,Final,,,,,,,,,,,,,0,,,,,,none,10675
10677,2026-02-28,19:00,2026,TAB,LEO,TBD,TBD,,,lmb_official_calendar,1,4,3,2,0,0,0,0,0,0,0,0,0,2,0,0,No Line,0.0,none,-1,7,6,1,post,Final,Final,,,,,,,,,,,,,0,,,,,,none,10677
10679,2026-02-28,19:00,2026,LAG,HER,TBD,TBD,,,lmb_official_calendar,1,3,4,0,1,0,0,0,0,0,1,0,2,0,4,0,No Line,0.0,none,-1,11,7,1,post,Final,Final,,,,,,,,,,,,,0,,,,,,none,10679
10681,2026-02-28,19:00,2026,MTY,JAL,TBD,TBD,,,lmb_official_calendar,1,6,3,0,0,0,0,3,0,0,0,3,3,6,3,0,No Line,0.0,none,-1,8,4,1,post,Final,Final,,,,,,,,,,,,,0,,,,,,none,10681
10676,2026-03-01,19:00,2026,VER,MEX,Ilaria Cacciamani,Yilián Tornes,,,lmb_official_calendar,1,0,1,0,0,0,0,0,0,0,1,0,0,0,1,0,No Line,0.0,none,-1,3,2,1,post,Final,Final,,,,,,,,,,,,,0,,,,,,none,10676
10678,2026-03-01,19:00,2026,TAB,LEO,Donnie Gobourne,Rachel García,,,lmb_official_calendar,1,3,2,0,0,2,0,0,0,0,2,0,0,2,2,0,No Line,0.0,none,-1,3,6,1,post,Final,Final,,,,,,,,,,,,,0,,,,,,none,10678
10680,2026-03-01,19:00,2026,LAG,HER,Savanah Henley,Morgan Smith,,,lmb_official_calendar,1,17,2,5,2,0,0,8,0,2,0,0,0,15,2,0,No Line,0.0,none,-1,13,7,1,post,Final,Final,,,,,,,,,,,,,0,,,,,,none,10680
10682,2026-03-01,19:00,2026,MTY,JAL,Katerina Kindermannova,Yeraldíne Carrión,,,lmb_official_calendar,1,3,1,0,1,0,0,1,0,0,0,2,0,3,1,0,No Line,0.0,none,-1,5,3,1,post,Final,Final,,,,,,,,,,,,,0,,,,,,none,10682
10683,2026-03-04,19:00,2026,HER,VER,TBD,TBD,,,lmb_official_calendar,1,7,9,1,0,0,2,4,4,0,0,0,3,5,9,0,No Line,0.0,none,-1,12,11,1,post,Final,Final,,,,,,,,,,,,,0,,,,,,none,10683
10685,2026-03-04,19:00,2026,TAB,MTY,TBD,TBD,,,lmb_official_calendar,1,1,2,0,0,0,0,0,0,0,2,0,0,0,2,0,No Line,0.0,none,-1,4,5,1,post,Final,Final,,,,,,,,,,,,,0,,,,,,none,10685
10613,2026-03-05,19:00,2026,JAL,LAG,TBD,TBD,,,lmb_official_calendar,1,1,14,0,2,0,3,0,2,0,2,0,0,0,9,0,No Line,0.0,none,-1,7,16,1,post,Final,Final,,,,,,,,,,,,,0,,,,,,none,10613
10615,2026-03-05,19:00,2026,MEX,LEO,TBD,TBD,,,lmb_official_calendar,1,3,8,1,0,0,4,0,2,0,1,1,0,2,7,0,No Line,0.0,none,-1,5,4,1,post,Final,Final,,,,,,,,,,,,,0,,,,,,none,10615
10684,2026-03-05,19:00,2026,HER,VER,TBD,TBD,,,lmb_official_calendar,1,3,4,0,0,0,1,0,0,0,0,3,0,3,1,0,No Line,0.0,none,-1,8,8,1,post,Final,Final,,,,,,,,,,,,,0,,,,,,none,10684
10686,2026-03-05,19:00,2026,TAB,MTY,TBD,TBD,,,lmb_official_calendar,1,2,5,2,2,0,0,0,0,0,0,0,3,2,5,0,No Line,0.0,none,-1,4,6,1,post,Final,Final,,,,,,,,,,,,,0,,,,,,none,10686
10614,2026-03-06,19:00,2026,JAL,LAG,TBD,TBD,,,lmb_official_calendar,1,3,14,0,3,0,3,0,4,1,4,1,0,2,14,0,No Line,0.0,none,-1,7,15,1,post,Final,Final,,,,,,,,,,,,,0,,,,,,none,10614
10616,2026-03-06,19:00,2026,MEX,LEO,TBD,TBD,,,lmb_official_calendar,1,1,0,0,0,0,0,1,0,0,0,0,0,1,0,0,No Line,0.0,none,-1,2,3,1,post,Final,Final,,,,,,,,,,,,,0,,,,,,none,10616
10687,2026-03-07,19:00,2026,MTY,MEX,TBD,TBD,,,lmb_official_calendar,1,9,0,4,0,1,0,0,0,0,0,4,0,9,0,0,No Line,0.0,none,-1,5,5,1,post,Final,Final,,,,,,,,,,,,,0,,,,,,none,10687
10689,2026-03-07,19:00,2026,VER,LEO,TBD,TBD,,,lmb_official_calendar,1,3,5,2,0,0,0,0,4,0,1,1,0,3,5,0,No Line,0.0,none,-1,5,5,1,post,Final,Final,,,,,,,,,,,,,0,,,,,,none,10689
10691,2026-03-07,19:00,2026,LAG,TAB,TBD,TBD,,,lmb_official_calendar,1,2,5,0,0,0,1,0,3,0,0,0,0,0,4,0,No Line,0.0,none,-1,3,9,1,post,Final,Final,,,,,,,,,,,,,0,,,,,,none,10691
10693,2026-03-07,19:00,2026,HER,JAL,TBD,TBD,,,lmb_official_calendar,1,1,2,0,2,0,0,0,0,0,0,1,0,1,2,0,No Line,0.0,none,-1,9,6,1,post,Final,Final,,,,,,,,,,,,,0,,,,,,none,10693
10688,2026-03-08,19:00,2026,MTY,MEX,Payton Gottshall,Yilián Tornes,,,lmb_official_calendar,1,1,3,0,2,0,0,0,0,0,0,1,0,1,2,0,No Line,0.0,none,-1,4,6,1,post,Final,Final,,,,,,,,,,,,,0,,,,,,none,10688
10690,2026-03-08,19:00,2026,VER,LEO,Alexis Bermúdez,Rachel García,,,lmb_official_calendar,1,1,0,0,0,0,0,0,0,0,0,0,0,0,0,0,No Line,0.0,none,-1,4,5,1,post,Final,Final,,,,,,,,,,,,,0,,,,,,none,10690
10692,2026-03-08,19:00,2026,LAG,TAB,Savanah Henley,Dawn Bodrug,,,lmb_official_calendar,1,2,1,0,0,0,0,0,0,0,0,0,0,0,0,0,No Line,0.0,none,-1,7,7,1,post,Final,Final,,,,,,,,,,,,,0,,,,,,none,10692
10694,2026-03-08,19:00,2026,HER,JAL,Shiono Oguri,Angela Cota,,,lmb_official_calendar,1,10,4,2,1,0,0,3,1,5,0,0,0,10,2,0,No Line,0.0,none,-1,13,6,1,post,Final,Final,,,,,,,,,,,,,0,,,,,,none,10694
10715,2026-03-10,19:00,2026,TAB,MEX,Dawn Bodrug,Yilián Tornes,,,lmb_official_calendar,1,0,6,0,0,0,0,0,0,0,2,0,3,0,5,0,No Line,0.0,none,-1,5,10,1,post,Final,Final,,,,,,,,,,,,,0,,,,,,none,10715
10718,2026-03-10,19:00,2026,MTY,VER,Katerina Kindermannova,Lisa Hop,,,lmb_official_calendar,1,3,2,0,0,3,0,0,0,0,2,0,0,3,2,0,No Line,0.0,none,-1,6,6,1,post,Final,Final,,,,,,,,,,,,,0,,,,,,none,10718
10716,2026-03-11,19:00,2026,TAB,MEX,Donnie Gobourne,Carley Hoover,,,lmb_official_calendar,1,0,2,0,1,0,0,0,0,0,0,0,1,0,2,0,No Line,0.0,none,-1,0,3,1,post,Final,Final,,,,,,,,,,,,,0,,,,,,none,10716
10719,2026-03-11,19:00,2026,MTY,VER,Katerina Kindermannova,Ilaria Cacciamani,,,lmb_official_calendar,1,3,2,0,0,0,0,1,2,0,0,2,0,3,2,0,No Line,0.0,none,-1,6,2,1,post,Final,Final,,,,,,,,,,,,,0,,,,,,none,10719
10717,2026-03-13,19:00,2026,MEX,TAB,TBD,TBD,,,lmb_official_calendar,1,2,1,0,0,0,0,0,0,0,1,0,0,0,1,0,No Line,0.0,none,-1,4,7,1,post,Final,Final,,,,,,,,,,,,,0,,,,,,none,10717
10720,2026-03-13,19:00,2026,VER,MTY,TBD,TBD,,,lmb_official_calendar,1,2,1,0,1,0,0,0,0,0,0,0,0,0,1,0,No Line,0.0,none,-1,7,1,1,post,Final,Final,,,,,,,,,,,,,0,,,,,,none,10720
10721,2026-03-14,19:00,2026,VER,MTY,Ilaria Cacciamani,Payton Gottshall,,,lmb_official_calendar,1,3,1,0,0,0,0,0,0,2,0,1,1,3,1,0,No Line,0.0,none,-1,4,4,1,post,Final,Final,,,,,,,,,,,,,0,,,,,,none,10721
10723,2026-03-15,19:00,2026,VER,MTY,TBD,TBD,,,lmb_official_calendar,1,3,6,0,0,0,4,0,0,0,0,3,0,3,4,0,No Line,0.0,none,-1,9,7,1,post,Final,Final,,,,,,,,,,,,,0,,,,,,none,10723
10724,2026-03-17,19:00,2026,MTY,MEX,TBD,Yilián Tornes,,,lmb_official_calendar,1,2,1,0,1,0,0,1,0,0,0,0,0,1,1,0,No Line,0.0,none,-1,4,2,1,post,Final,Final,,,,,,,,,,,,,0,,,,,,none,10724
10725,2026-03-18,19:00,2026,MTY,MEX,Payton Gottshall,Carley Hoover,,,lmb_official_calendar,1,1,3,0,0,0,0,0,3,0,0,1,0,1,3,0,No Line,0.0,none,-1,6,4,1,post,Final,Final,,,,,,,,,,,,,0,,,,,,none,10725
10726,2026-03-20,19:00,2026,MEX,MTY,TBD,TBD,,,lmb_official_calendar,1,7,8,0,1,0,0,0,0,5,0,0,1,5,2,0,No Line,0.0,none,-1,6,10,1,post,Final,Final,,,,,,,,,,,,,0,,,,,,none,10726
10727,2026-03-21,19:00,2026,MEX,MTY,TBD,TBD,,,lmb_official_calendar,1,1,12,0,1,0,2,0,2,0,2,1,0,1,7,0,No Line,0.0,none,-1,7,12,1,post,Final,Final,,,,,,,,,,,,,0,,,,,,none,10727
831786,2026-03-23,19:00,2026,SF,MTY,Tristan Beck,Stephen Tarpley,,,lmb_official_calendar,1,10,2,0,0,0,0,3,0,0,0,1,0,4,0,0,No Line,0.0,none,-1,11,7,1,post,Final,Final,,,,,,,,,,,,,0,,,,,,none,831786
831782,2026-03-24,19:00,2026,SF,MTY,Landen Roupp,Justus Sheffield,,,lmb_official_calendar,1,8,2,0,0,0,0,0,0,3,0,2,2,5,2,0,No Line,0.0,none,-1,9,4,1,post,Final,Final,,,,,,,,,,,,,0,,,,,,none,831782
846459,2026-04-16,20:00,2026,Diablos Rojos del Mexico,Piratas de Campeche,Ricardo Pinto,Miller Hogan,620982.0,676949.0,statsapi_probable_pitcher,1,4,2,1,0,0,0,0,0,0,0,1,0,2,0,0,No Line,0.0,none,-1,11,7,1,post,Final,Final,,,,,,,,,,,,,0,,,,,,none,846459
846457,2026-04-17,19:00,2026,Diablos Rojos del Mexico,Piratas de Campeche,Luis F. Castillo,Bobby Milacki,622379.0,673872.0,statsapi_probable_pitcher,1,9,8,1,0,1,0,2,1,0,0,0,0,4,1,0,No Line,0.0,none,-1,14,16,1,post,Final,Final,,,,,,,,,,,,,0,,,,,,none,846457
846145,2026-04-17,19:10,2026,Caliente de Durango,Dorados de Chihuahua,Odrisamer Despaigne,Devin Smeltzer,628333.0,656970.0,statsapi_probable_pitcher,1,9,3,0,0,1,0,3,0,1,1,0,0,5,1,0,No Line,0.0,none,-1,10,9,1,post,Final,Final,,,,,,,,,,,,,0,,,,,,none,846145
846605,2026-04-17,19:30,2026,Pericos de Puebla,Guerreros de Oaxaca,Vladimir Gutierrez,Luis Miranda,661269.0,642532.0,statsapi_probable_pitcher,1,2,6,0,0,2,2,0,0,0,0,0,1,2,3,0,No Line,0.0,none,-1,6,8,1,post,Final,Final,,,,,,,,,,,,,0,,,,,,none,846605
846048,2026-04-17,20:00,2026,El Aguila de Veracruz,Conspiradores de Queretaro,Dinelson Lamet,Esmil Rogers,659275.0,469134.0,statsapi_probable_pitcher,1,4,1,0,0,0,0,3,0,0,1,1,0,4,1,0,No Line,0.0,none,-1,8,6,1,post,Final,Final,,,,,,,,,,,,,0,,,,,,none,846048
846510,2026-04-17,20:00,2026,Rieleros de Aguascalientes,Tecos de los Dos Laredos,Adrian Almeida,Roenis Elías,622426.0,606273.0,statsapi_probable_pitcher,1,6,8,0,1,1,5,3,1,0,0,2,1,6,8,0,No Line,0.0,none,-1,9,14,1,post,Final,Final,,,,,,,,,,,,,0,,,,,,none,846510
846651,2026-04-17,20:00,2026,Saraperos de Saltillo,Toros de Tijuana,Manny Barreda,Daniel Martinez,518435.0,514715.0,statsapi_probable_pitcher,1,4,5,0,0,1,0,0,0,0,4,0,0,1,4,0,No Line,0.0,none,-1,6,9,1,post,Final,Final,,,,,,,,,,,,,0,,,,,,none,846651
846742,2026-04-17,20:00,2026,Algodoneros Union Laguna,Sultanes de Monterrey,Erasmo Ramírez,Manny Banuelos,541640.0,544365.0,statsapi_probable_pitcher,1,10,12,0,3,2,0,2,2,0,3,3,0,7,8,0,No Line,0.0,none,-1,12,15,1,post,Final,Final,,,,,,,,,,,,,0,,,,,,none,846742
846798,2026-04-17,20:00,2026,Olmecas de Tabasco,Tigres de Quintana Roo,Luis Cessa,Xzavion Curry,570666.0,675540.0,statsapi_probable_pitcher,1,2,8,0,0,0,0,0,1,0,0,0,2,0,3,0,No Line,0.0,none,-1,8,14,1,post,Final,Final,,,,,,,,,,,,,0,,,,,,none,846798
845960,2026-04-17,20:15,2026,Charros de Jalisco,Acereros del Norte,Zac Grotz,Wilmer Rios,665093.0,658140.0,statsapi_probable_pitcher,1,9,0,0,0,0,0,3,0,2,0,3,0,8,0,0,No Line,0.0,none,-1,14,7,1,post,Final,Final,,,,,,,,,,,,,0,,,,,,none,845960
846701,2026-04-17,20:30,2026,Leones de Yucatan,Bravos de Leon,Yoanner Negrin,Thaddeus Ward,594582.0,663658.0,statsapi_probable_pitcher,1,6,7,4,0,0,0,1,0,0,1,0,5,5,6,0,No Line,0.0,none,-1,6,11,1,post,Final,Final,,,,,,,,,,,,,0,,,,,,none,846701
846458,2026-04-18,16:00,2026,Diablos Rojos del Mexico,Piratas de Campeche,Humberto Castellanos,Ryan Garcia,528748.0,674114.0,statsapi_probable_pitcher,1,14,15,2,4,6,1,1,0,0,1,0,0,9,6,0,No Line,0.0,none,-1,14,14,1,post,Final,Final,,,,,,,,,,,,,0,,,,,,none,846458
846602,2026-04-18,16:00,2026,Pericos de Puebla,Guerreros de Oaxaca,Patrick Wicklander,Kyle Funkhouser,677353.0,608335.0,statsapi_probable_pitcher,1,6,11,2,4,3,0,0,1,0,0,0,1,5,6,0,No Line,0.0,none,-1,7,14,1,post,Final,Final,,,,,,,,,,,,,0,,,,,,none,846602
845962,2026-04-18,18:00,2026,Charros de Jalisco,Acereros del Norte,Luis Ivan Rodriguez,Brady Miller,645179.0,669428.0,statsapi_probable_pitcher,1,3,21,0,3,1,0,0,2,0,5,0,6,1,16,0,No Line,0.0,none,-1,8,24,1,post,Final,Final,,,,,,,,,,,,,0,,,,,,none,845962
846050,2026-04-18,18:00,2026,El Aguila de Veracruz,Conspiradores de Queretaro,Jack Weisenburger,Junior Guerra,674073.0,448855.0,statsapi_probable_pitcher,1,1,9,0,3,1,3,0,0,0,0,0,0,1,6,0,No Line,0.0,none,-1,7,16,1,post,Final,Final,,,,,,,,,,,,,0,,,,,,none,846050
846507,2026-04-18,18:00,2026,Rieleros de Aguascalientes,Tecos de los Dos Laredos,Deylen Miley,Daniel Mengden,694657.0,596043.0,statsapi_probable_pitcher,1,11,10,0,0,0,1,0,0,2,2,0,0,2,3,0,No Line,0.0,none,-1,13,15,1,post,Final,Final,,,,,,,,,,,,,0,,,,,,none,846507
846652,2026-04-18,18:00,2026,Saraperos de Saltillo,Toros de Tijuana,Erich Uelmen,David Reyes,657272.0,547862.0,statsapi_probable_pitcher,1,4,10,0,1,0,3,0,0,0,1,0,0,0,5,0,No Line,0.0,none,-1,6,14,1,post,Final,Final,,,,,,,,,,,,,0,,,,,,none,846652
846747,2026-04-18,18:30,2026,Algodoneros Union Laguna,Sultanes de Monterrey,Ricardo Sanchez,Justus Sheffield,679429.0,656954.0,statsapi_probable_pitcher,1,5,10,0,0,0,2,0,0,0,2,1,1,1,5,0,No Line,0.0,none,-1,11,14,1,post,Final,Final,,,,,,,,,,,,,0,,,,,,none,846747
846702,2026-04-18,19:00,2026,Leones de Yucatan,Bravos de Leon,César Valdez,Felipe Gonzalez,491624.0,542413.0,statsapi_probable_pitcher,1,2,3,0,0,0,0,0,1,0,0,0,0,0,1,0,No Line,0.0,none,-1,4,7,1,post,Final,Final,,,,,,,,,,,,,0,,,,,,none,846702
846803,2026-04-18,19:00,2026,Olmecas de Tabasco,Tigres de Quintana Roo,Tyler Danish,Jalen Miller,641501.0,663692.0,statsapi_probable_pitcher,1,5,6,1,1,1,0,2,0,0,0,0,0,4,1,0,No Line,0.0,none,-1,8,14,1,post,Final,Final,,,,,,,,,,,,,0,,,,,,none,846803
846146,2026-04-18,19:05,2026,Caliente de Durango,Dorados de Chihuahua,Aaron Brooks,Emilio Vargas,605156.0,642496.0,statsapi_probable_pitcher,1,3,6,0,0,2,0,0,1,0,1,1,0,3,2,0,No Line,0.0,none,-1,8,10,1,post,Final,Final,,,,,,,,,,,,,0,,,,,,none,846146
846138,2026-04-19,14:00,2026,Caliente de Durango,Dorados de Chihuahua,Elian Leyva,Caleb Smith,673140.0,592761.0,statsapi_probable_pitcher,1,6,2,0,0,0,0,0,0,1,0,1,1,2,1,0,No Line,0.0,none,-1,8,10,1,post,Final,Final,,,,,,,,,,,,,0,,,,,,none,846138
846598,2026-04-19,14:00,2026,Pericos de Puebla,Guerreros de Oaxaca,Antonio Santos,Raymond Burgos,665733.0,670103.0,statsapi_probable_pitcher,1,6,8,0,0,0,4,0,0,0,0,3,0,3,4,0,No Line,0.0,none,-1,9,15,1,post,Final,Final,,,,,,,,,,,,,0,,,,,,none,846598
845958,2026-04-19,17:00,2026,Charros de Jalisco,Acereros del Norte,Luis Payan,Jackson Goddard,674478.0,680725.0,statsapi_probable_pitcher,1,3,4,0,0,1,1,2,2,0,0,0,0,3,3,0,No Line,0.0,none,-1,6,11,1,post,Final,Final,,,,,,,,,,,,,0,,,,,,none,845958
846047,2026-04-19,18:00,2026,El Aguila de Veracruz,Conspiradores de Queretaro,Jonathan Bermúdez,Tyler Alexander,642834.0,622066.0,statsapi_probable_pitcher,1,9,8,1,0,4,0,0,5,1,0,0,1,6,6,0,No Line,0.0,none,-1,13,14,1,post,Final,Final,,,,,,,,,,,,,0,,,,,,none,846047
846508,2026-04-19,18:00,2026,Rieleros de Aguascalientes,Tecos de los Dos Laredos,Oscar De La Cruz,Nate Antone,642601.0,802591.0,statsapi_probable_pitcher,1,11,10,0,0,0,1,4,0,0,2,0,6,4,9,0,No Line,0.0,none,-1,14,18,1,post,Final,Final,,,,,,,,,,,,,0,,,,,,none,846508
846699,2026-04-19,18:00,2026,Leones de Yucatan,Bravos de Leon,Ronnie Williams,Jeff Lindgren,657122.0,689167.0,statsapi_probable_pitcher,1,3,4,0,0,0,1,0,0,0,1,0,0,0,2,0,No Line,0.0,none,-1,8,10,1,post,Final,Final,,,,,,,,,,,,,0,,,,,,none,846699
846787,2026-04-19,18:00,2026,Olmecas de Tabasco,Tigres de Quintana Roo,Jeremy Rhoades,Julio Robaina,656889.0,678789.0,statsapi_probable_pitcher,1,2,4,0,0,0,0,0,0,0,0,2,0,2,0,0,No Line,0.0,none,-1,5,9,1,post,Final,Final,,,,,,,,,,,,,0,,,,,,none,846787
846745,2026-04-19,18:30,2026,Algodoneros Union Laguna,Sultanes de Monterrey,Jaime Barria,Justus Sheffield,642545.0,656954.0,statsapi_probable_pitcher,1,0,16,0,4,0,0,0,5,0,0,0,3,0,12,0,No Line,0.0,none,-1,3,16,1,post,Final,Final,,,,,,,,,,,,,0,,,,,,none,846745
846750,2026-04-20,19:30,2026,Algodoneros Union Laguna,Toros de Tijuana,Aldo Montes,Noah Skirrow,594105.0,659418.0,statsapi_probable_pitcher,1,5,8,0,1,5,0,0,4,0,0,0,0,5,5,0,No Line,0.0,none,-1,4,14,1,post,Final,Final,,,,,,,,,,,,,0,,,,,,none,846750
846051,2026-04-21,19:00,2026,El Aguila de Veracruz,Olmecas de Tabasco,Austin Schulfer,Evan Grills,662165.0,592361.0,statsapi_probable_pitcher,1,0,7,0,0,0,2,0,0,0,0,0,1,0,3,0,No Line,0.0,none,-1,5,13,1,post,Final,Final,,,,,,,,,,,,,0,,,,,,none,846051
846420,2026-04-21,19:00,2026,Tecos de los Dos Laredos,Charros de Jalisco,Tyler Ivey,Zach Plesac,663959.0,668676.0,statsapi_probable_pitcher,1,4,2,3,0,0,0,0,0,0,0,0,0,3,0,0,No Line,0.0,none,-1,7,6,1,post,Final,Final,,,,,,,,,,,,,0,,,,,,none,846420
846600,2026-04-21,19:00,2026,Pericos de Puebla,Conspiradores de Queretaro,Cameron Gann,Tyler Viza,665105.0,643588.0,statsapi_probable_pitcher,1,12,11,1,0,2,4,1,2,0,0,0,0,4,6,0,No Line,0.0,none,-1,12,11,1,post,Final,Final,,,,,,,,,,,,,0,,,,,,none,846600
846332,2026-04-21,19:30,2026,Sultanes de Monterrey,Caliente de Durango,Nolan Kingham,Joan Adon,663884.0,672851.0,statsapi_probable_pitcher,1,5,4,0,0,0,0,0,1,1,0,0,1,1,2,0,No Line,0.0,none,-1,10,4,1,post,Final,Final,,,,,,,,,,,,,0,,,,,,none,846332
846505,2026-04-21,19:30,2026,Rieleros de Aguascalientes,Saraperos de Saltillo,Ronald Medrano,Cam Alldred,642574.0,682027.0,statsapi_probable_pitcher,1,4,9,0,0,1,0,0,1,0,0,0,7,1,8,0,No Line,0.0,none,-1,8,9,1,post,Final,Final,,,,,,,,,,,,,0,,,,,,none,846505
846691,2026-04-21,19:30,2026,Leones de Yucatan,Diablos Rojos del Mexico,Jared Wetherbee,Justin Courtney,695244.0,688896.0,statsapi_probable_pitcher,1,6,4,5,4,0,0,1,0,0,0,0,0,6,4,0,No Line,0.0,none,-1,10,10,1,post,Final,Final,,,,,,,,,,,,,0,,,,,,none,846691
846748,2026-04-21,19:30,2026,Algodoneros Union Laguna,Toros de Tijuana,Touki Toussaint,Zac Lowther,657053.0,675912.0,statsapi_probable_pitcher,1,3,2,0,0,0,0,3,1,0,0,0,0,3,1,0,No Line,0.0,none,-1,8,7,1,post,Final,Final,,,,,,,,,,,,,0,,,,,,none,846748
846844,2026-04-21,20:00,2026,Bravos de Leon,Guerreros de Oaxaca,Faustino Carrera,Radhames Liz,666627.0,467785.0,statsapi_probable_pitcher,1,15,3,7,2,1,0,2,0,1,0,4,0,15,2,0,No Line,0.0,none,-1,20,10,1,post,Final,Final,,,,,,,,,,,,,0,,,,,,none,846844
846371,2026-04-21,20:30,2026,Acereros del Norte,Dorados de Chihuahua,Jake McSteen,Drew Parrish,701151.0,669283.0,statsapi_probable_pitcher,1,0,5,0,1,0,0,0,0,0,1,0,0,0,2,0,No Line,0.0,none,-1,4,10,1,post,Final,Final,,,,,,,,,,,,,0,,,,,,none,846371
846554,2026-04-21,20:30,2026,Piratas de Campeche,Tigres de Quintana Roo,Domingo Acevedo,Brady Tedesco,642758.0,805749.0,statsapi_probable_pitcher,1,11,0,1,0,6,0,0,0,2,0,0,0,9,0,0,No Line,0.0,none,-1,12,5,1,post,Final,Final,,,,,,,,,,,,,0,,,,,,none,846554
846416,2026-04-22,18:30,2026,Tecos de los Dos Laredos,Charros de Jalisco,Brandon Brennan,Cesar Gomez,592165.0,685461.0,statsapi_probable_pitcher,1,2,3,1,0,0,0,0,0,0,2,0,0,1,2,0,No Line,0.0,none,-1,5,6,1,post,Final,Final,,,,,,,,,,,,,0,,,,,,none,846416
846053,2026-04-22,19:00,2026,El Aguila de Veracruz,Olmecas de Tabasco,Braulio Torres-Perez,Raul Carrillo,679001.0,585132.0,statsapi_probable_pitcher,1,3,2,0,0,0,0,0,0,2,0,1,1,3,1,0,No Line,0.0,none,-1,5,8,1,post,Final,Final,,,,,,,,,,,,,0,,,,,,none,846053
846555,2026-04-22,19:00,2026,Piratas de Campeche,Tigres de Quintana Roo,Miller Hogan,Melvi Acosta,676949.0,666673.0,statsapi_probable_pitcher,1,4,2,2,1,2,0,0,0,0,0,0,0,4,1,0,No Line,0.0,none,-1,7,4,1,post,Final,Final,,,,,,,,,,,,,0,,,,,,none,846555
846325,2026-04-22,19:30,2026,Sultanes de Monterrey,Caliente de Durango,Stephen Tarpley,Jorge Bautista,605501.0,682926.0,statsapi_probable_pitcher,1,5,3,0,0,0,0,0,0,1,1,1,1,2,2,0,No Line,0.0,none,-1,9,6,1,post,Final,Final,,,,,,,,,,,,,0,,,,,,none,846325
846513,2026-04-22,19:30,2026,Rieleros de Aguascalientes,Saraperos de Saltillo,Greg Duncan,Wilmer Font,827710.0,521655.0,statsapi_probable_pitcher,1,4,2,0,0,0,0,1,0,0,0,0,2,1,2,0,No Line,0.0,none,-1,12,8,1,post,Final,Final,,,,,,,,,,,,,0,,,,,,none,846513
846693,2026-04-22,19:30,2026,Leones de Yucatan,Diablos Rojos del Mexico,Tommy Doyle,James Kaprielian,656382.0,621076.0,statsapi_probable_pitcher,1,8,4,1,0,0,0,1,3,0,0,2,0,4,3,0,No Line,0.0,none,-1,12,6,1,post,Final,Final,,,,,,,,,,,,,0,,,,,,none,846693
846741,2026-04-22,19:30,2026,Algodoneros Union Laguna,Toros de Tijuana,Erasmo Ramírez,Randy Wynne,541640.0,691094.0,statsapi_probable_pitcher,1,6,8,0,3,0,0,0,1,3,0,1,0,4,4,0,No Line,0.0,none,-1,15,11,1,post,Final,Final,,,,,,,,,,,,,0,,,,,,none,846741
846843,2026-04-22,19:30,2026,Bravos de Leon,Guerreros de Oaxaca,Phillips Valdez,Robert Dugger,570488.0,667498.0,statsapi_probable_pitcher,1,11,12,5,2,0,0,3,5,0,0,1,0,9,7,0,No Line,0.0,none,-1,18,15,1,post,Final,Final,,,,,,,,,,,,,0,,,,,,none,846843
846368,2026-04-22,19:45,2026,Acereros del Norte,Dorados de Chihuahua,,Daniel De La Fuente,,675880.0,statsapi_probable_pitcher,1,1,4,0,0,0,0,0,0,0,0,0,0,0,0,0,No Line,0.0,none,-1,6,11,1,post,Final,Final,,,,,,,,,,,,,0,,,,,,none,846368
846606,2026-04-23,16:00,2026,Pericos de Puebla,Conspiradores de Queretaro,Vladimir Gutierrez,Esmil Rogers,661269.0,469134.0,statsapi_probable_pitcher,1,7,10,0,0,0,0,2,0,0,5,0,2,2,7,0,No Line,0.0,none,-1,13,12,1,post,Final,Final,,,,,,,,,,,,,0,,,,,,none,846606
846599,2026-04-23,16:05,2026,Pericos de Puebla,Conspiradores de Queretaro,Fernando Lozano,,683138.0,,statsapi_probable_pitcher,1,7,8,0,0,2,0,3,4,2,1,0,2,7,7,0,No Line,0.0,none,-1,10,12,1,post,Final,Final,,,,,,,,,,,,,0,,,,,,none,846599
846055,2026-04-23,19:00,2026,El Aguila de Veracruz,Olmecas de Tabasco,Dinelson Lamet,Luis Cessa,659275.0,570666.0,statsapi_probable_pitcher,1,11,10,2,3,0,0,6,2,0,1,0,0,8,6,0,No Line,0.0,none,-1,15,12,1,post,Final,Final,,,,,,,,,,,,,0,,,,,,none,846055
846408,2026-04-23,19:00,2026,Tecos de los Dos Laredos,Charros de Jalisco,Adrian De Horta,Kurt Heyer,641506.0,571776.0,statsapi_probable_pitcher,1,1,2,0,0,0,0,0,1,1,1,0,0,1,2,0,No Line,0.0,none,-1,5,7,1,post,Final,Final,,,,,,,,,,,,,0,,,,,,none,846408
846553,2026-04-23,19:00,2026,Piratas de Campeche,Tigres de Quintana Roo,Richard Martinez,Xzavion Curry,464415.0,675540.0,statsapi_probable_pitcher,1,7,8,1,0,0,0,0,0,0,0,0,2,1,2,0,No Line,0.0,none,-1,8,11,1,post,Final,Final,,,,,,,,,,,,,0,,,,,,none,846553
846318,2026-04-23,19:30,2026,Sultanes de Monterrey,Caliente de Durango,Manny Banuelos,Odrisamer Despaigne,544365.0,628333.0,statsapi_probable_pitcher,1,0,2,0,0,0,0,0,1,0,0,0,0,0,1,0,No Line,0.0,none,-1,5,8,1,post,Final,Final,,,,,,,,,,,,,0,,,,,,none,846318
846502,2026-04-23,19:30,2026,Rieleros de Aguascalientes,Saraperos de Saltillo,Adrian Almeida,,622426.0,,statsapi_probable_pitcher,1,9,7,0,5,4,0,0,0,0,1,0,0,4,6,0,No Line,0.0,none,-1,10,11,1,post,Final,Final,,,,,,,,,,,,,0,,,,,,none,846502
846698,2026-04-23,19:30,2026,Leones de Yucatan,Diablos Rojos del Mexico,Yoanner Negrin,Ricardo Pinto,594582.0,620982.0,statsapi_probable_pitcher,1,4,2,0,0,3,0,0,0,0,1,0,1,3,2,0,No Line,0.0,none,-1,10,5,1,post,Final,Final,,,,,,,,,,,,,0,,,,,,none,846698
846845,2026-04-23,19:30,2026,Bravos de Leon,Guerreros de Oaxaca,Thaddeus Ward,Tommy Romero,663658.0,676720.0,statsapi_probable_pitcher,1,11,6,0,0,3,0,3,1,0,0,5,3,11,4,0,No Line,0.0,none,-1,16,12,1,post,Final,Final,,,,,,,,,,,,,0,,,,,,none,846845
846367,2026-04-23,19:45,2026,Acereros del Norte,Dorados de Chihuahua,Wilmer Rios,Devin Smeltzer,658140.0,656970.0,statsapi_probable_pitcher,1,7,6,0,1,0,0,3,2,0,0,0,0,3,3,0,No Line,0.0,none,-1,16,9,1,post,Final,Final,,,,,,,,,,,,,0,,,,,,none,846367
846190,2026-04-24,16:00,2026,Guerreros de Oaxaca,Olmecas de Tabasco,Luis Miranda,Tyler Danish,642532.0,641501.0,statsapi_probable_pitcher,1,7,6,1,0,1,0,0,1,1,2,0,2,3,5,0,No Line,0.0,none,-1,11,13,1,post,Final,Final,,,,,,,,,,,,,0,,,,,,none,846190
846407,2026-04-24,18:30,2026,Tecos de los Dos Laredos,Saraperos de Saltillo,Daniel Mengden,Manny Barreda,596043.0,518435.0,statsapi_probable_pitcher,1,2,1,0,0,0,1,0,0,2,0,0,0,2,1,0,No Line,0.0,none,-1,8,4,1,post,Final,Final,,,,,,,,,,,,,0,,,,,,none,846407
846556,2026-04-24,19:00,2026,Piratas de Campeche,Pericos de Puebla,Ryan Garcia,Antonio Santos,674114.0,665733.0,statsapi_probable_pitcher,1,3,1,0,0,0,0,0,0,0,0,0,0,0,0,0,No Line,0.0,none,-1,5,5,1,post,Final,Final,,,,,,,,,,,,,0,,,,,,none,846556
845959,2026-04-24,19:30,2026,Charros de Jalisco,Caliente de Durango,Zac Grotz,Jorge Garcia,665093.0,683517.0,statsapi_probable_pitcher,1,2,1,1,0,0,0,0,0,0,0,0,0,1,0,0,No Line,0.0,none,-1,7,7,1,post,Final,Final,,,,,,,,,,,,,0,,,,,,none,845959
846282,2026-04-24,19:30,2026,Tigres de Quintana Roo,Bravos de Leon,Julio Robaina,Felipe Gonzalez,678789.0,542413.0,statsapi_probable_pitcher,1,1,0,0,0,0,0,0,0,0,0,0,0,0,0,0,No Line,0.0,none,-1,10,2,1,post,Final,Final,,,,,,,,,,,,,0,,,,,,none,846282
846695,2026-04-24,19:30,2026,Leones de Yucatan,El Aguila de Veracruz,César Valdez,Jack Weisenburger,491624.0,674073.0,statsapi_probable_pitcher,1,0,1,0,1,0,0,0,0,0,0,0,0,0,1,0,No Line,0.0,none,-1,1,7,1,post,Final,Final,,,,,,,,,,,,,0,,,,,,none,846695
846749,2026-04-24,19:30,2026,Algodoneros Union Laguna,Rieleros de Aguascalientes,Ricardo Sanchez,Deylen Miley,679429.0,694657.0,statsapi_probable_pitcher,1,22,14,0,0,13,0,0,0,0,2,2,0,15,2,0,No Line,0.0,none,-1,18,17,1,post,Final,Final,,,,,,,,,,,,,0,,,,,,none,846749
846007,2026-04-24,20:00,2026,Conspiradores de Queretaro,Diablos Rojos del Mexico,Junior Guerra,Luis F. Castillo,448855.0,622379.0,statsapi_probable_pitcher,1,2,22,1,1,1,8,0,1,0,2,0,0,2,12,0,No Line,0.0,none,-1,6,25,1,post,Final,Final,,,,,,,,,,,,,0,,,,,,none,846007
846225,2026-04-24,20:00,2026,Dorados de Chihuahua,Sultanes de Monterrey,Emilio Vargas,Manuel Urias,642496.0,679893.0,statsapi_probable_pitcher,1,4,5,2,0,0,0,0,0,0,3,0,1,2,4,0,No Line,0.0,none,-1,10,9,1,post,Final,Final,,,,,,,,,,,,,0,,,,,,none,846225
846103,2026-04-24,21:35,2026,Toros de Tijuana,Acereros del Norte,Daniel Martinez,Brady Miller,514715.0,669428.0,statsapi_probable_pitcher,1,2,1,0,0,0,0,1,1,0,0,1,0,2,1,0,No Line,0.0,none,-1,11,1,1,post,Final,Final,,,,,,,,,,,,,0,,,,,,none,846103
846192,2026-04-25,16:00,2026,Guerreros de Oaxaca,Olmecas de Tabasco,,Jeremy Rhoades,,656889.0,statsapi_probable_pitcher,1,8,6,0,0,2,0,0,0,1,0,1,0,4,0,0,No Line,0.0,none,-1,13,8,1,post,Final,Final,,,,,,,,,,,,,0,,,,,,none,846192
845957,2026-04-25,18:00,2026,Charros de Jalisco,Caliente de Durango,Luis Ivan Rodriguez,,645179.0,,statsapi_probable_pitcher,1,6,8,0,0,0,0,0,0,1,0,2,0,3,0,0,No Line,0.0,none,-1,10,11,1,post,Final,Final,,,,,,,,,,,,,0,,,,,,none,845957
846004,2026-04-25,18:00,2026,Conspiradores de Queretaro,Diablos Rojos del Mexico,Tyler Alexander,Humberto Castellanos,622066.0,528748.0,statsapi_probable_pitcher,1,9,12,2,1,6,3,0,2,0,0,0,2,8,8,0,No Line,0.0,none,-1,15,12,1,post,Final,Final,,,,,,,,,,,,,0,,,,,,none,846004
846226,2026-04-25,18:00,2026,Dorados de Chihuahua,Sultanes de Monterrey,Caleb Smith,Justus Sheffield,592761.0,656954.0,statsapi_probable_pitcher,1,11,3,2,0,0,0,1,0,0,3,0,0,3,3,0,No Line,0.0,none,-1,12,6,1,post,Final,Final,,,,,,,,,,,,,0,,,,,,none,846226
846273,2026-04-25,18:00,2026,Tigres de Quintana Roo,Bravos de Leon,Jalen Miller,Jeff Lindgren,663692.0,689167.0,statsapi_probable_pitcher,1,2,9,1,0,0,2,0,2,0,0,0,1,1,5,0,No Line,0.0,none,-1,5,11,1,post,Final,Final,,,,,,,,,,,,,0,,,,,,none,846273
846560,2026-04-25,18:15,2026,Piratas de Campeche,Pericos de Puebla,Sean Nolin,Jose Martinez,543594.0,456065.0,statsapi_probable_pitcher,1,5,10,0,1,0,1,0,3,0,3,4,1,4,9,0,No Line,0.0,none,-1,10,10,1,post,Final,Final,,,,,,,,,,,,,0,,,,,,none,846560
846746,2026-04-25,18:30,2026,Algodoneros Union Laguna,Rieleros de Aguascalientes,Jaime Barria,Oscar De La Cruz,642545.0,642601.0,statsapi_probable_pitcher,1,7,0,0,0,4,0,0,0,1,0,0,0,5,0,0,No Line,0.0,none,-1,9,3,1,post,Final,Final,,,,,,,,,,,,,0,,,,,,none,846746
846412,2026-04-25,19:00,2026,Tecos de los Dos Laredos,Saraperos de Saltillo,Nate Antone,Erich Uelmen,802591.0,657272.0,statsapi_probable_pitcher,1,4,3,1,0,0,2,0,0,1,0,1,0,3,2,0,No Line,0.0,none,-1,10,7,1,post,Final,Final,,,,,,,,,,,,,0,,,,,,none,846412
846696,2026-04-25,19:00,2026,Leones de Yucatan,El Aguila de Veracruz,Ronnie Williams,Jonathan Bermúdez,657122.0,642834.0,statsapi_probable_pitcher,1,5,3,0,0,0,1,0,0,0,0,0,0,0,1,0,No Line,0.0,none,-1,10,10,1,post,Final,Final,,,,,,,,,,,,,0,,,,,,none,846696
846092,2026-04-25,19:05,2026,Toros de Tijuana,Acereros del Norte,David Reyes,Jackson Goddard,547862.0,680725.0,statsapi_probable_pitcher,1,5,8,3,0,0,1,1,7,0,0,0,0,4,8,0,No Line,0.0,none,-1,9,9,1,post,Final,Final,,,,,,,,,,,,,0,,,,,,none,846092
846180,2026-04-26,16:00,2026,Guerreros de Oaxaca,Olmecas de Tabasco,Raymond Burgos,Evan Grills,670103.0,592361.0,statsapi_probable_pitcher,1,19,11,0,2,0,0,10,3,0,0,3,4,13,9,0,No Line,0.0,none,-1,21,16,1,post,Final,Final,,,,,,,,,,,,,0,,,,,,none,846180
845961,2026-04-26,17:00,2026,Charros de Jalisco,Caliente de Durango,Luis Payan,Joan Adon,674478.0,672851.0,statsapi_probable_pitcher,1,7,5,4,2,0,0,0,1,0,2,0,0,4,5,0,No Line,0.0,none,-1,9,9,1,post,Final,Final,,,,,,,,,,,,,0,,,,,,none,845961
846005,2026-04-26,17:00,2026,Conspiradores de Queretaro,Diablos Rojos del Mexico,Tyler Viza,Justin Courtney,643588.0,688896.0,statsapi_probable_pitcher,1,4,9,1,3,3,6,0,0,0,0,0,0,4,9,0,No Line,0.0,none,-1,8,10,1,post,Final,Final,,,,,,,,,,,,,0,,,,,,none,846005
846227,2026-04-26,17:00,2026,Dorados de Chihuahua,Sultanes de Monterrey,Drew Parrish,Nolan Kingham,669283.0,663884.0,statsapi_probable_pitcher,1,7,8,0,2,0,2,0,0,0,3,1,0,1,7,0,No Line,0.0,none,-1,11,12,1,post,Final,Final,,,,,,,,,,,,,0,,,,,,none,846227
846277,2026-04-26,17:00,2026,Tigres de Quintana Roo,Bravos de Leon,Brady Tedesco,Jonah Dipoto,805749.0,665167.0,statsapi_probable_pitcher,1,3,5,0,0,2,0,1,2,0,2,0,0,3,4,0,No Line,0.0,none,-1,9,9,1,post,Final,Final,,,,,,,,,,,,,0,,,,,,none,846277
846692,2026-04-26,18:00,2026,Leones de Yucatan,El Aguila de Veracruz,Jared Wetherbee,Austin Schulfer,695244.0,662165.0,statsapi_probable_pitcher,1,3,2,0,2,0,0,2,0,0,0,0,0,2,2,0,No Line,0.0,none,-1,13,7,1,post,Final,Final,,,,,,,,,,,,,0,,,,,,none,846692
846094,2026-04-26,18:05,2026,Toros de Tijuana,Acereros del Norte,Noah Skirrow,Jake McSteen,659418.0,701151.0,statsapi_probable_pitcher,1,12,1,5,0,4,0,0,0,1,0,2,1,12,1,0,No Line,0.0,none,-1,17,5,1,post,Final,Final,,,,,,,,,,,,,0,,,,,,none,846094
846552,2026-04-26,18:15,2026,Piratas de Campeche,Pericos de Puebla,Domingo Acevedo,Cameron Gann,642758.0,665105.0,statsapi_probable_pitcher,1,3,8,0,1,1,0,0,1,0,3,1,0,2,5,0,No Line,0.0,none,-1,8,11,1,post,Final,Final,,,,,,,,,,,,,0,,,,,,none,846552
846413,2026-04-26,18:30,2026,Tecos de los Dos Laredos,Saraperos de Saltillo,Tyler Ivey,Cam Alldred,663959.0,682027.0,statsapi_probable_pitcher,1,7,3,0,0,1,1,4,0,0,1,1,0,6,2,0,No Line,0.0,none,-1,11,8,1,post,Final,Final,,,,,,,,,,,,,0,,,,,,none,846413
846744,2026-04-26,18:30,2026,Algodoneros Union Laguna,Rieleros de Aguascalientes,Aldo Montes,Ronald Medrano,594105.0,642574.0,statsapi_probable_pitcher,1,2,10,0,0,0,0,0,0,0,1,1,0,1,1,0,No Line,0.0,none,-1,5,13,1,post,Final,Final,,,,,,,,,,,,,0,,,,,,none,846744
846276,2026-04-27,18:30,2026,Tigres de Quintana Roo,Leones de Yucatan,Melvi Acosta,Tommy Doyle,666673.0,656382.0,statsapi_probable_pitcher,1,4,7,2,0,0,0,0,0,0,0,2,3,4,3,0,No Line,0.0,none,-1,9,10,1,post,Final,Final,,,,,,,,,,,,,0,,,,,,none,846276
846274,2026-04-28,18:30,2026,Tigres de Quintana Roo,Leones de Yucatan,Xzavion Curry,Yoanner Negrin,675540.0,594582.0,statsapi_probable_pitcher,1,1,7,0,1,0,0,0,1,1,0,0,0,1,2,0,No Line,0.0,none,-1,5,9,1,post,Final,Final,,,,,,,,,,,,,0,,,,,,none,846274
846230,2026-04-28,19:00,2026,Dorados de Chihuahua,Charros de Jalisco,Nick Struck,Zach Plesac,572177.0,668676.0,statsapi_probable_pitcher,1,9,11,4,0,1,0,0,2,0,6,0,0,5,8,0,No Line,0.0,none,-1,10,16,1,post,Final,Final,,,,,,,,,,,,,0,,,,,,none,846230
846547,2026-04-28,19:00,2026,Piratas de Campeche,Diablos Rojos del Mexico,Bobby Milacki,James Kaprielian,673872.0,621076.0,statsapi_probable_pitcher,1,1,10,0,3,1,0,0,0,0,0,0,0,1,3,0,No Line,0.0,none,-1,7,12,1,post,Final,Final,,,,,,,,,,,,,0,,,,,,none,846547
846601,2026-04-28,19:00,2026,Pericos de Puebla,Guerreros de Oaxaca,Vladimir Gutierrez,Matt Givin,661269.0,676769.0,statsapi_probable_pitcher,1,7,10,4,4,0,0,0,0,0,0,0,0,4,4,0,No Line,0.0,none,-1,8,15,1,post,Final,Final,,,,,,,,,,,,,0,,,,,,none,846601
846141,2026-04-28,19:10,2026,Caliente de Durango,Toros de Tijuana,Jorge Bautista,Zac Lowther,682926.0,675912.0,statsapi_probable_pitcher,1,7,4,0,1,0,3,2,0,0,0,1,0,3,4,0,No Line,0.0,none,-1,12,11,1,post,Final,Final,,,,,,,,,,,,,0,,,,,,none,846141
846323,2026-04-28,19:30,2026,Sultanes de Monterrey,Tecos de los Dos Laredos,Stephen Tarpley,Brandon Brennan,605501.0,592165.0,statsapi_probable_pitcher,1,11,0,3,0,3,0,4,0,0,0,0,0,10,0,0,No Line,0.0,none,-1,18,3,1,post,Final,Final,,,,,,,,,,,,,0,,,,,,none,846323
846501,2026-04-28,19:30,2026,Rieleros de Aguascalientes,Acereros del Norte,Greg Duncan,Amilcar Carreon,827710.0,840328.0,statsapi_probable_pitcher,1,9,11,0,0,0,1,0,1,0,1,4,0,4,3,0,No Line,0.0,none,-1,13,13,1,post,Final,Final,,,,,,,,,,,,,0,,,,,,none,846501
846649,2026-04-28,19:30,2026,Saraperos de Saltillo,Algodoneros Union Laguna,Zach Mort,Touki Toussaint,681817.0,657053.0,statsapi_probable_pitcher,1,6,11,0,0,1,1,1,0,0,2,0,2,2,5,0,No Line,0.0,none,-1,12,17,1,post,Final,Final,,,,,,,,,,,,,0,,,,,,none,846649
846795,2026-04-28,19:30,2026,Olmecas de Tabasco,Conspiradores de Queretaro,Luis Cessa,Luis Romero,570666.0,673603.0,statsapi_probable_pitcher,1,11,6,0,0,0,0,3,2,0,4,1,0,4,6,0,No Line,0.0,none,-1,13,13,1,post,Final,Final,,,,,,,,,,,,,0,,,,,,none,846795
846842,2026-04-28,19:30,2026,Bravos de Leon,El Aguila de Veracruz,Phillips Valdez,Braulio Torres-Perez,570488.0,679001.0,statsapi_probable_pitcher,1,8,7,0,3,0,0,1,0,1,0,3,1,5,4,0,No Line,0.0,none,-1,11,12,1,post,Final,Final,,,,,,,,,,,,,0,,,,,,none,846842
846275,2026-04-29,18:30,2026,Tigres de Quintana Roo,Leones de Yucatan,Julio Robaina,César Valdez,678789.0,491624.0,statsapi_probable_pitcher,1,6,2,1,0,1,0,4,0,0,0,0,1,6,1,0,No Line,0.0,none,-1,10,7,1,post,Final,Final,,,,,,,,,,,,,0,,,,,,none,846275
846232,2026-04-29,19:00,2026,Dorados de Chihuahua,Charros de Jalisco,Devin Smeltzer,Cesar Gomez,656970.0,685461.0,statsapi_probable_pitcher,1,2,3,1,0,0,0,1,0,0,1,0,1,2,2,0,No Line,0.0,none,-1,11,7,1,post,Final,Final,,,,,,,,,,,,,0,,,,,,none,846232
846548,2026-04-29,19:00,2026,Piratas de Campeche,Diablos Rojos del Mexico,Miller Hogan,Ricardo Pinto,676949.0,620982.0,statsapi_probable_pitcher,1,6,2,0,1,0,0,0,0,0,0,4,0,4,1,0,No Line,0.0,none,-1,12,5,1,post,Final,Final,,,,,,,,,,,,,0,,,,,,none,846548
846603,2026-04-29,19:00,2026,Pericos de Puebla,Guerreros de Oaxaca,Fernando Lozano,Robert Dugger,683138.0,667498.0,statsapi_probable_pitcher,1,12,11,0,0,0,5,8,2,1,1,0,0,9,8,0,No Line,0.0,none,-1,16,17,1,post,Final,Final,,,,,,,,,,,,,0,,,,,,none,846603
846144,2026-04-29,19:10,2026,Caliente de Durango,Toros de Tijuana,Odrisamer Despaigne,Randy Wynne,628333.0,691094.0,statsapi_probable_pitcher,1,4,9,0,0,0,0,0,1,4,0,0,1,4,2,0,No Line,0.0,none,-1,10,14,1,post,Final,Final,,,,,,,,,,,,,0,,,,,,none,846144
846317,2026-04-29,19:30,2026,Sultanes de Monterrey,Tecos de los Dos Laredos,Manny Banuelos,Daniel Mengden,544365.0,596043.0,statsapi_probable_pitcher,1,6,12,0,0,0,0,0,0,3,0,1,5,4,5,0,No Line,0.0,none,-1,9,15,1,post,Final,Final,,,,,,,,,,,,,0,,,,,,none,846317
846500,2026-04-29,19:30,2026,Rieleros de Aguascalientes,Acereros del Norte,Adrian Almeida,Wilmer Rios,622426.0,658140.0,statsapi_probable_pitcher,1,7,5,2,0,0,1,0,3,0,0,0,0,2,4,0,No Line,0.0,none,-1,9,10,1,post,Final,Final,,,,,,,,,,,,,0,,,,,,none,846500
846645,2026-04-29,19:30,2026,Saraperos de Saltillo,Algodoneros Union Laguna,Wilmer Font,Erasmo Ramírez,521655.0,541640.0,statsapi_probable_pitcher,1,2,0,0,0,0,0,1,0,1,0,0,0,2,0,0,No Line,0.0,none,-1,7,4,1,post,Final,Final,,,,,,,,,,,,,0,,,,,,none,846645
846791,2026-04-29,19:30,2026,Olmecas de Tabasco,Conspiradores de Queretaro,Tyler Danish,Esmil Rogers,641501.0,469134.0,statsapi_probable_pitcher,1,6,7,0,0,2,0,0,3,2,0,0,2,4,5,0,No Line,0.0,none,-1,12,11,1,post,Final,Final,,,,,,,,,,,,,0,,,,,,none,846791
846834,2026-04-29,19:30,2026,Bravos de Leon,El Aguila de Veracruz,Thaddeus Ward,Dinelson Lamet,663658.0,659275.0,statsapi_probable_pitcher,1,11,3,0,0,1,1,0,1,3,0,1,1,5,3,0,No Line,0.0,none,-1,14,10,1,post,Final,Final,,,,,,,,,,,,,0,,,,,,none,846834
846229,2026-04-30,19:00,2026,Dorados de Chihuahua,Charros de Jalisco,Emilio Vargas,Kurt Heyer,642496.0,571776.0,statsapi_probable_pitcher,1,3,9,0,0,0,1,0,2,0,0,1,0,1,3,0,No Line,0.0,none,-1,13,11,1,post,Final,Final,,,,,,,,,,,,,0,,,,,,none,846229
846546,2026-04-30,19:00,2026,Piratas de Campeche,Diablos Rojos del Mexico,Sean Nolin,Luis Castillo,543594.0,112116.0,statsapi_probable_pitcher,1,0,4,0,0,0,0,0,0,0,2,0,0,0,2,0,No Line,0.0,none,-1,6,7,1,post,Final,Final,,,,,,,,,,,,,0,,,,,,none,846546
846591,2026-04-30,19:00,2026,Pericos de Puebla,Guerreros de Oaxaca,Antonio Santos,Tommy Romero,665733.0,676720.0,statsapi_probable_pitcher,1,6,4,1,0,0,0,0,0,0,0,3,3,4,3,0,No Line,0.0,none,-1,10,9,1,post,Final,Final,,,,,,,,,,,,,0,,,,,,none,846591
846131,2026-04-30,19:10,2026,Caliente de Durango,Toros de Tijuana,Jorge Garcia,Daniel Martinez,683517.0,514715.0,statsapi_probable_pitcher,1,4,9,1,0,0,0,0,0,0,3,0,0,1,3,0,No Line,0.0,none,-1,12,10,1,post,Final,Final,,,,,,,,,,,,,0,,,,,,none,846131
846319,2026-04-30,19:30,2026,Sultanes de Monterrey,Tecos de los Dos Laredos,Yohander Méndez,Adrian De Horta,622795.0,641506.0,statsapi_probable_pitcher,1,2,7,0,0,0,4,0,2,0,1,2,0,2,7,0,No Line,0.0,none,-1,6,11,1,post,Final,Final,,,,,,,,,,,,,0,,,,,,none,846319
846499,2026-04-30,19:30,2026,Rieleros de Aguascalientes,Acereros del Norte,Deylen Miley,Brady Miller,694657.0,669428.0,statsapi_probable_pitcher,1,7,6,0,1,1,0,0,0,3,3,2,0,6,4,0,No Line,0.0,none,-1,12,9,1,post,Final,Final,,,,,,,,,,,,,0,,,,,,none,846499
846646,2026-04-30,19:30,2026,Saraperos de Saltillo,Algodoneros Union Laguna,Manny Barreda,Ricardo Sanchez,518435.0,679429.0,statsapi_probable_pitcher,1,9,10,2,5,6,0,0,0,1,0,0,1,9,6,0,No Line,0.0,none,-1,8,13,1,post,Final,Final,,,,,,,,,,,,,0,,,,,,none,846646
846794,2026-04-30,19:30,2026,Olmecas de Tabasco,Conspiradores de Queretaro,Jeremy Rhoades,Junior Guerra,656889.0,448855.0,statsapi_probable_pitcher,1,7,8,0,1,0,0,2,5,0,0,0,0,2,6,0,No Line,0.0,none,-1,12,16,1,post,Final,Final,,,,,,,,,,,,,0,,,,,,none,846794
846837,2026-04-30,19:30,2026,Bravos de Leon,El Aguila de Veracruz,Felipe Gonzalez,Jack Weisenburger,542413.0,674073.0,statsapi_probable_pitcher,1,9,10,1,0,0,0,4,0,2,0,0,0,7,0,0,No Line,0.0,none,-1,8,13,1,post,Final,Final,,,,,,,,,,,,,0,,,,,,none,846837
846006,2026-05-01,19:00,2026,Conspiradores de Queretaro,Piratas de Campeche,Tyler Alexander,Ryan Garcia,622066.0,674114.0,statsapi_probable_pitcher,1,5,3,2,0,0,0,2,0,1,0,0,2,5,2,0,No Line,0.0,none,-1,9,12,1,post,Final,Final,,,,,,,,,,,,,0,,,,,,none,846006
846045,2026-05-01,19:00,2026,El Aguila de Veracruz,Tigres de Quintana Roo,Jonathan Bermúdez,Darius Vines,642834.0,670241.0,statsapi_probable_pitcher,1,4,3,0,0,0,0,2,2,0,0,0,0,2,2,0,No Line,0.0,none,-1,4,7,1,post,Final,Final,,,,,,,,,,,,,0,,,,,,none,846045
846460,2026-05-01,19:00,2026,Diablos Rojos del Mexico,Guerreros de Oaxaca,Michael Mariot,Luis Miranda,592527.0,642532.0,statsapi_probable_pitcher,1,6,5,0,0,1,0,0,0,2,3,0,0,3,3,0,No Line,0.0,none,-1,12,9,1,post,Final,Final,,,,,,,,,,,,,0,,,,,,none,846460
846324,2026-05-01,19:30,2026,Sultanes de Monterrey,Charros de Jalisco,Justus Sheffield,Zac Grotz,656954.0,665093.0,statsapi_probable_pitcher,1,3,1,0,0,1,0,0,0,0,0,1,0,2,0,0,No Line,0.0,none,-1,7,7,1,post,Final,Final,,,,,,,,,,,,,0,,,,,,none,846324
846650,2026-05-01,19:30,2026,Saraperos de Saltillo,Caliente de Durango,Erich Uelmen,Elian Leyva,657272.0,673140.0,statsapi_probable_pitcher,1,3,2,1,0,0,0,1,1,0,0,0,1,2,2,0,No Line,0.0,none,-1,6,12,1,post,Final,Final,,,,,,,,,,,,,0,,,,,,none,846650
846690,2026-05-01,19:30,2026,Leones de Yucatan,Pericos de Puebla,Ronnie Williams,Jose E. Martinez,657122.0,672866.0,statsapi_probable_pitcher,1,0,2,0,0,0,0,0,0,0,0,0,0,0,0,0,No Line,0.0,none,-1,5,6,1,post,Final,Final,,,,,,,,,,,,,0,,,,,,none,846690
846735,2026-05-01,19:30,2026,Algodoneros Union Laguna,Dorados de Chihuahua,Jaime Barria,Caleb Smith,642545.0,592761.0,statsapi_probable_pitcher,1,4,7,0,2,0,0,0,0,0,1,4,2,4,5,0,No Line,0.0,none,-1,8,14,1,post,Final,Final,,,,,,,,,,,,,0,,,,,,none,846735
846790,2026-05-01,19:30,2026,Olmecas de Tabasco,Bravos de Leon,Jeremy Rhoades,Jeff Lindgren,656889.0,689167.0,statsapi_probable_pitcher,1,11,3,0,0,3,0,3,0,1,0,0,0,7,0,0,No Line,0.0,none,-1,13,5,1,post,Final,Final,,,,,,,,,,,,,0,,,,,,none,846790
846090,2026-05-01,20:35,2026,Toros de Tijuana,Rieleros de Aguascalientes,David Reyes,Oscar De La Cruz,547862.0,642601.0,statsapi_probable_pitcher,1,6,0,0,0,0,0,1,0,2,0,3,0,6,0,0,No Line,0.0,none,-1,9,4,1,post,Final,Final,,,,,,,,,,,,,0,,,,,,none,846090
846463,2026-05-02,16:00,2026,Diablos Rojos del Mexico,Guerreros de Oaxaca,Justin Courtney,Radhames Liz,688896.0,467785.0,statsapi_probable_pitcher,1,10,9,1,0,2,0,0,1,1,0,0,0,4,1,0,No Line,0.0,none,-1,12,16,1,post,Final,Final,,,,,,,,,,,,,0,,,,,,none,846463
846321,2026-05-02,17:00,2026,Sultanes de Monterrey,Charros de Jalisco,Alonso Becerra,Luis Ivan Rodriguez,824049.0,645179.0,statsapi_probable_pitcher,1,9,2,1,0,2,0,1,0,0,1,2,0,6,1,0,No Line,0.0,none,-1,12,10,1,post,Final,Final,,,,,,,,,,,,,0,,,,,,none,846321
846003,2026-05-02,18:00,2026,Conspiradores de Queretaro,Piratas de Campeche,Tyler Viza,R.J. Martinez,643588.0,801994.0,statsapi_probable_pitcher,1,11,1,0,0,1,0,2,0,1,0,1,0,5,0,0,No Line,0.0,none,-1,12,4,1,post,Final,Final,,,,,,,,,,,,,0,,,,,,none,846003
846370,2026-05-02,18:00,2026,Acereros del Norte,Tecos de los Dos Laredos,Jake McSteen,A.J. Candelario,701151.0,668826.0,statsapi_probable_pitcher,1,2,1,0,0,1,0,0,0,1,0,0,0,2,0,0,No Line,0.0,none,-1,6,5,1,post,Final,Final,,,,,,,,,,,,,0,,,,,,none,846370
846653,2026-05-02,18:00,2026,Saraperos de Saltillo,Caliente de Durango,Cam Alldred,Joan Adon,682027.0,672851.0,statsapi_probable_pitcher,1,10,11,2,0,0,5,4,1,1,3,1,0,8,9,0,No Line,0.0,none,-1,14,13,1,post,Final,Final,,,,,,,,,,,,,0,,,,,,none,846653
846366,2026-05-02,18:05,2026,Acereros del Norte,Tecos de los Dos Laredos,,,,,statsapi_schedule,0,3,0,0,0,1,0,2,0,0,0,0,0,3,0,0,No Line,0.0,none,-1,7,2,1,post,Final,Final,,,,,,,,,,,,,0,,,,,,none,846366
846740,2026-05-02,18:30,2026,Algodoneros Union Laguna,Dorados de Chihuahua,Aldo Montes,Drew Parrish,594105.0,669283.0,statsapi_probable_pitcher,1,12,6,0,0,0,3,6,0,1,2,0,1,7,6,0,No Line,0.0,none,-1,17,13,1,post,Final,Final,,,,,,,,,,,,,0,,,,,,none,846740
846697,2026-05-02,19:00,2026,Leones de Yucatan,Pericos de Puebla,Tommy Doyle,Cameron Gann,656382.0,665105.0,statsapi_probable_pitcher,1,5,9,0,0,3,0,0,0,0,0,0,3,3,3,0,No Line,0.0,none,-1,10,15,1,post,Final,Final,,,,,,,,,,,,,0,,,,,,none,846697
846793,2026-05-02,19:00,2026,Olmecas de Tabasco,Bravos de Leon,Evan Grills,Jonah Dipoto,592361.0,665167.0,statsapi_probable_pitcher,1,4,5,1,0,1,0,1,2,0,0,0,0,3,2,0,No Line,0.0,none,-1,11,13,1,post,Final,Final,,,,,,,,,,,,,0,,,,,,none,846793
846091,2026-05-02,20:05,2026,Toros de Tijuana,Rieleros de Aguascalientes,Noah Skirrow,Ronald Medrano,659418.0,642574.0,statsapi_probable_pitcher,1,1,2,0,0,0,0,0,0,0,2,0,0,0,2,0,No Line,0.0,none,-1,8,8,1,post,Final,Final,,,,,,,,,,,,,0,,,,,,none,846091
846452,2026-05-03,14:00,2026,Diablos Rojos del Mexico,Guerreros de Oaxaca,James Kaprielian,Raymond Burgos,621076.0,670103.0,statsapi_probable_pitcher,1,6,5,0,0,0,0,0,1,0,0,0,2,0,3,0,No Line,0.0,none,-1,8,18,1,post,Final,Final,,,,,,,,,,,,,0,,,,,,none,846452
846001,2026-05-03,17:00,2026,Conspiradores de Queretaro,Piratas de Campeche,Luis Romero,Bobby Milacki,673603.0,673872.0,statsapi_probable_pitcher,1,1,4,0,1,0,0,0,0,0,0,0,2,0,3,0,No Line,0.0,none,-1,9,10,1,post,Final,Final,,,,,,,,,,,,,0,,,,,,none,846001
846040,2026-05-03,17:00,2026,El Aguila de Veracruz,Tigres de Quintana Roo,Braulio Torres-Perez,Melvi Acosta,679001.0,666673.0,statsapi_probable_pitcher,1,2,3,0,0,0,0,0,3,0,0,0,0,0,3,0,No Line,0.0,none,-1,4,7,1,post,Final,Final,,,,,,,,,,,,,0,,,,,,none,846040
846320,2026-05-03,17:00,2026,Sultanes de Monterrey,Charros de Jalisco,Stephen Tarpley,,605501.0,,statsapi_probable_pitcher,1,5,2,0,0,0,0,0,0,0,0,4,1,4,1,0,No Line,0.0,none,-1,9,5,1,post,Final,Final,,,,,,,,,,,,,0,,,,,,none,846320
846648,2026-05-03,17:00,2026,Saraperos de Saltillo,Caliente de Durango,Zach Mort,,681817.0,,statsapi_probable_pitcher,1,5,9,0,2,0,0,3,0,0,0,0,1,3,3,0,No Line,0.0,none,-1,9,17,1,post,Final,Final,,,,,,,,,,,,,0,,,,,,none,846648
846041,2026-05-03,17:05,2026,El Aguila de Veracruz,Tigres de Quintana Roo,,,,,statsapi_schedule,0,5,4,1,1,1,1,3,0,0,2,0,0,5,4,0,No Line,0.0,none,-1,6,8,1,post,Final,Final,,,,,,,,,,,,,0,,,,,,none,846041
846369,2026-05-03,18:00,2026,Acereros del Norte,Tecos de los Dos Laredos,Jorge Tavarez,Brandon Brennan,664590.0,592165.0,statsapi_probable_pitcher,1,4,6,1,4,0,0,0,0,0,0,0,0,1,4,0,No Line,0.0,none,-1,9,12,1,post,Final,Final,,,,,,,,,,,,,0,,,,,,none,846369
846694,2026-05-03,18:00,2026,Leones de Yucatan,Pericos de Puebla,Yoanner Negrin,Vladimir Gutierrez,594582.0,661269.0,statsapi_probable_pitcher,1,2,3,0,0,0,0,0,1,0,0,0,0,0,1,0,No Line,0.0,none,-1,4,5,1,post,Final,Final,,,,,,,,,,,,,0,,,,,,none,846694
846792,2026-05-03,18:00,2026,Olmecas de Tabasco,Bravos de Leon,,Phillips Valdez,,570488.0,statsapi_probable_pitcher,1,10,2,3,0,0,0,0,0,4,0,0,0,7,0,0,No Line,0.0,none,-1,11,7,1,post,Final,Final,,,,,,,,,,,,,0,,,,,,none,846792
846739,2026-05-03,18:30,2026,Algodoneros Union Laguna,Dorados de Chihuahua,Touki Toussaint,Nick Struck,657053.0,572177.0,statsapi_probable_pitcher,1,3,19,0,0,0,2,0,3,0,7,0,2,0,14,0,No Line,0.0,none,-1,5,19,1,post,Final,Final,,,,,,,,,,,,,0,,,,,,none,846739
846089,2026-05-03,19:05,2026,Toros de Tijuana,Rieleros de Aguascalientes,Zac Lowther,Greg Duncan,675912.0,827710.0,statsapi_probable_pitcher,1,10,3,3,0,1,0,0,1,0,0,1,0,5,1,0,No Line,0.0,none,-1,14,6,1,post,Final,Final,,,,,,,,,,,,,0,,,,,,none,846089
846642,2026-05-04,19:30,2026,Saraperos de Saltillo,Acereros del Norte,Wilmer Font,Amilcar Carreon,521655.0,840328.0,statsapi_probable_pitcher,1,6,2,0,0,0,0,4,0,2,0,0,0,6,0,0,No Line,0.0,none,-1,9,11,1,post,Final,Final,,,,,,,,,,,,,0,,,,,,none,846642
846594,2026-05-05,16:00,2026,Pericos de Puebla,Tigres de Quintana Roo,Fernando Lozano,Xzavion Curry,683138.0,675540.0,statsapi_probable_pitcher,1,10,5,1,0,1,1,4,2,0,0,4,2,10,5,0,No Line,0.0,none,-1,13,10,1,post,Final,Final,,,,,,,,,,,,,0,,,,,,none,846594
846414,2026-05-05,18:30,2026,Tecos de los Dos Laredos,Caliente de Durango,Daniel Mengden,Odrisamer Despaigne,596043.0,628333.0,statsapi_probable_pitcher,1,4,0,0,0,0,0,0,0,0,0,0,0,0,0,0,No Line,0.0,none,-1,7,2,1,post,Final,Final,,,,,,,,,,,,,0,,,,,,none,846414
846000,2026-05-05,19:00,2026,Conspiradores de Queretaro,Guerreros de Oaxaca,Esmil Rogers,Matt Givin,469134.0,676769.0,statsapi_probable_pitcher,1,1,4,0,0,0,0,0,0,0,0,0,3,0,3,0,No Line,0.0,none,-1,8,7,1,post,Final,Final,,,,,,,,,,,,,0,,,,,,none,846000
846453,2026-05-05,19:00,2026,Diablos Rojos del Mexico,El Aguila de Veracruz,Ricardo Pinto,Dinelson Lamet,620982.0,659275.0,statsapi_probable_pitcher,1,8,7,1,0,0,0,3,0,0,0,1,6,5,6,0,No Line,0.0,none,-1,12,10,1,post,Final,Final,,,,,,,,,,,,,0,,,,,,none,846453
845956,2026-05-05,19:30,2026,Charros de Jalisco,Algodoneros Union Laguna,Zach Plesac,Ricardo Sanchez,668676.0,679429.0,statsapi_probable_pitcher,1,12,11,0,0,0,2,1,2,0,3,4,1,5,8,0,No Line,0.0,none,-1,18,17,1,post,Final,Final,,,,,,,,,,,,,0,,,,,,none,845956
846497,2026-05-05,19:30,2026,Rieleros de Aguascalientes,Dorados de Chihuahua,Angel Rondón,Devin Smeltzer,667373.0,656970.0,statsapi_probable_pitcher,1,13,11,0,2,1,0,5,6,0,0,1,0,7,8,0,No Line,0.0,none,-1,15,17,1,post,Final,Final,,,,,,,,,,,,,0,,,,,,none,846497
846641,2026-05-05,19:30,2026,Saraperos de Saltillo,Acereros del Norte,Manny Barreda,Wilmer Rios,518435.0,658140.0,statsapi_probable_pitcher,1,3,4,0,2,1,0,0,0,0,0,0,0,1,2,0,No Line,0.0,none,-1,7,10,1,post,Final,Final,,,,,,,,,,,,,0,,,,,,none,846641
846789,2026-05-05,19:30,2026,Olmecas de Tabasco,Leones de Yucatan,Luis Cessa,Duane Underwood Jr.,570666.0,621249.0,statsapi_probable_pitcher,1,4,3,0,0,0,0,0,0,2,0,0,2,2,2,0,No Line,0.0,none,-1,8,10,1,post,Final,Final,,,,,,,,,,,,,0,,,,,,none,846789
846838,2026-05-05,19:30,2026,Bravos de Leon,Piratas de Campeche,Thaddeus Ward,Miller Hogan,663658.0,676949.0,statsapi_probable_pitcher,1,12,15,2,6,2,0,1,3,0,0,2,0,7,9,0,No Line,0.0,none,-1,15,19,1,post,Final,Final,,,,,,,,,,,,,0,,,,,,none,846838
846096,2026-05-05,20:35,2026,Toros de Tijuana,Sultanes de Monterrey,Randy Wynne,Nolan Kingham,691094.0,663884.0,statsapi_probable_pitcher,1,1,6,0,0,0,0,1,0,0,0,0,5,1,5,0,No Line,0.0,none,-1,6,7,1,post,Final,Final,,,,,,,,,,,,,0,,,,,,none,846096
846410,2026-05-06,19:00,2026,Tecos de los Dos Laredos,Caliente de Durango,Tyler Ivey,Jorge Garcia,663959.0,683517.0,statsapi_probable_pitcher,1,2,7,0,0,1,2,1,0,0,4,0,0,2,6,0,No Line,0.0,none,-1,7,9,1,post,Final,Final,,,,,,,,,,,,,0,,,,,,none,846410
846455,2026-05-06,19:00,2026,Diablos Rojos del Mexico,El Aguila de Veracruz,Luis F. Castillo,Yorvin Pantoja,622379.0,660671.0,statsapi_probable_pitcher,1,4,18,0,2,1,1,0,4,0,0,2,2,3,9,0,No Line,0.0,none,-1,9,25,1,post,Final,Final,,,,,,,,,,,,,0,,,,,,none,846455
846595,2026-05-06,19:00,2026,Pericos de Puebla,Tigres de Quintana Roo,Antonio Santos,Julio Robaina,665733.0,678789.0,statsapi_probable_pitcher,1,2,8,0,0,0,3,1,0,0,0,1,0,2,3,0,No Line,0.0,none,-1,9,15,1,post,Final,Final,,,,,,,,,,,,,0,,,,,,none,846595
845954,2026-05-06,19:30,2026,Charros de Jalisco,Algodoneros Union Laguna,Cesar Gomez,Jaime Barria,685461.0,642545.0,statsapi_probable_pitcher,1,1,12,0,0,1,1,0,0,0,0,0,2,1,3,0,No Line,0.0,none,-1,6,11,1,post,Final,Final,,,,,,,,,,,,,0,,,,,,none,845954
846504,2026-05-06,19:30,2026,Rieleros de Aguascalientes,Dorados de Chihuahua,Deylen Miley,Emilio Vargas,694657.0,642496.0,statsapi_probable_pitcher,1,10,9,2,0,2,1,2,0,0,0,1,4,7,5,0,No Line,0.0,none,-1,12,15,1,post,Final,Final,,,,,,,,,,,,,0,,,,,,none,846504
846644,2026-05-06,19:30,2026,Saraperos de Saltillo,Acereros del Norte,Erich Uelmen,Brady Miller,657272.0,669428.0,statsapi_probable_pitcher,1,5,10,1,3,1,0,0,1,0,2,0,0,2,6,0,No Line,0.0,none,-1,10,17,1,post,Final,Final,,,,,,,,,,,,,0,,,,,,none,846644
846788,2026-05-06,19:30,2026,Olmecas de Tabasco,Leones de Yucatan,Tyler Danish,César Valdez,641501.0,491624.0,statsapi_probable_pitcher,1,6,5,1,0,0,0,1,4,3,0,0,0,5,4,0,No Line,0.0,none,-1,12,12,1,post,Final,Final,,,,,,,,,,,,,0,,,,,,none,846788
846833,2026-05-06,19:30,2026,Bravos de Leon,Piratas de Campeche,Felipe Gonzalez,Sean Nolin,542413.0,543594.0,statsapi_probable_pitcher,1,10,11,1,2,3,0,2,6,1,0,1,0,8,8,0,No Line,0.0,none,-1,10,12,1,post,Final,Final,,,,,,,,,,,,,0,,,,,,none,846833
846087,2026-05-06,20:35,2026,Toros de Tijuana,Sultanes de Monterrey,Daniel Martinez,Manny Banuelos,681979.0,544365.0,statsapi_probable_pitcher,1,1,4,0,4,0,0,0,0,0,0,0,0,0,4,0,No Line,0.0,none,-1,4,9,1,post,Final,Final,,,,,,,,,,,,,0,,,,,,none,846087
845996,2026-05-07,17:30,2026,Conspiradores de Queretaro,Guerreros de Oaxaca,Tyler Alexander,Tommy Romero,622066.0,676720.0,statsapi_probable_pitcher,1,6,7,0,0,0,0,0,0,0,5,3,1,3,6,0,No Line,0.0,none,-1,13,13,1,post,Final,Final,,,,,,,,,,,,,0,,,,,,none,845996
846002,2026-05-07,17:35,2026,Conspiradores de Queretaro,Guerreros de Oaxaca,,,,,statsapi_schedule,0,5,4,0,0,2,1,0,0,0,1,0,0,2,2,0,No Line,0.0,none,-1,11,8,1,post,Final,Final,,,,,,,,,,,,,0,,,,,,none,846002
846409,2026-05-07,19:00,2026,Tecos de los Dos Laredos,Caliente de Durango,Nate Antone,Félix Doubront,802591.0,467094.0,statsapi_probable_pitcher,1,4,5,2,0,0,2,0,0,1,2,1,0,4,4,0,No Line,0.0,none,-1,12,11,1,post,Final,Final,,,,,,,,,,,,,0,,,,,,none,846409
846451,2026-05-07,19:00,2026,Diablos Rojos del Mexico,El Aguila de Veracruz,Michael Mariot,Jonathan Bermúdez,592527.0,642834.0,statsapi_probable_pitcher,1,25,3,0,0,2,0,2,0,10,0,4,0,18,0,0,No Line,0.0,none,-1,26,7,1,post,Final,Final,,,,,,,,,,,,,0,,,,,,none,846451
846592,2026-05-07,19:00,2026,Pericos de Puebla,Tigres de Quintana Roo,Jose E. Martinez,Darius Vines,672866.0,670241.0,statsapi_probable_pitcher,1,10,4,5,0,1,0,1,4,0,0,1,0,8,4,0,No Line,0.0,none,-1,15,10,1,post,Final,Final,,,,,,,,,,,,,0,,,,,,none,846592
845953,2026-05-07,19:30,2026,Charros de Jalisco,Algodoneros Union Laguna,Kurt Heyer,Aldo Montes,571776.0,594105.0,statsapi_probable_pitcher,1,7,6,0,0,0,1,0,0,2,0,0,0,2,1,0,No Line,0.0,none,-1,13,15,1,post,Final,Final,,,,,,,,,,,,,0,,,,,,none,845953
846498,2026-05-07,19:30,2026,Rieleros de Aguascalientes,Dorados de Chihuahua,Oscar De La Cruz,Caleb Smith,642601.0,592761.0,statsapi_probable_pitcher,1,5,1,1,0,2,0,0,0,0,0,0,0,3,0,0,No Line,0.0,none,-1,7,4,1,post,Final,Final,,,,,,,,,,,,,0,,,,,,none,846498
846786,2026-05-07,19:30,2026,Olmecas de Tabasco,Leones de Yucatan,Jeremy Rhoades,Ronnie Williams,656889.0,657122.0,statsapi_probable_pitcher,1,6,0,0,0,2,0,1,0,1,0,0,0,4,0,0,No Line,0.0,none,-1,12,4,1,post,Final,Final,,,,,,,,,,,,,0,,,,,,none,846786
846836,2026-05-07,19:30,2026,Bravos de Leon,Piratas de Campeche,Jeff Lindgren,Jon Olsen,689167.0,663537.0,statsapi_probable_pitcher,1,17,13,0,1,3,0,8,2,0,3,1,5,12,11,0,No Line,0.0,none,-1,19,15,1,post,Final,Final,,,,,,,,,,,,,0,,,,,,none,846836
846095,2026-05-07,20:35,2026,Toros de Tijuana,Sultanes de Monterrey,David Reyes,Yohander Méndez,547862.0,622795.0,statsapi_probable_pitcher,1,7,6,2,1,1,0,0,2,0,1,0,0,3,4,0,No Line,0.0,none,-1,13,11,1,post,Final,Final,,,,,,,,,,,,,0,,,,,,none,846095
846271,2026-05-08,18:30,2026,Tigres de Quintana Roo,Olmecas de Tabasco,Brady Tedesco,Evan Grills,805749.0,592361.0,statsapi_probable_pitcher,1,0,6,0,4,0,0,0,0,0,0,0,0,0,4,0,No Line,0.0,none,-1,6,11,1,post,Final,Final,,,,,,,,,,,,,0,,,,,,none,846271
845999,2026-05-08,19:00,2026,Conspiradores de Queretaro,El Aguila de Veracruz,Tyler Viza,,643588.0,,statsapi_probable_pitcher,1,6,1,0,1,0,0,0,0,1,0,0,0,1,1,0,No Line,0.0,none,-1,8,8,1,post,Final,Final,,,,,,,,,,,,,0,,,,,,none,845999
846181,2026-05-08,19:00,2026,Guerreros de Oaxaca,Piratas de Campeche,Luis Miranda,R.J. Martinez,642532.0,801994.0,statsapi_probable_pitcher,1,12,8,3,0,0,0,0,0,0,5,2,0,5,5,0,No Line,0.0,none,-1,15,14,1,post,Final,Final,,,,,,,,,,,,,0,,,,,,none,846181
846231,2026-05-08,19:00,2026,Dorados de Chihuahua,Saraperos de Saltillo,Drew Parrish,Cam Alldred,669283.0,682027.0,statsapi_probable_pitcher,1,11,8,0,0,2,1,0,0,6,0,3,3,11,4,0,No Line,0.0,none,-1,9,12,1,post,Final,Final,,,,,,,,,,,,,0,,,,,,none,846231
846593,2026-05-08,19:00,2026,Pericos de Puebla,Diablos Rojos del Mexico,Cameron Gann,Justin Courtney,665105.0,688896.0,statsapi_probable_pitcher,1,8,7,1,0,0,1,0,1,3,0,4,5,8,7,0,No Line,0.0,none,-1,10,8,1,post,Completed Early,Completed Early,,,,,,,,,,,,,0,,,,,,none,846593
846136,2026-05-08,19:10,2026,Caliente de Durango,Algodoneros Union Laguna,Elian Leyva,Touki Toussaint,673140.0,657053.0,statsapi_probable_pitcher,1,13,7,0,0,5,0,1,6,3,0,2,1,11,7,0,No Line,0.0,none,-1,16,11,1,post,Final,Final,,,,,,,,,,,,,0,,,,,,none,846136
845955,2026-05-08,19:30,2026,Charros de Jalisco,Rieleros de Aguascalientes,Zac Grotz,Ronald Medrano,665093.0,642574.0,statsapi_probable_pitcher,1,2,10,0,0,0,1,1,1,1,0,0,0,2,2,0,No Line,0.0,none,-1,4,17,1,post,Final,Final,,,,,,,,,,,,,0,,,,,,none,845955
846686,2026-05-08,19:30,2026,Leones de Yucatan,Bravos de Leon,Tommy Doyle,Jonah Dipoto,656382.0,665167.0,statsapi_probable_pitcher,1,5,8,1,2,0,1,0,1,4,2,0,0,5,6,0,No Line,0.0,none,-1,5,8,1,post,Final,Final,,,,,,,,,,,,,0,,,,,,none,846686
846364,2026-05-08,19:45,2026,Acereros del Norte,Sultanes de Monterrey,Jackson Goddard,Justus Sheffield,680725.0,656954.0,statsapi_probable_pitcher,1,3,2,0,0,0,0,1,0,1,1,0,0,2,1,0,No Line,0.0,none,-1,7,11,1,post,Final,Final,,,,,,,,,,,,,0,,,,,,none,846364
846596,2026-05-09,16:00,2026,Pericos de Puebla,Diablos Rojos del Mexico,Vladimir Gutierrez,James Kaprielian,661269.0,621076.0,statsapi_probable_pitcher,1,6,1,0,0,0,0,0,0,0,0,0,1,0,1,0,No Line,0.0,none,-1,11,8,1,post,Final,Final,,,,,,,,,,,,,0,,,,,,none,846596
846132,2026-05-09,17:00,2026,Caliente de Durango,Algodoneros Union Laguna,Joan Adon,Omar Araujo,672851.0,807586.0,statsapi_probable_pitcher,1,4,5,2,2,0,0,1,2,0,0,1,0,4,4,0,No Line,0.0,none,-1,7,11,1,post,Final,Final,,,,,,,,,,,,,0,,,,,,none,846132
846182,2026-05-09,17:00,2026,Guerreros de Oaxaca,Piratas de Campeche,Radhames Liz,Bobby Milacki,467785.0,673872.0,statsapi_probable_pitcher,1,5,8,0,4,2,0,0,0,0,1,1,2,3,7,0,No Line,0.0,none,-1,12,13,1,post,Final,Final,,,,,,,,,,,,,0,,,,,,none,846182
846406,2026-05-09,17:00,2026,Tecos de los Dos Laredos,Toros de Tijuana,Brandon Brennan,Adonis Medina,592165.0,658431.0,statsapi_probable_pitcher,1,1,3,0,0,0,0,0,0,1,0,0,1,1,1,0,No Line,0.0,none,-1,7,5,1,post,Final,Final,,,,,,,,,,,,,0,,,,,,none,846406
846411,2026-05-09,17:05,2026,Tecos de los Dos Laredos,Toros de Tijuana,,,,,statsapi_schedule,0,1,7,0,0,1,2,0,0,0,4,0,0,1,6,0,No Line,0.0,none,-1,2,8,1,post,Final,Final,,,,,,,,,,,,,0,,,,,,none,846411
845952,2026-05-09,18:00,2026,Charros de Jalisco,Rieleros de Aguascalientes,Luis Ivan Rodriguez,Greg Duncan,645179.0,827710.0,statsapi_probable_pitcher,1,3,9,0,0,0,2,0,1,0,0,0,2,0,5,0,No Line,0.0,none,-1,6,15,1,post,Final,Final,,,,,,,,,,,,,0,,,,,,none,845952
845997,2026-05-09,18:00,2026,Conspiradores de Queretaro,El Aguila de Veracruz,Luis Romero,Cristopher Molina,673603.0,650654.0,statsapi_probable_pitcher,1,10,5,0,0,1,0,4,1,0,0,2,0,7,1,0,No Line,0.0,none,-1,13,9,1,post,Final,Final,,,,,,,,,,,,,0,,,,,,none,845997
846267,2026-05-09,18:00,2026,Tigres de Quintana Roo,Olmecas de Tabasco,Melvi Acosta,Yoennis Yera,666673.0,661265.0,statsapi_probable_pitcher,1,8,7,0,1,1,1,4,1,0,0,2,1,7,4,0,No Line,0.0,none,-1,12,16,1,post,Final,Final,,,,,,,,,,,,,0,,,,,,none,846267
846228,2026-05-09,19:00,2026,Dorados de Chihuahua,Saraperos de Saltillo,Nick Struck,Zach Mort,572177.0,681817.0,statsapi_probable_pitcher,1,4,13,0,4,0,0,0,1,0,3,0,2,0,10,0,No Line,0.0,none,-1,7,16,1,post,Final,Final,,,,,,,,,,,,,0,,,,,,none,846228
846689,2026-05-09,19:00,2026,Leones de Yucatan,Bravos de Leon,Yoanner Negrin,Zac Lowther,594582.0,675912.0,statsapi_probable_pitcher,1,2,6,0,3,0,0,0,0,1,0,0,1,1,4,0,No Line,0.0,none,-1,7,11,1,post,Final,Final,,,,,,,,,,,,,0,,,,,,none,846689
846365,2026-05-09,19:45,2026,Acereros del Norte,Sultanes de Monterrey,Jake McSteen,Stephen Tarpley,701151.0,605501.0,statsapi_probable_pitcher,1,15,3,7,1,0,0,0,1,0,0,4,0,11,2,0,No Line,0.0,none,-1,15,11,1,post,Final,Final,,,,,,,,,,,,,0,,,,,,none,846365
846134,2026-05-10,14:00,2026,Caliente de Durango,Algodoneros Union Laguna,Odrisamer Despaigne,Ricardo Sanchez,628333.0,679429.0,statsapi_probable_pitcher,1,4,8,0,1,0,0,3,1,0,1,1,0,4,3,0,No Line,0.0,none,-1,9,13,1,post,Final,Final,,,,,,,,,,,,,0,,,,,,none,846134
846597,2026-05-10,14:00,2026,Pericos de Puebla,Diablos Rojos del Mexico,Fernando Lozano,Ricardo Pinto,683138.0,620982.0,statsapi_probable_pitcher,1,6,4,0,0,1,0,1,3,0,0,1,0,3,3,0,No Line,0.0,none,-1,10,4,1,post,Final,Final,,,,,,,,,,,,,0,,,,,,none,846597
846266,2026-05-10,16:00,2026,Tigres de Quintana Roo,Olmecas de Tabasco,Colton Eastman,Tyler Danish,663678.0,641501.0,statsapi_probable_pitcher,1,0,7,0,1,0,0,0,4,0,0,0,1,0,6,0,No Line,0.0,none,-1,5,13,1,post,Final,Final,,,,,,,,,,,,,0,,,,,,none,846266
845951,2026-05-10,17:00,2026,Charros de Jalisco,Rieleros de Aguascalientes,Luis Payan,,674478.0,,statsapi_probable_pitcher,1,7,5,0,0,0,0,0,0,0,1,1,4,1,5,0,No Line,0.0,none,-1,16,10,1,post,Final,Final,,,,,,,,,,,,,0,,,,,,none,845951
845998,2026-05-10,17:00,2026,Conspiradores de Queretaro,El Aguila de Veracruz,Esmil Rogers,Braulio Torres-Perez,469134.0,679001.0,statsapi_probable_pitcher,1,7,15,0,4,0,1,0,0,3,0,3,1,6,6,0,No Line,0.0,none,-1,10,15,1,post,Final,Final,,,,,,,,,,,,,0,,,,,,none,845998
846185,2026-05-10,17:00,2026,Guerreros de Oaxaca,Piratas de Campeche,Matt Givin,,676769.0,,statsapi_probable_pitcher,1,9,5,5,0,0,2,1,1,1,0,0,0,7,3,0,No Line,0.0,none,-1,11,9,1,post,Final,Final,,,,,,,,,,,,,0,,,,,,none,846185
846233,2026-05-10,18:00,2026,Dorados de Chihuahua,Saraperos de Saltillo,Devin Smeltzer,Wilmer Font,656970.0,521655.0,statsapi_probable_pitcher,1,3,0,2,0,0,0,0,0,0,0,0,0,2,0,0,No Line,0.0,none,-1,8,7,1,post,Final,Final,,,,,,,,,,,,,0,,,,,,none,846233
846361,2026-05-10,18:00,2026,Acereros del Norte,Sultanes de Monterrey,Jorge Tavarez,Nolan Kingham,664590.0,663884.0,statsapi_probable_pitcher,1,3,7,0,0,1,0,0,0,0,1,0,0,1,1,0,No Line,0.0,none,-1,7,6,1,post,Final,Final,,,,,,,,,,,,,0,,,,,,none,846361
846401,2026-05-10,18:00,2026,Tecos de los Dos Laredos,Toros de Tijuana,Daniel Mengden,Randy Wynne,596043.0,691094.0,statsapi_probable_pitcher,1,1,3,0,1,0,0,0,0,0,0,0,0,0,1,0,No Line,0.0,none,-1,11,9,1,post,Final,Final,,,,,,,,,,,,,0,,,,,,none,846401
846683,2026-05-10,18:00,2026,Leones de Yucatan,Bravos de Leon,Duane Underwood Jr.,Thaddeus Ward,621249.0,663658.0,statsapi_probable_pitcher,1,6,7,0,0,0,1,0,2,3,0,0,0,3,3,0,No Line,0.0,none,-1,10,17,1,post,Final,Final,,,,,,,,,,,,,0,,,,,,none,846683
846186,2026-05-11,19:00,2026,El Aguila de Veracruz,Guerreros de Oaxaca,Dinelson Lamet,Robert Dugger,659275.0,667498.0,statsapi_probable_pitcher,1,2,7,0,0,1,2,0,0,0,1,0,0,1,3,0,No Line,0.0,none,-1,9,6,1,post,Final,Final,,,,,,,,,,,,,0,,,,,,none,846186
846270,2026-05-12,18:30,2026,Tigres de Quintana Roo,Conspiradores de Queretaro,Brady Tedesco,Junior Guerra,805749.0,448855.0,statsapi_probable_pitcher,1,6,3,0,0,0,1,0,0,2,0,0,0,2,1,0,No Line,0.0,none,-1,10,5,1,post,Final,Final,,,,,,,,,,,,,0,,,,,,none,846270
846179,2026-05-12,19:00,2026,El Aguila de Veracruz,Guerreros de Oaxaca,Yorvin Pantoja,Tommy Romero,660671.0,676720.0,statsapi_probable_pitcher,1,2,3,0,0,0,0,0,0,1,2,0,1,1,3,0,No Line,0.0,none,-1,4,8,1,post,Final,Final,,,,,,,,,,,,,0,,,,,,none,846179
846549,2026-05-12,19:00,2026,Piratas de Campeche,Leones de Yucatan,Jon Olsen,César Valdez,663537.0,491624.0,statsapi_probable_pitcher,1,3,0,2,0,0,0,0,0,0,0,1,0,3,0,0,No Line,0.0,none,-1,8,5,1,post,Final,Final,,,,,,,,,,,,,0,,,,,,none,846549
846590,2026-05-12,19:00,2026,Pericos de Puebla,Bravos de Leon,Antonio Santos,Felipe Gonzalez,665733.0,542413.0,statsapi_probable_pitcher,1,12,2,2,0,1,0,0,0,1,0,3,0,7,0,0,No Line,0.0,none,-1,15,7,1,post,Final,Final,,,,,,,,,,,,,0,,,,,,none,846590
846322,2026-05-12,19:30,2026,Sultanes de Monterrey,Rieleros de Aguascalientes,Manny Banuelos,Oscar De La Cruz,544365.0,642601.0,statsapi_probable_pitcher,1,4,2,0,1,0,0,0,0,0,0,4,0,4,1,0,No Line,0.0,none,-1,10,4,1,post,Final,Final,,,,,,,,,,,,,0,,,,,,none,846322
846638,2026-05-12,19:30,2026,Saraperos de Saltillo,Charros de Jalisco,Manny Barreda,Zach Plesac,518435.0,668676.0,statsapi_probable_pitcher,1,4,3,0,1,0,0,1,0,0,0,1,0,2,1,0,No Line,0.0,none,-1,11,8,1,post,Final,Final,,,,,,,,,,,,,0,,,,,,none,846638
846738,2026-05-12,19:30,2026,Algodoneros Union Laguna,Tecos de los Dos Laredos,Jaime Barria,Tyler Ivey,642545.0,663959.0,statsapi_probable_pitcher,1,4,7,0,2,0,0,0,0,0,0,0,3,0,5,0,No Line,0.0,none,-1,8,14,1,post,Final,Final,,,,,,,,,,,,,0,,,,,,none,846738
846785,2026-05-12,19:30,2026,Olmecas de Tabasco,Diablos Rojos del Mexico,Austin Warner,Luis F. Castillo,677369.0,622379.0,statsapi_probable_pitcher,1,4,2,0,0,0,0,1,1,0,0,2,0,3,1,0,No Line,0.0,none,-1,9,5,1,post,Final,Final,,,,,,,,,,,,,0,,,,,,none,846785
846088,2026-05-12,20:35,2026,Toros de Tijuana,Dorados de Chihuahua,Adonis Medina,Emilio Vargas,658431.0,642496.0,statsapi_probable_pitcher,1,5,4,2,0,0,1,0,0,0,0,0,0,2,1,0,No Line,0.0,none,-1,9,9,1,post,Final,Final,,,,,,,,,,,,,0,,,,,,none,846088
846129,2026-05-13,17:00,2026,Caliente de Durango,Acereros del Norte,Jorge Garcia,Amilcar Carreon,683517.0,840328.0,statsapi_probable_pitcher,1,0,12,0,1,0,4,0,0,0,2,0,0,0,7,0,No Line,0.0,none,-1,3,15,1,post,Final,Final,,,,,,,,,,,,,0,,,,,,none,846129
846272,2026-05-13,17:30,2026,Tigres de Quintana Roo,Conspiradores de Queretaro,Darius Vines,Tyler Alexander,670241.0,622066.0,statsapi_probable_pitcher,1,4,3,0,0,0,2,0,0,0,0,0,1,0,3,0,No Line,0.0,none,-1,6,6,1,post,Final,Final,,,,,,,,,,,,,0,,,,,,none,846272
846184,2026-05-13,19:00,2026,El Aguila de Veracruz,Guerreros de Oaxaca,Jonathan Bermúdez,Alemao Hernandez,642834.0,672598.0,statsapi_probable_pitcher,1,9,6,0,0,1,2,0,0,5,0,0,0,6,2,0,No Line,0.0,none,-1,14,13,1,post,Final,Final,,,,,,,,,,,,,0,,,,,,none,846184
846550,2026-05-13,19:00,2026,Piratas de Campeche,Leones de Yucatan,Sean Nolin,Ronnie Williams,543594.0,657122.0,statsapi_probable_pitcher,1,2,6,0,0,0,0,0,0,1,3,1,0,2,3,0,No Line,0.0,none,-1,9,10,1,post,Final,Final,,,,,,,,,,,,,0,,,,,,none,846550
846589,2026-05-13,19:00,2026,Pericos de Puebla,Bravos de Leon,Jose E. Martinez,Jeff Lindgren,672866.0,689167.0,statsapi_probable_pitcher,1,7,5,0,0,0,0,3,0,0,0,0,0,3,0,0,No Line,0.0,none,-1,14,13,1,post,Final,Final,,,,,,,,,,,,,0,,,,,,none,846589
846137,2026-05-13,19:10,2026,Caliente de Durango,Acereros del Norte,Félix Doubront,Wilmer Rios,467094.0,658140.0,statsapi_probable_pitcher,1,6,0,0,0,0,0,4,0,0,0,1,0,5,0,0,No Line,0.0,none,-1,10,5,1,post,Final,Final,,,,,,,,,,,,,0,,,,,,none,846137
846315,2026-05-13,19:30,2026,Sultanes de Monterrey,Rieleros de Aguascalientes,Stephen Tarpley,Jose Carlos Medina,605501.0,642375.0,statsapi_probable_pitcher,1,10,0,7,0,0,0,1,0,0,0,0,0,8,0,0,No Line,0.0,none,-1,10,0,1,post,Final,Final,,,,,,,,,,,,,0,,,,,,none,846315
846637,2026-05-13,19:30,2026,Saraperos de Saltillo,Charros de Jalisco,Erich Uelmen,Cesar Gomez,657272.0,685461.0,statsapi_probable_pitcher,1,10,4,1,0,1,0,2,1,0,0,4,0,8,1,0,No Line,0.0,none,-1,15,8,1,post,Final,Final,,,,,,,,,,,,,0,,,,,,none,846637
846736,2026-05-13,19:30,2026,Algodoneros Union Laguna,Tecos de los Dos Laredos,Aldo Montes,Nate Antone,594105.0,802591.0,statsapi_probable_pitcher,1,3,5,0,1,2,3,0,0,0,0,0,0,2,4,0,No Line,0.0,none,-1,8,8,1,post,Final,Final,,,,,,,,,,,,,0,,,,,,none,846736
846783,2026-05-13,19:30,2026,Olmecas de Tabasco,Diablos Rojos del Mexico,Jeremy Rhoades,Michael Mariot,656889.0,592527.0,statsapi_probable_pitcher,1,10,4,4,0,1,1,1,2,3,0,1,0,10,3,0,No Line,0.0,none,-1,11,8,1,post,Final,Final,,,,,,,,,,,,,0,,,,,,none,846783
846093,2026-05-13,20:35,2026,Toros de Tijuana,Dorados de Chihuahua,Daniel Martinez,Caleb Smith,681979.0,592761.0,statsapi_probable_pitcher,1,6,1,0,0,0,0,4,0,0,0,0,0,4,0,0,No Line,0.0,none,-1,11,8,1,post,Final,Final,,,,,,,,,,,,,0,,,,,,none,846093
846265,2026-05-14,17:30,2026,Tigres de Quintana Roo,Conspiradores de Queretaro,,Tyler Viza,,643588.0,statsapi_probable_pitcher,1,3,4,0,0,0,1,1,1,0,0,1,0,2,2,0,No Line,0.0,none,-1,9,8,1,post,Final,Final,,,,,,,,,,,,,0,,,,,,none,846265
846545,2026-05-14,19:00,2026,Piratas de Campeche,Leones de Yucatan,R.J. Martinez,Yoanner Negrin,801994.0,594582.0,statsapi_probable_pitcher,1,3,6,0,0,2,0,1,0,0,2,0,0,3,2,0,No Line,0.0,none,-1,9,10,1,post,Final,Final,,,,,,,,,,,,,0,,,,,,none,846545
846584,2026-05-14,19:00,2026,Pericos de Puebla,Bravos de Leon,Cameron Gann,Jonah Dipoto,665105.0,665167.0,statsapi_probable_pitcher,1,8,7,3,2,1,1,2,0,0,0,0,3,6,6,0,No Line,0.0,none,-1,11,9,1,post,Final,Final,,,,,,,,,,,,,0,,,,,,none,846584
846133,2026-05-14,19:10,2026,Caliente de Durango,Acereros del Norte,Elian Leyva,Jackson Goddard,673140.0,680725.0,statsapi_probable_pitcher,1,7,16,1,0,4,0,0,1,1,2,0,5,6,8,0,No Line,0.0,none,-1,9,20,1,post,Final,Final,,,,,,,,,,,,,0,,,,,,none,846133
846316,2026-05-14,19:30,2026,Sultanes de Monterrey,Rieleros de Aguascalientes,Justus Sheffield,Ronald Medrano,656954.0,642574.0,statsapi_probable_pitcher,1,4,2,0,0,1,1,1,0,0,0,1,0,3,1,0,No Line,0.0,none,-1,9,8,1,post,Final,Final,,,,,,,,,,,,,0,,,,,,none,846316
846643,2026-05-14,19:30,2026,Saraperos de Saltillo,Charros de Jalisco,Cam Alldred,Kurt Heyer,682027.0,571776.0,statsapi_probable_pitcher,1,2,10,0,1,0,0,0,1,0,2,0,0,0,4,0,No Line,0.0,none,-1,7,17,1,post,Final,Final,,,,,,,,,,,,,0,,,,,,none,846643
846737,2026-05-14,19:30,2026,Algodoneros Union Laguna,Tecos de los Dos Laredos,Touki Toussaint,Adrian De Horta,657053.0,641506.0,statsapi_probable_pitcher,1,4,5,0,2,0,1,0,0,0,0,2,0,2,3,0,No Line,0.0,none,-1,8,9,1,post,Final,Final,,,,,,,,,,,,,0,,,,,,none,846737
846784,2026-05-14,19:30,2026,Olmecas de Tabasco,Diablos Rojos del Mexico,Evan Grills,,592361.0,,statsapi_probable_pitcher,1,6,5,0,0,0,0,4,1,0,1,0,2,4,4,0,No Line,0.0,none,-1,8,14,1,post,Final,Final,,,,,,,,,,,,,0,,,,,,none,846784
846085,2026-05-14,20:35,2026,Toros de Tijuana,Dorados de Chihuahua,David Reyes,Drew Parrish,547862.0,669283.0,statsapi_probable_pitcher,1,7,6,0,0,0,0,0,1,6,0,0,0,6,1,0,No Line,0.0,none,-1,12,9,1,post,Final,Final,,,,,,,,,,,,,0,,,,,,none,846085
845994,2026-05-15,19:00,2026,Conspiradores de Queretaro,Bravos de Leon,Luis Romero,Zac Lowther,673603.0,675912.0,statsapi_probable_pitcher,1,12,11,2,0,0,0,2,0,0,2,2,2,6,4,0,No Line,0.0,none,-1,18,15,1,post,Final,Final,,,,,,,,,,,,,0,,,,,,none,845994
846043,2026-05-15,19:00,2026,El Aguila de Veracruz,Pericos de Puebla,Cristopher Molina,Vladimir Gutierrez,650654.0,661269.0,statsapi_probable_pitcher,1,3,2,0,0,0,0,0,0,0,0,1,2,1,2,0,No Line,0.0,none,-1,8,6,1,post,Final,Final,,,,,,,,,,,,,0,,,,,,none,846043
846404,2026-05-15,19:00,2026,Tecos de los Dos Laredos,Dorados de Chihuahua,Dario Gardea,Nick Struck,677915.0,572177.0,statsapi_probable_pitcher,1,8,7,2,0,0,1,1,0,1,0,0,0,4,1,0,No Line,0.0,none,-1,17,7,1,post,Final,Final,,,,,,,,,,,,,0,,,,,,none,846404
846447,2026-05-15,19:00,2026,Diablos Rojos del Mexico,Tigres de Quintana Roo,James Kaprielian,,621076.0,,statsapi_probable_pitcher,1,14,5,3,0,0,0,6,1,0,0,0,0,9,1,0,No Line,0.0,none,-1,16,6,1,post,Final,Final,,,,,,,,,,,,,0,,,,,,none,846447
846128,2026-05-15,19:10,2026,Caliente de Durango,Rieleros de Aguascalientes,Joan Adon,Greg Duncan,672851.0,827710.0,statsapi_probable_pitcher,1,7,6,0,0,0,0,0,0,1,0,0,0,1,0,0,No Line,0.0,none,-1,10,13,1,post,Final,Final,,,,,,,,,,,,,0,,,,,,none,846128
846309,2026-05-15,19:30,2026,Sultanes de Monterrey,Algodoneros Union Laguna,Yohander Méndez,Lupe Chavez,622795.0,660826.0,statsapi_probable_pitcher,1,3,5,1,0,1,0,0,1,0,0,0,4,2,5,0,No Line,0.0,none,-1,7,9,1,post,Final,Final,,,,,,,,,,,,,0,,,,,,none,846309
846682,2026-05-15,19:30,2026,Leones de Yucatan,Guerreros de Oaxaca,Brandon Brennan,Luis Miranda,592165.0,642532.0,statsapi_probable_pitcher,1,0,2,0,1,0,0,0,0,0,0,0,0,0,1,0,No Line,0.0,none,-1,5,6,1,post,Final,Final,,,,,,,,,,,,,0,,,,,,none,846682
846778,2026-05-15,19:30,2026,Olmecas de Tabasco,Piratas de Campeche,Luis Cessa,Bobby Milacki,570666.0,673872.0,statsapi_probable_pitcher,1,6,1,2,0,1,1,3,0,0,0,0,0,6,1,0,No Line,0.0,none,-1,12,7,1,post,Final,Final,,,,,,,,,,,,,0,,,,,,none,846778
846362,2026-05-15,19:45,2026,Acereros del Norte,Charros de Jalisco,Jake McSteen,Luis Ivan Rodriguez,701151.0,645179.0,statsapi_probable_pitcher,1,3,10,1,0,0,0,0,2,0,7,1,0,2,9,0,No Line,0.0,none,-1,9,13,1,post,Final,Final,,,,,,,,,,,,,0,,,,,,none,846362
846078,2026-05-15,20:35,2026,Toros de Tijuana,Saraperos de Saltillo,Noah Skirrow,Zach Mort,659418.0,681817.0,statsapi_probable_pitcher,1,5,4,0,0,0,0,0,0,0,0,5,1,5,1,0,No Line,0.0,none,-1,5,10,1,post,Final,Final,,,,,,,,,,,,,0,,,,,,none,846078
846448,2026-05-16,16:00,2026,Diablos Rojos del Mexico,Tigres de Quintana Roo,Ricardo Pinto,Colton Eastman,620982.0,663678.0,statsapi_probable_pitcher,1,10,7,0,0,0,0,5,1,0,1,0,0,5,2,0,No Line,0.0,none,-1,11,11,1,post,Final,Final,,,,,,,,,,,,,0,,,,,,none,846448
846314,2026-05-16,17:00,2026,Sultanes de Monterrey,Algodoneros Union Laguna,Nolan Kingham,Ricardo Sanchez,663884.0,679429.0,statsapi_probable_pitcher,1,1,4,0,0,0,0,1,1,0,0,0,0,1,1,0,No Line,0.0,none,-1,10,9,1,post,Final,Final,,,,,,,,,,,,,0,,,,,,none,846314
845995,2026-05-16,18:00,2026,Conspiradores de Queretaro,Bravos de Leon,Esmil Rogers,Thaddeus Ward,469134.0,663658.0,statsapi_probable_pitcher,1,6,11,0,2,0,0,1,1,0,0,0,0,1,3,0,No Line,0.0,none,-1,7,21,1,post,Final,Final,,,,,,,,,,,,,0,,,,,,none,845995
846039,2026-05-16,18:00,2026,El Aguila de Veracruz,Pericos de Puebla,Braulio Torres-Perez,Fernando Lozano,679001.0,683138.0,statsapi_probable_pitcher,1,5,3,1,0,0,2,0,1,1,0,0,0,2,3,0,No Line,0.0,none,-1,7,8,1,post,Final,Final,,,,,,,,,,,,,0,,,,,,none,846039
846402,2026-05-16,18:30,2026,Tecos de los Dos Laredos,Dorados de Chihuahua,Daniel Mengden,Devin Smeltzer,596043.0,656970.0,statsapi_probable_pitcher,1,7,5,0,1,0,0,0,1,0,0,3,0,3,2,0,No Line,0.0,none,-1,14,11,1,post,Final,Final,,,,,,,,,,,,,0,,,,,,none,846402
846681,2026-05-16,19:00,2026,Leones de Yucatan,Guerreros de Oaxaca,Tyler Duffey,Radhames Liz,608648.0,467785.0,statsapi_probable_pitcher,1,3,10,1,3,0,0,0,0,0,0,0,0,1,3,0,No Line,0.0,none,-1,10,16,1,post,Final,Final,,,,,,,,,,,,,0,,,,,,none,846681
846782,2026-05-16,19:00,2026,Olmecas de Tabasco,Piratas de Campeche,Tyler Danish,Onelki Garcia,641501.0,607162.0,statsapi_probable_pitcher,1,7,12,0,0,4,3,0,0,1,4,0,0,5,7,0,No Line,0.0,none,-1,10,19,1,post,Final,Final,,,,,,,,,,,,,0,,,,,,none,846782
846080,2026-05-16,19:05,2026,Toros de Tijuana,Saraperos de Saltillo,Randy Wynne,Wilmer Font,691094.0,521655.0,statsapi_probable_pitcher,1,0,3,0,1,0,0,0,0,0,0,0,0,0,1,0,No Line,0.0,none,-1,4,8,1,post,Final,Final,,,,,,,,,,,,,0,,,,,,none,846080
846135,2026-05-16,19:05,2026,Caliente de Durango,Rieleros de Aguascalientes,Odrisamer Despaigne,,628333.0,,statsapi_probable_pitcher,1,20,6,0,0,6,1,0,2,2,0,1,2,9,5,0,No Line,0.0,none,-1,23,12,1,post,Final,Final,,,,,,,,,,,,,0,,,,,,none,846135
846363,2026-05-16,19:45,2026,Acereros del Norte,Charros de Jalisco,Jorge Tavarez,Zac Grotz,664590.0,665093.0,statsapi_probable_pitcher,1,2,9,0,3,0,0,0,0,0,0,1,0,1,3,0,No Line,0.0,none,-1,8,11,1,post,Final,Final,,,,,,,,,,,,,0,,,,,,none,846363
846130,2026-05-17,14:00,2026,Caliente de Durango,Rieleros de Aguascalientes,Jorge Garcia,Oscar De La Cruz,683517.0,642601.0,statsapi_probable_pitcher,1,11,7,3,0,1,0,0,0,0,5,2,0,6,5,0,No Line,0.0,none,-1,12,11,1,post,Final,Final,,,,,,,,,,,,,0,,,,,,none,846130
846449,2026-05-17,14:00,2026,Diablos Rojos del Mexico,Tigres de Quintana Roo,Luis F. Castillo,Brady Tedesco,622379.0,805749.0,statsapi_probable_pitcher,1,15,7,5,0,0,0,0,0,0,0,1,0,6,0,0,No Line,0.0,none,-1,14,8,1,post,Final,Final,,,,,,,,,,,,,0,,,,,,none,846449
845992,2026-05-17,17:00,2026,Conspiradores de Queretaro,Bravos de Leon,Junior Guerra,Felipe Gonzalez,448855.0,542413.0,statsapi_probable_pitcher,1,7,10,0,2,0,5,5,0,0,1,0,0,5,8,0,No Line,0.0,none,-1,14,11,1,post,Final,Final,,,,,,,,,,,,,0,,,,,,none,845992
846313,2026-05-17,17:00,2026,Sultanes de Monterrey,Algodoneros Union Laguna,Manny Banuelos,Jaime Barria,544365.0,642545.0,statsapi_probable_pitcher,1,3,1,0,1,0,0,0,0,0,0,0,0,0,1,0,No Line,0.0,none,-1,11,4,1,post,Final,Final,,,,,,,,,,,,,0,,,,,,none,846313
846044,2026-05-17,18:00,2026,El Aguila de Veracruz,Pericos de Puebla,Dinelson Lamet,Antonio Santos,659275.0,665733.0,statsapi_probable_pitcher,1,2,3,0,0,0,0,0,0,0,2,0,0,0,2,0,No Line,0.0,none,-1,5,5,1,post,Final,Final,,,,,,,,,,,,,0,,,,,,none,846044
846358,2026-05-17,18:00,2026,Acereros del Norte,Charros de Jalisco,Amilcar Carreon,Luis Payan,840328.0,674478.0,statsapi_probable_pitcher,1,6,9,0,0,0,0,0,0,0,1,0,3,0,4,0,No Line,0.0,none,-1,12,14,1,post,Final,Final,,,,,,,,,,,,,0,,,,,,none,846358
846403,2026-05-17,18:00,2026,Tecos de los Dos Laredos,Dorados de Chihuahua,Tyler Ivey,Emilio Vargas,663959.0,642496.0,statsapi_probable_pitcher,1,3,1,0,0,0,0,0,0,0,0,0,0,0,0,0,No Line,0.0,none,-1,6,4,1,post,Final,Final,,,,,,,,,,,,,0,,,,,,none,846403
846684,2026-05-17,18:00,2026,Leones de Yucatan,Guerreros de Oaxaca,César Valdez,Matt Givin,491624.0,676769.0,statsapi_probable_pitcher,1,2,7,0,0,0,1,0,1,1,2,1,0,2,4,0,No Line,0.0,none,-1,6,12,1,post,Final,Final,,,,,,,,,,,,,0,,,,,,none,846684
846781,2026-05-17,18:00,2026,Olmecas de Tabasco,Piratas de Campeche,Austin Warner,Jon Olsen,677369.0,663537.0,statsapi_probable_pitcher,1,9,1,2,1,0,0,2,0,3,0,1,0,8,1,0,No Line,0.0,none,-1,14,6,1,post,Final,Final,,,,,,,,,,,,,0,,,,,,none,846781
846082,2026-05-17,19:05,2026,Toros de Tijuana,Saraperos de Saltillo,Adonis Medina,Manny Barreda,658431.0,518435.0,statsapi_probable_pitcher,1,5,1,0,0,0,1,0,0,0,0,5,0,5,1,0,No Line,0.0,none,-1,11,8,1,post,Final,Final,,,,,,,,,,,,,0,,,,,,none,846082
846839,2026-05-18,19:30,2026,Bravos de Leon,Diablos Rojos del Mexico,,,,,statsapi_schedule,0,9,16,4,1,0,4,1,6,2,0,0,0,7,11,0,No Line,0.0,none,-1,12,20,1,post,Final,Final,,,,,,,,,,,,,0,,,,,,none,846839
846264,2026-05-19,18:30,2026,Tigres de Quintana Roo,Guerreros de Oaxaca,Darius Vines,Alemao Hernandez,670241.0,672598.0,statsapi_probable_pitcher,1,2,5,0,0,0,0,0,0,0,0,0,0,0,0,0,No Line,0.0,none,-1,8,7,1,post,Final,Final,,,,,,,,,,,,,0,,,,,,none,846264
845993,2026-05-19,19:00,2026,Conspiradores de Queretaro,Leones de Yucatan,Tyler Alexander,Ronnie Williams,622066.0,657122.0,statsapi_probable_pitcher,1,6,5,0,0,1,0,0,1,1,0,2,3,4,4,0,No Line,0.0,none,-1,16,10,1,post,Final,Final,,,,,,,,,,,,,0,,,,,,none,845993
846217,2026-05-19,19:00,2026,Dorados de Chihuahua,Caliente de Durango,Caleb Smith,Jorge Sauceda,592761.0,703006.0,statsapi_probable_pitcher,1,4,1,1,0,0,0,1,0,1,1,1,0,4,1,0,No Line,0.0,none,-1,10,4,1,post,Final,Final,,,,,,,,,,,,,0,,,,,,none,846217
846551,2026-05-19,19:00,2026,Piratas de Campeche,El Aguila de Veracruz,Sean Nolin,Jonathan Bermúdez,543594.0,642834.0,statsapi_probable_pitcher,1,4,11,1,2,1,0,0,4,0,1,2,0,4,7,0,No Line,0.0,none,-1,10,13,1,post,Final,Final,,,,,,,,,,,,,0,,,,,,none,846551
846582,2026-05-19,19:00,2026,Pericos de Puebla,Olmecas de Tabasco,Jose E. Martinez,Jeremy Rhoades,672866.0,656889.0,statsapi_probable_pitcher,1,5,7,0,0,1,0,0,0,0,2,0,0,1,2,0,No Line,0.0,none,-1,9,14,1,post,Final,Final,,,,,,,,,,,,,0,,,,,,none,846582
845950,2026-05-19,19:30,2026,Charros de Jalisco,Toros de Tijuana,Zach Plesac,Daniel Martinez,668676.0,681979.0,statsapi_probable_pitcher,1,2,6,0,0,0,0,0,0,1,0,0,1,1,1,0,No Line,0.0,none,-1,5,7,1,post,Final,Final,,,,,,,,,,,,,0,,,,,,none,845950
846496,2026-05-19,19:30,2026,Rieleros de Aguascalientes,Tecos de los Dos Laredos,Ben Holmes,Cam Alldred,592411.0,682027.0,statsapi_probable_pitcher,1,8,3,0,1,3,0,3,0,2,0,0,0,8,1,0,No Line,0.0,none,-1,10,7,1,post,Final,Final,,,,,,,,,,,,,0,,,,,,none,846496
846640,2026-05-19,19:30,2026,Saraperos de Saltillo,Sultanes de Monterrey,Erich Uelmen,Stephen Tarpley,657272.0,605501.0,statsapi_probable_pitcher,1,5,2,0,0,1,0,0,0,0,1,1,0,2,1,0,No Line,0.0,none,-1,8,8,1,post,Final,Final,,,,,,,,,,,,,0,,,,,,none,846640
846734,2026-05-19,19:30,2026,Algodoneros Union Laguna,Acereros del Norte,Aldo Montes,Wilmer Rios,594105.0,658140.0,statsapi_probable_pitcher,1,15,10,7,0,4,0,0,0,1,0,3,3,15,3,0,No Line,0.0,none,-1,17,12,1,post,Final,Final,,,,,,,,,,,,,0,,,,,,none,846734
846840,2026-05-19,19:30,2026,Bravos de Leon,Diablos Rojos del Mexico,Gil Luna,Humberto Castellanos,669431.0,528748.0,statsapi_probable_pitcher,1,9,15,0,1,0,1,0,5,0,0,1,5,1,12,0,No Line,0.0,none,-1,13,15,1,post,Final,Final,,,,,,,,,,,,,0,,,,,,none,846840
846269,2026-05-20,18:30,2026,Tigres de Quintana Roo,Guerreros de Oaxaca,Melvi Acosta,Robert Dugger,666673.0,667498.0,statsapi_probable_pitcher,1,0,7,0,0,0,1,0,0,0,0,0,1,0,2,0,No Line,0.0,none,-1,5,8,1,post,Final,Final,,,,,,,,,,,,,0,,,,,,none,846269
845988,2026-05-20,19:00,2026,Conspiradores de Queretaro,Leones de Yucatan,Tyler Viza,Yoanner Negrin,643588.0,594582.0,statsapi_probable_pitcher,1,0,2,0,2,0,0,0,0,0,0,0,0,0,2,0,No Line,0.0,none,-1,5,9,1,post,Completed Early,Completed Early,,,,,,,,,,,,,0,,,,,,none,845988
846544,2026-05-20,19:00,2026,Piratas de Campeche,El Aguila de Veracruz,R.J. Martinez,Leonel Becerra,801994.0,840569.0,statsapi_probable_pitcher,1,9,3,0,0,2,2,0,0,0,0,1,0,3,2,0,No Line,0.0,none,-1,8,11,1,post,Final,Final,,,,,,,,,,,,,0,,,,,,none,846544
846581,2026-05-20,19:00,2026,Pericos de Puebla,Olmecas de Tabasco,,Evan Grills,,592361.0,statsapi_probable_pitcher,1,9,14,0,1,4,0,0,5,2,5,0,0,6,11,0,No Line,0.0,none,-1,13,24,1,post,Final,Final,,,,,,,,,,,,,0,,,,,,none,846581
845949,2026-05-20,19:30,2026,Charros de Jalisco,Toros de Tijuana,Cesar Gomez,David Reyes,685461.0,547862.0,statsapi_probable_pitcher,1,2,1,0,0,0,0,0,0,0,0,0,1,0,1,0,No Line,0.0,none,-1,7,6,1,post,Final,Final,,,,,,,,,,,,,0,,,,,,none,845949
846503,2026-05-20,19:30,2026,Rieleros de Aguascalientes,Tecos de los Dos Laredos,Ronald Medrano,Adrian De Horta,642574.0,641506.0,statsapi_probable_pitcher,1,5,8,0,0,0,0,1,0,0,1,3,4,4,5,0,No Line,0.0,none,-1,8,10,1,post,Final,Final,,,,,,,,,,,,,0,,,,,,none,846503
846639,2026-05-20,19:30,2026,Saraperos de Saltillo,Sultanes de Monterrey,,Justus Sheffield,,656954.0,statsapi_probable_pitcher,1,0,6,0,0,0,0,0,5,0,1,0,0,0,6,0,No Line,0.0,none,-1,3,12,1,post,Final,Final,,,,,,,,,,,,,0,,,,,,none,846639
846733,2026-05-20,19:30,2026,Algodoneros Union Laguna,Acereros del Norte,Touki Toussaint,Jackson Goddard,657053.0,680725.0,statsapi_probable_pitcher,1,3,5,0,0,1,0,0,0,1,2,1,2,3,4,0,No Line,0.0,none,-1,8,7,1,post,Final,Final,,,,,,,,,,,,,0,,,,,,none,846733
846841,2026-05-20,19:30,2026,Bravos de Leon,Diablos Rojos del Mexico,Zac Lowther,James Kaprielian,675912.0,621076.0,statsapi_probable_pitcher,1,14,4,0,0,7,2,5,0,0,1,1,0,13,3,0,No Line,0.0,none,-1,14,6,1,post,Final,Final,,,,,,,,,,,,,0,,,,,,none,846841
846216,2026-05-20,20:00,2026,Dorados de Chihuahua,Caliente de Durango,Gabriel Ponce,Elian Leyva,676362.0,673140.0,statsapi_probable_pitcher,1,4,1,0,0,0,0,0,0,0,0,1,0,1,0,0,No Line,0.0,none,-1,10,6,1,post,Final,Final,,,,,,,,,,,,,0,,,,,,none,846216
846268,2026-05-21,18:30,2026,Tigres de Quintana Roo,Guerreros de Oaxaca,,Tommy Romero,,676720.0,statsapi_probable_pitcher,1,1,5,0,4,0,0,0,0,1,0,0,0,1,4,0,No Line,0.0,none,-1,8,10,1,post,Final,Final,,,,,,,,,,,,,0,,,,,,none,846268
845989,2026-05-21,19:00,2026,Conspiradores de Queretaro,Leones de Yucatan,Luis Romero,Brandon Brennan,673603.0,592165.0,statsapi_probable_pitcher,1,9,8,1,3,0,2,1,0,0,0,0,0,2,5,0,No Line,0.0,none,-1,12,13,1,post,Final,Final,,,,,,,,,,,,,0,,,,,,none,845989
846543,2026-05-21,19:00,2026,Piratas de Campeche,El Aguila de Veracruz,Bobby Milacki,Cristopher Molina,673872.0,650654.0,statsapi_probable_pitcher,1,2,4,1,0,0,0,0,0,0,0,0,0,1,0,0,No Line,0.0,none,-1,8,9,1,post,Final,Final,,,,,,,,,,,,,0,,,,,,none,846543
846586,2026-05-21,19:00,2026,Pericos de Puebla,Olmecas de Tabasco,,,,,statsapi_schedule,0,6,11,0,2,1,0,4,4,0,0,0,0,5,6,0,No Line,0.0,none,-1,15,20,1,post,Final,Final,,,,,,,,,,,,,0,,,,,,none,846586
845946,2026-05-21,19:30,2026,Charros de Jalisco,Toros de Tijuana,Kurt Heyer,Noah Skirrow,571776.0,659418.0,statsapi_probable_pitcher,1,5,4,0,0,0,1,0,1,1,1,1,0,2,3,0,No Line,0.0,none,-1,9,11,1,post,Final,Final,,,,,,,,,,,,,0,,,,,,none,845946
846495,2026-05-21,19:30,2026,Rieleros de Aguascalientes,Tecos de los Dos Laredos,Greg Duncan,Nate Antone,827710.0,802591.0,statsapi_probable_pitcher,1,13,11,3,5,5,0,2,0,0,0,1,1,11,6,0,No Line,0.0,none,-1,16,15,1,post,Final,Final,,,,,,,,,,,,,0,,,,,,none,846495
846636,2026-05-21,19:30,2026,Saraperos de Saltillo,Sultanes de Monterrey,Zach Mort,Yohander Méndez,681817.0,622795.0,statsapi_probable_pitcher,1,6,2,0,0,2,0,0,2,4,0,0,0,6,2,0,No Line,0.0,none,-1,13,9,1,post,Final,Final,,,,,,,,,,,,,0,,,,,,none,846636
846732,2026-05-21,19:30,2026,Algodoneros Union Laguna,Acereros del Norte,,Jake McSteen,,701151.0,statsapi_probable_pitcher,1,2,6,2,0,0,0,0,0,0,4,0,0,2,4,0,No Line,0.0,none,-1,10,13,1,post,Final,Final,,,,,,,,,,,,,0,,,,,,none,846732
846221,2026-05-21,20:00,2026,Dorados de Chihuahua,Caliente de Durango,Gabriel Ynoa,Joan Adon,593679.0,672851.0,statsapi_probable_pitcher,1,5,9,0,3,0,1,0,1,0,0,0,0,0,5,0,No Line,0.0,none,-1,9,19,1,post,Final,Final,,,,,,,,,,,,,0,,,,,,none,846221
846038,2026-05-22,19:00,2026,El Aguila de Veracruz,Diablos Rojos del Mexico,Braulio Torres-Perez,Justin Courtney,679001.0,688896.0,statsapi_probable_pitcher,1,4,6,0,0,1,0,2,0,0,0,0,3,3,3,0,No Line,0.0,none,-1,11,10,1,post,Final,Final,,,,,,,,,,,,,0,,,,,,none,846038
846219,2026-05-22,19:00,2026,Dorados de Chihuahua,Acereros del Norte,Devin Smeltzer,,656970.0,,statsapi_probable_pitcher,1,3,5,1,0,0,3,0,1,0,0,0,0,1,4,0,No Line,0.0,none,-1,11,10,1,post,Final,Final,,,,,,,,,,,,,0,,,,,,none,846219
846585,2026-05-22,19:00,2026,Pericos de Puebla,Tigres de Quintana Roo,Fernando Lozano,Colton Eastman,683138.0,663678.0,statsapi_probable_pitcher,1,5,2,1,0,2,0,0,0,0,0,0,0,3,0,0,No Line,0.0,none,-1,10,8,1,post,Final,Final,,,,,,,,,,,,,0,,,,,,none,846585
845947,2026-05-22,19:30,2026,Charros de Jalisco,Tecos de los Dos Laredos,Luis Ivan Rodriguez,Daniel Mengden,645179.0,596043.0,statsapi_probable_pitcher,1,5,4,0,0,0,0,1,0,0,0,1,0,2,0,0,No Line,0.0,none,-1,9,11,1,post,Final,Final,,,,,,,,,,,,,0,,,,,,none,845947
846311,2026-05-22,19:30,2026,Sultanes de Monterrey,Caliente de Durango,Nolan Kingham,Odrisamer Despaigne,663884.0,628333.0,statsapi_probable_pitcher,1,6,0,3,0,0,0,0,0,0,0,0,0,3,0,0,No Line,0.0,none,-1,11,7,1,post,Final,Final,,,,,,,,,,,,,0,,,,,,none,846311
846486,2026-05-22,19:30,2026,Rieleros de Aguascalientes,Saraperos de Saltillo,Harol González,Wilmer Font,656083.0,521655.0,statsapi_probable_pitcher,1,8,6,1,2,4,0,0,0,2,0,0,0,7,2,0,No Line,0.0,none,-1,15,10,1,post,Final,Final,,,,,,,,,,,,,0,,,,,,none,846486
846685,2026-05-22,19:30,2026,Leones de Yucatan,Olmecas de Tabasco,Jared Wetherbee,Tyler Danish,695244.0,641501.0,statsapi_probable_pitcher,1,2,6,0,0,1,1,1,0,0,0,0,1,2,2,0,No Line,0.0,none,-1,7,14,1,post,Final,Final,,,,,,,,,,,,,0,,,,,,none,846685
846835,2026-05-22,19:30,2026,Bravos de Leon,Piratas de Campeche,Thaddeus Ward,Onelki Garcia,663658.0,607162.0,statsapi_probable_pitcher,1,21,1,0,0,5,0,6,1,7,0,3,0,21,1,0,No Line,0.0,none,-1,20,6,1,post,Final,Final,,,,,,,,,,,,,0,,,,,,none,846835
846079,2026-05-22,20:35,2026,Toros de Tijuana,Algodoneros Union Laguna,Randy Wynne,Ricardo Sanchez,691094.0,679429.0,statsapi_probable_pitcher,1,2,1,0,0,0,0,0,1,0,0,0,0,0,1,0,No Line,0.0,none,-1,8,7,1,post,Final,Final,,,,,,,,,,,,,0,,,,,,none,846079
846183,2026-05-23,16:00,2026,Guerreros de Oaxaca,Conspiradores de Queretaro,Radhames Liz,Junior Guerra,467785.0,448855.0,statsapi_probable_pitcher,1,17,3,0,1,0,0,9,1,0,0,0,1,9,3,0,No Line,0.0,none,-1,17,4,1,post,Final,Final,,,,,,,,,,,,,0,,,,,,none,846183
846587,2026-05-23,16:00,2026,Pericos de Puebla,Tigres de Quintana Roo,Antonio Santos,,665733.0,,statsapi_probable_pitcher,1,5,3,0,2,3,0,0,0,0,0,0,0,3,2,0,No Line,0.0,none,-1,12,5,1,post,Final,Final,,,,,,,,,,,,,0,,,,,,none,846587
846177,2026-05-23,16:05,2026,Guerreros de Oaxaca,Conspiradores de Queretaro,,,,,statsapi_schedule,0,8,4,0,0,2,0,0,1,0,1,4,1,6,3,0,No Line,0.0,none,-1,6,8,1,post,Final,Final,,,,,,,,,,,,,0,,,,,,none,846177
846308,2026-05-23,17:00,2026,Sultanes de Monterrey,Caliente de Durango,Manny Banuelos,Daniel Camarena,544365.0,547176.0,statsapi_probable_pitcher,1,8,1,0,0,3,0,1,0,0,0,4,0,8,0,0,No Line,0.0,none,-1,11,5,1,post,Final,Final,,,,,,,,,,,,,0,,,,,,none,846308
845948,2026-05-23,18:00,2026,Charros de Jalisco,Tecos de los Dos Laredos,Zac Grotz,Tyler Ivey,665093.0,663959.0,statsapi_probable_pitcher,1,4,12,2,0,0,0,0,0,0,0,0,1,2,1,0,No Line,0.0,none,-1,9,14,1,post,Final,Final,,,,,,,,,,,,,0,,,,,,none,845948
846046,2026-05-23,18:00,2026,El Aguila de Veracruz,Diablos Rojos del Mexico,Dinelson Lamet,Ricardo Pinto,659275.0,620982.0,statsapi_probable_pitcher,1,1,6,0,0,0,0,0,0,0,0,0,0,0,0,0,No Line,0.0,none,-1,4,9,1,post,Final,Final,,,,,,,,,,,,,0,,,,,,none,846046
846494,2026-05-23,18:00,2026,Rieleros de Aguascalientes,Saraperos de Saltillo,Oscar De La Cruz,Manny Barreda,642601.0,518435.0,statsapi_probable_pitcher,1,9,5,0,0,0,0,0,3,6,0,0,0,6,3,0,No Line,0.0,none,-1,11,9,1,post,Final,Final,,,,,,,,,,,,,0,,,,,,none,846494
846824,2026-05-23,18:00,2026,Bravos de Leon,Piratas de Campeche,Felipe Gonzalez,Joe Record,542413.0,682489.0,statsapi_probable_pitcher,1,2,5,2,0,0,0,0,3,0,0,0,0,2,3,0,No Line,0.0,none,-1,6,7,1,post,Final,Final,,,,,,,,,,,,,0,,,,,,none,846824
846220,2026-05-23,19:00,2026,Dorados de Chihuahua,Acereros del Norte,Emilio Vargas,Amilcar Carreon,642496.0,840328.0,statsapi_probable_pitcher,1,1,8,0,2,0,2,0,0,0,0,0,0,0,4,0,No Line,0.0,none,-1,9,12,1,post,Final,Final,,,,,,,,,,,,,0,,,,,,none,846220
846687,2026-05-23,19:00,2026,Leones de Yucatan,Olmecas de Tabasco,César Valdez,Austin Warner,491624.0,677369.0,statsapi_probable_pitcher,1,2,5,0,3,0,0,0,0,0,1,0,1,0,5,0,No Line,0.0,none,-1,4,12,1,post,Final,Final,,,,,,,,,,,,,0,,,,,,none,846687
846081,2026-05-23,19:05,2026,Toros de Tijuana,Algodoneros Union Laguna,Adonis Medina,Jaime Barria,658431.0,642545.0,statsapi_probable_pitcher,1,4,0,0,0,0,0,4,0,0,0,0,0,4,0,0,No Line,0.0,none,-1,12,4,1,post,Final,Final,,,,,,,,,,,,,0,,,,,,none,846081
846588,2026-05-24,14:00,2026,Pericos de Puebla,Tigres de Quintana Roo,Jose E. Martinez,Darius Vines,672866.0,670241.0,statsapi_probable_pitcher,1,6,9,2,0,0,3,3,0,0,0,0,3,5,6,0,No Line,0.0,none,-1,11,17,1,post,Final,Final,,,,,,,,,,,,,0,,,,,,none,846588
845944,2026-05-24,17:00,2026,Charros de Jalisco,Tecos de los Dos Laredos,Luis Payan,,674478.0,,statsapi_probable_pitcher,1,3,2,0,0,0,0,0,0,1,1,1,0,2,1,0,No Line,0.0,none,-1,7,3,1,post,Final,Final,,,,,,,,,,,,,0,,,,,,none,845944
846178,2026-05-24,17:00,2026,Guerreros de Oaxaca,Conspiradores de Queretaro,Matt Givin,Tyler Alexander,676769.0,622066.0,statsapi_probable_pitcher,1,11,5,1,0,3,0,3,0,0,1,0,0,7,1,0,No Line,0.0,none,-1,13,15,1,post,Final,Final,,,,,,,,,,,,,0,,,,,,none,846178
846310,2026-05-24,17:00,2026,Sultanes de Monterrey,Caliente de Durango,Stephen Tarpley,Jorge Sauceda,605501.0,703006.0,statsapi_probable_pitcher,1,6,5,0,0,2,0,0,0,0,0,0,2,2,2,0,No Line,0.0,none,-1,7,10,1,post,Final,Final,,,,,,,,,,,,,0,,,,,,none,846310
846042,2026-05-24,18:00,2026,El Aguila de Veracruz,Diablos Rojos del Mexico,Jonathan Bermúdez,Michael Mariot,642834.0,592527.0,statsapi_probable_pitcher,1,4,14,0,0,1,6,0,1,1,1,1,6,3,14,0,No Line,0.0,none,-1,7,14,1,post,Final,Final,,,,,,,,,,,,,0,,,,,,none,846042
846224,2026-05-24,18:00,2026,Dorados de Chihuahua,Acereros del Norte,Caleb Smith,Wilmer Rios,592761.0,658140.0,statsapi_probable_pitcher,1,4,13,3,0,0,1,0,3,0,0,0,0,3,4,0,No Line,0.0,none,-1,11,17,1,post,Final,Final,,,,,,,,,,,,,0,,,,,,none,846224
846490,2026-05-24,18:00,2026,Rieleros de Aguascalientes,Saraperos de Saltillo,,Erich Uelmen,,657272.0,statsapi_probable_pitcher,1,1,7,0,0,0,0,0,0,0,1,0,0,0,1,0,No Line,0.0,none,-1,10,13,1,post,Final,Final,,,,,,,,,,,,,0,,,,,,none,846490
846688,2026-05-24,18:00,2026,Leones de Yucatan,Olmecas de Tabasco,Ronnie Williams,Jacob Nix,657122.0,656798.0,statsapi_probable_pitcher,1,5,1,2,0,1,0,0,0,0,0,0,0,3,0,0,No Line,0.0,none,-1,6,6,1,post,Final,Final,,,,,,,,,,,,,0,,,,,,none,846688
846825,2026-05-24,18:00,2026,Bravos de Leon,Piratas de Campeche,Zac Lowther,Sean Nolin,675912.0,543594.0,statsapi_probable_pitcher,1,16,7,1,0,1,0,2,0,2,0,4,0,10,0,0,No Line,0.0,none,-1,20,8,1,post,Final,Final,,,,,,,,,,,,,0,,,,,,none,846825
846086,2026-05-24,19:05,2026,Toros de Tijuana,Algodoneros Union Laguna,Daniel Martinez,Aldo Montes,681979.0,594105.0,statsapi_probable_pitcher,1,3,2,0,1,1,0,1,0,0,1,0,0,2,2,0,No Line,0.0,none,-1,6,8,1,post,Final,Final,,,,,,,,,,,,,0,,,,,,none,846086
845945,2026-05-25,19:30,2026,Charros de Jalisco,Sultanes de Monterrey,,,,,statsapi_schedule,0,9,4,5,0,0,0,0,0,2,0,0,0,7,0,0,No Line,0.0,none,-1,10,10,1,post,Final,Final,,,,,,,,,,,,,0,,,,,,none,845945
845987,2026-05-26,19:00,2026,Conspiradores de Queretaro,Pericos de Puebla,Tyler Viza,Cleiverth Perez,643588.0,672558.0,statsapi_probable_pitcher,1,6,9,0,0,0,2,0,0,0,0,1,2,1,4,0,No Line,0.0,none,-1,13,16,1,post,Final,Final,,,,,,,,,,,,,0,,,,,,none,845987
846168,2026-05-26,19:00,2026,Guerreros de Oaxaca,Bravos de Leon,Alemao Hernandez,Jeff Lindgren,672598.0,689167.0,statsapi_probable_pitcher,1,6,9,0,0,0,0,0,0,1,1,0,3,1,4,0,No Line,0.0,none,-1,13,14,1,post,Final,Final,,,,,,,,,,,,,0,,,,,,none,846168
846405,2026-05-26,19:00,2026,Tecos de los Dos Laredos,Acereros del Norte,Adrian De Horta,Jackson Goddard,641506.0,680725.0,statsapi_probable_pitcher,1,3,7,0,0,3,2,0,1,0,0,0,0,3,3,0,No Line,0.0,none,-1,4,6,1,post,Final,Final,,,,,,,,,,,,,0,,,,,,none,846405
846542,2026-05-26,19:00,2026,Piratas de Campeche,Tigres de Quintana Roo,R.J. Martinez,Melvi Acosta,801994.0,666673.0,statsapi_probable_pitcher,1,1,4,0,0,0,0,0,4,0,0,0,0,0,4,0,No Line,0.0,none,-1,6,5,1,post,Final,Final,,,,,,,,,,,,,0,,,,,,none,846542
846121,2026-05-26,19:10,2026,Caliente de Durango,Saraperos de Saltillo,Joan Adon,Zach Mort,672851.0,681817.0,statsapi_probable_pitcher,1,5,2,0,0,0,1,5,0,0,0,0,0,5,1,0,No Line,0.0,none,-1,10,5,1,post,Final,Final,,,,,,,,,,,,,0,,,,,,none,846121
845943,2026-05-26,19:30,2026,Charros de Jalisco,Sultanes de Monterrey,Cesar Gomez,Alonso Becerra,685461.0,824049.0,statsapi_probable_pitcher,1,14,6,0,2,2,1,3,0,1,1,0,2,6,6,0,No Line,0.0,none,-1,20,6,1,post,Final,Final,,,,,,,,,,,,,0,,,,,,none,845943
846492,2026-05-26,19:30,2026,Rieleros de Aguascalientes,Toros de Tijuana,Ronald Medrano,David Reyes,642574.0,547862.0,statsapi_probable_pitcher,1,11,8,1,1,0,4,3,0,3,1,0,0,7,6,0,No Line,0.0,none,-1,16,14,1,post,Final,Final,,,,,,,,,,,,,0,,,,,,none,846492
846680,2026-05-26,19:30,2026,Leones de Yucatan,Diablos Rojos del Mexico,Yoanner Negrin,Humberto Castellanos,594582.0,528748.0,statsapi_probable_pitcher,1,1,2,1,0,0,0,0,2,0,0,0,0,1,2,0,No Line,0.0,none,-1,4,9,1,post,Final,Final,,,,,,,,,,,,,0,,,,,,none,846680
846729,2026-05-26,19:30,2026,Algodoneros Union Laguna,Dorados de Chihuahua,Touki Toussaint,Gabriel Ponce,657053.0,676362.0,statsapi_probable_pitcher,1,3,2,0,0,1,0,1,0,0,1,0,0,2,1,0,No Line,0.0,none,-1,7,9,1,post,Final,Final,,,,,,,,,,,,,0,,,,,,none,846729
846779,2026-05-26,19:30,2026,Olmecas de Tabasco,El Aguila de Veracruz,Jeremy Rhoades,,656889.0,,statsapi_probable_pitcher,1,15,0,6,0,1,0,2,0,0,0,0,0,9,0,0,No Line,0.0,none,-1,13,1,1,post,Final,Final,,,,,,,,,,,,,0,,,,,,none,846779
846400,2026-05-27,18:30,2026,Tecos de los Dos Laredos,Acereros del Norte,,Jake McSteen,,701151.0,statsapi_probable_pitcher,1,0,2,0,0,0,1,0,0,0,1,0,0,0,2,0,No Line,0.0,none,-1,5,9,1,post,Final,Final,,,,,,,,,,,,,0,,,,,,none,846400
845991,2026-05-27,19:00,2026,Conspiradores de Queretaro,Pericos de Puebla,Luis Romero,Fernando Lozano,673603.0,683138.0,statsapi_probable_pitcher,1,5,2,1,0,1,0,0,0,0,0,0,0,2,0,0,No Line,0.0,none,-1,8,5,1,post,Final,Final,,,,,,,,,,,,,0,,,,,,none,845991
846122,2026-05-27,19:10,2026,Caliente de Durango,Saraperos de Saltillo,Odrisamer Despaigne,Wilmer Font,628333.0,521655.0,statsapi_probable_pitcher,1,9,2,0,0,0,0,0,0,2,0,7,0,9,0,0,No Line,0.0,none,-1,12,6,1,post,Final,Final,,,,,,,,,,,,,0,,,,,,none,846122
845942,2026-05-27,19:30,2026,Charros de Jalisco,Sultanes de Monterrey,Kurt Heyer,Nolan Kingham,571776.0,663884.0,statsapi_probable_pitcher,1,5,2,0,0,0,0,0,0,0,0,0,0,0,0,0,No Line,0.0,none,-1,8,4,1,post,Final,Final,,,,,,,,,,,,,0,,,,,,none,845942
846493,2026-05-27,19:30,2026,Rieleros de Aguascalientes,Toros de Tijuana,Greg Duncan,Noah Skirrow,827710.0,659418.0,statsapi_probable_pitcher,1,5,9,0,0,0,0,1,2,1,0,0,1,2,3,0,No Line,0.0,none,-1,13,15,1,post,Final,Final,,,,,,,,,,,,,0,,,,,,none,846493
846730,2026-05-27,19:30,2026,Algodoneros Union Laguna,Dorados de Chihuahua,Dario Agrazal,Elian Leyva,642607.0,673140.0,statsapi_probable_pitcher,1,5,6,0,4,5,0,0,0,0,0,0,0,5,4,0,No Line,0.0,none,-1,8,15,1,post,Final,Final,,,,,,,,,,,,,0,,,,,,none,846730
846780,2026-05-27,19:30,2026,Olmecas de Tabasco,El Aguila de Veracruz,Evan Grills,,592361.0,,statsapi_probable_pitcher,1,5,4,3,0,0,2,0,0,0,0,0,1,3,3,0,No Line,0.0,none,-1,10,12,1,post,Final,Final,,,,,,,,,,,,,0,,,,,,none,846780
846175,2026-05-28,17:00,2026,Guerreros de Oaxaca,Bravos de Leon,Robert Dugger,Thaddeus Ward,667498.0,663658.0,statsapi_probable_pitcher,1,3,1,2,0,0,0,1,0,0,0,0,1,3,1,0,No Line,0.0,none,-1,7,3,1,post,Final,Final,,,,,,,,,,,,,0,,,,,,none,846175
846170,2026-05-28,17:05,2026,Guerreros de Oaxaca,Bravos de Leon,Tommy Romero,Nathanael Heredia,676720.0,678975.0,statsapi_probable_pitcher,1,5,6,0,0,2,0,0,3,0,0,0,0,2,3,0,No Line,0.0,none,-1,8,11,1,post,Final,Final,,,,,,,,,,,,,0,,,,,,none,846170
846675,2026-05-28,18:00,2026,Leones de Yucatan,Diablos Rojos del Mexico,Brandon Brennan,James Kaprielian,592165.0,621076.0,statsapi_probable_pitcher,1,6,5,0,1,2,0,3,0,1,0,0,0,6,1,0,No Line,0.0,none,-1,10,6,1,post,Final,Final,,,,,,,,,,,,,0,,,,,,none,846675
846679,2026-05-28,18:05,2026,Leones de Yucatan,Diablos Rojos del Mexico,Yohander Méndez,Ricardo Pinto,622795.0,620982.0,statsapi_probable_pitcher,1,5,6,0,0,0,3,0,0,0,0,5,0,5,3,0,No Line,0.0,none,-1,8,11,1,post,Final,Final,,,,,,,,,,,,,0,,,,,,none,846679
846392,2026-05-28,18:30,2026,Tecos de los Dos Laredos,Acereros del Norte,Daniel Mengden,Jorge Tavarez,596043.0,664590.0,statsapi_probable_pitcher,1,4,3,0,0,0,1,0,2,0,0,1,0,1,3,0,No Line,0.0,none,-1,7,12,1,post,Final,Final,,,,,,,,,,,,,0,,,,,,none,846392
845990,2026-05-28,19:00,2026,Conspiradores de Queretaro,Pericos de Puebla,Esmil Rogers,Alvery De Los Santos,469134.0,672461.0,statsapi_probable_pitcher,1,9,5,4,0,3,1,0,1,0,0,0,2,7,4,0,No Line,0.0,none,-1,15,13,1,post,Final,Final,,,,,,,,,,,,,0,,,,,,none,845990
846487,2026-05-28,19:30,2026,Rieleros de Aguascalientes,Toros de Tijuana,Harol González,Randy Wynne,656083.0,691094.0,statsapi_probable_pitcher,1,7,2,1,0,0,0,0,0,1,0,4,0,6,0,0,No Line,0.0,none,-1,12,7,1,post,Final,Final,,,,,,,,,,,,,0,,,,,,none,846487
846728,2026-05-28,19:30,2026,Algodoneros Union Laguna,Dorados de Chihuahua,Ricardo Sanchez,Nick Struck,679429.0,572177.0,statsapi_probable_pitcher,1,8,6,0,1,0,1,0,0,0,0,2,0,2,2,0,No Line,0.0,none,-1,11,13,1,post,Final,Final,,,,,,,,,,,,,0,,,,,,none,846728
846773,2026-05-28,19:30,2026,Olmecas de Tabasco,El Aguila de Veracruz,Tyler Danish,Gabriel Ynoa,641501.0,593679.0,statsapi_probable_pitcher,1,4,3,0,0,0,2,1,0,0,0,0,1,1,3,0,No Line,0.0,none,-1,9,10,1,post,Final,Final,,,,,,,,,,,,,0,,,,,,none,846773
846031,2026-05-29,19:00,2026,El Aguila de Veracruz,Leones de Yucatan,Dinelson Lamet,Jared Wetherbee,659275.0,695244.0,statsapi_probable_pitcher,1,4,3,0,0,0,0,2,0,0,0,0,0,2,0,0,No Line,0.0,none,-1,9,3,1,post,Final,Final,,,,,,,,,,,,,0,,,,,,none,846031
846218,2026-05-29,19:00,2026,Dorados de Chihuahua,Rieleros de Aguascalientes,Emilio Vargas,Oscar De La Cruz,642496.0,642601.0,statsapi_probable_pitcher,1,4,1,0,0,2,0,1,1,0,0,0,0,3,1,0,No Line,0.0,none,-1,10,5,1,post,Final,Final,,,,,,,,,,,,,0,,,,,,none,846218
846450,2026-05-29,19:00,2026,Diablos Rojos del Mexico,Conspiradores de Queretaro,Justin Courtney,Junior Guerra,688896.0,448855.0,statsapi_probable_pitcher,1,19,7,2,0,1,1,3,0,5,1,0,4,11,6,0,No Line,0.0,none,-1,20,12,1,post,Final,Final,,,,,,,,,,,,,0,,,,,,none,846450
846583,2026-05-29,19:00,2026,Pericos de Puebla,Piratas de Campeche,Antonio Santos,Joe Record,665733.0,682489.0,statsapi_probable_pitcher,1,5,2,0,0,0,0,0,0,3,0,1,0,4,0,0,No Line,0.0,none,-1,9,5,1,post,Final,Final,,,,,,,,,,,,,0,,,,,,none,846583
846120,2026-05-29,19:10,2026,Caliente de Durango,Tecos de los Dos Laredos,Devin Smeltzer,Tyler Ivey,656970.0,663959.0,statsapi_probable_pitcher,1,12,5,2,1,5,0,0,1,1,0,0,0,8,2,0,No Line,0.0,none,-1,13,12,1,post,Final,Final,,,,,,,,,,,,,0,,,,,,none,846120
846727,2026-05-29,19:30,2026,Algodoneros Union Laguna,Charros de Jalisco,Jaime Barria,Luis Ivan Rodriguez,642545.0,645179.0,statsapi_probable_pitcher,1,9,10,2,1,0,1,1,3,0,3,0,0,3,8,0,No Line,0.0,none,-1,10,14,1,post,Final,Final,,,,,,,,,,,,,0,,,,,,none,846727
846823,2026-05-29,19:30,2026,Bravos de Leon,Tigres de Quintana Roo,Felipe Gonzalez,Collin Wiles,542413.0,621079.0,statsapi_probable_pitcher,1,6,11,1,2,0,0,2,1,0,2,0,0,3,5,0,No Line,0.0,none,-1,10,18,1,post,Final,Final,,,,,,,,,,,,,0,,,,,,none,846823
846360,2026-05-29,19:45,2026,Acereros del Norte,Saraperos de Saltillo,A.J. Candelario,Bryant Salgado,668826.0,687560.0,statsapi_probable_pitcher,1,1,4,0,0,0,0,0,0,0,0,0,2,0,2,0,No Line,0.0,none,-1,5,10,1,post,Final,Final,,,,,,,,,,,,,0,,,,,,none,846360
846774,2026-05-29,20:00,2026,Olmecas de Tabasco,Guerreros de Oaxaca,Austin Warner,,677369.0,,statsapi_probable_pitcher,1,3,2,1,0,0,0,1,0,0,0,0,0,2,0,0,No Line,0.0,none,-1,8,6,1,post,Final,Final,,,,,,,,,,,,,0,,,,,,none,846774
846084,2026-05-29,20:35,2026,Toros de Tijuana,Sultanes de Monterrey,Adonis Medina,Manny Banuelos,658431.0,544365.0,statsapi_probable_pitcher,1,0,2,0,0,0,0,0,0,0,2,0,0,0,2,0,No Line,0.0,none,-1,2,2,1,post,Final,Final,,,,,,,,,,,,,0,,,,,,none,846084
846456,2026-05-30,16:00,2026,Diablos Rojos del Mexico,Conspiradores de Queretaro,Michael Mariot,Tyler Alexander,592527.0,622066.0,statsapi_probable_pitcher,1,8,7,0,1,0,0,0,5,2,0,3,0,5,6,0,No Line,0.0,none,-1,15,15,1,post,Final,Final,,,,,,,,,,,,,0,,,,,,none,846456
846575,2026-05-30,16:00,2026,Pericos de Puebla,Piratas de Campeche,Vladimir Gutierrez,Bobby Milacki,661269.0,673872.0,statsapi_probable_pitcher,1,5,9,0,2,0,0,0,2,0,0,1,0,1,4,0,No Line,0.0,none,-1,11,11,1,post,Final,Final,,,,,,,,,,,,,0,,,,,,none,846575
846029,2026-05-30,18:00,2026,El Aguila de Veracruz,Leones de Yucatan,Jonathan Bermúdez,Ronnie Williams,642834.0,657122.0,statsapi_probable_pitcher,1,2,3,0,0,0,0,0,3,1,0,1,0,2,3,0,No Line,0.0,none,-1,6,8,1,post,Final,Final,,,,,,,,,,,,,0,,,,,,none,846029
846826,2026-05-30,18:00,2026,Bravos de Leon,Tigres de Quintana Roo,Zac Lowther,Moises Diaz,675912.0,681626.0,statsapi_probable_pitcher,1,5,1,0,0,4,0,0,0,0,0,0,0,4,0,0,No Line,0.0,none,-1,13,7,1,post,Final,Final,,,,,,,,,,,,,0,,,,,,none,846826
846725,2026-05-30,18:30,2026,Algodoneros Union Laguna,Charros de Jalisco,Aldo Montes,Zac Grotz,594105.0,665093.0,statsapi_probable_pitcher,1,4,8,0,1,0,3,0,0,1,0,0,0,1,4,0,No Line,0.0,none,-1,5,12,1,post,Final,Final,,,,,,,,,,,,,0,,,,,,none,846725
846222,2026-05-30,19:00,2026,Dorados de Chihuahua,Rieleros de Aguascalientes,Caleb Smith,Ben Holmes,592761.0,592411.0,statsapi_probable_pitcher,1,8,16,2,0,2,1,0,0,3,5,1,2,8,8,0,No Line,0.0,none,-1,17,21,1,post,Final,Final,,,,,,,,,,,,,0,,,,,,none,846222
846772,2026-05-30,19:00,2026,Olmecas de Tabasco,Guerreros de Oaxaca,Jacob Nix,Radhames Liz,656798.0,467785.0,statsapi_probable_pitcher,1,6,3,0,0,0,0,0,0,1,0,0,0,1,0,0,No Line,0.0,none,-1,13,9,1,post,Final,Final,,,,,,,,,,,,,0,,,,,,none,846772
846119,2026-05-30,19:05,2026,Caliente de Durango,Tecos de los Dos Laredos,Jorge Sauceda,Cam Alldred,703006.0,682027.0,statsapi_probable_pitcher,1,3,2,0,1,0,1,1,0,0,0,0,0,1,2,0,No Line,0.0,none,-1,6,7,1,post,Final,Final,,,,,,,,,,,,,0,,,,,,none,846119
846353,2026-05-30,19:45,2026,Acereros del Norte,Saraperos de Saltillo,Amilcar Carreon,Erich Uelmen,840328.0,657272.0,statsapi_probable_pitcher,1,4,5,0,0,0,0,0,0,2,0,0,0,2,0,0,No Line,0.0,none,-1,9,15,1,post,Final,Final,,,,,,,,,,,,,0,,,,,,none,846353
846083,2026-05-30,20:05,2026,Toros de Tijuana,Sultanes de Monterrey,Daniel Martinez,Stephen Tarpley,681979.0,605501.0,statsapi_probable_pitcher,1,7,6,0,0,0,1,0,2,0,0,5,2,5,5,0,No Line,0.0,none,-1,8,13,1,post,Final,Final,,,,,,,,,,,,,0,,,,,,none,846083
846118,2026-05-31,14:00,2026,Caliente de Durango,Tecos de los Dos Laredos,Joan Adon,Adrian De Horta,672851.0,641506.0,statsapi_probable_pitcher,1,5,4,0,1,0,2,0,1,0,0,1,0,1,4,0,No Line,0.0,none,-1,7,8,1,post,Final,Final,,,,,,,,,,,,,0,,,,,,none,846118
846454,2026-05-31,14:00,2026,Diablos Rojos del Mexico,Conspiradores de Queretaro,,Tyler Viza,,643588.0,statsapi_probable_pitcher,1,6,2,5,1,0,0,0,0,0,0,0,0,5,1,0,No Line,0.0,none,-1,8,6,1,post,Final,Final,,,,,,,,,,,,,0,,,,,,none,846454
846574,2026-05-31,14:00,2026,Pericos de Puebla,Piratas de Campeche,Cleiverth Perez,Jackson Tetreault,672558.0,676194.0,statsapi_probable_pitcher,1,8,13,0,0,0,4,2,1,0,3,4,1,6,9,0,No Line,0.0,none,-1,12,17,1,post,Final,Final,,,,,,,,,,,,,0,,,,,,none,846574
846223,2026-05-31,17:00,2026,Dorados de Chihuahua,Rieleros de Aguascalientes,Gabriel Ponce,Ronald Medrano,676362.0,642574.0,statsapi_probable_pitcher,1,4,3,0,0,0,0,2,1,0,0,0,0,2,1,0,No Line,0.0,none,-1,17,11,1,post,Final,Final,,,,,,,,,,,,,0,,,,,,none,846223
846036,2026-05-31,18:00,2026,El Aguila de Veracruz,Leones de Yucatan,,Yoanner Negrin,,594582.0,statsapi_probable_pitcher,1,2,6,0,0,0,2,2,0,0,2,0,0,2,4,0,No Line,0.0,none,-1,5,10,1,post,Final,Final,,,,,,,,,,,,,0,,,,,,none,846036
846355,2026-05-31,18:00,2026,Acereros del Norte,Saraperos de Saltillo,Wilmer Rios,Manny Barreda,658140.0,518435.0,statsapi_probable_pitcher,1,6,5,3,0,0,0,0,0,0,0,1,0,4,0,0,No Line,0.0,none,-1,12,13,1,post,Final,Final,,,,,,,,,,,,,0,,,,,,none,846355
846771,2026-05-31,18:00,2026,Olmecas de Tabasco,Guerreros de Oaxaca,Jeremy Rhoades,Matt Givin,656889.0,676769.0,statsapi_probable_pitcher,1,4,1,0,0,0,1,1,0,2,0,0,0,3,1,0,No Line,0.0,none,-1,9,9,1,post,Final,Final,,,,,,,,,,,,,0,,,,,,none,846771
846827,2026-05-31,18:00,2026,Bravos de Leon,Tigres de Quintana Roo,Jeff Lindgren,Darius Vines,689167.0,670241.0,statsapi_probable_pitcher,1,2,9,0,0,1,1,0,0,0,2,1,0,2,3,0,No Line,0.0,none,-1,9,14,1,post,Final,Final,,,,,,,,,,,,,0,,,,,,none,846827
846077,2026-05-31,18:05,2026,Toros de Tijuana,Sultanes de Monterrey,David Reyes,,547862.0,,statsapi_probable_pitcher,1,6,5,0,0,0,1,0,0,0,2,0,0,0,3,0,No Line,0.0,none,-1,10,10,1,post,Final,Final,,,,,,,,,,,,,0,,,,,,none,846077
846724,2026-05-31,18:30,2026,Algodoneros Union Laguna,Charros de Jalisco,Touki Toussaint,Zach Plesac,657053.0,668676.0,statsapi_probable_pitcher,1,9,3,1,1,0,0,2,0,1,0,2,0,6,1,0,No Line,0.0,none,-1,11,6,1,post,Final,Final,,,,,,,,,,,,,0,,,,,,none,846724
846351,2026-06-01,19:45,2026,Acereros del Norte,Algodoneros Union Laguna,Jackson Goddard,Dario Agrazal,680725.0,642607.0,statsapi_probable_pitcher,1,7,3,0,1,0,0,0,2,1,0,2,0,3,3,0,No Line,0.0,none,-1,14,3,1,post,Final,Final,,,,,,,,,,,,,0,,,,,,none,846351
846260,2026-06-02,18:30,2026,Tigres de Quintana Roo,Guerreros de Oaxaca,Melvi Acosta,Alemao Hernandez,666673.0,672598.0,statsapi_probable_pitcher,1,9,1,0,0,2,0,0,0,0,0,3,0,5,0,0,No Line,0.0,none,-1,11,2,1,post,Final,Final,,,,,,,,,,,,,0,,,,,,none,846260
846391,2026-06-02,19:00,2026,Tecos de los Dos Laredos,Rieleros de Aguascalientes,Drew Parrish,Greg Duncan,669283.0,827710.0,statsapi_probable_pitcher,1,3,4,0,0,0,0,0,1,1,0,2,1,3,2,0,No Line,0.0,none,-1,9,10,1,post,Final,Final,,,,,,,,,,,,,0,,,,,,none,846391
846446,2026-06-02,19:00,2026,Diablos Rojos del Mexico,Bravos de Leon,James Kaprielian,Thaddeus Ward,621076.0,663658.0,statsapi_probable_pitcher,1,4,10,0,2,0,0,0,0,0,0,0,3,0,5,0,No Line,0.0,none,-1,8,12,1,post,Final,Final,,,,,,,,,,,,,0,,,,,,none,846446
846539,2026-06-02,19:00,2026,Piratas de Campeche,El Aguila de Veracruz,Sean Nolin,Cristopher Molina,543594.0,650654.0,statsapi_probable_pitcher,1,1,2,0,0,0,0,0,0,0,0,1,0,1,0,0,No Line,0.0,none,-1,6,8,1,post,Final,Final,,,,,,,,,,,,,0,,,,,,none,846539
846125,2026-06-02,19:10,2026,Caliente de Durango,Dorados de Chihuahua,Jorge Garcia,Elian Leyva,683517.0,673140.0,statsapi_probable_pitcher,1,6,4,2,1,1,0,0,1,0,1,1,0,4,3,0,No Line,0.0,none,-1,11,8,1,post,Final,Final,,,,,,,,,,,,,0,,,,,,none,846125
846629,2026-06-02,19:30,2026,Saraperos de Saltillo,Sultanes de Monterrey,Wilmer Font,Alonso Becerra,521655.0,824049.0,statsapi_probable_pitcher,1,10,11,5,4,1,0,2,0,1,1,1,4,10,9,0,No Line,0.0,none,-1,18,14,1,post,Final,Final,,,,,,,,,,,,,0,,,,,,none,846629
846770,2026-06-02,19:30,2026,Olmecas de Tabasco,Pericos de Puebla,Evan Grills,Fernando Lozano,592361.0,683138.0,statsapi_probable_pitcher,1,4,11,0,0,0,3,3,0,0,2,0,0,3,5,0,No Line,0.0,none,-1,8,16,1,post,Final,Final,,,,,,,,,,,,,0,,,,,,none,846770
846352,2026-06-02,19:45,2026,Acereros del Norte,Algodoneros Union Laguna,Jake McSteen,Ricardo Sanchez,701151.0,679429.0,statsapi_probable_pitcher,1,1,3,1,0,0,0,0,1,0,0,0,0,1,1,0,No Line,0.0,none,-1,7,7,1,post,Final,Final,,,,,,,,,,,,,0,,,,,,none,846352
846076,2026-06-02,20:35,2026,Toros de Tijuana,Charros de Jalisco,Noah Skirrow,Cesar Gomez,659418.0,685461.0,statsapi_probable_pitcher,1,4,3,0,0,1,0,1,2,0,1,2,0,4,3,0,No Line,0.0,none,-1,8,7,1,post,Final,Final,,,,,,,,,,,,,0,,,,,,none,846076
846678,2026-06-03,18:00,2026,Leones de Yucatan,Conspiradores de Queretaro,Brandon Brennan,Luis Romero,592165.0,673603.0,statsapi_probable_pitcher,1,1,0,0,0,0,0,0,0,1,0,0,0,1,0,0,No Line,0.0,none,-1,5,3,1,post,Final,Final,,,,,,,,,,,,,0,,,,,,none,846678
846674,2026-06-03,18:05,2026,Leones de Yucatan,Conspiradores de Queretaro,Cameron Gann,Esmil Rogers,665105.0,469134.0,statsapi_probable_pitcher,1,5,11,4,0,1,3,0,3,0,3,0,0,5,9,0,No Line,0.0,none,-1,9,10,1,post,Final,Final,,,,,,,,,,,,,0,,,,,,none,846674
846262,2026-06-03,18:30,2026,Tigres de Quintana Roo,Guerreros de Oaxaca,Michele Vassalotti,Robert Dugger,677541.0,667498.0,statsapi_probable_pitcher,1,5,1,0,0,2,0,1,1,0,0,0,0,3,1,0,No Line,0.0,none,-1,7,4,1,post,Final,Final,,,,,,,,,,,,,0,,,,,,none,846262
846394,2026-06-03,18:30,2026,Tecos de los Dos Laredos,Rieleros de Aguascalientes,Daniel Mengden,Harol González,596043.0,656083.0,statsapi_probable_pitcher,1,6,0,0,0,2,0,1,0,2,0,0,0,5,0,0,No Line,0.0,none,-1,14,4,1,post,Final,Final,,,,,,,,,,,,,0,,,,,,none,846394
846440,2026-06-03,19:00,2026,Diablos Rojos del Mexico,Bravos de Leon,Ricardo Pinto,Faustino Carrera,620982.0,666627.0,statsapi_probable_pitcher,1,4,8,0,2,0,2,0,0,0,1,2,0,2,5,0,No Line,0.0,none,-1,11,14,1,post,Final,Final,,,,,,,,,,,,,0,,,,,,none,846440
846538,2026-06-03,19:00,2026,Piratas de Campeche,El Aguila de Veracruz,R.J. Martinez,Bryce Bonnin,801994.0,675655.0,statsapi_probable_pitcher,1,5,10,0,0,4,3,0,1,0,1,0,0,4,5,0,No Line,0.0,none,-1,8,14,1,post,Final,Final,,,,,,,,,,,,,0,,,,,,none,846538
846126,2026-06-03,19:10,2026,Caliente de Durango,Dorados de Chihuahua,Odrisamer Despaigne,Nick Struck,628333.0,572177.0,statsapi_probable_pitcher,1,2,3,0,0,0,0,0,0,1,1,0,0,1,1,0,No Line,0.0,none,-1,5,12,1,post,Final,Final,,,,,,,,,,,,,0,,,,,,none,846126
846626,2026-06-03,19:30,2026,Saraperos de Saltillo,Sultanes de Monterrey,Fineas Del Bonta-Smith,Manny Banuelos,687486.0,544365.0,statsapi_probable_pitcher,1,3,6,0,0,0,0,1,0,0,3,1,0,2,3,0,No Line,0.0,none,-1,6,12,1,post,Final,Final,,,,,,,,,,,,,0,,,,,,none,846626
846354,2026-06-03,19:45,2026,Acereros del Norte,Algodoneros Union Laguna,Jorge Tavarez,Jaime Barria,664590.0,642545.0,statsapi_probable_pitcher,1,7,9,0,1,1,0,0,0,1,3,1,2,3,6,0,No Line,0.0,none,-1,16,9,1,post,Final,Final,,,,,,,,,,,,,0,,,,,,none,846354
846069,2026-06-03,20:35,2026,Toros de Tijuana,Charros de Jalisco,Randy Wynne,Kurt Heyer,691094.0,571776.0,statsapi_probable_pitcher,1,4,6,0,0,4,0,0,0,0,2,0,3,4,5,0,No Line,0.0,none,-1,8,11,1,post,Final,Final,,,,,,,,,,,,,0,,,,,,none,846069
846398,2026-06-04,18:00,2026,Tecos de los Dos Laredos,Rieleros de Aguascalientes,Tyler Ivey,Oscar De La Cruz,663959.0,642601.0,statsapi_probable_pitcher,1,6,3,0,2,3,0,0,0,0,0,1,1,4,3,0,No Line,0.0,none,-1,11,5,1,post,Final,Final,,,,,,,,,,,,,0,,,,,,none,846398
846776,2026-06-04,18:00,2026,Olmecas de Tabasco,Pericos de Puebla,Austin Warner,Jose E. Martinez,677369.0,672866.0,statsapi_probable_pitcher,1,1,5,0,0,0,0,0,0,0,0,1,0,1,0,0,No Line,0.0,none,-1,6,10,1,post,Final,Final,,,,,,,,,,,,,0,,,,,,none,846776
846775,2026-06-04,18:05,2026,Olmecas de Tabasco,Pericos de Puebla,,,,,statsapi_schedule,0,5,2,0,0,3,1,0,0,0,0,2,0,5,1,0,No Line,0.0,none,-1,9,9,1,post,Final,Final,,,,,,,,,,,,,0,,,,,,none,846775
846257,2026-06-04,18:30,2026,Tigres de Quintana Roo,Guerreros de Oaxaca,Colton Eastman,Tommy Romero,663678.0,676720.0,statsapi_probable_pitcher,1,7,3,1,2,3,0,0,1,0,0,1,0,5,3,0,No Line,0.0,none,-1,10,5,1,post,Final,Final,,,,,,,,,,,,,0,,,,,,none,846257
846441,2026-06-04,19:00,2026,Diablos Rojos del Mexico,Bravos de Leon,Justin Courtney,Felipe Gonzalez,688896.0,542413.0,statsapi_probable_pitcher,1,18,12,0,1,10,0,0,6,0,0,0,0,10,7,0,No Line,0.0,none,-1,22,18,1,post,Final,Final,,,,,,,,,,,,,0,,,,,,none,846441
846124,2026-06-04,19:10,2026,Caliente de Durango,Dorados de Chihuahua,Spencer Turnbull,Emilio Vargas,605513.0,642496.0,statsapi_probable_pitcher,1,3,4,1,0,0,0,0,1,0,0,0,0,1,1,0,No Line,0.0,none,-1,8,10,1,post,Final,Final,,,,,,,,,,,,,0,,,,,,none,846124
846673,2026-06-04,19:30,2026,Leones de Yucatan,Conspiradores de Queretaro,Cameron Gann,Junior Guerra,665105.0,448855.0,statsapi_probable_pitcher,1,4,7,0,3,0,0,0,0,2,0,0,2,2,5,0,No Line,0.0,none,-1,7,15,1,post,Final,Final,,,,,,,,,,,,,0,,,,,,none,846673
846072,2026-06-04,20:35,2026,Toros de Tijuana,Charros de Jalisco,Adonis Medina,Luis Payan,658431.0,674478.0,statsapi_probable_pitcher,1,5,4,0,1,2,0,1,1,1,0,0,2,4,4,0,No Line,0.0,none,-1,10,9,1,post,Final,Final,,,,,,,,,,,,,0,,,,,,none,846072
846258,2026-06-05,18:30,2026,Tigres de Quintana Roo,Conspiradores de Queretaro,Collin Wiles,Tyler Alexander,621079.0,622066.0,statsapi_probable_pitcher,1,4,5,0,0,0,0,1,0,0,0,0,0,1,0,0,No Line,0.0,none,-1,9,9,1,post,Final,Final,,,,,,,,,,,,,0,,,,,,none,846258
846174,2026-06-05,19:00,2026,Guerreros de Oaxaca,El Aguila de Veracruz,Luis Miranda,Jonathan Bermúdez,642532.0,642834.0,statsapi_probable_pitcher,1,5,3,0,0,2,1,2,0,1,0,0,0,5,1,0,No Line,0.0,none,-1,6,7,1,post,Completed Early,Completed Early,,,,,,,,,,,,,0,,,,,,none,846174
846537,2026-06-05,19:00,2026,Piratas de Campeche,Leones de Yucatan,Jackson Tetreault,Ronnie Williams,676194.0,657122.0,statsapi_probable_pitcher,1,3,1,0,0,0,1,0,0,1,0,0,0,1,1,0,No Line,0.0,none,-1,6,6,1,post,Final,Final,,,,,,,,,,,,,0,,,,,,none,846537
846312,2026-06-05,19:30,2026,Sultanes de Monterrey,Acereros del Norte,Daniel Cruz,A.J. Candelario,690909.0,668826.0,statsapi_probable_pitcher,1,5,8,0,0,0,0,0,0,0,0,3,0,3,0,0,No Line,0.0,none,-1,11,9,1,post,Final,Final,,,,,,,,,,,,,0,,,,,,none,846312
846488,2026-06-05,19:30,2026,Rieleros de Aguascalientes,Charros de Jalisco,Ben Holmes,Zac Grotz,592411.0,665093.0,statsapi_probable_pitcher,1,3,6,1,0,0,0,1,4,0,0,1,0,3,4,0,No Line,0.0,none,-1,10,9,1,post,Final,Final,,,,,,,,,,,,,0,,,,,,none,846488
846631,2026-06-05,19:30,2026,Saraperos de Saltillo,Dorados de Chihuahua,Erich Uelmen,Caleb Smith,657272.0,592761.0,statsapi_probable_pitcher,1,2,5,0,0,1,0,0,3,0,0,1,0,2,3,0,No Line,0.0,none,-1,9,11,1,post,Final,Final,,,,,,,,,,,,,0,,,,,,none,846631
846722,2026-06-05,19:30,2026,Algodoneros Union Laguna,Caliente de Durango,Touki Toussaint,Devin Smeltzer,657053.0,656970.0,statsapi_probable_pitcher,1,10,2,1,0,3,0,0,0,1,0,2,0,7,0,0,No Line,0.0,none,-1,11,9,1,post,Final,Final,,,,,,,,,,,,,0,,,,,,none,846722
846828,2026-06-05,19:30,2026,Bravos de Leon,Pericos de Puebla,Zac Lowther,Vladimir Gutierrez,675912.0,661269.0,statsapi_probable_pitcher,1,8,0,0,0,0,0,2,0,3,0,3,0,8,0,0,No Line,0.0,none,-1,13,5,1,post,Final,Final,,,,,,,,,,,,,0,,,,,,none,846828
846075,2026-06-05,20:35,2026,Toros de Tijuana,Tecos de los Dos Laredos,Daniel Martinez,Cam Alldred,681979.0,682027.0,statsapi_probable_pitcher,1,1,0,1,0,0,0,0,0,0,0,0,0,1,0,0,No Line,0.0,none,-1,6,2,1,post,Final,Final,,,,,,,,,,,,,0,,,,,,none,846075
846443,2026-06-06,16:00,2026,Diablos Rojos del Mexico,Olmecas de Tabasco,Michael Mariot,Jacob Nix,592527.0,656798.0,statsapi_probable_pitcher,1,6,1,1,0,2,0,1,0,2,0,0,0,6,0,0,No Line,0.0,none,-1,9,5,1,post,Final,Final,,,,,,,,,,,,,0,,,,,,none,846443
846259,2026-06-06,17:00,2026,Tigres de Quintana Roo,Conspiradores de Queretaro,Moises Diaz,Tyler Viza,681626.0,643588.0,statsapi_probable_pitcher,1,3,2,0,0,0,0,0,0,0,0,1,2,1,2,0,No Line,0.0,none,-1,11,5,1,post,Final,Final,,,,,,,,,,,,,0,,,,,,none,846259
846301,2026-06-06,17:00,2026,Sultanes de Monterrey,Acereros del Norte,,Amilcar Carreon,,840328.0,statsapi_probable_pitcher,1,2,13,0,1,0,0,0,0,1,2,1,10,2,13,0,No Line,0.0,none,-1,4,15,1,post,Final,Final,,,,,,,,,,,,,0,,,,,,none,846301
846489,2026-06-06,18:00,2026,Rieleros de Aguascalientes,Charros de Jalisco,Ronald Medrano,Zach Plesac,642574.0,668676.0,statsapi_probable_pitcher,1,1,8,0,0,1,0,0,0,0,1,0,4,1,5,0,No Line,0.0,none,-1,4,9,1,post,Final,Final,,,,,,,,,,,,,0,,,,,,none,846489
846630,2026-06-06,18:00,2026,Saraperos de Saltillo,Dorados de Chihuahua,,Gabriel Ponce,,676362.0,statsapi_probable_pitcher,1,2,4,0,3,0,0,0,0,0,0,0,0,0,3,0,No Line,0.0,none,-1,7,8,1,post,Final,Final,,,,,,,,,,,,,0,,,,,,none,846630
846830,2026-06-06,18:00,2026,Bravos de Leon,Pericos de Puebla,Jeff Lindgren,,689167.0,,statsapi_probable_pitcher,1,8,2,2,0,1,1,0,0,4,0,1,1,8,2,0,No Line,0.0,none,-1,14,8,1,post,Final,Final,,,,,,,,,,,,,0,,,,,,none,846830
846536,2026-06-06,18:15,2026,Piratas de Campeche,Leones de Yucatan,Ross Carver,Yoanner Negrin,687102.0,594582.0,statsapi_probable_pitcher,1,6,4,0,0,0,1,0,2,0,0,0,1,0,4,0,No Line,0.0,none,-1,5,5,1,post,Final,Final,,,,,,,,,,,,,0,,,,,,none,846536
846726,2026-06-06,18:30,2026,Algodoneros Union Laguna,Caliente de Durango,Dario Agrazal,Jorge Sauceda,642607.0,703006.0,statsapi_probable_pitcher,1,12,5,0,0,0,0,1,1,0,1,3,3,4,5,0,No Line,0.0,none,-1,11,11,1,post,Final,Final,,,,,,,,,,,,,0,,,,,,none,846726
846070,2026-06-06,20:05,2026,Toros de Tijuana,Tecos de los Dos Laredos,David Reyes,Roenis Elías,547862.0,606273.0,statsapi_probable_pitcher,1,7,6,0,2,0,0,0,1,3,0,4,0,7,3,0,No Line,0.0,none,-1,7,13,1,post,Final,Final,,,,,,,,,,,,,0,,,,,,none,846070
846445,2026-06-07,11:00,2026,Diablos Rojos del Mexico,Olmecas de Tabasco,,,,,statsapi_schedule,0,4,0,1,0,0,0,2,0,0,0,0,0,3,0,0,No Line,0.0,none,-1,5,2,1,post,Final,Final,,,,,,,,,,,,,0,,,,,,none,846445
846438,2026-06-07,12:01,2026,Diablos Rojos del Mexico,Olmecas de Tabasco,James Kaprielian,Evan Grills,621076.0,592361.0,statsapi_probable_pitcher,1,5,8,3,0,0,0,0,0,2,4,0,4,5,8,0,No Line,0.0,none,-1,8,9,1,post,Final,Final,,,,,,,,,,,,,0,,,,,,none,846438
846172,2026-06-07,16:00,2026,Guerreros de Oaxaca,El Aguila de Veracruz,Radhames Liz,Gabriel Ynoa,467785.0,593679.0,statsapi_probable_pitcher,1,1,7,0,0,0,1,0,2,1,2,0,1,1,6,0,No Line,0.0,none,-1,8,16,1,post,Final,Final,,,,,,,,,,,,,0,,,,,,none,846172
846173,2026-06-07,17:00,2026,Guerreros de Oaxaca,El Aguila de Veracruz,,Cristopher Molina,,650654.0,statsapi_probable_pitcher,1,3,5,0,0,2,0,0,1,0,0,0,3,2,4,0,No Line,0.0,none,-1,11,7,1,post,Final,Final,,,,,,,,,,,,,0,,,,,,none,846173
846261,2026-06-07,17:00,2026,Tigres de Quintana Roo,Conspiradores de Queretaro,Darius Vines,,670241.0,,statsapi_probable_pitcher,1,2,8,1,0,0,0,0,0,0,0,1,1,2,1,0,No Line,0.0,none,-1,8,12,1,post,Final,Final,,,,,,,,,,,,,0,,,,,,none,846261
846300,2026-06-07,17:00,2026,Sultanes de Monterrey,Acereros del Norte,,Wilmer Rios,,658140.0,statsapi_probable_pitcher,1,1,2,0,0,0,0,0,0,0,0,0,0,0,0,0,No Line,0.0,none,-1,10,6,1,post,Final,Final,,,,,,,,,,,,,0,,,,,,none,846300
846628,2026-06-07,17:00,2026,Saraperos de Saltillo,Dorados de Chihuahua,Wilmer Font,Elian Leyva,521655.0,673140.0,statsapi_probable_pitcher,1,5,4,0,0,0,0,0,0,1,0,0,0,1,0,0,No Line,0.0,none,-1,9,10,1,post,Final,Final,,,,,,,,,,,,,0,,,,,,none,846628
846491,2026-06-07,18:00,2026,Rieleros de Aguascalientes,Charros de Jalisco,Greg Duncan,Cesar Gomez,827710.0,685461.0,statsapi_probable_pitcher,1,3,2,0,0,0,2,2,0,0,0,0,0,2,2,0,No Line,0.0,none,-1,9,3,1,post,Final,Final,,,,,,,,,,,,,0,,,,,,none,846491
846831,2026-06-07,18:00,2026,Bravos de Leon,Pericos de Puebla,Thaddeus Ward,Fernando Lozano,663658.0,683138.0,statsapi_probable_pitcher,1,3,7,0,0,0,0,3,1,0,0,0,4,3,5,0,No Line,0.0,none,-1,5,11,1,post,Final,Final,,,,,,,,,,,,,0,,,,,,none,846831
846073,2026-06-07,18:05,2026,Toros de Tijuana,Tecos de los Dos Laredos,Noah Skirrow,Drew Parrish,659418.0,669283.0,statsapi_probable_pitcher,1,3,0,0,0,0,0,3,0,0,0,0,0,3,0,0,No Line,0.0,none,-1,8,2,1,post,Final,Final,,,,,,,,,,,,,0,,,,,,none,846073
846535,2026-06-07,18:15,2026,Piratas de Campeche,Leones de Yucatan,Sean Nolin,Tyler Duffey,543594.0,608648.0,statsapi_probable_pitcher,1,8,7,3,2,0,0,0,2,0,0,0,1,3,5,0,No Line,0.0,none,-1,8,11,1,post,Final,Final,,,,,,,,,,,,,0,,,,,,none,846535
846723,2026-06-07,18:30,2026,Algodoneros Union Laguna,Caliente de Durango,Ricardo Sanchez,Joan Adon,679429.0,672851.0,statsapi_probable_pitcher,1,5,4,2,0,0,0,0,3,0,0,1,1,3,4,0,No Line,0.0,none,-1,11,12,1,post,Final,Final,,,,,,,,,,,,,0,,,,,,none,846723
846303,2026-06-08,19:30,2026,Sultanes de Monterrey,Tigres de Quintana Roo,Justus Sheffield,Melvi Acosta,656954.0,666673.0,statsapi_probable_pitcher,1,10,5,0,0,0,0,0,0,6,0,0,2,6,2,0,No Line,0.0,none,-1,11,7,1,post,Final,Final,,,,,,,,,,,,,0,,,,,,none,846303
845986,2026-06-09,19:00,2026,Conspiradores de Queretaro,Algodoneros Union Laguna,Luis Romero,Jaime Barria,673603.0,642545.0,statsapi_probable_pitcher,1,5,6,3,2,0,0,2,0,0,0,0,2,5,4,0,No Line,0.0,none,-1,13,12,1,post,Final,Final,,,,,,,,,,,,,0,,,,,,none,845986
846028,2026-06-09,19:00,2026,El Aguila de Veracruz,Toros de Tijuana,Bryce Bonnin,Juan Hillman,675655.0,663535.0,statsapi_probable_pitcher,1,3,2,0,0,0,0,0,0,3,1,0,0,3,1,0,No Line,0.0,none,-1,2,9,1,post,Final,Final,,,,,,,,,,,,,0,,,,,,none,846028
846214,2026-06-09,19:00,2026,Dorados de Chihuahua,Piratas de Campeche,César Valdez,Bobby Milacki,491624.0,673872.0,statsapi_probable_pitcher,1,2,1,0,0,1,0,0,0,0,0,0,0,1,0,0,No Line,0.0,none,-1,7,5,1,post,Final,Final,,,,,,,,,,,,,0,,,,,,none,846214
846572,2026-06-09,19:00,2026,Pericos de Puebla,Saraperos de Saltillo,Antonio Santos,Fineas Del Bonta-Smith,665733.0,687486.0,statsapi_probable_pitcher,1,5,3,0,0,0,3,4,0,0,0,1,0,5,3,0,No Line,0.0,none,-1,14,6,1,post,Final,Final,,,,,,,,,,,,,0,,,,,,none,846572
845941,2026-06-09,19:30,2026,Charros de Jalisco,Guerreros de Oaxaca,Kurt Heyer,Alemao Hernandez,571776.0,672598.0,statsapi_probable_pitcher,1,6,2,1,1,0,0,0,0,0,0,0,1,1,2,0,No Line,0.0,none,-1,13,7,1,post,Final,Final,,,,,,,,,,,,,0,,,,,,none,845941
846307,2026-06-09,19:30,2026,Sultanes de Monterrey,Tigres de Quintana Roo,Manny Banuelos,Michele Vassalotti,544365.0,677541.0,statsapi_probable_pitcher,1,2,3,0,0,0,0,1,0,0,0,0,0,1,0,0,No Line,0.0,none,-1,6,6,1,post,Final,Final,,,,,,,,,,,,,0,,,,,,none,846307
846676,2026-06-09,19:30,2026,Leones de Yucatan,Rieleros de Aguascalientes,Esmil Rogers,Harol González,469134.0,656083.0,statsapi_probable_pitcher,1,5,4,0,4,0,0,0,0,1,0,0,0,1,4,0,No Line,0.0,none,-1,9,7,1,post,Final,Final,,,,,,,,,,,,,0,,,,,,none,846676
846777,2026-06-09,19:30,2026,Olmecas de Tabasco,Caliente de Durango,Tyler Danish,Odrisamer Despaigne,641501.0,628333.0,statsapi_probable_pitcher,1,6,3,0,0,0,0,0,0,0,1,3,0,3,1,0,No Line,0.0,none,-1,9,7,1,post,Final,Final,,,,,,,,,,,,,0,,,,,,none,846777
846829,2026-06-09,19:30,2026,Bravos de Leon,Tecos de los Dos Laredos,Faustino Carrera,Daniel Mengden,666627.0,596043.0,statsapi_probable_pitcher,1,2,9,0,2,0,0,1,3,0,1,0,2,1,8,0,No Line,0.0,none,-1,11,13,1,post,Final,Final,,,,,,,,,,,,,0,,,,,,none,846829
846359,2026-06-09,19:45,2026,Acereros del Norte,Diablos Rojos del Mexico,Jackson Goddard,Ricardo Pinto,680725.0,620982.0,statsapi_probable_pitcher,1,4,3,0,0,0,0,0,3,0,0,1,0,1,3,0,No Line,0.0,none,-1,9,3,1,post,Final,Final,,,,,,,,,,,,,0,,,,,,none,846359
845940,2026-06-10,17:00,2026,Charros de Jalisco,Guerreros de Oaxaca,Luis Ivan Rodriguez,Robert Dugger,645179.0,667498.0,statsapi_probable_pitcher,1,5,11,0,3,1,0,0,0,0,1,3,3,4,7,0,No Line,0.0,none,-1,10,13,1,post,Final,Final,,,,,,,,,,,,,0,,,,,,none,845940
845939,2026-06-10,17:05,2026,Charros de Jalisco,Guerreros de Oaxaca,,,,,statsapi_schedule,0,8,14,1,7,0,1,2,1,1,0,0,0,4,9,0,No Line,0.0,none,-1,8,15,1,post,Final,Final,,,,,,,,,,,,,0,,,,,,none,845939
845984,2026-06-10,19:00,2026,Conspiradores de Queretaro,Algodoneros Union Laguna,Junior Guerra,,448855.0,,statsapi_probable_pitcher,1,3,1,0,0,0,0,0,0,0,0,2,0,2,0,0,No Line,0.0,none,-1,5,5,1,post,Final,Final,,,,,,,,,,,,,0,,,,,,none,845984
846030,2026-06-10,19:00,2026,El Aguila de Veracruz,Toros de Tijuana,Dinelson Lamet,Adonis Medina,659275.0,658431.0,statsapi_probable_pitcher,1,5,9,1,0,0,0,1,3,0,2,0,1,2,6,0,No Line,0.0,none,-1,15,15,1,post,Final,Final,,,,,,,,,,,,,0,,,,,,none,846030
846208,2026-06-10,19:00,2026,Dorados de Chihuahua,Piratas de Campeche,Emilio Vargas,Joe Record,642496.0,682489.0,statsapi_probable_pitcher,1,4,7,0,0,0,0,0,2,0,5,3,0,3,7,0,No Line,0.0,none,-1,8,10,1,post,Final,Final,,,,,,,,,,,,,0,,,,,,none,846208
846577,2026-06-10,19:00,2026,Pericos de Puebla,Saraperos de Saltillo,Jose E. Martinez,Bryant Salgado,672866.0,687560.0,statsapi_probable_pitcher,1,5,9,2,0,3,3,0,5,0,0,0,1,5,9,0,No Line,0.0,none,-1,8,11,1,post,Final,Final,,,,,,,,,,,,,0,,,,,,none,846577
846306,2026-06-10,19:30,2026,Sultanes de Monterrey,Tigres de Quintana Roo,Daniel Cruz,Colton Eastman,690909.0,663678.0,statsapi_probable_pitcher,1,7,13,0,1,1,0,0,4,0,3,5,0,6,8,0,No Line,0.0,none,-1,12,17,1,post,Final,Final,,,,,,,,,,,,,0,,,,,,none,846306
846677,2026-06-10,19:30,2026,Leones de Yucatan,Rieleros de Aguascalientes,,Adrian Almeida,,622426.0,statsapi_probable_pitcher,1,5,4,2,1,0,0,0,0,0,0,1,0,3,1,0,No Line,0.0,none,-1,11,3,1,post,Final,Final,,,,,,,,,,,,,0,,,,,,none,846677
846769,2026-06-10,19:30,2026,Olmecas de Tabasco,Caliente de Durango,Austin Warner,Jorge Garcia,677369.0,683517.0,statsapi_probable_pitcher,1,5,4,0,1,0,1,3,0,0,0,1,0,4,2,0,No Line,0.0,none,-1,9,8,1,post,Final,Final,,,,,,,,,,,,,0,,,,,,none,846769
846832,2026-06-10,19:30,2026,Bravos de Leon,Tecos de los Dos Laredos,Felipe Gonzalez,Tyler Ivey,542413.0,663959.0,statsapi_probable_pitcher,1,10,3,0,0,0,0,2,0,3,0,4,0,9,0,0,No Line,0.0,none,-1,11,9,1,post,Final,Final,,,,,,,,,,,,,0,,,,,,none,846832
846356,2026-06-10,19:45,2026,Acereros del Norte,Diablos Rojos del Mexico,Jake McSteen,Humberto Castellanos,701151.0,528748.0,statsapi_probable_pitcher,1,3,7,1,0,0,1,0,2,0,2,0,0,1,5,0,No Line,0.0,none,-1,8,12,1,post,Final,Final,,,,,,,,,,,,,0,,,,,,none,846356
845985,2026-06-11,19:00,2026,Conspiradores de Queretaro,Algodoneros Union Laguna,Tyler Alexander,Touki Toussaint,622066.0,657053.0,statsapi_probable_pitcher,1,11,6,6,0,4,0,0,0,0,2,0,0,10,2,0,No Line,0.0,none,-1,13,10,1,post,Final,Final,,,,,,,,,,,,,0,,,,,,none,845985
846034,2026-06-11,19:00,2026,El Aguila de Veracruz,Toros de Tijuana,Jonathan Bermúdez,Daniel Martinez,642834.0,681979.0,statsapi_probable_pitcher,1,0,6,0,0,0,0,0,1,0,0,0,3,0,4,0,No Line,0.0,none,-1,7,11,1,post,Final,Final,,,,,,,,,,,,,0,,,,,,none,846034
846212,2026-06-11,19:00,2026,Dorados de Chihuahua,Piratas de Campeche,Caleb Smith,Jackson Tetreault,592761.0,676194.0,statsapi_probable_pitcher,1,10,1,2,0,2,0,0,0,0,0,1,0,5,0,0,No Line,0.0,none,-1,15,3,1,post,Final,Final,,,,,,,,,,,,,0,,,,,,none,846212
846579,2026-06-11,19:00,2026,Pericos de Puebla,Saraperos de Saltillo,,Erich Uelmen,,657272.0,statsapi_probable_pitcher,1,7,0,1,0,4,0,0,0,0,0,0,0,5,0,0,No Line,0.0,none,-1,14,4,1,post,Final,Final,,,,,,,,,,,,,0,,,,,,none,846579
846672,2026-06-11,19:30,2026,Leones de Yucatan,Rieleros de Aguascalientes,Ronnie Williams,Oscar De La Cruz,657122.0,642601.0,statsapi_probable_pitcher,1,0,0,0,0,0,0,0,0,0,0,0,0,0,0,0,No Line,0.0,none,-1,0,0,1,post,Cancelled,Cancelled,,,,,,,,,,,,,0,,,,,,none,846672
846766,2026-06-11,19:30,2026,Olmecas de Tabasco,Caliente de Durango,Jeremy Rhoades,Devin Smeltzer,656889.0,656970.0,statsapi_probable_pitcher,1,4,7,0,0,0,0,0,0,2,0,0,6,2,6,0,No Line,0.0,none,-1,7,10,1,post,Final,Final,,,,,,,,,,,,,0,,,,,,none,846766
846815,2026-06-11,19:30,2026,Bravos de Leon,Tecos de los Dos Laredos,Zac Lowther,Cam Alldred,675912.0,682027.0,statsapi_probable_pitcher,1,6,2,0,0,0,0,3,1,1,0,0,0,4,1,0,No Line,0.0,none,-1,8,6,1,post,Final,Final,,,,,,,,,,,,,0,,,,,,none,846815
846357,2026-06-11,19:45,2026,Acereros del Norte,Diablos Rojos del Mexico,Jorge Tavarez,Justin Courtney,664590.0,688896.0,statsapi_probable_pitcher,1,4,11,0,6,0,0,0,3,1,2,0,0,1,11,0,No Line,0.0,none,-1,8,12,1,post,Final,Final,,,,,,,,,,,,,0,,,,,,none,846357
845982,2026-06-12,19:00,2026,Conspiradores de Queretaro,Tecos de los Dos Laredos,,Roenis Elías,,606273.0,statsapi_probable_pitcher,1,8,3,6,0,0,0,2,0,0,0,0,0,8,0,0,No Line,0.0,none,-1,9,7,1,post,Final,Final,,,,,,,,,,,,,0,,,,,,none,845982
846037,2026-06-12,19:00,2026,El Aguila de Veracruz,Saraperos de Saltillo,Gabriel Ynoa,Luis Payan,593679.0,674478.0,statsapi_probable_pitcher,1,2,3,0,0,0,0,0,1,0,0,0,0,0,1,0,No Line,0.0,none,-1,6,7,1,post,Final,Final,,,,,,,,,,,,,0,,,,,,none,846037
846206,2026-06-12,19:00,2026,Dorados de Chihuahua,Guerreros de Oaxaca,Gabriel Ponce,Luis Miranda,676362.0,642532.0,statsapi_probable_pitcher,1,7,2,0,2,3,0,0,0,1,0,0,0,4,2,0,No Line,0.0,none,-1,14,10,1,post,Final,Final,,,,,,,,,,,,,0,,,,,,none,846206
846302,2026-06-12,19:30,2026,Sultanes de Monterrey,Piratas de Campeche,Jorge Bautista,Ross Carver,682926.0,687102.0,statsapi_probable_pitcher,1,6,4,0,0,1,0,3,0,0,0,2,2,6,2,0,No Line,0.0,none,-1,9,10,1,post,Final,Final,,,,,,,,,,,,,0,,,,,,none,846302
846668,2026-06-12,19:30,2026,Leones de Yucatan,Caliente de Durango,Ronnie Williams,Jorge Sauceda,657122.0,703006.0,statsapi_probable_pitcher,1,4,6,0,0,0,0,0,0,0,0,3,0,3,0,0,No Line,0.0,none,-1,10,11,1,post,Final,Final,,,,,,,,,,,,,0,,,,,,none,846668
846765,2026-06-12,19:30,2026,Olmecas de Tabasco,Rieleros de Aguascalientes,Jacob Nix,Oscar De La Cruz,656798.0,642601.0,statsapi_probable_pitcher,1,4,1,0,0,2,0,0,1,0,0,2,0,4,1,0,No Line,0.0,none,-1,11,4,1,post,Final,Final,,,,,,,,,,,,,0,,,,,,none,846765
846822,2026-06-12,19:30,2026,Bravos de Leon,Algodoneros Union Laguna,Jeff Lindgren,Ricardo Sanchez,689167.0,679429.0,statsapi_probable_pitcher,1,13,8,5,0,0,3,0,1,2,0,5,0,12,4,0,No Line,0.0,none,-1,18,13,1,post,Final,Final,,,,,,,,,,,,,0,,,,,,none,846822
846344,2026-06-12,19:45,2026,Acereros del Norte,Tigres de Quintana Roo,A.J. Candelario,Collin Wiles,668826.0,621079.0,statsapi_probable_pitcher,1,6,4,2,0,0,0,1,0,0,1,0,0,3,1,0,No Line,0.0,none,-1,12,9,1,post,Final,Final,,,,,,,,,,,,,0,,,,,,none,846344
845938,2026-06-13,13:00,2026,Charros de Jalisco,Diablos Rojos del Mexico,Zac Grotz,Luis Angel Rodriguez,665093.0,678296.0,statsapi_probable_pitcher,1,4,7,0,0,1,0,0,0,0,0,2,0,3,0,0,No Line,0.0,none,-1,9,8,1,post,Final,Final,,,,,,,,,,,,,0,,,,,,none,845938
846580,2026-06-13,16:00,2026,Pericos de Puebla,Toros de Tijuana,Fernando Lozano,Noah Skirrow,683138.0,659418.0,statsapi_probable_pitcher,1,4,0,0,0,0,0,1,0,1,0,0,0,2,0,0,No Line,0.0,none,-1,8,3,1,post,Final,Final,,,,,,,,,,,,,0,,,,,,none,846580
846578,2026-06-13,16:05,2026,Pericos de Puebla,Toros de Tijuana,,,,,statsapi_schedule,0,2,13,0,0,0,4,0,0,0,4,0,3,0,11,0,No Line,0.0,none,-1,7,18,1,post,Final,Final,,,,,,,,,,,,,0,,,,,,none,846578
846304,2026-06-13,17:00,2026,Sultanes de Monterrey,Piratas de Campeche,Stephen Tarpley,Sean Nolin,605501.0,543594.0,statsapi_probable_pitcher,1,4,15,1,0,2,0,1,3,0,1,0,1,4,5,0,No Line,0.0,none,-1,8,17,1,post,Final,Final,,,,,,,,,,,,,0,,,,,,none,846304
845937,2026-06-13,18:00,2026,Charros de Jalisco,Diablos Rojos del Mexico,Zach Plesac,Michael Mariot,668676.0,592527.0,statsapi_probable_pitcher,1,2,8,1,0,0,0,0,0,1,3,0,5,2,8,0,No Line,0.0,none,-1,4,11,1,post,Final,Final,,,,,,,,,,,,,0,,,,,,none,845937
845983,2026-06-13,18:00,2026,Conspiradores de Queretaro,Tecos de los Dos Laredos,,Drew Parrish,,669283.0,statsapi_probable_pitcher,1,9,7,0,0,0,0,0,0,2,2,1,0,3,2,0,No Line,0.0,none,-1,14,11,1,post,Final,Final,,,,,,,,,,,,,0,,,,,,none,845983
846032,2026-06-13,18:00,2026,El Aguila de Veracruz,Saraperos de Saltillo,Cristopher Molina,Wilmer Font,650654.0,521655.0,statsapi_probable_pitcher,1,2,5,0,1,0,0,0,1,1,0,1,3,2,5,0,No Line,0.0,none,-1,4,5,1,post,Final,Final,,,,,,,,,,,,,0,,,,,,none,846032
846209,2026-06-13,18:00,2026,Dorados de Chihuahua,Guerreros de Oaxaca,Elian Leyva,Radhames Liz,673140.0,467785.0,statsapi_probable_pitcher,1,2,6,1,2,0,0,0,1,0,2,0,0,1,5,0,No Line,0.0,none,-1,9,14,1,post,Final,Final,,,,,,,,,,,,,0,,,,,,none,846209
846821,2026-06-13,18:00,2026,Bravos de Leon,Algodoneros Union Laguna,Thaddeus Ward,,663658.0,,statsapi_probable_pitcher,1,9,4,3,0,1,0,2,1,0,1,1,2,7,4,0,No Line,0.0,none,-1,15,9,1,post,Final,Final,,,,,,,,,,,,,0,,,,,,none,846821
846669,2026-06-13,19:00,2026,Leones de Yucatan,Caliente de Durango,Yoanner Negrin,Joan Adon,594582.0,672851.0,statsapi_probable_pitcher,1,4,7,0,0,0,0,0,1,0,3,0,3,0,7,0,No Line,0.0,none,-1,13,11,1,post,Final,Final,,,,,,,,,,,,,0,,,,,,none,846669
846767,2026-06-13,19:00,2026,Olmecas de Tabasco,Rieleros de Aguascalientes,Evan Grills,Ben Holmes,592361.0,592411.0,statsapi_probable_pitcher,1,8,5,0,0,1,1,0,1,7,0,0,3,8,5,0,No Line,0.0,none,-1,19,10,1,post,Final,Final,,,,,,,,,,,,,0,,,,,,none,846767
846347,2026-06-13,19:45,2026,Acereros del Norte,Tigres de Quintana Roo,Wilmer Rios,Darius Vines,658140.0,670241.0,statsapi_probable_pitcher,1,6,5,2,0,0,3,0,1,0,0,0,0,2,4,0,No Line,0.0,none,-1,13,10,1,post,Final,Final,,,,,,,,,,,,,0,,,,,,none,846347
846576,2026-06-14,14:00,2026,Pericos de Puebla,Toros de Tijuana,Antonio Santos,Juan Hillman,665733.0,663535.0,statsapi_probable_pitcher,1,6,1,0,0,0,0,0,0,2,0,0,0,2,0,0,No Line,0.0,none,-1,9,10,1,post,Final,Final,,,,,,,,,,,,,0,,,,,,none,846576
845936,2026-06-14,17:00,2026,Charros de Jalisco,Diablos Rojos del Mexico,Cesar Gomez,James Kaprielian,685461.0,621076.0,statsapi_probable_pitcher,1,9,5,0,0,0,0,0,0,3,4,0,0,3,4,0,No Line,0.0,none,-1,10,9,1,post,Final,Final,,,,,,,,,,,,,0,,,,,,none,845936
845981,2026-06-14,17:00,2026,Conspiradores de Queretaro,Tecos de los Dos Laredos,Luis Romero,Daniel Mengden,673603.0,596043.0,statsapi_probable_pitcher,1,6,2,2,0,0,0,1,0,0,1,0,1,3,2,0,No Line,0.0,none,-1,11,7,1,post,Final,Final,,,,,,,,,,,,,0,,,,,,none,845981
846213,2026-06-14,17:00,2026,Dorados de Chihuahua,Guerreros de Oaxaca,César Valdez,Conner Greene,491624.0,641632.0,statsapi_probable_pitcher,1,8,10,0,2,2,0,1,0,1,0,2,0,6,2,0,No Line,0.0,none,-1,15,20,1,post,Final,Final,,,,,,,,,,,,,0,,,,,,none,846213
846305,2026-06-14,17:00,2026,Sultanes de Monterrey,Piratas de Campeche,Manny Banuelos,Bobby Milacki,544365.0,673872.0,statsapi_probable_pitcher,1,4,3,0,0,0,1,1,0,1,1,1,0,3,2,0,No Line,0.0,none,-1,9,7,1,post,Final,Final,,,,,,,,,,,,,0,,,,,,none,846305
846035,2026-06-14,18:00,2026,El Aguila de Veracruz,Saraperos de Saltillo,Bryce Bonnin,Fineas Del Bonta-Smith,675655.0,687486.0,statsapi_probable_pitcher,1,2,5,1,0,0,3,0,0,0,2,1,0,2,5,0,No Line,0.0,none,-1,6,8,1,post,Final,Final,,,,,,,,,,,,,0,,,,,,none,846035
846342,2026-06-14,18:00,2026,Acereros del Norte,Tigres de Quintana Roo,Jackson Goddard,Melvi Acosta,680725.0,666673.0,statsapi_probable_pitcher,1,1,3,0,1,0,0,0,1,0,0,0,0,0,2,0,No Line,0.0,none,-1,4,6,1,post,Final,Final,,,,,,,,,,,,,0,,,,,,none,846342
846665,2026-06-14,18:00,2026,Leones de Yucatan,Caliente de Durango,Brandon Brennan,Odrisamer Despaigne,592165.0,628333.0,statsapi_probable_pitcher,1,1,9,0,0,0,0,0,0,0,3,0,1,0,4,0,No Line,0.0,none,-1,5,11,1,post,Final,Final,,,,,,,,,,,,,0,,,,,,none,846665
846761,2026-06-14,18:00,2026,Olmecas de Tabasco,Rieleros de Aguascalientes,,Greg Duncan,,827710.0,statsapi_probable_pitcher,1,5,4,0,0,1,4,1,0,0,0,3,0,5,4,0,No Line,0.0,none,-1,5,11,1,post,Final,Final,,,,,,,,,,,,,0,,,,,,none,846761
846820,2026-06-14,18:00,2026,Bravos de Leon,Algodoneros Union Laguna,Faustino Carrera,Jaime Barria,666627.0,642545.0,statsapi_probable_pitcher,1,5,8,0,1,0,0,0,1,0,0,5,4,5,6,0,No Line,0.0,none,-1,15,13,1,post,Final,Final,,,,,,,,,,,,,0,,,,,,none,846820
846439,2026-06-15,19:00,2026,Diablos Rojos del Mexico,Charros de Jalisco,Ricardo Pinto,Kurt Heyer,620982.0,571776.0,statsapi_probable_pitcher,1,5,2,0,0,2,0,0,0,1,0,0,0,3,0,0,No Line,0.0,none,-1,12,7,1,post,Final,Final,,,,,,,,,,,,,0,,,,,,none,846439
846255,2026-06-16,18:30,2026,Tigres de Quintana Roo,Sultanes de Monterrey,Melvi Acosta,Jack Cushing,666673.0,681007.0,statsapi_probable_pitcher,1,8,2,0,0,0,0,4,0,0,0,0,0,4,0,0,No Line,0.0,none,-1,13,7,1,post,Final,Final,,,,,,,,,,,,,0,,,,,,none,846255
846176,2026-06-16,19:00,2026,Guerreros de Oaxaca,Acereros del Norte,Alemao Hernandez,Jake McSteen,672598.0,701151.0,statsapi_probable_pitcher,1,1,4,0,1,0,0,0,1,0,0,0,1,0,3,0,No Line,0.0,none,-1,6,15,1,post,Final,Final,,,,,,,,,,,,,0,,,,,,none,846176
846397,2026-06-16,19:00,2026,Tecos de los Dos Laredos,Leones de Yucatan,Tyler Ivey,Esmil Rogers,663959.0,469134.0,statsapi_probable_pitcher,1,2,9,0,1,0,0,0,0,0,2,0,5,0,8,0,No Line,0.0,none,-1,10,16,1,post,Final,Final,,,,,,,,,,,,,0,,,,,,none,846397
846444,2026-06-16,19:00,2026,Diablos Rojos del Mexico,Charros de Jalisco,Humberto Castellanos,Luis Ivan Rodriguez,528748.0,645179.0,statsapi_probable_pitcher,1,6,5,3,0,0,0,0,0,0,0,0,3,3,3,0,No Line,0.0,none,-1,15,8,1,post,Final,Final,,,,,,,,,,,,,0,,,,,,none,846444
846529,2026-06-16,19:00,2026,Piratas de Campeche,Dorados de Chihuahua,Joe Record,Emilio Vargas,682489.0,642496.0,statsapi_probable_pitcher,1,2,0,1,0,0,0,1,0,0,0,0,0,2,0,0,No Line,0.0,none,-1,6,8,1,post,Final,Final,,,,,,,,,,,,,0,,,,,,none,846529
846123,2026-06-16,19:10,2026,Caliente de Durango,Pericos de Puebla,Jorge Garcia,,683517.0,,statsapi_probable_pitcher,1,9,7,2,0,2,3,2,1,0,0,0,0,6,4,0,No Line,0.0,none,-1,12,13,1,post,Final,Final,,,,,,,,,,,,,0,,,,,,none,846123
846484,2026-06-16,19:30,2026,Rieleros de Aguascalientes,Conspiradores de Queretaro,Harol González,Junior Guerra,656083.0,448855.0,statsapi_probable_pitcher,1,2,13,0,4,0,1,0,0,0,1,1,0,1,6,0,No Line,0.0,none,-1,4,16,1,post,Final,Final,,,,,,,,,,,,,0,,,,,,none,846484
846731,2026-06-16,19:30,2026,Algodoneros Union Laguna,El Aguila de Veracruz,Lupe Chavez,Jonathan Bermúdez,660826.0,642834.0,statsapi_probable_pitcher,1,1,9,1,0,0,2,0,0,0,0,0,0,1,2,0,No Line,0.0,none,-1,5,13,1,post,Final,Final,,,,,,,,,,,,,0,,,,,,none,846731
846074,2026-06-16,20:35,2026,Toros de Tijuana,Bravos de Leon,,Felipe Gonzalez,,542413.0,statsapi_probable_pitcher,1,1,0,0,0,0,0,0,0,0,0,0,0,0,0,0,No Line,0.0,none,-1,5,6,1,post,Final,Final,,,,,,,,,,,,,0,,,,,,none,846074
846254,2026-06-17,17:00,2026,Tigres de Quintana Roo,Sultanes de Monterrey,Michele Vassalotti,Justus Sheffield,677541.0,656954.0,statsapi_probable_pitcher,1,4,3,1,0,0,0,0,1,2,0,0,2,3,3,0,No Line,0.0,none,-1,8,4,1,post,Final,Final,,,,,,,,,,,,,0,,,,,,none,846254
846256,2026-06-17,17:05,2026,Tigres de Quintana Roo,Sultanes de Monterrey,,,,,statsapi_schedule,0,1,5,0,0,0,3,0,0,1,1,0,0,1,4,0,No Line,0.0,none,-1,8,10,1,post,Final,Final,,,,,,,,,,,,,0,,,,,,none,846256
846635,2026-06-17,18:00,2026,Saraperos de Saltillo,Olmecas de Tabasco,Erich Uelmen,Jeremy Rhoades,657272.0,656889.0,statsapi_probable_pitcher,1,0,2,0,0,0,0,0,0,0,0,0,1,0,1,0,No Line,0.0,none,-1,3,5,1,post,Final,Final,,,,,,,,,,,,,0,,,,,,none,846635
846719,2026-06-17,18:00,2026,Algodoneros Union Laguna,El Aguila de Veracruz,Touki Toussaint,Yorvin Pantoja,657053.0,660671.0,statsapi_probable_pitcher,1,6,5,0,0,0,0,0,0,0,4,0,0,0,4,0,No Line,0.0,none,-1,9,7,1,post,Final,Final,,,,,,,,,,,,,0,,,,,,none,846719
846632,2026-06-17,18:05,2026,Saraperos de Saltillo,Olmecas de Tabasco,,,,,statsapi_schedule,0,3,5,0,0,0,0,0,0,0,2,1,2,1,4,0,No Line,0.0,none,-1,4,10,1,post,Final,Final,,,,,,,,,,,,,0,,,,,,none,846632
846716,2026-06-17,18:05,2026,Algodoneros Union Laguna,El Aguila de Veracruz,,,,,statsapi_schedule,0,2,5,0,2,1,0,1,0,0,0,0,0,2,2,0,No Line,0.0,none,-1,6,12,1,post,Final,Final,,,,,,,,,,,,,0,,,,,,none,846716
846396,2026-06-17,18:30,2026,Tecos de los Dos Laredos,Leones de Yucatan,Adrian De Horta,Jared Wetherbee,641506.0,695244.0,statsapi_probable_pitcher,1,4,0,0,0,1,0,1,0,0,0,0,0,2,0,0,No Line,0.0,none,-1,9,6,1,post,Final,Final,,,,,,,,,,,,,0,,,,,,none,846396
846167,2026-06-17,19:00,2026,Guerreros de Oaxaca,Acereros del Norte,Robert Dugger,Jorge Tavarez,667498.0,664590.0,statsapi_probable_pitcher,1,5,3,1,0,0,0,3,0,0,0,0,1,4,1,0,No Line,0.0,none,-1,9,9,1,post,Final,Final,,,,,,,,,,,,,0,,,,,,none,846167
846442,2026-06-17,19:00,2026,Diablos Rojos del Mexico,Charros de Jalisco,,Zac Grotz,,665093.0,statsapi_probable_pitcher,1,9,13,2,3,1,0,1,2,0,1,0,0,4,6,0,No Line,0.0,none,-1,12,21,1,post,Completed Early,Completed Early,,,,,,,,,,,,,0,,,,,,none,846442
846526,2026-06-17,19:00,2026,Piratas de Campeche,Dorados de Chihuahua,R.J. Martinez,Caleb Smith,801994.0,592761.0,statsapi_probable_pitcher,1,3,1,0,0,0,0,0,0,0,1,0,0,0,1,0,No Line,0.0,none,-1,4,5,1,post,Final,Final,,,,,,,,,,,,,0,,,,,,none,846526
846116,2026-06-17,19:10,2026,Caliente de Durango,Pericos de Puebla,Devin Smeltzer,Jose E. Martinez,656970.0,672866.0,statsapi_probable_pitcher,1,10,1,1,0,0,0,1,0,1,0,1,1,4,1,0,No Line,0.0,none,-1,11,11,1,post,Final,Final,,,,,,,,,,,,,0,,,,,,none,846116
846068,2026-06-17,20:35,2026,Toros de Tijuana,Bravos de Leon,Daniel Martinez,Zac Lowther,681979.0,675912.0,statsapi_probable_pitcher,1,10,2,2,0,1,0,1,0,2,0,0,1,6,1,0,No Line,0.0,none,-1,17,5,1,post,Final,Final,,,,,,,,,,,,,0,,,,,,none,846068
846169,2026-06-18,16:00,2026,Guerreros de Oaxaca,Acereros del Norte,William Cuevas,A.J. Candelario,571035.0,668826.0,statsapi_probable_pitcher,1,8,4,0,0,3,0,0,0,2,1,0,0,5,1,0,No Line,0.0,none,-1,15,9,1,post,Final,Final,,,,,,,,,,,,,0,,,,,,none,846169
846485,2026-06-18,17:00,2026,Rieleros de Aguascalientes,Conspiradores de Queretaro,,Tyler Viza,,643588.0,statsapi_probable_pitcher,1,13,5,0,0,2,0,4,0,0,1,6,0,12,1,0,No Line,0.0,none,-1,18,11,1,post,Final,Final,,,,,,,,,,,,,0,,,,,,none,846485
846483,2026-06-18,17:05,2026,Rieleros de Aguascalientes,Conspiradores de Queretaro,,,,,statsapi_schedule,0,5,6,4,3,0,1,0,0,1,1,0,1,5,6,0,No Line,0.0,none,-1,12,11,1,post,Final,Final,,,,,,,,,,,,,0,,,,,,none,846483
846395,2026-06-18,19:00,2026,Tecos de los Dos Laredos,Leones de Yucatan,Roenis Elías,Ronnie Williams,606273.0,657122.0,statsapi_probable_pitcher,1,7,13,0,1,1,0,2,2,0,3,1,2,4,8,0,No Line,0.0,none,-1,12,19,1,post,Final,Final,,,,,,,,,,,,,0,,,,,,none,846395
846532,2026-06-18,19:00,2026,Piratas de Campeche,Dorados de Chihuahua,Ross Carver,Gabriel Ponce,687102.0,676362.0,statsapi_probable_pitcher,1,2,15,0,0,0,0,0,2,0,3,2,2,2,7,0,No Line,0.0,none,-1,3,14,1,post,Final,Final,,,,,,,,,,,,,0,,,,,,none,846532
846114,2026-06-18,19:10,2026,Caliente de Durango,Pericos de Puebla,Jorge Sauceda,Vladimir Gutierrez,703006.0,661269.0,statsapi_probable_pitcher,1,4,12,3,4,1,0,0,3,0,2,0,0,4,9,0,No Line,0.0,none,-1,9,18,1,post,Final,Final,,,,,,,,,,,,,0,,,,,,none,846114
846627,2026-06-18,19:30,2026,Saraperos de Saltillo,Olmecas de Tabasco,Luis Payan,Evan Grills,674478.0,592361.0,statsapi_probable_pitcher,1,5,4,0,0,1,1,0,0,0,0,0,2,1,3,0,No Line,0.0,none,-1,12,10,1,post,Final,Final,,,,,,,,,,,,,0,,,,,,none,846627
846071,2026-06-18,21:05,2026,Toros de Tijuana,Bravos de Leon,David Reyes,Jeff Lindgren,547862.0,689167.0,statsapi_probable_pitcher,1,4,0,0,0,0,0,1,0,0,0,0,0,1,0,0,No Line,0.0,none,-1,8,2,1,post,Final,Final,,,,,,,,,,,,,0,,,,,,none,846071
846263,2026-06-19,18:30,2026,Tigres de Quintana Roo,Dorados de Chihuahua,Collin Wiles,Elian Leyva,621079.0,673140.0,statsapi_probable_pitcher,1,7,6,2,0,1,0,0,0,0,0,0,1,3,1,0,No Line,0.0,none,-1,15,12,1,post,Final,Final,,,,,,,,,,,,,0,,,,,,none,846263
846171,2026-06-19,19:00,2026,Guerreros de Oaxaca,Charros de Jalisco,Luis Miranda,Zach Plesac,642532.0,668676.0,statsapi_probable_pitcher,1,10,7,2,1,0,0,1,1,1,0,3,0,7,2,0,No Line,0.0,none,-1,13,15,1,post,Final,Final,,,,,,,,,,,,,0,,,,,,none,846171
846431,2026-06-19,19:00,2026,Diablos Rojos del Mexico,Sultanes de Monterrey,Justin Courtney,Jorge Bautista,688896.0,682926.0,statsapi_probable_pitcher,1,10,0,4,0,0,0,5,0,1,0,0,0,10,0,0,No Line,0.0,none,-1,14,4,1,post,Final,Final,,,,,,,,,,,,,0,,,,,,none,846431
846530,2026-06-19,19:00,2026,Piratas de Campeche,Acereros del Norte,Bobby Milacki,Wilmer Rios,673872.0,658140.0,statsapi_probable_pitcher,1,15,1,3,0,0,0,0,0,2,0,3,1,8,1,0,No Line,0.0,none,-1,17,7,1,post,Final,Final,,,,,,,,,,,,,0,,,,,,none,846530
846476,2026-06-19,19:30,2026,Rieleros de Aguascalientes,Pericos de Puebla,Oscar De La Cruz,Fernando Lozano,642601.0,683138.0,statsapi_probable_pitcher,1,10,8,0,0,1,2,1,0,0,0,3,1,5,3,0,No Line,0.0,none,-1,14,13,1,post,Final,Final,,,,,,,,,,,,,0,,,,,,none,846476
846634,2026-06-19,19:30,2026,Saraperos de Saltillo,Bravos de Leon,Wilmer Font,Angel Lopez,521655.0,676698.0,statsapi_probable_pitcher,1,12,9,3,0,4,1,0,1,0,1,0,3,7,6,0,No Line,0.0,none,-1,17,12,1,post,Final,Final,,,,,,,,,,,,,0,,,,,,none,846634
846718,2026-06-19,19:30,2026,Algodoneros Union Laguna,Leones de Yucatan,,Yoanner Negrin,,594582.0,statsapi_probable_pitcher,1,1,8,0,0,0,1,0,0,1,2,0,1,1,4,0,No Line,0.0,none,-1,5,12,1,post,Final,Final,,,,,,,,,,,,,0,,,,,,none,846718
846067,2026-06-19,20:35,2026,Toros de Tijuana,Olmecas de Tabasco,,,,,statsapi_schedule,0,3,1,0,0,1,0,0,0,0,0,1,0,2,0,0,No Line,0.0,none,-1,11,7,1,post,Final,Final,,,,,,,,,,,,,0,,,,,,none,846067
846437,2026-06-20,16:00,2026,Diablos Rojos del Mexico,Sultanes de Monterrey,James Kaprielian,Manny Banuelos,621076.0,544365.0,statsapi_probable_pitcher,1,13,3,7,0,4,0,0,0,0,0,0,3,11,3,0,No Line,0.0,none,-1,12,7,1,post,Final,Final,,,,,,,,,,,,,0,,,,,,none,846437
846164,2026-06-20,17:00,2026,Guerreros de Oaxaca,Charros de Jalisco,Radhames Liz,Cesar Gomez,467785.0,685461.0,statsapi_probable_pitcher,1,4,5,0,1,0,0,0,0,2,1,0,0,2,2,0,No Line,0.0,none,-1,10,10,1,post,Final,Final,,,,,,,,,,,,,0,,,,,,none,846164
846251,2026-06-20,17:00,2026,Tigres de Quintana Roo,Dorados de Chihuahua,,César Valdez,,491624.0,statsapi_probable_pitcher,1,5,1,0,1,3,0,1,0,0,0,1,0,5,1,0,No Line,0.0,none,-1,8,4,1,post,Final,Final,,,,,,,,,,,,,0,,,,,,none,846251
846399,2026-06-20,17:00,2026,Tecos de los Dos Laredos,El Aguila de Veracruz,Daniel Mengden,,596043.0,,statsapi_probable_pitcher,1,1,2,1,0,0,0,0,0,0,0,0,0,1,0,0,No Line,0.0,none,-1,6,4,1,post,Final,Final,,,,,,,,,,,,,0,,,,,,none,846399
846112,2026-06-20,17:05,2026,Caliente de Durango,Conspiradores de Queretaro,Joan Adon,,672851.0,,statsapi_probable_pitcher,1,11,7,1,0,4,3,0,2,0,0,0,2,5,7,0,No Line,0.0,none,-1,20,13,1,post,Final,Final,,,,,,,,,,,,,0,,,,,,none,846112
846393,2026-06-20,17:30,2026,Tecos de los Dos Laredos,El Aguila de Veracruz,Drew Parrish,,669283.0,,statsapi_probable_pitcher,1,3,1,0,0,0,0,1,0,1,1,1,0,3,1,0,No Line,0.0,none,-1,6,5,1,post,Final,Final,,,,,,,,,,,,,0,,,,,,none,846393
846477,2026-06-20,18:00,2026,Rieleros de Aguascalientes,Pericos de Puebla,,Antonio Santos,,665733.0,statsapi_probable_pitcher,1,7,6,3,0,2,0,0,2,0,0,0,0,5,2,0,No Line,0.0,none,-1,14,13,1,post,Final,Final,,,,,,,,,,,,,0,,,,,,none,846477
846527,2026-06-20,18:15,2026,Piratas de Campeche,Acereros del Norte,Dylan Heid,Jackson Goddard,695327.0,680725.0,statsapi_probable_pitcher,1,7,4,0,0,1,0,0,0,0,2,0,2,1,4,0,No Line,0.0,none,-1,10,5,1,post,Final,Final,,,,,,,,,,,,,0,,,,,,none,846527
846714,2026-06-20,18:30,2026,Algodoneros Union Laguna,Leones de Yucatan,,Brandon Brennan,,592165.0,statsapi_probable_pitcher,1,4,3,2,1,0,0,1,0,1,0,0,0,4,1,0,No Line,0.0,none,-1,10,6,1,post,Final,Final,,,,,,,,,,,,,0,,,,,,none,846714
846113,2026-06-20,19:05,2026,Caliente de Durango,Conspiradores de Queretaro,Odrisamer Despaigne,Luis Romero,628333.0,673603.0,statsapi_probable_pitcher,1,5,0,0,0,0,0,0,0,2,0,0,0,2,0,0,No Line,0.0,none,-1,5,9,1,post,Final,Final,,,,,,,,,,,,,0,,,,,,none,846113
846057,2026-06-20,20:35,2026,Toros de Tijuana,Olmecas de Tabasco,,,,,statsapi_schedule,0,4,5,0,0,0,3,0,0,0,0,0,0,0,3,0,No Line,0.0,none,-1,9,9,1,post,Final,Final,,,,,,,,,,,,,0,,,,,,none,846057
846432,2026-06-21,14:00,2026,Diablos Rojos del Mexico,Sultanes de Monterrey,Ricardo Pinto,Jack Cushing,620982.0,681007.0,statsapi_probable_pitcher,1,11,2,6,0,3,0,1,0,0,0,1,0,11,0,0,No Line,0.0,none,-1,11,6,1,post,Final,Final,,,,,,,,,,,,,0,,,,,,none,846432
846115,2026-06-21,14:05,2026,Caliente de Durango,Conspiradores de Queretaro,Spencer Turnbull,Junior Guerra,605513.0,448855.0,statsapi_probable_pitcher,1,9,8,0,0,5,3,3,0,1,1,0,0,9,4,0,No Line,0.0,none,-1,10,15,1,post,Final,Final,,,,,,,,,,,,,0,,,,,,none,846115
846252,2026-06-21,16:00,2026,Tigres de Quintana Roo,Dorados de Chihuahua,Darius Vines,Emilio Vargas,670241.0,642496.0,statsapi_probable_pitcher,1,2,1,0,0,0,0,0,0,0,0,0,0,0,0,0,No Line,0.0,none,-1,4,7,1,post,Final,Final,,,,,,,,,,,,,0,,,,,,none,846252
846166,2026-06-21,17:00,2026,Guerreros de Oaxaca,Charros de Jalisco,Conner Greene,Kurt Heyer,641632.0,571776.0,statsapi_probable_pitcher,1,9,1,2,0,2,0,2,0,0,0,0,0,6,0,0,No Line,0.0,none,-1,13,4,1,post,Final,Final,,,,,,,,,,,,,0,,,,,,none,846166
846617,2026-06-21,17:00,2026,Saraperos de Saltillo,Bravos de Leon,,Felipe Gonzalez,,542413.0,statsapi_probable_pitcher,1,7,2,0,0,1,1,1,0,0,0,0,0,2,1,0,No Line,0.0,none,-1,9,4,1,post,Final,Final,,,,,,,,,,,,,0,,,,,,none,846617
846382,2026-06-21,18:00,2026,Tecos de los Dos Laredos,El Aguila de Veracruz,Tyler Ivey,,663959.0,,statsapi_probable_pitcher,1,4,7,3,1,0,1,0,1,0,2,0,1,3,6,0,No Line,0.0,none,-1,6,11,1,post,Final,Final,,,,,,,,,,,,,0,,,,,,none,846382
846482,2026-06-21,18:00,2026,Rieleros de Aguascalientes,Pericos de Puebla,Greg Duncan,,827710.0,,statsapi_probable_pitcher,1,0,0,0,0,0,0,0,0,0,0,0,0,0,0,0,No Line,0.0,none,-1,0,0,1,post,Postponed,Postponed,,,,,,,,,,,,,0,,,,,,none,846482
846622,2026-06-21,18:00,2026,Saraperos de Saltillo,Bravos de Leon,,,,,statsapi_schedule,0,6,10,0,0,0,3,1,0,0,2,0,0,1,5,0,No Line,0.0,none,-1,13,13,1,post,Final,Final,,,,,,,,,,,,,0,,,,,,none,846622
846524,2026-06-21,18:15,2026,Piratas de Campeche,Acereros del Norte,,Amilcar Carreon,,840328.0,statsapi_probable_pitcher,1,4,3,0,0,1,1,0,1,0,0,0,0,1,2,0,No Line,0.0,none,-1,12,8,1,post,Final,Final,,,,,,,,,,,,,0,,,,,,none,846524
846713,2026-06-21,18:30,2026,Algodoneros Union Laguna,Leones de Yucatan,,Esmil Rogers,,469134.0,statsapi_probable_pitcher,1,4,6,0,0,0,2,0,0,0,1,0,1,0,4,0,No Line,0.0,none,-1,11,16,1,post,Final,Final,,,,,,,,,,,,,0,,,,,,none,846713
846058,2026-06-21,19:05,2026,Toros de Tijuana,Olmecas de Tabasco,,,,,statsapi_schedule,0,9,6,4,3,1,0,1,1,0,0,0,0,6,4,0,No Line,0.0,none,-1,12,12,1,post,Final,Final,,,,,,,,,,,,,0,,,,,,none,846058
846531,2026-06-22,19:00,2026,Piratas de Campeche,Diablos Rojos del Mexico,Joe Record,Humberto Castellanos,682489.0,528748.0,statsapi_probable_pitcher,1,8,7,0,0,3,0,1,0,0,5,0,2,4,7,0,No Line,0.0,none,-1,12,8,1,post,Final,Final,,,,,,,,,,,,,0,,,,,,none,846531
845935,2026-06-23,13:00,2026,Charros de Jalisco,Saraperos de Saltillo,Luis Ivan Rodriguez,Erich Uelmen,645179.0,657272.0,statsapi_probable_pitcher,1,11,1,0,0,4,0,1,0,1,0,3,0,9,0,0,No Line,0.0,none,-1,15,8,1,post,Final,Final,,,,,,,,,,,,,0,,,,,,none,845935
845934,2026-06-23,13:05,2026,Charros de Jalisco,Saraperos de Saltillo,Manny Barreda,Luis Payan,518435.0,674478.0,statsapi_probable_pitcher,1,5,1,2,0,0,0,2,0,1,0,0,1,5,1,0,No Line,0.0,none,-1,7,8,1,post,Final,Final,,,,,,,,,,,,,0,,,,,,none,845934
845977,2026-06-23,18:00,2026,Conspiradores de Queretaro,Olmecas de Tabasco,Tyler Alexander,Austin Warner,622066.0,677369.0,statsapi_probable_pitcher,1,9,2,0,0,2,0,5,0,0,1,0,1,7,2,0,No Line,0.0,none,-1,12,7,1,post,Final,Final,,,,,,,,,,,,,0,,,,,,none,845977
846667,2026-06-23,18:00,2026,Leones de Yucatan,Tigres de Quintana Roo,Jared Wetherbee,Melvi Acosta,695244.0,666673.0,statsapi_probable_pitcher,1,4,6,0,3,0,0,0,0,0,0,2,1,2,4,0,No Line,0.0,none,-1,8,10,1,post,Final,Final,,,,,,,,,,,,,0,,,,,,none,846667
845975,2026-06-23,18:05,2026,Conspiradores de Queretaro,Olmecas de Tabasco,Tyler Viza,Jeremy Rhoades,643588.0,656889.0,statsapi_probable_pitcher,1,2,3,0,0,1,0,1,0,0,0,0,0,2,0,0,No Line,0.0,none,-1,5,6,1,post,Final,Final,,,,,,,,,,,,,0,,,,,,none,845975
846664,2026-06-23,18:05,2026,Leones de Yucatan,Tigres de Quintana Roo,Ronnie Williams,Michele Vassalotti,657122.0,677541.0,statsapi_probable_pitcher,1,9,0,4,0,1,0,0,0,0,0,0,0,5,0,0,No Line,0.0,none,-1,11,2,1,post,Final,Final,,,,,,,,,,,,,0,,,,,,none,846664
846163,2026-06-23,19:00,2026,Guerreros de Oaxaca,Pericos de Puebla,Alemao Hernandez,Vladimir Gutierrez,672598.0,661269.0,statsapi_probable_pitcher,1,4,5,0,0,0,2,0,0,1,2,0,1,1,5,0,No Line,0.0,none,-1,6,10,1,post,Final,Final,,,,,,,,,,,,,0,,,,,,none,846163
846215,2026-06-23,19:00,2026,Dorados de Chihuahua,Toros de Tijuana,Caleb Smith,Daniel Martinez,592761.0,681979.0,statsapi_probable_pitcher,1,4,3,0,0,0,1,0,2,0,0,0,0,0,3,0,No Line,0.0,none,-1,8,7,1,post,Final,Final,,,,,,,,,,,,,0,,,,,,none,846215
846390,2026-06-23,19:00,2026,Tecos de los Dos Laredos,Algodoneros Union Laguna,Daniel Mengden,,596043.0,,statsapi_probable_pitcher,1,4,3,0,1,0,0,0,2,2,0,0,0,2,3,0,No Line,0.0,none,-1,3,9,1,post,Final,Final,,,,,,,,,,,,,0,,,,,,none,846390
846533,2026-06-23,19:00,2026,Piratas de Campeche,Diablos Rojos del Mexico,Ross Carver,Luis Angel Rodriguez,687102.0,678296.0,statsapi_probable_pitcher,1,3,5,0,0,0,0,0,0,2,0,0,2,2,2,0,No Line,0.0,none,-1,6,9,1,post,Final,Final,,,,,,,,,,,,,0,,,,,,none,846533
846480,2026-06-23,19:30,2026,Rieleros de Aguascalientes,Sultanes de Monterrey,Adrian Almeida,Justus Sheffield,622426.0,656954.0,statsapi_probable_pitcher,1,10,0,2,0,5,0,0,0,1,0,2,0,10,0,0,No Line,0.0,none,-1,11,8,1,post,Final,Final,,,,,,,,,,,,,0,,,,,,none,846480
846819,2026-06-23,19:30,2026,Bravos de Leon,El Aguila de Veracruz,Zac Lowther,Bryce Bonnin,675912.0,675655.0,statsapi_probable_pitcher,1,14,6,3,0,2,0,3,0,2,0,0,0,10,0,0,No Line,0.0,none,-1,12,13,1,post,Final,Final,,,,,,,,,,,,,0,,,,,,none,846819
846343,2026-06-23,19:45,2026,Acereros del Norte,Caliente de Durango,Jake McSteen,Joan Adon,701151.0,672851.0,statsapi_probable_pitcher,1,3,4,0,0,0,3,0,0,1,0,0,1,1,4,0,No Line,0.0,none,-1,8,11,1,post,Final,Final,,,,,,,,,,,,,0,,,,,,none,846343
846159,2026-06-24,16:00,2026,Guerreros de Oaxaca,Pericos de Puebla,Robert Dugger,Fernando Lozano,667498.0,683138.0,statsapi_probable_pitcher,1,5,7,0,0,0,0,2,0,1,1,0,0,3,1,0,No Line,0.0,none,-1,10,12,1,post,Final,Final,,,,,,,,,,,,,0,,,,,,none,846159
846211,2026-06-24,19:00,2026,Dorados de Chihuahua,Toros de Tijuana,Gabriel Ponce,David Reyes,676362.0,547862.0,statsapi_probable_pitcher,1,4,10,1,0,0,0,0,0,0,0,0,0,1,0,0,No Line,0.0,none,-1,14,17,1,post,Final,Final,,,,,,,,,,,,,0,,,,,,none,846211
846528,2026-06-24,19:00,2026,Piratas de Campeche,Diablos Rojos del Mexico,Bobby Milacki,Justin Courtney,673872.0,688896.0,statsapi_probable_pitcher,1,5,3,2,0,0,0,1,0,1,3,1,0,5,3,0,No Line,0.0,none,-1,9,8,1,post,Final,Final,,,,,,,,,,,,,0,,,,,,none,846528
846481,2026-06-24,19:30,2026,Rieleros de Aguascalientes,Sultanes de Monterrey,Greg Duncan,Manny Banuelos,827710.0,544365.0,statsapi_probable_pitcher,1,7,2,1,0,1,0,1,0,1,0,1,2,5,2,0,No Line,0.0,none,-1,12,6,1,post,Final,Final,,,,,,,,,,,,,0,,,,,,none,846481
846345,2026-06-24,19:45,2026,Acereros del Norte,Caliente de Durango,Jorge Tavarez,Devin Smeltzer,664590.0,656970.0,statsapi_probable_pitcher,1,5,2,0,0,0,0,0,0,2,0,0,0,2,0,0,No Line,0.0,none,-1,12,6,1,post,Final,Final,,,,,,,,,,,,,0,,,,,,none,846345
846818,2026-06-24,20:30,2026,Bravos de Leon,El Aguila de Veracruz,Jeff Lindgren,Yorvin Pantoja,689167.0,660671.0,statsapi_probable_pitcher,1,1,4,0,0,0,2,0,0,0,0,0,1,0,3,0,No Line,0.0,none,-1,6,9,1,post,Final,Final,,,,,,,,,,,,,0,,,,,,none,846818
846388,2026-06-25,17:00,2026,Tecos de los Dos Laredos,Algodoneros Union Laguna,Drew Parrish,,669283.0,,statsapi_probable_pitcher,1,2,3,1,0,0,0,1,2,0,0,0,0,2,2,0,No Line,0.0,none,-1,6,5,1,post,Final,Final,,,,,,,,,,,,,0,,,,,,none,846388
846386,2026-06-25,17:05,2026,Tecos de los Dos Laredos,Algodoneros Union Laguna,,,,,statsapi_schedule,0,1,2,0,0,0,0,0,0,0,0,1,1,1,1,0,No Line,0.0,none,-1,4,5,1,post,Final,Final,,,,,,,,,,,,,0,,,,,,none,846386
845976,2026-06-25,19:00,2026,Conspiradores de Queretaro,Olmecas de Tabasco,,Jacob Nix,,656798.0,statsapi_probable_pitcher,1,4,10,1,4,0,1,0,1,0,1,0,0,1,7,0,No Line,0.0,none,-1,13,14,1,post,Final,Final,,,,,,,,,,,,,0,,,,,,none,845976
846158,2026-06-25,19:00,2026,Guerreros de Oaxaca,Pericos de Puebla,William Cuevas,Antonio Santos,571035.0,665733.0,statsapi_probable_pitcher,1,2,3,0,0,0,3,0,0,0,0,0,0,0,3,0,No Line,0.0,none,-1,8,10,1,post,Final,Final,,,,,,,,,,,,,0,,,,,,none,846158
846207,2026-06-25,19:00,2026,Dorados de Chihuahua,Toros de Tijuana,Elian Leyva,Noah Skirrow,673140.0,659418.0,statsapi_probable_pitcher,1,8,4,3,0,1,0,2,2,0,0,0,1,6,3,0,No Line,0.0,none,-1,12,6,1,post,Final,Final,,,,,,,,,,,,,0,,,,,,none,846207
845932,2026-06-25,19:30,2026,Charros de Jalisco,Saraperos de Saltillo,Zac Grotz,Wilmer Font,665093.0,521655.0,statsapi_probable_pitcher,1,3,4,0,1,0,0,1,0,0,1,2,0,3,2,0,No Line,0.0,none,-1,9,7,1,post,Final,Final,,,,,,,,,,,,,0,,,,,,none,845932
846479,2026-06-25,19:30,2026,Rieleros de Aguascalientes,Sultanes de Monterrey,Oscar De La Cruz,,642601.0,,statsapi_probable_pitcher,1,5,6,1,0,2,0,0,0,0,1,0,3,3,4,0,No Line,0.0,none,-1,9,13,1,post,Final,Final,,,,,,,,,,,,,0,,,,,,none,846479
846670,2026-06-25,19:30,2026,Leones de Yucatan,Tigres de Quintana Roo,Yoanner Negrin,Collin Wiles,594582.0,621079.0,statsapi_probable_pitcher,1,1,2,0,0,0,0,0,0,0,1,0,0,0,1,0,No Line,0.0,none,-1,7,8,1,post,Final,Final,,,,,,,,,,,,,0,,,,,,none,846670
846817,2026-06-25,19:30,2026,Bravos de Leon,El Aguila de Veracruz,,Chase Cohen,,681484.0,statsapi_probable_pitcher,1,4,6,2,0,0,0,0,0,0,0,0,5,2,5,0,No Line,0.0,none,-1,10,9,1,post,Final,Final,,,,,,,,,,,,,0,,,,,,none,846817
846350,2026-06-25,19:45,2026,Acereros del Norte,Caliente de Durango,A.J. Candelario,,668826.0,,statsapi_probable_pitcher,1,7,6,0,0,1,0,0,0,1,2,2,0,4,2,0,No Line,0.0,none,-1,14,8,1,post,Final,Final,,,,,,,,,,,,,0,,,,,,none,846350
846139,2026-06-28,18:00,2026,Mexico National Team,LMB All-Stars,,,,,statsapi_schedule,0,3,5,0,0,0,0,0,2,0,0,0,0,0,2,0,No Line,0.0,none,-1,6,15,1,post,Final,Final,,,,,,,,,,,,,0,,,,,,none,846139
846349,2026-06-29,19:45,2026,Acereros del Norte,Toros de Tijuana,,,,,statsapi_schedule,0,3,4,0,0,0,0,0,0,1,1,0,1,1,2,0,No Line,0.0,none,-1,11,14,1,post,Final,Final,,,,,,,,,,,,,0,,,,,,none,846349
846160,2026-06-29,20:00,2026,Guerreros de Oaxaca,Diablos Rojos del Mexico,,,,,statsapi_schedule,0,7,10,3,0,1,1,0,1,1,2,1,0,6,4,0,No Line,0.0,none,-1,9,12,1,post,Final,Final,,,,,,,,,,,,,0,,,,,,none,846160
846624,2026-06-30,16:00,2026,Saraperos de Saltillo,Tecos de los Dos Laredos,,,,,statsapi_schedule,0,6,5,1,2,0,0,0,2,0,0,2,1,3,5,0,No Line,0.0,none,-1,12,10,1,post,Final,Final,,,,,,,,,,,,,0,,,,,,none,846624
846563,2026-07-01,16:00,2026,Pericos de Puebla,Leones de Yucatan,Vladimir Gutierrez,Ronnie Williams,661269.0,657122.0,statsapi_probable_pitcher,1,5,0,0,0,0,0,0,0,0,0,0,0,0,0,0,No Line,0.0,none,-1,5,7,1,post,Final,Final,,,,,,,,,,,,,0,,,,,,none,846563
846573,2026-07-01,16:05,2026,Pericos de Puebla,Leones de Yucatan,Antonio Santos,Yoanner Negrin,665733.0,594582.0,statsapi_probable_pitcher,1,5,11,1,2,0,0,1,2,0,0,3,4,5,8,0,No Line,0.0,none,-1,7,16,1,post,Final,Final,,,,,,,,,,,,,0,,,,,,none,846573
846248,2026-07-01,17:00,2026,Tigres de Quintana Roo,El Aguila de Veracruz,Darius Vines,Cristopher Molina,670241.0,650654.0,statsapi_probable_pitcher,1,5,0,1,0,1,0,0,0,2,0,0,0,4,0,0,No Line,0.0,none,-1,10,3,1,post,Final,Final,,,,,,,,,,,,,0,,,,,,none,846248
846107,2026-07-01,17:05,2026,Caliente de Durango,Charros de Jalisco,,Zach Plesac,,668676.0,statsapi_probable_pitcher,1,9,3,0,0,0,1,2,0,2,2,5,0,9,3,0,No Line,0.0,none,-1,9,6,1,post,Final,Final,,,,,,,,,,,,,0,,,,,,none,846107
846253,2026-07-01,17:05,2026,Tigres de Quintana Roo,El Aguila de Veracruz,Michele Vassalotti,Jonathan Bermúdez,677541.0,642834.0,statsapi_probable_pitcher,1,1,0,0,0,0,0,0,0,0,0,0,0,0,0,0,No Line,0.0,none,-1,3,4,1,post,Final,Final,,,,,,,,,,,,,0,,,,,,none,846253
846117,2026-07-01,17:10,2026,Caliente de Durango,Charros de Jalisco,,Michael Boyle,,664082.0,statsapi_probable_pitcher,1,4,3,0,0,0,0,3,0,1,2,0,0,4,2,0,No Line,0.0,none,-1,8,7,1,post,Final,Final,,,,,,,,,,,,,0,,,,,,none,846117
846814,2026-07-01,17:30,2026,Bravos de Leon,Olmecas de Tabasco,,,,,statsapi_schedule,0,14,4,0,3,0,0,5,0,1,0,5,0,11,3,0,No Line,0.0,none,-1,17,8,1,post,Final,Final,,,,,,,,,,,,,0,,,,,,none,846814
845980,2026-07-01,18:00,2026,Conspiradores de Queretaro,Piratas de Campeche,Luis Romero,Tommy Doyle,673603.0,656382.0,statsapi_probable_pitcher,1,3,5,0,0,3,1,0,0,0,1,0,3,3,5,0,No Line,0.0,none,-1,6,9,1,post,Final,Final,,,,,,,,,,,,,0,,,,,,none,845980
846293,2026-07-01,18:00,2026,Sultanes de Monterrey,Dorados de Chihuahua,Manny Banuelos,Gabriel Ponce,544365.0,676362.0,statsapi_probable_pitcher,1,8,3,0,0,0,1,0,0,7,0,0,0,7,1,0,No Line,0.0,none,-1,12,7,1,post,Final,Final,,,,,,,,,,,,,0,,,,,,none,846293
846346,2026-07-01,18:00,2026,Acereros del Norte,Toros de Tijuana,Jackson Goddard,Adonis Medina,680725.0,658431.0,statsapi_probable_pitcher,1,1,3,0,0,0,1,0,0,0,0,0,0,0,1,0,No Line,0.0,none,-1,7,7,1,post,Final,Final,,,,,,,,,,,,,0,,,,,,none,846346
846715,2026-07-01,18:00,2026,Algodoneros Union Laguna,Rieleros de Aguascalientes,,Greg Duncan,,827710.0,statsapi_probable_pitcher,1,9,1,0,0,0,0,2,0,4,1,0,0,6,1,0,No Line,0.0,none,-1,10,4,1,post,Final,Final,,,,,,,,,,,,,0,,,,,,none,846715
845979,2026-07-01,18:05,2026,Conspiradores de Queretaro,Piratas de Campeche,Tyler Alexander,Ross Carver,622066.0,687102.0,statsapi_probable_pitcher,1,5,4,1,1,2,1,0,0,1,1,0,1,4,4,0,No Line,0.0,none,-1,10,5,1,post,Final,Final,,,,,,,,,,,,,0,,,,,,none,845979
846296,2026-07-01,18:05,2026,Sultanes de Monterrey,Dorados de Chihuahua,Daniel Cruz,César Valdez,690909.0,491624.0,statsapi_probable_pitcher,1,5,4,1,1,0,0,0,0,0,0,0,0,1,1,0,No Line,0.0,none,-1,12,7,1,post,Final,Final,,,,,,,,,,,,,0,,,,,,none,846296
846348,2026-07-01,18:05,2026,Acereros del Norte,Toros de Tijuana,A.J. Candelario,David Reyes,668826.0,547862.0,statsapi_probable_pitcher,1,3,4,0,0,3,0,0,0,0,0,0,0,3,0,0,No Line,0.0,none,-1,7,5,1,post,Final,Final,,,,,,,,,,,,,0,,,,,,none,846348
846712,2026-07-01,18:05,2026,Algodoneros Union Laguna,Rieleros de Aguascalientes,,Adrian Almeida,,622426.0,statsapi_probable_pitcher,1,0,8,0,2,0,0,0,3,0,0,0,0,0,5,0,No Line,0.0,none,-1,2,12,1,post,Final,Final,,,,,,,,,,,,,0,,,,,,none,846712
846161,2026-07-01,19:00,2026,Guerreros de Oaxaca,Diablos Rojos del Mexico,Radhames Liz,Humberto Castellanos,467785.0,528748.0,statsapi_probable_pitcher,1,6,4,1,0,1,0,2,0,0,0,1,0,5,0,0,No Line,0.0,none,-1,16,6,1,post,Final,Final,,,,,,,,,,,,,0,,,,,,none,846161
846618,2026-07-01,19:30,2026,Saraperos de Saltillo,Tecos de los Dos Laredos,Wilmer Font,Roenis Elías,521655.0,606273.0,statsapi_probable_pitcher,1,23,12,2,3,3,2,0,1,6,4,6,0,17,10,0,No Line,0.0,none,-1,24,13,1,post,Final,Final,,,,,,,,,,,,,0,,,,,,none,846618
846816,2026-07-01,20:30,2026,Bravos de Leon,Olmecas de Tabasco,Zac Lowther,Austin Warner,675912.0,677369.0,statsapi_probable_pitcher,1,2,7,0,1,0,3,0,1,0,1,1,0,1,6,0,No Line,0.0,none,-1,7,11,1,post,Final,Final,,,,,,,,,,,,,0,,,,,,none,846816
846249,2026-07-02,18:30,2026,Tigres de Quintana Roo,El Aguila de Veracruz,Melvi Acosta,Gabriel Ynoa,666673.0,593679.0,statsapi_probable_pitcher,1,3,6,0,0,0,0,0,0,3,0,0,2,3,2,0,No Line,0.0,none,-1,7,9,1,post,Final,Final,,,,,,,,,,,,,0,,,,,,none,846249
846162,2026-07-02,19:00,2026,Guerreros de Oaxaca,Diablos Rojos del Mexico,Conner Greene,,641632.0,,statsapi_probable_pitcher,1,4,9,0,0,0,1,1,0,0,0,0,1,1,2,0,No Line,0.0,none,-1,10,13,1,post,Final,Final,,,,,,,,,,,,,0,,,,,,none,846162
846295,2026-07-02,19:30,2026,Sultanes de Monterrey,Dorados de Chihuahua,Justus Sheffield,Caleb Smith,656954.0,592761.0,statsapi_probable_pitcher,1,4,1,2,0,0,0,0,0,1,0,0,0,3,0,0,No Line,0.0,none,-1,12,5,1,post,Final,Final,,,,,,,,,,,,,0,,,,,,none,846295
846621,2026-07-02,19:30,2026,Saraperos de Saltillo,Tecos de los Dos Laredos,Fineas Del Bonta-Smith,Adrian De Horta,687486.0,641506.0,statsapi_probable_pitcher,1,5,12,0,2,0,3,0,0,1,1,0,0,1,6,0,No Line,0.0,none,-1,9,15,1,post,Final,Final,,,,,,,,,,,,,0,,,,,,none,846621
846721,2026-07-02,19:30,2026,Algodoneros Union Laguna,Rieleros de Aguascalientes,,Oscar De La Cruz,,642601.0,statsapi_probable_pitcher,1,8,3,0,0,4,0,0,0,0,0,1,2,5,2,0,No Line,0.0,none,-1,11,10,1,post,Final,Final,,,,,,,,,,,,,0,,,,,,none,846721
846807,2026-07-02,19:30,2026,Bravos de Leon,Olmecas de Tabasco,Faustino Carrera,Jacob Nix,666627.0,656798.0,statsapi_probable_pitcher,1,6,2,2,0,4,1,0,0,0,1,0,0,6,2,0,No Line,0.0,none,-1,10,7,1,post,Final,Final,,,,,,,,,,,,,0,,,,,,none,846807
846389,2026-07-03,17:00,2026,Tecos de los Dos Laredos,Sultanes de Monterrey,Daniel Mengden,Stephen Tarpley,596043.0,605501.0,statsapi_probable_pitcher,1,7,0,7,0,0,0,0,0,0,0,0,0,7,0,0,No Line,0.0,none,-1,9,4,1,post,Final,Final,,,,,,,,,,,,,0,,,,,,none,846389
846385,2026-07-03,17:05,2026,Tecos de los Dos Laredos,Sultanes de Monterrey,Drew Parrish,,669283.0,,statsapi_probable_pitcher,1,9,10,1,2,0,0,1,1,0,0,0,1,2,4,0,No Line,0.0,none,-1,8,10,1,post,Final,Final,,,,,,,,,,,,,0,,,,,,none,846385
845974,2026-07-03,19:00,2026,Conspiradores de Queretaro,Olmecas de Tabasco,Junior Guerra,,448855.0,,statsapi_probable_pitcher,1,9,10,3,2,4,0,0,0,1,2,0,0,8,4,0,No Line,0.0,none,-1,16,11,1,post,Final,Final,,,,,,,,,,,,,0,,,,,,none,845974
846033,2026-07-03,19:00,2026,El Aguila de Veracruz,Bravos de Leon,Chase Cohen,Felipe Gonzalez,681484.0,542413.0,statsapi_probable_pitcher,1,4,6,0,0,0,4,0,0,3,1,0,1,3,6,0,No Line,0.0,none,-1,7,8,1,post,Final,Final,,,,,,,,,,,,,0,,,,,,none,846033
846165,2026-07-03,19:00,2026,Guerreros de Oaxaca,Pericos de Puebla,Robert Dugger,Fernando Lozano,667498.0,683138.0,statsapi_probable_pitcher,1,2,3,0,0,0,1,0,0,0,0,1,0,1,1,0,No Line,0.0,none,-1,6,8,1,post,Final,Final,,,,,,,,,,,,,0,,,,,,none,846165
846436,2026-07-03,19:00,2026,Diablos Rojos del Mexico,Piratas de Campeche,Luis Patiño,Bobby Milacki,672715.0,673872.0,statsapi_probable_pitcher,1,5,8,3,0,1,0,0,0,1,7,0,1,5,8,0,No Line,0.0,none,-1,13,7,1,post,Final,Final,,,,,,,,,,,,,0,,,,,,none,846436
845933,2026-07-03,19:30,2026,Charros de Jalisco,Dorados de Chihuahua,Kurt Heyer,Emilio Vargas,571776.0,642496.0,statsapi_probable_pitcher,1,10,5,0,0,0,0,1,0,6,0,0,2,7,2,0,No Line,0.0,none,-1,13,11,1,post,Final,Final,,,,,,,,,,,,,0,,,,,,none,845933
846623,2026-07-03,19:30,2026,Saraperos de Saltillo,Algodoneros Union Laguna,Luis Payan,,674478.0,,statsapi_probable_pitcher,1,18,11,2,0,6,2,4,0,2,0,0,2,14,4,0,No Line,0.0,none,-1,20,18,1,post,Final,Final,,,,,,,,,,,,,0,,,,,,none,846623
846666,2026-07-03,19:30,2026,Leones de Yucatan,Tigres de Quintana Roo,Brandon Brennan,Collin Wiles,592165.0,621079.0,statsapi_probable_pitcher,1,6,2,0,0,0,2,1,0,0,0,0,0,1,2,0,No Line,0.0,none,-1,11,7,1,post,Final,Final,,,,,,,,,,,,,0,,,,,,none,846666
846339,2026-07-03,19:45,2026,Acereros del Norte,Rieleros de Aguascalientes,Jake McSteen,Ronald Medrano,701151.0,642574.0,statsapi_probable_pitcher,1,6,1,0,0,1,0,1,1,0,0,1,0,3,1,0,No Line,0.0,none,-1,7,6,1,post,Final,Final,,,,,,,,,,,,,0,,,,,,none,846339
846059,2026-07-03,20:35,2026,Toros de Tijuana,Caliente de Durango,Daniel Martinez,Spencer Turnbull,681979.0,605513.0,statsapi_probable_pitcher,1,2,3,2,0,0,0,0,0,0,0,0,0,2,0,0,No Line,0.0,none,-1,10,7,1,post,Final,Final,,,,,,,,,,,,,0,,,,,,none,846059
846434,2026-07-04,13:00,2026,Diablos Rojos del Mexico,Piratas de Campeche,Trevor Bauer,R.J. Martinez,545333.0,801994.0,statsapi_probable_pitcher,1,3,4,0,0,0,0,0,0,0,3,1,0,1,3,0,No Line,0.0,none,-1,7,7,1,post,Final,Final,,,,,,,,,,,,,0,,,,,,none,846434
846433,2026-07-04,13:05,2026,Diablos Rojos del Mexico,Piratas de Campeche,,,,,statsapi_schedule,0,7,6,0,1,0,2,1,0,3,1,0,0,4,4,0,No Line,0.0,none,-1,6,10,1,post,Final,Final,,,,,,,,,,,,,0,,,,,,none,846433
845931,2026-07-04,14:00,2026,Charros de Jalisco,Dorados de Chihuahua,Manny Barreda,Elian Leyva,518435.0,673140.0,statsapi_probable_pitcher,1,0,6,0,0,0,0,0,2,0,0,0,0,0,2,0,No Line,0.0,none,-1,3,11,1,post,Final,Final,,,,,,,,,,,,,0,,,,,,none,845931
845930,2026-07-04,14:05,2026,Charros de Jalisco,Dorados de Chihuahua,,,,,statsapi_schedule,0,2,3,1,1,0,2,0,0,0,0,1,0,2,3,0,No Line,0.0,none,-1,4,8,1,post,Final,Final,,,,,,,,,,,,,0,,,,,,none,845930
845969,2026-07-04,16:30,2026,Conspiradores de Queretaro,Olmecas de Tabasco,Roman Mendez,,542669.0,,statsapi_probable_pitcher,1,4,1,2,1,0,0,0,0,1,0,1,0,4,1,0,No Line,0.0,none,-1,8,6,1,post,Final,Final,,,,,,,,,,,,,0,,,,,,none,845969
845973,2026-07-04,16:35,2026,Conspiradores de Queretaro,Olmecas de Tabasco,Ernesto Zaragoza,,592889.0,,statsapi_probable_pitcher,1,6,10,0,0,3,0,2,2,1,0,0,1,6,3,0,No Line,0.0,none,-1,14,17,1,post,Final,Final,,,,,,,,,,,,,0,,,,,,none,845973
846026,2026-07-04,17:00,2026,El Aguila de Veracruz,Bravos de Leon,Tommy Romero,Jeff Lindgren,676720.0,689167.0,statsapi_probable_pitcher,1,1,9,0,0,0,1,1,2,0,0,0,0,1,3,0,No Line,0.0,none,-1,6,12,1,post,Final,Final,,,,,,,,,,,,,0,,,,,,none,846026
846148,2026-07-04,17:00,2026,Guerreros de Oaxaca,Pericos de Puebla,William Cuevas,Landen Bourassa,571035.0,690769.0,statsapi_probable_pitcher,1,11,0,0,0,2,0,3,0,0,0,1,0,6,0,0,No Line,0.0,none,-1,17,6,1,post,Final,Final,,,,,,,,,,,,,0,,,,,,none,846148
846018,2026-07-04,17:05,2026,El Aguila de Veracruz,Bravos de Leon,,Thaddeus Ward,,663658.0,statsapi_probable_pitcher,1,4,3,1,1,3,0,0,0,0,1,0,1,4,3,0,No Line,0.0,none,-1,8,6,1,post,Final,Final,,,,,,,,,,,,,0,,,,,,none,846018
846340,2026-07-04,18:00,2026,Acereros del Norte,Rieleros de Aguascalientes,Amilcar Carreon,Juan Mercedes,840328.0,675195.0,statsapi_probable_pitcher,1,9,2,2,0,0,1,0,0,0,0,7,1,9,2,0,No Line,0.0,none,-1,10,5,1,post,Final,Final,,,,,,,,,,,,,0,,,,,,none,846340
846625,2026-07-04,18:00,2026,Saraperos de Saltillo,Algodoneros Union Laguna,Zach Mort,,681817.0,,statsapi_probable_pitcher,1,1,4,1,2,0,0,0,0,0,0,0,0,1,2,0,No Line,0.0,none,-1,6,11,1,post,Final,Final,,,,,,,,,,,,,0,,,,,,none,846625
846062,2026-07-04,18:05,2026,Toros de Tijuana,Caliente de Durango,Noah Skirrow,Joan Adon,659418.0,672851.0,statsapi_probable_pitcher,1,6,2,0,0,2,0,3,0,0,0,1,1,6,1,0,No Line,0.0,none,-1,9,4,1,post,Final,Final,,,,,,,,,,,,,0,,,,,,none,846062
846337,2026-07-04,18:05,2026,Acereros del Norte,Rieleros de Aguascalientes,Jorge Tavarez,Harol González,664590.0,656083.0,statsapi_probable_pitcher,1,2,3,0,0,0,0,0,0,0,3,1,0,1,3,0,No Line,0.0,none,-1,4,6,1,post,Final,Final,,,,,,,,,,,,,0,,,,,,none,846337
846064,2026-07-04,18:10,2026,Toros de Tijuana,Caliente de Durango,Juan Hillman,,663535.0,,statsapi_probable_pitcher,1,10,8,2,3,0,0,3,0,0,2,0,3,5,8,0,No Line,0.0,none,-1,9,8,1,post,Final,Final,,,,,,,,,,,,,0,,,,,,none,846064
846383,2026-07-04,18:30,2026,Tecos de los Dos Laredos,Sultanes de Monterrey,Tyler Ivey,,663959.0,,statsapi_probable_pitcher,1,4,7,2,1,0,0,0,1,0,0,1,0,3,2,0,No Line,0.0,none,-1,8,10,1,post,Final,Final,,,,,,,,,,,,,0,,,,,,none,846383
846663,2026-07-04,19:00,2026,Leones de Yucatan,Tigres de Quintana Roo,Esmil Rogers,Ernesto Borges,469134.0,692643.0,statsapi_probable_pitcher,1,6,1,3,0,0,0,0,0,0,0,1,0,4,0,0,No Line,0.0,none,-1,8,7,1,post,Final,Final,,,,,,,,,,,,,0,,,,,,none,846663
846619,2026-07-05,13:00,2026,Saraperos de Saltillo,Algodoneros Union Laguna,Erich Uelmen,,657272.0,,statsapi_probable_pitcher,1,4,14,0,0,0,5,0,3,2,1,1,0,3,9,0,No Line,0.0,none,-1,10,16,1,post,Final,Final,,,,,,,,,,,,,0,,,,,,none,846619
846153,2026-07-05,14:00,2026,Guerreros de Oaxaca,Pericos de Puebla,Matt Givin,Vladimir Gutierrez,676769.0,661269.0,statsapi_probable_pitcher,1,9,4,1,0,0,0,0,1,2,0,3,2,6,3,0,No Line,0.0,none,-1,15,8,1,post,Final,Final,,,,,,,,,,,,,0,,,,,,none,846153
846671,2026-07-05,20:30,2026,Leones de Yucatan,Tigres de Quintana Roo,Jared Wetherbee,Onelki Garcia,695244.0,607162.0,statsapi_probable_pitcher,1,4,5,3,0,0,0,0,0,1,0,0,0,4,0,0,No Line,0.0,none,-1,6,10,1,post,Final,Final,,,,,,,,,,,,,0,,,,,,none,846671
846661,2026-07-06,19:30,2026,Leones de Yucatan,Piratas de Campeche,Ronnie Williams,Miller Hogan,657122.0,676949.0,statsapi_probable_pitcher,1,4,0,2,0,1,0,0,0,0,0,0,0,3,0,0,No Line,0.0,none,-1,8,3,1,post,Final,Final,,,,,,,,,,,,,0,,,,,,none,846661
845971,2026-07-07,19:00,2026,Conspiradores de Queretaro,Tigres de Quintana Roo,Tyler Viza,Darius Vines,643588.0,670241.0,statsapi_probable_pitcher,1,0,6,0,0,0,0,0,0,0,1,0,2,0,3,0,No Line,0.0,none,-1,7,10,1,post,Final,Final,,,,,,,,,,,,,0,,,,,,none,845971
846020,2026-07-07,19:00,2026,Guerreros de Oaxaca,El Aguila de Veracruz,Luis Miranda,Cristopher Molina,642532.0,650654.0,statsapi_probable_pitcher,1,3,8,0,0,1,0,0,2,0,0,0,1,1,3,0,No Line,0.0,none,-1,10,13,1,post,Final,Final,,,,,,,,,,,,,0,,,,,,none,846020
846210,2026-07-07,19:00,2026,Dorados de Chihuahua,Algodoneros Union Laguna,Gabriel Ponce,Touki Toussaint,676362.0,657053.0,statsapi_probable_pitcher,1,3,9,0,1,0,0,0,0,0,4,0,4,0,9,0,No Line,0.0,none,-1,8,11,1,post,Final,Final,,,,,,,,,,,,,0,,,,,,none,846210
846387,2026-07-07,19:00,2026,Tecos de los Dos Laredos,Acereros del Norte,Roenis Elías,Jackson Goddard,606273.0,680725.0,statsapi_probable_pitcher,1,2,3,0,0,0,0,0,0,0,0,0,1,0,1,0,No Line,0.0,none,-1,10,10,1,post,Final,Final,,,,,,,,,,,,,0,,,,,,none,846387
845928,2026-07-07,19:30,2026,Charros de Jalisco,Sultanes de Monterrey,Zach Plesac,Manny Banuelos,668676.0,544365.0,statsapi_probable_pitcher,1,3,7,0,3,0,1,0,0,1,0,2,1,3,5,0,No Line,0.0,none,-1,7,14,1,post,Final,Final,,,,,,,,,,,,,0,,,,,,none,845928
846478,2026-07-07,19:30,2026,Rieleros de Aguascalientes,Toros de Tijuana,Greg Duncan,Adonis Medina,827710.0,658431.0,statsapi_probable_pitcher,1,9,4,3,0,0,0,2,0,2,2,0,2,7,4,0,No Line,0.0,none,-1,12,8,1,post,Final,Final,,,,,,,,,,,,,0,,,,,,none,846478
846620,2026-07-07,19:30,2026,Saraperos de Saltillo,Caliente de Durango,Wilmer Font,Devin Smeltzer,521655.0,656970.0,statsapi_probable_pitcher,1,5,2,0,0,0,0,2,1,1,0,0,0,3,1,0,No Line,0.0,none,-1,12,11,1,post,Final,Final,,,,,,,,,,,,,0,,,,,,none,846620
846655,2026-07-07,19:30,2026,Leones de Yucatan,Piratas de Campeche,Yoanner Negrin,Ross Carver,594582.0,687102.0,statsapi_probable_pitcher,1,3,4,0,0,0,0,0,1,1,0,0,0,1,1,0,No Line,0.0,none,-1,11,8,1,post,Final,Final,,,,,,,,,,,,,0,,,,,,none,846655
846763,2026-07-07,19:30,2026,Olmecas de Tabasco,Diablos Rojos del Mexico,Austin Warner,Ricardo Pinto,677369.0,620982.0,statsapi_probable_pitcher,1,0,2,0,0,0,0,0,0,0,0,0,0,0,0,0,No Line,0.0,none,-1,7,11,1,post,Final,Final,,,,,,,,,,,,,0,,,,,,none,846763
846806,2026-07-07,19:30,2026,Bravos de Leon,Pericos de Puebla,Zac Lowther,Antonio Santos,675912.0,665733.0,statsapi_probable_pitcher,1,3,9,0,4,0,0,0,0,3,0,0,0,3,4,0,No Line,0.0,none,-1,9,11,1,post,Final,Final,,,,,,,,,,,,,0,,,,,,none,846806
846127,2026-07-08,18:00,2026,Caliente de Durango,Saraperos de Saltillo,,,,,statsapi_schedule,0,4,5,0,0,0,1,0,0,0,0,3,2,3,3,0,No Line,0.0,none,-1,7,6,1,post,Final,Final,,,,,,,,,,,,,0,,,,,,none,846127
846611,2026-07-08,18:05,2026,Saraperos de Saltillo,Caliente de Durango,Fineas Del Bonta-Smith,Ian Villers,687486.0,677351.0,statsapi_probable_pitcher,1,5,6,0,0,0,0,1,1,1,0,1,3,3,4,0,No Line,0.0,none,-1,9,7,1,post,Final,Final,,,,,,,,,,,,,0,,,,,,none,846611
846381,2026-07-08,18:30,2026,Tecos de los Dos Laredos,Acereros del Norte,Adrian De Horta,Jackson Goddard,641506.0,680725.0,statsapi_probable_pitcher,1,1,5,1,0,0,1,0,0,0,1,0,0,1,2,0,No Line,0.0,none,-1,7,10,1,post,Final,Final,,,,,,,,,,,,,0,,,,,,none,846381
845972,2026-07-08,19:00,2026,Conspiradores de Queretaro,Tigres de Quintana Roo,Tyler Alexander,Melvi Acosta,622066.0,666673.0,statsapi_probable_pitcher,1,8,19,0,2,0,0,0,7,0,0,6,1,6,10,0,No Line,0.0,none,-1,13,20,1,post,Final,Final,,,,,,,,,,,,,0,,,,,,none,845972
846019,2026-07-08,19:00,2026,Guerreros de Oaxaca,El Aguila de Veracruz,Radhames Liz,Jonathan Bermúdez,467785.0,642834.0,statsapi_probable_pitcher,1,3,8,1,0,1,1,0,3,0,2,0,1,2,7,0,No Line,0.0,none,-1,10,13,1,post,Final,Final,,,,,,,,,,,,,0,,,,,,none,846019
846205,2026-07-08,19:00,2026,Dorados de Chihuahua,Algodoneros Union Laguna,César Valdez,Jaime Barria,491624.0,642545.0,statsapi_probable_pitcher,1,5,6,0,0,2,0,1,0,0,1,0,5,3,6,0,No Line,0.0,none,-1,14,11,1,post,Final,Final,,,,,,,,,,,,,0,,,,,,none,846205
845929,2026-07-08,19:30,2026,Charros de Jalisco,Sultanes de Monterrey,Michael Boyle,Justus Sheffield,664082.0,656954.0,statsapi_probable_pitcher,1,10,0,0,0,3,0,2,0,1,0,2,0,8,0,0,No Line,0.0,none,-1,17,5,1,post,Final,Final,,,,,,,,,,,,,0,,,,,,none,845929
846659,2026-07-08,19:30,2026,Leones de Yucatan,Piratas de Campeche,Brandon Brennan,Bobby Milacki,592165.0,673872.0,statsapi_probable_pitcher,1,1,4,0,0,0,0,0,0,1,1,0,0,1,1,0,No Line,0.0,none,-1,6,7,1,post,Final,Final,,,,,,,,,,,,,0,,,,,,none,846659
846764,2026-07-08,19:30,2026,Olmecas de Tabasco,Diablos Rojos del Mexico,Jacob Nix,Humberto Castellanos,656798.0,528748.0,statsapi_probable_pitcher,1,0,3,0,0,0,3,0,0,0,0,0,0,0,3,0,No Line,0.0,none,-1,4,9,1,post,Final,Final,,,,,,,,,,,,,0,,,,,,none,846764
846808,2026-07-09,16:30,2026,Bravos de Leon,Pericos de Puebla,Phillips Valdez,Jose E. Martinez,570488.0,672866.0,statsapi_probable_pitcher,1,1,7,0,1,0,0,0,0,0,0,0,0,0,1,0,No Line,0.0,none,-1,8,8,1,post,Final,Final,,,,,,,,,,,,,0,,,,,,none,846808
846384,2026-07-09,18:30,2026,Tecos de los Dos Laredos,Acereros del Norte,Drew Parrish,A.J. Candelario,669283.0,668826.0,statsapi_probable_pitcher,1,0,8,0,3,0,0,0,0,0,0,0,3,0,6,0,No Line,0.0,none,-1,2,13,1,post,Final,Final,,,,,,,,,,,,,0,,,,,,none,846384
845970,2026-07-09,19:00,2026,Conspiradores de Queretaro,Tigres de Quintana Roo,Luis Romero,Henry Sosa,673603.0,464400.0,statsapi_probable_pitcher,1,6,7,0,0,0,0,0,0,2,0,0,1,2,1,0,No Line,0.0,none,-1,11,8,1,post,Final,Final,,,,,,,,,,,,,0,,,,,,none,845970
846023,2026-07-09,19:00,2026,Guerreros de Oaxaca,El Aguila de Veracruz,Conner Greene,Gabriel Ynoa,641632.0,593679.0,statsapi_probable_pitcher,1,7,8,0,0,0,1,1,0,1,3,4,0,6,4,0,No Line,0.0,none,-1,12,13,1,post,Final,Final,,,,,,,,,,,,,0,,,,,,none,846023
846202,2026-07-09,19:00,2026,Dorados de Chihuahua,Algodoneros Union Laguna,Caleb Smith,Aaron Leasher,592761.0,669468.0,statsapi_probable_pitcher,1,6,5,0,0,0,0,0,4,3,0,0,0,3,4,0,No Line,0.0,none,-1,8,9,1,post,Final,Final,,,,,,,,,,,,,0,,,,,,none,846202
845925,2026-07-09,19:30,2026,Charros de Jalisco,Sultanes de Monterrey,Zac Grotz,Daniel Mengden,665093.0,596043.0,statsapi_probable_pitcher,1,1,4,0,1,1,1,0,0,0,1,0,0,1,3,0,No Line,0.0,none,-1,6,9,1,post,Final,Final,,,,,,,,,,,,,0,,,,,,none,845925
846474,2026-07-09,19:30,2026,Rieleros de Aguascalientes,Toros de Tijuana,Oscar De La Cruz,Daniel Martinez,642601.0,681979.0,statsapi_probable_pitcher,1,0,0,0,0,0,0,0,0,0,0,0,0,0,0,0,No Line,0.0,none,-1,0,0,1,post,Postponed,Postponed,,,,,,,,,,,,,0,,,,,,none,846474
846607,2026-07-09,19:30,2026,Saraperos de Saltillo,Caliente de Durango,Luis Payan,Spencer Turnbull,674478.0,605513.0,statsapi_probable_pitcher,1,1,3,0,0,0,0,1,0,0,1,0,0,1,1,0,No Line,0.0,none,-1,6,9,1,post,Final,Final,,,,,,,,,,,,,0,,,,,,none,846607
846762,2026-07-09,19:30,2026,Olmecas de Tabasco,Diablos Rojos del Mexico,Jack Cushing,Justin Courtney,681007.0,688896.0,statsapi_probable_pitcher,1,0,2,0,0,0,0,0,0,0,2,0,0,0,2,0,No Line,0.0,none,-1,7,10,1,post,Final,Final,,,,,,,,,,,,,0,,,,,,none,846762
846810,2026-07-09,19:30,2026,Bravos de Leon,Pericos de Puebla,Faustino Carrera,Fernando Lozano,666627.0,683138.0,statsapi_probable_pitcher,1,3,5,0,0,0,1,0,0,0,2,0,2,0,5,0,No Line,0.0,none,-1,4,13,1,post,Final,Final,,,,,,,,,,,,,0,,,,,,none,846810
846246,2026-07-10,18:30,2026,Tigres de Quintana Roo,Bravos de Leon,Collin Wiles,Felipe Gonzalez,621079.0,542413.0,statsapi_probable_pitcher,1,1,6,0,0,0,0,0,0,0,0,0,0,0,0,0,No Line,0.0,none,-1,6,11,1,post,Final,Final,,,,,,,,,,,,,0,,,,,,none,846246
846024,2026-07-10,19:00,2026,El Aguila de Veracruz,Leones de Yucatan,Chase Cohen,Esmil Rogers,681484.0,469134.0,statsapi_probable_pitcher,1,6,2,1,0,0,0,1,2,4,0,0,0,6,2,0,No Line,0.0,none,-1,11,6,1,post,Final,Final,,,,,,,,,,,,,0,,,,,,none,846024
846200,2026-07-10,19:00,2026,Dorados de Chihuahua,Rieleros de Aguascalientes,Emilio Vargas,Harol González,642496.0,656083.0,statsapi_probable_pitcher,1,5,6,1,0,0,1,1,0,0,2,0,2,2,5,0,No Line,0.0,none,-1,7,12,1,post,Final,Final,,,,,,,,,,,,,0,,,,,,none,846200
846435,2026-07-10,19:00,2026,Diablos Rojos del Mexico,Conspiradores de Queretaro,Luis Patiño,Junior Guerra,672715.0,448855.0,statsapi_probable_pitcher,1,13,11,0,0,2,2,1,0,0,3,1,3,4,8,0,No Line,0.0,none,-1,16,14,1,post,Final,Final,,,,,,,,,,,,,0,,,,,,none,846435
846292,2026-07-10,19:30,2026,Sultanes de Monterrey,Toros de Tijuana,Daniel Cruz,Daniel Martinez,690909.0,681979.0,statsapi_probable_pitcher,1,6,11,2,1,0,0,1,0,0,4,2,0,5,5,0,No Line,0.0,none,-1,9,13,1,post,Final,Final,,,,,,,,,,,,,0,,,,,,none,846292
846717,2026-07-10,19:30,2026,Algodoneros Union Laguna,Charros de Jalisco,Aldo Montes,Kurt Heyer,594105.0,571776.0,statsapi_probable_pitcher,1,7,13,0,0,0,0,0,4,0,0,1,3,1,7,0,No Line,0.0,none,-1,14,15,1,post,Final,Final,,,,,,,,,,,,,0,,,,,,none,846717
846768,2026-07-10,19:30,2026,Olmecas de Tabasco,Guerreros de Oaxaca,Tyler Danish,Robert Dugger,641501.0,667498.0,statsapi_probable_pitcher,1,2,0,0,0,0,0,0,0,1,0,0,0,1,0,0,No Line,0.0,none,-1,8,2,1,post,Final,Final,,,,,,,,,,,,,0,,,,,,none,846768
846336,2026-07-10,19:45,2026,Acereros del Norte,Saraperos de Saltillo,Jake McSteen,Zach Mort,701151.0,681817.0,statsapi_probable_pitcher,1,1,5,0,0,0,0,0,0,0,0,0,0,0,0,0,No Line,0.0,none,-1,5,10,1,post,Final,Final,,,,,,,,,,,,,0,,,,,,none,846336
846423,2026-07-11,16:00,2026,Diablos Rojos del Mexico,Conspiradores de Queretaro,Trevor Bauer,Brander Guevara,545333.0,842334.0,statsapi_probable_pitcher,1,16,6,0,0,6,0,0,2,0,0,9,1,15,3,0,No Line,0.0,none,-1,18,9,1,post,Final,Final,,,,,,,,,,,,,0,,,,,,none,846423
846522,2026-07-11,16:00,2026,Piratas de Campeche,Pericos de Puebla,R.J. Martinez,Vladimir Gutierrez,801994.0,661269.0,statsapi_probable_pitcher,1,7,5,2,0,0,0,0,0,0,5,5,0,7,5,0,No Line,0.0,none,-1,7,5,1,post,Final,Final,,,,,,,,,,,,,0,,,,,,none,846522
846525,2026-07-11,16:05,2026,Piratas de Campeche,Pericos de Puebla,Tommy Doyle,Landen Bourassa,656382.0,690769.0,statsapi_probable_pitcher,1,4,3,1,2,0,0,2,0,0,0,0,0,3,2,0,No Line,0.0,none,-1,12,4,1,post,Final,Final,,,,,,,,,,,,,0,,,,,,none,846525
846299,2026-07-11,17:00,2026,Sultanes de Monterrey,Toros de Tijuana,Stephen Tarpley,Noah Skirrow,605501.0,659418.0,statsapi_probable_pitcher,1,1,3,0,0,0,1,0,0,0,0,0,1,0,2,0,No Line,0.0,none,-1,7,9,1,post,Final,Final,,,,,,,,,,,,,0,,,,,,none,846299
846111,2026-07-11,17:05,2026,Caliente de Durango,Tecos de los Dos Laredos,Odrisamer Despaigne,Leam Mendez,628333.0,801461.0,statsapi_probable_pitcher,1,9,4,0,0,2,0,2,0,0,3,5,0,9,3,0,No Line,0.0,none,-1,10,4,1,post,Final,Final,,,,,,,,,,,,,0,,,,,,none,846111
846109,2026-07-11,17:10,2026,Caliente de Durango,Tecos de los Dos Laredos,,,,,statsapi_schedule,0,3,10,1,0,2,2,0,0,0,3,0,0,3,5,0,No Line,0.0,none,-1,6,13,1,post,Final,Final,,,,,,,,,,,,,0,,,,,,none,846109
846025,2026-07-11,18:00,2026,El Aguila de Veracruz,Leones de Yucatan,Braulio Torres-Perez,Jared Wetherbee,679001.0,695244.0,statsapi_probable_pitcher,1,7,3,2,0,0,0,0,0,1,0,0,0,3,0,0,No Line,0.0,none,-1,11,10,1,post,Final,Final,,,,,,,,,,,,,0,,,,,,none,846025
846198,2026-07-11,18:00,2026,Dorados de Chihuahua,Rieleros de Aguascalientes,Elian Leyva,Ronald Medrano,673140.0,642574.0,statsapi_probable_pitcher,1,4,6,0,0,1,2,0,1,0,0,0,0,1,3,0,No Line,0.0,none,-1,14,12,1,post,Final,Final,,,,,,,,,,,,,0,,,,,,none,846198
846247,2026-07-11,18:00,2026,Tigres de Quintana Roo,Bravos de Leon,Ernesto Borges,Jeff Lindgren,692643.0,689167.0,statsapi_probable_pitcher,1,3,2,0,1,0,0,0,0,0,0,0,1,0,2,0,No Line,0.0,none,-1,6,7,1,post,Final,Final,,,,,,,,,,,,,0,,,,,,none,846247
846720,2026-07-11,18:30,2026,Algodoneros Union Laguna,Charros de Jalisco,Tayler Scott,Luis Ivan Rodriguez,605463.0,645179.0,statsapi_probable_pitcher,1,8,0,0,0,2,0,0,0,0,0,0,0,2,0,0,No Line,0.0,none,-1,9,4,1,post,Final,Final,,,,,,,,,,,,,0,,,,,,none,846720
846757,2026-07-11,19:00,2026,Olmecas de Tabasco,Guerreros de Oaxaca,Jeremy Rhoades,William Cuevas,656889.0,571035.0,statsapi_probable_pitcher,1,2,1,0,0,0,0,0,0,0,1,0,0,0,1,0,No Line,0.0,none,-1,9,8,1,post,Final,Final,,,,,,,,,,,,,0,,,,,,none,846757
846335,2026-07-11,19:45,2026,Acereros del Norte,Saraperos de Saltillo,Amilcar Carreon,Erich Uelmen,840328.0,657272.0,statsapi_probable_pitcher,1,6,1,2,0,1,0,1,0,0,0,0,1,4,1,0,No Line,0.0,none,-1,9,5,1,post,Final,Final,,,,,,,,,,,,,0,,,,,,none,846335
846110,2026-07-12,14:00,2026,Caliente de Durango,Tecos de los Dos Laredos,Devin Smeltzer,Roenis Elías,656970.0,606273.0,statsapi_probable_pitcher,1,8,5,1,0,2,0,0,0,0,0,1,0,4,0,0,No Line,0.0,none,-1,12,12,1,post,Final,Final,,,,,,,,,,,,,0,,,,,,none,846110
846430,2026-07-12,14:00,2026,Diablos Rojos del Mexico,Conspiradores de Queretaro,Ricardo Pinto,Tyler Viza,620982.0,643588.0,statsapi_probable_pitcher,1,11,6,3,1,0,1,0,0,1,0,0,2,4,4,0,No Line,0.0,none,-1,15,9,1,post,Final,Final,,,,,,,,,,,,,0,,,,,,none,846430
846250,2026-07-12,16:00,2026,Tigres de Quintana Roo,Bravos de Leon,Onelki Garcia,Thaddeus Ward,607162.0,663658.0,statsapi_probable_pitcher,1,4,2,1,0,0,1,0,0,0,0,0,0,1,1,0,No Line,0.0,none,-1,8,6,1,post,Final,Final,,,,,,,,,,,,,0,,,,,,none,846250
846203,2026-07-12,17:00,2026,Dorados de Chihuahua,Rieleros de Aguascalientes,Gabriel Ponce,Greg Duncan,676362.0,827710.0,statsapi_probable_pitcher,1,18,13,2,0,11,1,0,0,5,4,0,5,18,10,0,No Line,0.0,none,-1,18,14,1,post,Final,Final,,,,,,,,,,,,,0,,,,,,none,846203
846294,2026-07-12,17:00,2026,Sultanes de Monterrey,Toros de Tijuana,Juan Gámez,Juan Hillman,670328.0,663535.0,statsapi_probable_pitcher,1,2,4,1,1,0,0,0,0,0,0,0,0,1,1,0,No Line,0.0,none,-1,7,3,1,post,Final,Final,,,,,,,,,,,,,0,,,,,,none,846294
846027,2026-07-12,18:00,2026,El Aguila de Veracruz,Leones de Yucatan,Cristopher Molina,Ronnie Williams,650654.0,657122.0,statsapi_probable_pitcher,1,5,7,1,1,0,0,0,2,1,1,1,2,3,6,0,No Line,0.0,none,-1,8,17,1,post,Final,Final,,,,,,,,,,,,,0,,,,,,none,846027
846338,2026-07-12,18:00,2026,Acereros del Norte,Saraperos de Saltillo,Jorge Tavarez,Wilmer Font,664590.0,521655.0,statsapi_probable_pitcher,1,5,1,0,1,3,0,2,0,0,0,0,0,5,1,0,No Line,0.0,none,-1,10,3,1,post,Final,Final,,,,,,,,,,,,,0,,,,,,none,846338
846755,2026-07-12,18:00,2026,Olmecas de Tabasco,Guerreros de Oaxaca,Austin Warner,Alemao Hernandez,677369.0,672598.0,statsapi_probable_pitcher,1,6,2,0,0,0,0,2,0,1,0,0,0,3,0,0,No Line,0.0,none,-1,13,8,1,post,Final,Final,,,,,,,,,,,,,0,,,,,,none,846755
846521,2026-07-12,18:15,2026,Piratas de Campeche,Pericos de Puebla,Joe Record,Antonio Santos,682489.0,665733.0,statsapi_probable_pitcher,1,6,4,0,2,4,0,0,0,0,0,0,2,4,4,0,No Line,0.0,none,-1,7,10,1,post,Final,Final,,,,,,,,,,,,,0,,,,,,none,846521
846710,2026-07-12,18:30,2026,Algodoneros Union Laguna,Charros de Jalisco,Touki Toussaint,Luis Ivan Rodriguez,657053.0,645179.0,statsapi_probable_pitcher,1,3,6,3,0,0,1,0,4,0,0,0,0,3,5,0,No Line,0.0,none,-1,10,15,1,post,Final,Final,,,,,,,,,,,,,0,,,,,,none,846710
846063,2026-07-13,20:35,2026,Toros de Tijuana,Tecos de los Dos Laredos,David Reyes,Adrian De Horta,547862.0,641506.0,statsapi_probable_pitcher,1,4,1,0,0,0,1,1,0,0,0,3,0,4,1,0,No Line,0.0,none,-1,4,5,1,post,Final,Final,,,,,,,,,,,,,0,,,,,,none,846063
846245,2026-07-14,18:30,2026,Tigres de Quintana Roo,Diablos Rojos del Mexico,Darius Vines,Humberto Castellanos,670241.0,528748.0,statsapi_probable_pitcher,1,1,3,0,1,0,0,0,0,0,0,0,0,0,1,0,No Line,0.0,none,-1,9,4,1,post,Final,Final,,,,,,,,,,,,,0,,,,,,none,846245
845967,2026-07-14,19:00,2026,Conspiradores de Queretaro,Bravos de Leon,Luis Romero,Zac Lowther,673603.0,675912.0,statsapi_probable_pitcher,1,16,9,0,3,1,0,1,0,1,0,3,4,6,7,0,No Line,0.0,none,-1,18,13,1,post,Final,Final,,,,,,,,,,,,,0,,,,,,none,845967
846154,2026-07-14,19:00,2026,Guerreros de Oaxaca,Leones de Yucatan,Luis Miranda,Yoanner Negrin,642532.0,594582.0,statsapi_probable_pitcher,1,9,5,1,0,0,0,4,0,0,0,4,0,9,0,0,No Line,0.0,none,-1,13,12,1,post,Final,Final,,,,,,,,,,,,,0,,,,,,none,846154
846516,2026-07-14,19:00,2026,Piratas de Campeche,Olmecas de Tabasco,Bobby Milacki,Jacob Nix,673872.0,656798.0,statsapi_probable_pitcher,1,6,4,0,2,2,0,0,0,3,0,1,0,6,2,0,No Line,0.0,none,-1,9,8,1,post,Final,Final,,,,,,,,,,,,,0,,,,,,none,846516
846571,2026-07-14,19:00,2026,Pericos de Puebla,El Aguila de Veracruz,Jose E. Martinez,Jonathan Bermúdez,672866.0,642834.0,statsapi_probable_pitcher,1,9,6,0,0,1,2,0,0,1,0,0,1,2,3,0,No Line,0.0,none,-1,13,13,1,post,Final,Final,,,,,,,,,,,,,0,,,,,,none,846571
846298,2026-07-14,19:30,2026,Sultanes de Monterrey,Acereros del Norte,Daniel Mengden,Wilmer Rios,596043.0,658140.0,statsapi_probable_pitcher,1,9,3,1,2,0,0,0,0,0,0,2,0,3,2,0,No Line,0.0,none,-1,13,10,1,post,Final,Final,,,,,,,,,,,,,0,,,,,,none,846298
846467,2026-07-14,19:30,2026,Rieleros de Aguascalientes,Charros de Jalisco,Oscar De La Cruz,Zach Plesac,642601.0,668676.0,statsapi_probable_pitcher,1,13,4,4,0,2,0,3,2,1,0,0,0,10,2,0,No Line,0.0,none,-1,17,9,1,post,Final,Final,,,,,,,,,,,,,0,,,,,,none,846467
846615,2026-07-14,19:30,2026,Saraperos de Saltillo,Dorados de Chihuahua,Fineas Del Bonta-Smith,César Valdez,687486.0,491624.0,statsapi_probable_pitcher,1,6,1,4,0,0,0,0,0,0,1,1,0,5,1,0,No Line,0.0,none,-1,11,3,1,post,Final,Final,,,,,,,,,,,,,0,,,,,,none,846615
846709,2026-07-14,19:30,2026,Algodoneros Union Laguna,Caliente de Durango,Jaime Barria,Ian Villers,642545.0,677351.0,statsapi_probable_pitcher,1,1,9,0,1,0,5,0,0,0,2,0,0,0,8,0,No Line,0.0,none,-1,9,15,1,post,Final,Final,,,,,,,,,,,,,0,,,,,,none,846709
846065,2026-07-14,20:35,2026,Toros de Tijuana,Tecos de los Dos Laredos,Adonis Medina,Drew Parrish,658431.0,669283.0,statsapi_probable_pitcher,1,4,0,0,0,0,0,1,0,1,0,2,0,4,0,0,No Line,0.0,none,-1,6,3,1,post,Final,Final,,,,,,,,,,,,,0,,,,,,none,846065
846244,2026-07-15,18:30,2026,Tigres de Quintana Roo,Diablos Rojos del Mexico,Melvi Acosta,Justin Courtney,666673.0,688896.0,statsapi_probable_pitcher,1,0,6,0,0,0,2,0,1,0,2,0,0,0,5,0,No Line,0.0,none,-1,4,10,1,post,Final,Final,,,,,,,,,,,,,0,,,,,,none,846244
845965,2026-07-15,19:00,2026,Conspiradores de Queretaro,Bravos de Leon,Junior Guerra,Faustino Carrera,448855.0,666627.0,statsapi_probable_pitcher,1,10,3,0,2,8,0,0,0,1,0,0,1,9,3,0,No Line,0.0,none,-1,13,8,1,post,Final,Final,,,,,,,,,,,,,0,,,,,,none,845965
846155,2026-07-15,19:00,2026,Guerreros de Oaxaca,Leones de Yucatan,Radhames Liz,Brandon Brennan,467785.0,592165.0,statsapi_probable_pitcher,1,7,4,1,2,3,0,0,0,0,2,2,0,6,4,0,No Line,0.0,none,-1,11,8,1,post,Final,Final,,,,,,,,,,,,,0,,,,,,none,846155
846517,2026-07-15,19:00,2026,Piratas de Campeche,Olmecas de Tabasco,Ross Carver,Jack Cushing,687102.0,681007.0,statsapi_probable_pitcher,1,0,2,0,0,0,0,0,0,0,0,0,0,0,0,0,No Line,0.0,none,-1,11,5,1,post,Final,Final,,,,,,,,,,,,,0,,,,,,none,846517
846570,2026-07-15,19:00,2026,Pericos de Puebla,El Aguila de Veracruz,Fernando Lozano,Gabriel Ynoa,683138.0,593679.0,statsapi_probable_pitcher,1,10,9,0,0,0,0,0,0,0,1,6,2,6,3,0,No Line,0.0,none,-1,17,9,1,post,Final,Final,,,,,,,,,,,,,0,,,,,,none,846570
846297,2026-07-15,19:30,2026,Sultanes de Monterrey,Acereros del Norte,Daniel Cruz,Jackson Goddard,690909.0,680725.0,statsapi_probable_pitcher,1,5,8,0,1,0,0,3,1,0,0,0,0,3,2,0,No Line,0.0,none,-1,13,13,1,post,Final,Final,,,,,,,,,,,,,0,,,,,,none,846297
846468,2026-07-15,19:30,2026,Rieleros de Aguascalientes,Charros de Jalisco,Adrian Almeida,Zac Grotz,622426.0,665093.0,statsapi_probable_pitcher,1,0,2,0,0,0,0,0,0,0,0,0,0,0,0,0,No Line,0.0,none,-1,8,6,1,post,Final,Final,,,,,,,,,,,,,0,,,,,,none,846468
846608,2026-07-15,19:30,2026,Saraperos de Saltillo,Dorados de Chihuahua,Luis Payan,Caleb Smith,674478.0,592761.0,statsapi_probable_pitcher,1,2,13,0,0,0,0,2,0,0,2,0,4,2,6,0,No Line,0.0,none,-1,6,14,1,post,Final,Final,,,,,,,,,,,,,0,,,,,,none,846608
846708,2026-07-15,19:30,2026,Algodoneros Union Laguna,Caliente de Durango,Hector Perez,Spencer Turnbull,660431.0,605513.0,statsapi_probable_pitcher,1,4,6,2,0,2,0,0,0,0,0,0,2,4,2,0,No Line,0.0,none,-1,7,11,1,post,Final,Final,,,,,,,,,,,,,0,,,,,,none,846708
846066,2026-07-15,20:35,2026,Toros de Tijuana,Tecos de los Dos Laredos,Jorge Perez,Leam Mendez,656839.0,801461.0,statsapi_probable_pitcher,1,0,2,0,0,0,0,0,0,0,1,0,0,0,1,0,No Line,0.0,none,-1,7,9,1,post,Final,Final,,,,,,,,,,,,,0,,,,,,none,846066
846239,2026-07-16,18:30,2026,Tigres de Quintana Roo,Diablos Rojos del Mexico,Henry Sosa,Luis Patiño,464400.0,672715.0,statsapi_probable_pitcher,1,5,13,1,6,2,3,1,3,0,0,1,1,5,13,0,No Line,0.0,none,-1,8,12,1,post,Final,Final,,,,,,,,,,,,,0,,,,,,none,846239
845968,2026-07-16,19:00,2026,Conspiradores de Queretaro,Bravos de Leon,Brander Guevara,Felipe Gonzalez,842334.0,542413.0,statsapi_probable_pitcher,1,0,13,0,0,0,0,0,2,0,0,0,5,0,7,0,No Line,0.0,none,-1,4,14,1,post,Final,Final,,,,,,,,,,,,,0,,,,,,none,845968
846156,2026-07-16,19:00,2026,Guerreros de Oaxaca,Leones de Yucatan,Conner Greene,Emilio Vargas,641632.0,642496.0,statsapi_probable_pitcher,1,5,4,2,1,0,0,0,1,0,0,2,1,4,3,0,No Line,0.0,none,-1,11,11,1,post,Final,Final,,,,,,,,,,,,,0,,,,,,none,846156
846520,2026-07-16,19:00,2026,Piratas de Campeche,Olmecas de Tabasco,R.J. Martinez,Tyler Danish,801994.0,641501.0,statsapi_probable_pitcher,1,4,1,0,1,2,0,2,0,0,0,0,0,4,1,0,No Line,0.0,none,-1,9,6,1,post,Final,Final,,,,,,,,,,,,,0,,,,,,none,846520
846566,2026-07-16,19:00,2026,Pericos de Puebla,El Aguila de Veracruz,Landen Bourassa,Chase Cohen,690769.0,681484.0,statsapi_probable_pitcher,1,6,5,0,0,1,0,1,1,2,0,0,1,4,2,0,No Line,0.0,none,-1,12,12,1,post,Final,Final,,,,,,,,,,,,,0,,,,,,none,846566
846285,2026-07-16,19:30,2026,Sultanes de Monterrey,Acereros del Norte,Stephen Tarpley,A.J. Candelario,605501.0,668826.0,statsapi_probable_pitcher,1,7,2,0,0,1,0,0,0,0,0,0,0,1,0,0,No Line,0.0,none,-1,11,2,1,post,Final,Final,,,,,,,,,,,,,0,,,,,,none,846285
846470,2026-07-16,19:30,2026,Rieleros de Aguascalientes,Charros de Jalisco,Harol González,Kurt Heyer,656083.0,571776.0,statsapi_probable_pitcher,1,8,6,0,2,1,0,1,1,2,0,1,1,5,4,0,No Line,0.0,none,-1,13,11,1,post,Final,Final,,,,,,,,,,,,,0,,,,,,none,846470
846609,2026-07-16,19:30,2026,Saraperos de Saltillo,Dorados de Chihuahua,Zach Mort,Emilio Vargas,681817.0,642496.0,statsapi_probable_pitcher,1,6,9,1,0,1,0,0,0,0,0,1,2,3,2,0,No Line,0.0,none,-1,12,15,1,post,Final,Final,,,,,,,,,,,,,0,,,,,,none,846609
846707,2026-07-16,19:30,2026,Algodoneros Union Laguna,Caliente de Durango,Tayler Scott,Joan Adon,605463.0,672851.0,statsapi_probable_pitcher,1,7,4,0,2,0,0,0,0,1,1,0,1,1,4,0,No Line,0.0,none,-1,9,7,1,post,Final,Final,,,,,,,,,,,,,0,,,,,,none,846707
846378,2026-07-17,17:30,2026,Tecos de los Dos Laredos,Algodoneros Union Laguna,Tyler Ivey,,663959.0,,statsapi_probable_pitcher,1,6,7,0,0,3,1,0,0,0,0,1,0,4,1,0,No Line,0.0,none,-1,8,13,1,post,Final,Final,,,,,,,,,,,,,0,,,,,,none,846378
846021,2026-07-17,19:00,2026,El Aguila de Veracruz,Conspiradores de Queretaro,Braulio Torres-Perez,,679001.0,,statsapi_probable_pitcher,1,11,5,0,0,2,0,0,0,5,0,2,0,9,0,0,No Line,0.0,none,-1,17,6,1,post,Final,Final,,,,,,,,,,,,,0,,,,,,none,846021
846424,2026-07-17,19:00,2026,Diablos Rojos del Mexico,Pericos de Puebla,Brooks Hall,Vladimir Gutierrez,571736.0,661269.0,statsapi_probable_pitcher,1,5,3,1,0,0,0,0,1,3,0,0,0,4,1,0,No Line,0.0,none,-1,7,11,1,post,Final,Final,,,,,,,,,,,,,0,,,,,,none,846424
845926,2026-07-17,19:30,2026,Charros de Jalisco,Saraperos de Saltillo,Manny Barreda,Matt Givin,518435.0,676769.0,statsapi_probable_pitcher,1,6,5,0,0,1,0,1,0,0,1,2,2,4,3,0,No Line,0.0,none,-1,12,7,1,post,Final,Final,,,,,,,,,,,,,0,,,,,,none,845926
846286,2026-07-17,19:30,2026,Sultanes de Monterrey,Rieleros de Aguascalientes,Jared Wetherbee,Ronald Medrano,695244.0,642574.0,statsapi_probable_pitcher,1,3,0,0,0,1,0,0,0,1,0,1,0,3,0,0,No Line,0.0,none,-1,6,4,1,post,Final,Final,,,,,,,,,,,,,0,,,,,,none,846286
846758,2026-07-17,19:30,2026,Olmecas de Tabasco,Tigres de Quintana Roo,Jeremy Rhoades,Collin Wiles,656889.0,621079.0,statsapi_probable_pitcher,1,3,4,0,0,0,0,0,1,0,0,0,0,0,1,0,No Line,0.0,none,-1,12,15,1,post,Final,Final,,,,,,,,,,,,,0,,,,,,none,846758
846809,2026-07-17,19:30,2026,Bravos de Leon,Leones de Yucatan,Jeff Lindgren,Bryant Salgado,689167.0,687560.0,statsapi_probable_pitcher,1,10,7,0,1,0,1,0,2,1,0,0,0,1,4,0,No Line,0.0,none,-1,14,11,1,post,Final,Final,,,,,,,,,,,,,0,,,,,,none,846809
846341,2026-07-17,19:45,2026,Acereros del Norte,Caliente de Durango,Jake McSteen,Odrisamer Despaigne,701151.0,628333.0,statsapi_probable_pitcher,1,4,6,0,1,0,0,0,0,3,1,1,0,4,2,0,No Line,0.0,none,-1,11,7,1,post,Final,Final,,,,,,,,,,,,,0,,,,,,none,846341
846199,2026-07-17,20:00,2026,Dorados de Chihuahua,Toros de Tijuana,Elian Leyva,Daniel Martinez,673140.0,681979.0,statsapi_probable_pitcher,1,2,1,0,0,0,0,0,0,0,0,0,0,0,0,0,No Line,0.0,none,-1,6,4,1,post,Final,Final,,,,,,,,,,,,,0,,,,,,none,846199
846429,2026-07-18,16:00,2026,Diablos Rojos del Mexico,Pericos de Puebla,Trevor Bauer,Antonio Santos,545333.0,665733.0,statsapi_probable_pitcher,1,5,4,0,0,1,0,0,0,0,0,3,0,4,0,0,No Line,0.0,none,-1,9,10,1,post,Final,Final,,,,,,,,,,,,,0,,,,,,none,846429
846518,2026-07-18,16:00,2026,Piratas de Campeche,Guerreros de Oaxaca,Joe Record,Robert Dugger,682489.0,667498.0,statsapi_probable_pitcher,1,4,6,1,1,0,0,0,1,0,2,0,0,1,4,0,No Line,0.0,none,-1,9,9,1,post,Final,Final,,,,,,,,,,,,,0,,,,,,none,846518
846523,2026-07-18,16:05,2026,Piratas de Campeche,Guerreros de Oaxaca,Tommy Doyle,William Cuevas,656382.0,571035.0,statsapi_probable_pitcher,1,5,2,1,1,0,0,3,0,0,0,0,1,4,2,0,No Line,0.0,none,-1,7,5,1,post,Final,Final,,,,,,,,,,,,,0,,,,,,none,846523
846289,2026-07-18,17:00,2026,Sultanes de Monterrey,Rieleros de Aguascalientes,,Greg Duncan,,827710.0,statsapi_probable_pitcher,1,4,3,1,0,0,2,0,1,2,0,0,0,3,3,0,No Line,0.0,none,-1,12,9,1,post,Final,Final,,,,,,,,,,,,,0,,,,,,none,846289
846373,2026-07-18,17:30,2026,Tecos de los Dos Laredos,Algodoneros Union Laguna,Adrian De Horta,Roenis Elías,641506.0,606273.0,statsapi_probable_pitcher,1,4,2,3,0,0,0,0,0,0,1,0,1,3,2,0,No Line,0.0,none,-1,9,6,1,post,Final,Final,,,,,,,,,,,,,0,,,,,,none,846373
845922,2026-07-18,18:00,2026,Charros de Jalisco,Saraperos de Saltillo,Luis Ivan Rodriguez,Erich Uelmen,645179.0,657272.0,statsapi_probable_pitcher,1,4,6,0,0,0,0,1,0,2,0,0,0,3,0,0,No Line,0.0,none,-1,6,9,1,post,Final,Final,,,,,,,,,,,,,0,,,,,,none,845922
846022,2026-07-18,18:00,2026,El Aguila de Veracruz,Conspiradores de Queretaro,Cristopher Molina,Tyler Viza,650654.0,643588.0,statsapi_probable_pitcher,1,7,4,1,0,0,0,0,0,0,3,3,0,4,3,0,No Line,0.0,none,-1,13,8,1,post,Final,Final,,,,,,,,,,,,,0,,,,,,none,846022
846811,2026-07-18,18:00,2026,Bravos de Leon,Leones de Yucatan,Thaddeus Ward,Raul Carrillo,663658.0,585132.0,statsapi_probable_pitcher,1,6,3,2,0,0,0,0,0,0,0,0,1,2,1,0,No Line,0.0,none,-1,9,9,1,post,Final,Final,,,,,,,,,,,,,0,,,,,,none,846811
846201,2026-07-18,19:00,2026,Dorados de Chihuahua,Toros de Tijuana,Dereck Rodríguez,Noah Skirrow,605446.0,659418.0,statsapi_probable_pitcher,1,8,2,0,0,0,0,0,1,1,0,5,0,6,1,0,No Line,0.0,none,-1,13,7,1,post,Final,Final,,,,,,,,,,,,,0,,,,,,none,846201
846756,2026-07-18,19:00,2026,Olmecas de Tabasco,Tigres de Quintana Roo,Austin Warner,Alex Delgado,677369.0,604596.0,statsapi_probable_pitcher,1,6,8,1,0,0,0,0,0,0,3,3,3,4,6,0,No Line,0.0,none,-1,11,10,1,post,Final,Final,,,,,,,,,,,,,0,,,,,,none,846756
846333,2026-07-18,19:45,2026,Acereros del Norte,Caliente de Durango,Jorge Tavarez,Devin Smeltzer,664590.0,656970.0,statsapi_probable_pitcher,1,5,10,0,3,0,0,4,0,1,1,0,3,5,7,0,No Line,0.0,none,-1,7,13,1,post,Final,Final,,,,,,,,,,,,,0,,,,,,none,846333
846426,2026-07-19,14:00,2026,Diablos Rojos del Mexico,Pericos de Puebla,Ricardo Pinto,Jose E. Martinez,620982.0,672866.0,statsapi_probable_pitcher,1,12,1,0,0,0,0,0,0,0,0,1,0,1,0,0,No Line,0.0,none,-1,17,6,1,post,Final,Final,,,,,,,,,,,,,0,,,,,,none,846426
845924,2026-07-19,17:00,2026,Charros de Jalisco,Saraperos de Saltillo,Michael Boyle,Wilmer Font,664082.0,521655.0,statsapi_probable_pitcher,1,3,5,0,0,0,1,0,0,0,0,0,0,0,1,0,No Line,0.0,none,-1,7,7,1,post,Final,Final,,,,,,,,,,,,,0,,,,,,none,845924
846287,2026-07-19,17:00,2026,Sultanes de Monterrey,Rieleros de Aguascalientes,Daniel Mengden,Oscar De La Cruz,596043.0,642601.0,statsapi_probable_pitcher,1,3,6,0,0,0,0,0,2,0,0,0,1,0,3,0,No Line,0.0,none,-1,6,9,1,post,Final,Final,,,,,,,,,,,,,0,,,,,,none,846287
846012,2026-07-19,18:00,2026,El Aguila de Veracruz,Conspiradores de Queretaro,Jonathan Bermúdez,Luis Romero,642834.0,673603.0,statsapi_probable_pitcher,1,6,4,0,0,3,1,0,0,3,2,0,1,6,4,0,No Line,0.0,none,-1,10,7,1,post,Final,Final,,,,,,,,,,,,,0,,,,,,none,846012
846204,2026-07-19,18:00,2026,Dorados de Chihuahua,Toros de Tijuana,César Valdez,Juan Hillman,491624.0,663535.0,statsapi_probable_pitcher,1,6,9,3,0,3,0,0,2,0,0,0,0,6,2,0,No Line,0.0,none,-1,11,19,1,post,Final,Final,,,,,,,,,,,,,0,,,,,,none,846204
846327,2026-07-19,18:00,2026,Acereros del Norte,Caliente de Durango,Wilmer Rios,Ian Villers,658140.0,677351.0,statsapi_probable_pitcher,1,7,2,2,0,3,0,0,0,2,0,0,0,7,0,0,No Line,0.0,none,-1,12,11,1,post,Final,Final,,,,,,,,,,,,,0,,,,,,none,846327
846375,2026-07-19,18:00,2026,Tecos de los Dos Laredos,Algodoneros Union Laguna,Luke Albright,Touki Toussaint,681475.0,657053.0,statsapi_probable_pitcher,1,2,6,0,0,0,0,0,0,0,0,2,3,2,3,0,No Line,0.0,none,-1,7,8,1,post,Final,Final,,,,,,,,,,,,,0,,,,,,none,846375
846759,2026-07-19,18:00,2026,Olmecas de Tabasco,Tigres de Quintana Roo,Ronnie Williams,Onelki Garcia,657122.0,607162.0,statsapi_probable_pitcher,1,4,3,2,0,0,0,0,0,0,2,0,0,2,2,0,No Line,0.0,none,-1,12,6,1,post,Final,Final,,,,,,,,,,,,,0,,,,,,none,846759
846812,2026-07-19,18:00,2026,Bravos de Leon,Leones de Yucatan,Zac Lowther,Cameron Gann,675912.0,665105.0,statsapi_probable_pitcher,1,8,7,0,1,2,1,4,0,1,4,0,0,7,6,0,No Line,0.0,none,-1,12,16,1,post,Final,Final,,,,,,,,,,,,,0,,,,,,none,846812
846519,2026-07-19,18:05,2026,Piratas de Campeche,Guerreros de Oaxaca,Bobby Milacki,Luis Miranda,673872.0,642532.0,statsapi_probable_pitcher,1,0,4,0,1,0,0,0,0,0,3,0,0,0,4,0,No Line,0.0,none,-1,2,6,1,post,Final,Final,,,,,,,,,,,,,0,,,,,,none,846519
846562,2026-07-20,19:00,2026,Pericos de Puebla,Olmecas de Tabasco,Fernando Lozano,Jack Cushing,683138.0,681007.0,statsapi_probable_pitcher,1,3,5,0,0,2,0,0,0,0,0,1,0,3,0,0,No Line,0.0,none,-1,8,11,1,post,Final,Final,,,,,,,,,,,,,0,,,,,,none,846562
846534,2026-07-21,17:00,2026,Piratas de Campeche,El Aguila de Veracruz,Joe Record,Dinelson Lamet,682489.0,659275.0,statsapi_probable_pitcher,1,6,5,3,0,0,0,0,2,2,0,1,0,6,2,0,No Line,0.0,none,-1,7,7,1,post,Final,Final,,,,,,,,,,,,,0,,,,,,none,846534
846633,2026-07-21,17:00,2026,Saraperos de Saltillo,Sultanes de Monterrey,Bryant Salgado,Stephen Tarpley,687560.0,605501.0,statsapi_probable_pitcher,1,17,5,2,1,3,0,0,0,1,0,7,0,13,1,0,No Line,0.0,none,-1,15,11,1,post,Final,Final,,,,,,,,,,,,,0,,,,,,none,846633
846151,2026-07-21,19:00,2026,Guerreros de Oaxaca,Tigres de Quintana Roo,Radhames Liz,Darius Vines,467785.0,670241.0,statsapi_probable_pitcher,1,5,10,0,0,1,3,0,0,0,0,0,0,1,3,0,No Line,0.0,none,-1,11,19,1,post,Final,Final,,,,,,,,,,,,,0,,,,,,none,846151
846196,2026-07-21,19:00,2026,Dorados de Chihuahua,Caliente de Durango,Landen Bourassa,Spencer Turnbull,690769.0,605513.0,statsapi_probable_pitcher,1,1,6,0,0,0,2,0,1,1,1,0,0,1,4,0,No Line,0.0,none,-1,7,8,1,post,Final,Final,,,,,,,,,,,,,0,,,,,,none,846196
846569,2026-07-21,19:00,2026,Pericos de Puebla,Olmecas de Tabasco,Emilio Vargas,Jose Samayoa,642496.0,643518.0,statsapi_probable_pitcher,1,16,8,3,4,0,3,5,0,1,0,1,0,10,7,0,No Line,0.0,none,-1,19,8,1,post,Final,Final,,,,,,,,,,,,,0,,,,,,none,846569
845927,2026-07-21,19:30,2026,Charros de Jalisco,Toros de Tijuana,Zac Grotz,David Reyes,665093.0,547862.0,statsapi_probable_pitcher,1,5,4,0,0,0,0,0,0,2,0,2,0,4,0,0,No Line,0.0,none,-1,11,8,1,post,Final,Final,,,,,,,,,,,,,0,,,,,,none,845927
846015,2026-07-21,19:30,2026,El Aguila de Veracruz,Piratas de Campeche,Gabriel Ynoa,Ross Carver,593679.0,687102.0,statsapi_probable_pitcher,1,3,1,3,0,0,0,0,0,0,0,0,1,3,1,0,No Line,0.0,none,-1,3,5,1,post,Final,Final,,,,,,,,,,,,,0,,,,,,none,846015
846471,2026-07-21,19:30,2026,Rieleros de Aguascalientes,Tecos de los Dos Laredos,Adrian Almeida,Drew Parrish,622426.0,669283.0,statsapi_probable_pitcher,1,7,1,0,0,1,0,2,0,0,0,0,0,3,0,0,No Line,0.0,none,-1,14,6,1,post,Final,Final,,,,,,,,,,,,,0,,,,,,none,846471
846662,2026-07-21,19:30,2026,Leones de Yucatan,Conspiradores de Queretaro,Yoanner Negrin,Junior Guerra,594582.0,448855.0,statsapi_probable_pitcher,1,6,11,0,0,3,0,1,0,0,2,0,3,4,5,0,No Line,0.0,none,-1,14,15,1,post,Final,Final,,,,,,,,,,,,,0,,,,,,none,846662
846813,2026-07-21,19:30,2026,Bravos de Leon,Diablos Rojos del Mexico,Faustino Carrera,Humberto Castellanos,666627.0,528748.0,statsapi_probable_pitcher,1,7,9,0,1,0,1,0,0,1,0,1,0,2,2,0,No Line,0.0,none,-1,17,18,1,post,Final,Final,,,,,,,,,,,,,0,,,,,,none,846813
846326,2026-07-21,19:45,2026,Acereros del Norte,Algodoneros Union Laguna,Jackson Goddard,Brandon Brennan,680725.0,592165.0,statsapi_probable_pitcher,1,3,11,0,0,2,2,0,1,0,0,1,0,3,3,0,No Line,0.0,none,-1,6,16,1,post,Final,Final,,,,,,,,,,,,,0,,,,,,none,846326
846284,2026-07-21,20:00,2026,Sultanes de Monterrey,Saraperos de Saltillo,Stephen Tarpley,Luis Payan,605501.0,674478.0,statsapi_probable_pitcher,1,2,1,0,0,0,1,0,0,0,0,1,0,1,1,0,No Line,0.0,none,-1,8,4,1,post,Final,Final,,,,,,,,,,,,,0,,,,,,none,846284
846017,2026-07-22,19:00,2026,El Aguila de Veracruz,Piratas de Campeche,Chase Cohen,R.J. Martinez,681484.0,801994.0,statsapi_probable_pitcher,1,2,8,0,0,0,1,0,0,1,3,0,1,1,5,0,No Line,0.0,none,-1,7,16,1,post,Final,Final,,,,,,,,,,,,,0,,,,,,none,846017
846149,2026-07-22,19:00,2026,Guerreros de Oaxaca,Tigres de Quintana Roo,James Kaprielian,Melvi Acosta,621076.0,666673.0,statsapi_probable_pitcher,1,1,9,0,2,0,0,0,4,1,1,0,0,1,7,0,No Line,0.0,none,-1,4,15,1,post,Final,Final,,,,,,,,,,,,,0,,,,,,none,846149
846197,2026-07-22,19:00,2026,Dorados de Chihuahua,Caliente de Durango,Caleb Smith,Joan Adon,592761.0,672851.0,statsapi_probable_pitcher,1,5,11,0,2,0,1,0,0,0,5,3,0,3,8,0,No Line,0.0,none,-1,8,15,1,post,Final,Final,,,,,,,,,,,,,0,,,,,,none,846197
846568,2026-07-22,19:00,2026,Pericos de Puebla,Olmecas de Tabasco,Vladimir Gutierrez,Jeremy Rhoades,661269.0,656889.0,statsapi_probable_pitcher,1,1,4,1,1,0,0,0,1,0,1,0,0,1,3,0,No Line,0.0,none,-1,9,11,1,post,Final,Final,,,,,,,,,,,,,0,,,,,,none,846568
845923,2026-07-22,19:30,2026,Charros de Jalisco,Toros de Tijuana,Kurt Heyer,Adonis Medina,571776.0,658431.0,statsapi_probable_pitcher,1,0,4,0,0,0,0,0,0,0,0,0,1,0,1,0,No Line,0.0,none,-1,5,9,1,post,Final,Final,,,,,,,,,,,,,0,,,,,,none,845923
846290,2026-07-22,19:30,2026,Sultanes de Monterrey,Saraperos de Saltillo,Daniel Cruz,Zach Mort,690909.0,681817.0,statsapi_probable_pitcher,1,7,0,2,0,0,0,0,0,2,0,0,0,4,0,0,No Line,0.0,none,-1,14,6,1,post,Final,Final,,,,,,,,,,,,,0,,,,,,none,846290
846472,2026-07-22,19:30,2026,Rieleros de Aguascalientes,Tecos de los Dos Laredos,Harol González,Leam Mendez,656083.0,801461.0,statsapi_probable_pitcher,1,10,3,0,3,0,0,5,0,1,0,4,0,10,3,0,No Line,0.0,none,-1,15,9,1,post,Final,Final,,,,,,,,,,,,,0,,,,,,none,846472
846656,2026-07-22,19:30,2026,Leones de Yucatan,Conspiradores de Queretaro,Esmil Rogers,Brander Guevara,469134.0,842334.0,statsapi_probable_pitcher,1,8,6,1,0,0,0,0,0,0,2,1,3,2,5,0,No Line,0.0,none,-1,13,12,1,post,Final,Final,,,,,,,,,,,,,0,,,,,,none,846656
846805,2026-07-22,19:30,2026,Bravos de Leon,Diablos Rojos del Mexico,Felipe Gonzalez,Justin Courtney,542413.0,688896.0,statsapi_probable_pitcher,1,7,4,0,0,0,1,0,2,3,0,0,0,3,3,0,No Line,0.0,none,-1,8,4,1,post,Final,Final,,,,,,,,,,,,,0,,,,,,none,846805
846328,2026-07-22,19:45,2026,Acereros del Norte,Algodoneros Union Laguna,A.J. Candelario,Hector Perez,668826.0,660431.0,statsapi_probable_pitcher,1,6,3,4,0,0,0,0,0,0,0,1,0,5,0,0,No Line,0.0,none,-1,7,4,1,post,Final,Final,,,,,,,,,,,,,0,,,,,,none,846328
846013,2026-07-23,19:00,2026,El Aguila de Veracruz,Piratas de Campeche,Tommy Romero,Tommy Doyle,676720.0,656382.0,statsapi_probable_pitcher,1,1,5,0,0,0,3,0,1,0,0,0,0,0,4,0,No Line,0.0,none,-1,4,11,1,post,Final,Final,,,,,,,,,,,,,0,,,,,,none,846013
846150,2026-07-23,19:00,2026,Guerreros de Oaxaca,Tigres de Quintana Roo,Robert Dugger,Henry Sosa,667498.0,464400.0,statsapi_probable_pitcher,1,6,7,1,0,0,4,2,2,0,0,0,0,3,6,0,No Line,0.0,none,-1,10,11,1,post,Final,Final,,,,,,,,,,,,,0,,,,,,none,846150
846187,2026-07-23,19:00,2026,Dorados de Chihuahua,Caliente de Durango,Elian Leyva,Odrisamer Despaigne,673140.0,628333.0,statsapi_probable_pitcher,1,8,1,1,0,4,0,0,0,3,1,0,0,8,1,0,No Line,0.0,none,-1,9,7,1,post,Completed Early,Completed Early,,,,,,,,,,,,,0,,,,,,none,846187
845920,2026-07-23,19:30,2026,Charros de Jalisco,Toros de Tijuana,Manny Barreda,Jorge Perez,518435.0,656839.0,statsapi_probable_pitcher,1,1,2,0,0,0,0,1,0,0,1,0,0,1,1,0,No Line,0.0,none,-1,9,12,1,post,Final,Final,,,,,,,,,,,,,0,,,,,,none,845920
846291,2026-07-23,19:30,2026,Sultanes de Monterrey,Saraperos de Saltillo,Jared Wetherbee,Matt Givin,695244.0,676769.0,statsapi_probable_pitcher,1,4,0,1,0,1,0,0,0,0,0,0,0,2,0,0,No Line,0.0,none,-1,11,6,1,post,Final,Final,,,,,,,,,,,,,0,,,,,,none,846291
846475,2026-07-23,19:30,2026,Rieleros de Aguascalientes,Tecos de los Dos Laredos,Ronald Medrano,Tyler Ivey,642574.0,663959.0,statsapi_probable_pitcher,1,14,10,1,0,2,1,0,0,0,0,1,4,4,5,0,No Line,0.0,none,-1,17,11,1,post,Final,Final,,,,,,,,,,,,,0,,,,,,none,846475
846654,2026-07-23,19:30,2026,Leones de Yucatan,Conspiradores de Queretaro,Bryant Salgado,Tyler Viza,687560.0,643588.0,statsapi_probable_pitcher,1,0,7,0,1,0,0,0,0,0,0,0,0,0,1,0,No Line,0.0,none,-1,8,16,1,post,Final,Final,,,,,,,,,,,,,0,,,,,,none,846654
846804,2026-07-23,19:30,2026,Bravos de Leon,Diablos Rojos del Mexico,Jeff Lindgren,Brooks Hall,689167.0,571736.0,statsapi_probable_pitcher,1,8,6,0,4,2,0,0,1,4,0,0,0,6,5,0,No Line,0.0,none,-1,14,9,1,post,Final,Final,,,,,,,,,,,,,0,,,,,,none,846804
846331,2026-07-23,19:45,2026,Acereros del Norte,Algodoneros Union Laguna,Jake McSteen,Tayler Scott,701151.0,605463.0,statsapi_probable_pitcher,1,3,1,0,0,0,0,0,0,0,0,3,1,3,1,0,No Line,0.0,none,-1,6,3,1,post,Final,Final,,,,,,,,,,,,,0,,,,,,none,846331
846236,2026-07-24,18:30,2026,Tigres de Quintana Roo,Pericos de Puebla,Collin Wiles,Jose E. Martinez,621079.0,672866.0,statsapi_probable_pitcher,1,4,8,0,0,0,0,1,0,0,0,2,0,3,0,0,No Line,0.0,none,-1,11,12,1,post,Final,Final,,,,,,,,,,,,,0,,,,,,none,846236
845963,2026-07-24,19:00,2026,Conspiradores de Queretaro,Guerreros de Oaxaca,Solomon Bates,William Cuevas,663603.0,571035.0,statsapi_probable_pitcher,1,2,12,0,1,0,2,0,2,0,0,0,0,0,5,0,No Line,0.0,none,-1,4,20,1,post,Final,Final,,,,,,,,,,,,,0,,,,,,none,845963
846193,2026-07-24,19:00,2026,Dorados de Chihuahua,Tecos de los Dos Laredos,Dereck Rodríguez,Adrian De Horta,605446.0,641506.0,statsapi_probable_pitcher,1,15,3,0,1,7,1,0,1,0,0,1,0,8,3,0,No Line,0.0,none,-1,14,11,1,post,Final,Final,,,,,,,,,,,,,0,,,,,,none,846193
846428,2026-07-24,19:00,2026,Diablos Rojos del Mexico,El Aguila de Veracruz,Trevor Bauer,Cristopher Molina,545333.0,650654.0,statsapi_probable_pitcher,1,11,4,0,2,0,0,0,0,5,0,0,1,5,3,0,No Line,0.0,none,-1,16,11,1,post,Final,Final,,,,,,,,,,,,,0,,,,,,none,846428
845916,2026-07-24,19:30,2026,Charros de Jalisco,Acereros del Norte,Luis Ivan Rodriguez,Amilcar Carreon,645179.0,840328.0,statsapi_probable_pitcher,1,9,8,0,1,1,1,1,3,0,1,0,1,2,7,0,No Line,0.0,none,-1,20,12,1,post,Final,Final,,,,,,,,,,,,,0,,,,,,none,845916
846616,2026-07-24,19:30,2026,Saraperos de Saltillo,Toros de Tijuana,Erich Uelmen,Daniel Martinez,657272.0,681979.0,statsapi_probable_pitcher,1,0,10,0,2,0,2,0,4,0,0,0,0,0,8,0,No Line,0.0,none,-1,7,14,1,post,Final,Final,,,,,,,,,,,,,0,,,,,,none,846616
846706,2026-07-24,19:30,2026,Algodoneros Union Laguna,Sultanes de Monterrey,Roenis Elías,Daniel Mengden,606273.0,596043.0,statsapi_probable_pitcher,1,11,8,1,1,0,0,3,0,0,0,1,3,5,4,0,No Line,0.0,none,-1,19,10,1,post,Final,Final,,,,,,,,,,,,,0,,,,,,none,846706
846752,2026-07-24,19:30,2026,Olmecas de Tabasco,Leones de Yucatan,Ronnie Williams,Raul Carrillo,657122.0,585132.0,statsapi_probable_pitcher,1,2,1,0,0,0,1,1,0,1,0,0,0,2,1,0,No Line,0.0,none,-1,5,6,1,post,Final,Final,,,,,,,,,,,,,0,,,,,,none,846752
846796,2026-07-24,19:30,2026,Bravos de Leon,Piratas de Campeche,Zac Lowther,Joe Record,675912.0,682489.0,statsapi_probable_pitcher,1,3,2,0,1,0,0,2,0,1,0,0,0,3,1,0,No Line,0.0,none,-1,9,12,1,post,Final,Final,,,,,,,,,,,,,0,,,,,,none,846796
846101,2026-07-24,20:05,2026,Caliente de Durango,Rieleros de Aguascalientes,Devin Smeltzer,,656970.0,,statsapi_probable_pitcher,1,6,4,0,4,0,0,1,0,1,0,0,0,2,4,0,No Line,0.0,none,-1,13,10,1,post,Final,Final,,,,,,,,,,,,,0,,,,,,none,846101
846191,2026-07-25,14:00,2026,Dorados de Chihuahua,Tecos de los Dos Laredos,César Valdez,Carlos Contreras,491624.0,542266.0,statsapi_probable_pitcher,1,4,6,1,1,0,0,0,0,0,0,1,0,2,1,0,No Line,0.0,none,-1,9,12,1,post,Final,Final,,,,,,,,,,,,,0,,,,,,none,846191
846425,2026-07-25,16:00,2026,Diablos Rojos del Mexico,El Aguila de Veracruz,Ricardo Pinto,Jonathan Bermúdez,620982.0,642834.0,statsapi_probable_pitcher,1,10,7,1,0,0,1,4,1,1,0,0,1,6,3,0,No Line,0.0,none,-1,15,19,1,post,Final,Final,,,,,,,,,,,,,0,,,,,,none,846425
846614,2026-07-25,17:00,2026,Saraperos de Saltillo,Toros de Tijuana,Wilmer Font,Noah Skirrow,521655.0,659418.0,statsapi_probable_pitcher,1,1,0,0,0,0,0,0,0,0,0,1,0,1,0,0,No Line,0.0,none,-1,4,8,1,post,Final,Final,,,,,,,,,,,,,0,,,,,,none,846614
846105,2026-07-25,17:05,2026,Caliente de Durango,Rieleros de Aguascalientes,Ian Villers,Greg Duncan,677351.0,827710.0,statsapi_probable_pitcher,1,9,3,0,0,0,0,0,0,4,3,0,0,4,3,0,No Line,0.0,none,-1,12,9,1,post,Final,Final,,,,,,,,,,,,,0,,,,,,none,846105
846647,2026-07-25,17:05,2026,Saraperos de Saltillo,Toros de Tijuana,Luis Payan,Teddy Stankiewicz,674478.0,621103.0,statsapi_probable_pitcher,1,5,7,0,0,2,1,0,1,3,3,0,1,5,6,0,No Line,0.0,none,-1,9,11,1,post,Final,Final,,,,,,,,,,,,,0,,,,,,none,846647
845918,2026-07-25,18:00,2026,Charros de Jalisco,Acereros del Norte,Michael Boyle,Wilmer Rios,664082.0,658140.0,statsapi_probable_pitcher,1,6,1,0,0,0,0,2,0,0,0,3,1,5,1,0,No Line,0.0,none,-1,10,8,1,post,Final,Final,,,,,,,,,,,,,0,,,,,,none,845918
845964,2026-07-25,18:00,2026,Conspiradores de Queretaro,Guerreros de Oaxaca,Luis Romero,Luis Miranda,673603.0,642532.0,statsapi_probable_pitcher,1,4,6,0,0,1,0,0,0,0,1,1,4,2,5,0,No Line,0.0,none,-1,13,15,1,post,Final,Final,,,,,,,,,,,,,0,,,,,,none,845964
846235,2026-07-25,18:00,2026,Tigres de Quintana Roo,Pericos de Puebla,Alex Delgado,,604596.0,,statsapi_probable_pitcher,1,3,2,0,1,0,0,0,0,3,1,0,0,3,2,0,No Line,0.0,none,-1,6,5,1,post,Final,Final,,,,,,,,,,,,,0,,,,,,none,846235
846801,2026-07-25,18:00,2026,Bravos de Leon,Piratas de Campeche,,Bobby Milacki,,673872.0,statsapi_probable_pitcher,1,8,9,0,1,1,0,1,3,0,0,3,0,5,4,0,No Line,0.0,none,-1,13,11,1,post,Final,Final,,,,,,,,,,,,,0,,,,,,none,846801
846705,2026-07-25,18:30,2026,Algodoneros Union Laguna,Sultanes de Monterrey,Touki Toussaint,Manny Banuelos,657053.0,544365.0,statsapi_probable_pitcher,1,9,8,0,0,0,0,0,0,3,6,2,2,5,8,0,No Line,0.0,none,-1,12,17,1,post,Final,Final,,,,,,,,,,,,,0,,,,,,none,846705
846753,2026-07-25,19:00,2026,Olmecas de Tabasco,Leones de Yucatan,Jack Cushing,Cameron Gann,681007.0,665105.0,statsapi_probable_pitcher,1,3,1,0,1,0,0,0,0,2,0,0,0,2,1,0,No Line,0.0,none,-1,6,7,1,post,Final,Final,,,,,,,,,,,,,0,,,,,,none,846753
846097,2026-07-26,14:00,2026,Caliente de Durango,Rieleros de Aguascalientes,Spencer Turnbull,Adrian Almeida,605513.0,622426.0,statsapi_probable_pitcher,1,6,7,2,0,2,1,0,2,0,0,0,2,4,5,0,No Line,0.0,none,-1,11,10,1,post,Final,Final,,,,,,,,,,,,,0,,,,,,none,846097
846194,2026-07-26,14:00,2026,Dorados de Chihuahua,Tecos de los Dos Laredos,Caleb Smith,Drew Parrish,592761.0,669283.0,statsapi_probable_pitcher,1,10,1,4,0,0,0,0,0,3,1,3,0,10,1,0,No Line,0.0,none,-1,12,6,1,post,Final,Final,,,,,,,,,,,,,0,,,,,,none,846194
846427,2026-07-26,14:00,2026,Diablos Rojos del Mexico,El Aguila de Veracruz,Humberto Castellanos,Gabriel Ynoa,528748.0,593679.0,statsapi_probable_pitcher,1,8,2,3,0,2,2,0,0,0,0,0,0,5,2,0,No Line,0.0,none,-1,14,12,1,post,Final,Final,,,,,,,,,,,,,0,,,,,,none,846427
846243,2026-07-26,16:00,2026,Tigres de Quintana Roo,Pericos de Puebla,Onelki Garcia,Fernando Lozano,607162.0,683138.0,statsapi_probable_pitcher,1,0,1,0,1,0,0,0,0,0,0,0,0,0,1,0,No Line,0.0,none,-1,2,6,1,post,Final,Final,,,,,,,,,,,,,0,,,,,,none,846243
845921,2026-07-26,17:00,2026,Charros de Jalisco,Acereros del Norte,Zac Grotz,Jackson Goddard,665093.0,680725.0,statsapi_probable_pitcher,1,6,1,0,0,1,0,0,0,0,0,0,0,1,0,0,No Line,0.0,none,-1,13,7,1,post,Final,Final,,,,,,,,,,,,,0,,,,,,none,845921
845966,2026-07-26,17:00,2026,Conspiradores de Queretaro,Guerreros de Oaxaca,Junior Guerra,Radhames Liz,448855.0,467785.0,statsapi_probable_pitcher,1,5,11,0,0,0,4,0,3,0,0,0,2,0,9,0,No Line,0.0,none,-1,9,14,1,post,Final,Final,,,,,,,,,,,,,0,,,,,,none,845966
846613,2026-07-26,17:00,2026,Saraperos de Saltillo,Toros de Tijuana,Fineas Del Bonta-Smith,David Reyes,687486.0,547862.0,statsapi_probable_pitcher,1,5,4,0,0,2,1,0,0,1,0,0,2,3,3,0,No Line,0.0,none,-1,10,10,1,post,Final,Final,,,,,,,,,,,,,0,,,,,,none,846613
846754,2026-07-26,18:00,2026,Olmecas de Tabasco,Leones de Yucatan,Daniel Camarena,Yoanner Negrin,547176.0,594582.0,statsapi_probable_pitcher,1,0,0,0,0,0,0,0,0,0,0,0,0,0,0,0,No Line,0.0,none,-1,0,0,1,post,Cancelled,Cancelled,,,,,,,,,,,,,0,,,,,,none,846754
846802,2026-07-26,18:00,2026,Bravos de Leon,Piratas de Campeche,Faustino Carrera,Ross Carver,666627.0,687102.0,statsapi_probable_pitcher,1,7,6,3,0,2,0,0,2,1,0,0,1,6,3,0,No Line,0.0,none,-1,10,11,1,post,Final,Final,,,,,,,,,,,,,0,,,,,,none,846802
846704,2026-07-26,18:30,2026,Algodoneros Union Laguna,Sultanes de Monterrey,Brandon Brennan,Luis Patiño,592165.0,672715.0,statsapi_probable_pitcher,1,9,4,5,1,0,1,0,0,2,0,0,0,7,2,0,No Line,0.0,none,-1,14,12,1,post,Final,Final,,,,,,,,,,,,,0,,,,,,none,846704
846417,2026-07-27,19:00,2026,Diablos Rojos del Mexico,Leones de Yucatan,Justin Courtney,Esmil Rogers,688896.0,469134.0,statsapi_probable_pitcher,1,3,5,0,0,0,5,0,0,1,0,0,0,1,5,0,No Line,0.0,none,-1,8,10,1,post,Final,Final,,,,,,,,,,,,,0,,,,,,none,846417
846541,2026-07-27,19:00,2026,Piratas de Campeche,Tigres de Quintana Roo,R.J. Martinez,,801994.0,,statsapi_probable_pitcher,1,4,2,0,0,0,0,1,0,1,0,0,0,2,0,0,No Line,0.0,none,-1,10,8,1,post,Final,Final,,,,,,,,,,,,,0,,,,,,none,846541
846540,2026-07-28,17:00,2026,Piratas de Campeche,Tigres de Quintana Roo,Tommy Doyle,Melvi Acosta,656382.0,666673.0,statsapi_probable_pitcher,1,3,2,1,1,0,0,2,0,0,1,0,0,3,2,0,No Line,0.0,none,-1,6,5,1,post,Final,Final,,,,,,,,,,,,,0,,,,,,none,846540
846238,2026-07-28,17:05,2026,Tigres de Quintana Roo,Piratas de Campeche,Jonathan Partida,,674476.0,,statsapi_probable_pitcher,1,0,3,0,0,0,0,0,0,0,2,0,1,0,3,0,No Line,0.0,none,-1,6,4,1,post,Final,Final,,,,,,,,,,,,,0,,,,,,none,846238
846011,2026-07-28,19:00,2026,El Aguila de Veracruz,Olmecas de Tabasco,Chase Cohen,Jeremy Rhoades,681484.0,656889.0,statsapi_probable_pitcher,1,4,3,0,1,0,0,0,0,0,0,0,0,0,1,0,No Line,0.0,none,-1,10,8,1,post,Final,Final,,,,,,,,,,,,,0,,,,,,none,846011
846152,2026-07-28,19:00,2026,Guerreros de Oaxaca,Bravos de Leon,James Kaprielian,Felipe Gonzalez,621076.0,542413.0,statsapi_probable_pitcher,1,12,1,2,0,0,0,2,1,0,0,3,0,7,1,0,No Line,0.0,none,-1,17,4,1,post,Final,Final,,,,,,,,,,,,,0,,,,,,none,846152
846372,2026-07-28,19:00,2026,Tecos de los Dos Laredos,Charros de Jalisco,Leam Mendez,Kurt Heyer,801461.0,571776.0,statsapi_probable_pitcher,1,7,1,0,0,0,0,1,0,2,0,4,0,7,0,0,No Line,0.0,none,-1,12,3,1,post,Final,Final,,,,,,,,,,,,,0,,,,,,none,846372
846564,2026-07-28,19:00,2026,Pericos de Puebla,Conspiradores de Queretaro,Vladimir Gutierrez,Stephen Gonsalves,661269.0,624427.0,statsapi_probable_pitcher,1,4,1,0,1,0,0,1,0,1,0,0,0,2,1,0,No Line,0.0,none,-1,11,4,1,post,Final,Final,,,,,,,,,,,,,0,,,,,,none,846564
846104,2026-07-28,19:10,2026,Caliente de Durango,Sultanes de Monterrey,Joan Adon,Stephen Tarpley,672851.0,605501.0,statsapi_probable_pitcher,1,9,2,1,0,0,0,0,0,4,0,0,0,5,0,0,No Line,0.0,none,-1,11,5,1,post,Final,Final,,,,,,,,,,,,,0,,,,,,none,846104
846612,2026-07-28,19:30,2026,Saraperos de Saltillo,Rieleros de Aguascalientes,Zach Mort,Harol González,681817.0,656083.0,statsapi_probable_pitcher,1,14,4,0,0,8,0,1,1,2,0,0,1,11,2,0,No Line,0.0,none,-1,13,9,1,post,Final,Final,,,,,,,,,,,,,0,,,,,,none,846612
846329,2026-07-28,19:45,2026,Acereros del Norte,Dorados de Chihuahua,Rolando Mora,Gabriel Ponce,807608.0,676362.0,statsapi_probable_pitcher,1,10,7,1,0,1,0,2,1,0,5,0,0,4,6,0,No Line,0.0,none,-1,12,10,1,post,Final,Final,,,,,,,,,,,,,0,,,,,,none,846329
846060,2026-07-28,20:35,2026,Toros de Tijuana,Algodoneros Union Laguna,Adonis Medina,Hector Perez,658431.0,660431.0,statsapi_probable_pitcher,1,10,2,6,1,2,0,2,0,0,0,0,0,10,1,0,No Line,0.0,none,-1,9,4,1,post,Final,Final,,,,,,,,,,,,,0,,,,,,none,846060
846421,2026-07-29,16:00,2026,Diablos Rojos del Mexico,Leones de Yucatan,Obed Balderas,Bryant Salgado,808543.0,687560.0,statsapi_probable_pitcher,1,14,2,7,0,0,0,2,0,0,0,0,0,9,0,0,No Line,0.0,none,-1,18,5,1,post,Final,Final,,,,,,,,,,,,,0,,,,,,none,846421
846242,2026-07-29,18:30,2026,Tigres de Quintana Roo,Piratas de Campeche,Henry Sosa,Joe Record,464400.0,682489.0,statsapi_probable_pitcher,1,7,9,0,1,0,2,0,1,0,2,1,0,1,6,0,No Line,0.0,none,-1,12,13,1,post,Final,Final,,,,,,,,,,,,,0,,,,,,none,846242
846374,2026-07-29,18:30,2026,Tecos de los Dos Laredos,Charros de Jalisco,Tyler Ivey,Manny Barreda,663959.0,518435.0,statsapi_probable_pitcher,1,4,2,0,0,0,0,0,0,0,0,0,0,0,0,0,No Line,0.0,none,-1,7,8,1,post,Final,Final,,,,,,,,,,,,,0,,,,,,none,846374
846016,2026-07-29,19:00,2026,El Aguila de Veracruz,Olmecas de Tabasco,Tommy Romero,Jose Samayoa,676720.0,643518.0,statsapi_probable_pitcher,1,3,6,0,0,0,0,0,0,0,2,0,2,0,4,0,No Line,0.0,none,-1,6,9,1,post,Final,Final,,,,,,,,,,,,,0,,,,,,none,846016
846157,2026-07-29,19:00,2026,Guerreros de Oaxaca,Bravos de Leon,Robert Dugger,Jeff Lindgren,667498.0,689167.0,statsapi_probable_pitcher,1,2,11,0,1,1,0,1,4,0,0,0,0,2,5,0,No Line,0.0,none,-1,9,16,1,post,Final,Final,,,,,,,,,,,,,0,,,,,,none,846157
846419,2026-07-29,19:00,2026,Diablos Rojos del Mexico,Leones de Yucatan,Trevor Bauer,Raul Carrillo,545333.0,585132.0,statsapi_probable_pitcher,1,8,7,3,3,0,3,0,0,1,0,4,1,8,7,0,No Line,0.0,none,-1,8,10,1,post,Final,Final,,,,,,,,,,,,,0,,,,,,none,846419
846567,2026-07-29,19:00,2026,Pericos de Puebla,Conspiradores de Queretaro,Emilio Vargas,Solomon Bates,642496.0,663603.0,statsapi_probable_pitcher,1,10,5,0,0,4,0,1,0,1,0,3,2,9,2,0,No Line,0.0,none,-1,12,11,1,post,Final,Final,,,,,,,,,,,,,0,,,,,,none,846567
846100,2026-07-29,19:10,2026,Caliente de Durango,Sultanes de Monterrey,Odrisamer Despaigne,Jared Wetherbee,628333.0,695244.0,statsapi_probable_pitcher,1,7,6,1,3,2,0,1,0,0,0,1,0,5,3,0,No Line,0.0,none,-1,11,12,1,post,Final,Final,,,,,,,,,,,,,0,,,,,,none,846100
846610,2026-07-29,19:30,2026,Saraperos de Saltillo,Rieleros de Aguascalientes,Matt Givin,Ronald Medrano,676769.0,642574.0,statsapi_probable_pitcher,1,9,7,1,1,1,1,0,0,0,3,4,0,6,5,0,No Line,0.0,none,-1,14,11,1,post,Final,Final,,,,,,,,,,,,,0,,,,,,none,846610
846334,2026-07-29,19:45,2026,Acereros del Norte,Dorados de Chihuahua,Jake McSteen,Elian Leyva,701151.0,673140.0,statsapi_probable_pitcher,1,12,11,3,1,0,0,0,4,0,3,0,0,3,8,0,No Line,0.0,none,-1,17,18,1,post,Final,Final,,,,,,,,,,,,,0,,,,,,none,846334
846061,2026-07-29,20:35,2026,Toros de Tijuana,Algodoneros Union Laguna,Jorge Perez,Aldo Montes,656839.0,594105.0,statsapi_probable_pitcher,1,4,6,2,0,0,0,0,0,0,0,2,0,4,0,0,No Line,0.0,none,-1,8,8,1,post,Final,Final,,,,,,,,,,,,,0,,,,,,none,846061
846240,2026-07-30,18:30,2026,Tigres de Quintana Roo,Piratas de Campeche,Collin Wiles,Bobby Milacki,621079.0,673872.0,statsapi_probable_pitcher,1,4,10,3,1,0,0,0,0,0,0,1,0,4,1,0,No Line,0.0,none,-1,6,11,1,post,Final,Final,,,,,,,,,,,,,0,,,,,,none,846240
846014,2026-07-30,19:00,2026,El Aguila de Veracruz,Olmecas de Tabasco,Cristopher Molina,Ronnie Williams,650654.0,657122.0,statsapi_probable_pitcher,1,4,19,0,1,4,4,0,0,0,0,0,3,4,8,0,No Line,0.0,none,-1,8,24,1,post,Final,Final,,,,,,,,,,,,,0,,,,,,none,846014
846142,2026-07-30,19:00,2026,Guerreros de Oaxaca,Bravos de Leon,William Cuevas,Zac Lowther,571035.0,675912.0,statsapi_probable_pitcher,1,2,0,1,0,0,0,0,0,1,0,0,0,2,0,0,No Line,0.0,none,-1,6,4,1,post,Final,Final,,,,,,,,,,,,,0,,,,,,none,846142
846376,2026-07-30,19:00,2026,Tecos de los Dos Laredos,Charros de Jalisco,Adrian De Horta,Luis Ivan Rodriguez,641506.0,645179.0,statsapi_probable_pitcher,1,3,0,0,0,0,0,0,0,0,0,0,0,0,0,0,No Line,0.0,none,-1,8,6,1,post,Final,Final,,,,,,,,,,,,,0,,,,,,none,846376
846558,2026-07-30,19:00,2026,Pericos de Puebla,Conspiradores de Queretaro,Antonio Santos,Tyler Viza,665733.0,643588.0,statsapi_probable_pitcher,1,5,1,0,0,0,1,0,0,1,0,0,0,1,1,0,No Line,0.0,none,-1,6,5,1,post,Final,Final,,,,,,,,,,,,,0,,,,,,none,846558
846106,2026-07-30,19:10,2026,Caliente de Durango,Sultanes de Monterrey,Devin Smeltzer,Daniel Mengden,656970.0,596043.0,statsapi_probable_pitcher,1,10,4,0,0,0,0,4,0,1,0,3,2,8,2,0,No Line,0.0,none,-1,16,8,1,post,Final,Final,,,,,,,,,,,,,0,,,,,,none,846106
846604,2026-07-30,19:30,2026,Saraperos de Saltillo,Rieleros de Aguascalientes,Luis Payan,Oscar De La Cruz,674478.0,642601.0,statsapi_probable_pitcher,1,5,4,0,0,0,0,1,0,1,0,0,2,2,2,0,No Line,0.0,none,-1,11,6,1,post,Final,Final,,,,,,,,,,,,,0,,,,,,none,846604
846330,2026-07-30,19:45,2026,Acereros del Norte,Dorados de Chihuahua,Jorge Tavarez,Dereck Rodríguez,664590.0,605446.0,statsapi_probable_pitcher,1,7,8,2,2,1,1,0,0,0,0,2,5,5,8,0,No Line,0.0,none,-1,14,13,1,post,Final,Final,,,,,,,,,,,,,0,,,,,,none,846330
846056,2026-07-30,21:05,2026,Toros de Tijuana,Algodoneros Union Laguna,Daniel Martinez,Touki Toussaint,681979.0,657053.0,statsapi_probable_pitcher,1,2,4,1,0,1,0,0,0,0,1,0,0,2,1,0,No Line,0.0,none,-1,6,8,1,post,Final,Final,,,,,,,,,,,,,0,,,,,,none,846056
846379,2026-07-31,18:30,2026,Tecos de los Dos Laredos,Saraperos de Saltillo,Carlos Contreras,Wilmer Font,542266.0,521655.0,statsapi_probable_pitcher,1,2,0,0,0,0,0,0,0,0,0,0,0,0,0,0,No Line,0.0,none,-1,13,4,1,post,Final,Final,,,,,,,,,,,,,0,,,,,,none,846379
846010,2026-07-31,19:00,2026,El Aguila de Veracruz,Tigres de Quintana Roo,Jonathan Bermúdez,Alex Delgado,642834.0,604596.0,statsapi_probable_pitcher,1,3,1,2,0,0,0,0,0,0,0,0,0,2,0,0,No Line,0.0,none,-1,5,5,1,post,Final,Final,,,,,,,,,,,,,0,,,,,,none,846010
845917,2026-07-31,19:30,2026,Charros de Jalisco,Caliente de Durango,Michael Boyle,Ian Villers,664082.0,677351.0,statsapi_probable_pitcher,1,12,16,0,0,2,6,2,0,2,0,0,0,6,6,0,No Line,0.0,none,-1,14,18,1,post,Final,Final,,,,,,,,,,,,,0,,,,,,none,845917
846283,2026-07-31,19:30,2026,Sultanes de Monterrey,Dorados de Chihuahua,Manny Banuelos,Adrián Martinez,544365.0,661309.0,statsapi_probable_pitcher,1,5,1,2,0,1,0,0,0,0,0,0,0,3,0,0,No Line,0.0,none,-1,11,7,1,post,Final,Final,,,,,,,,,,,,,0,,,,,,none,846283
846466,2026-07-31,19:30,2026,Rieleros de Aguascalientes,Algodoneros Union Laguna,Greg Duncan,Roenis Elías,827710.0,606273.0,statsapi_probable_pitcher,1,7,5,0,0,1,1,1,0,3,0,1,4,6,5,0,No Line,0.0,none,-1,12,7,1,post,Final,Final,,,,,,,,,,,,,0,,,,,,none,846466
846657,2026-07-31,19:30,2026,Leones de Yucatan,Pericos de Puebla,Cameron Gann,Jose E. Martinez,665105.0,672866.0,statsapi_probable_pitcher,1,4,1,0,0,0,0,4,0,0,0,0,0,4,0,0,No Line,0.0,none,-1,8,6,1,post,Final,Final,,,,,,,,,,,,,0,,,,,,none,846657
846751,2026-07-31,19:30,2026,Olmecas de Tabasco,Bravos de Leon,Jack Cushing,Thaddeus Ward,681007.0,663658.0,statsapi_probable_pitcher,1,3,4,2,0,0,0,0,0,0,0,1,0,3,0,0,No Line,0.0,none,-1,5,7,1,post,Final,Final,,,,,,,,,,,,,0,,,,,,none,846751
846515,2026-07-31,20:00,2026,Piratas de Campeche,Conspiradores de Queretaro,Ross Carver,Luis Romero,687102.0,673603.0,statsapi_probable_pitcher,1,5,4,3,0,1,1,0,0,0,1,0,0,4,2,0,No Line,0.0,none,-1,11,8,1,post,Final,Final,,,,,,,,,,,,,0,,,,,,none,846515
846052,2026-07-31,20:35,2026,Toros de Tijuana,Acereros del Norte,Noah Skirrow,Wilmer Rios,659418.0,658140.0,statsapi_probable_pitcher,1,9,2,0,0,1,2,1,0,6,0,0,0,8,2,0,No Line,0.0,none,-1,13,6,1,post,Final,Final,,,,,,,,,,,,,0,,,,,,none,846052
846418,2026-08-01,13:00,2026,Diablos Rojos del Mexico,Guerreros de Oaxaca,Ricardo Pinto,Luis Miranda,620982.0,642532.0,statsapi_probable_pitcher,1,15,5,6,0,4,0,2,1,0,2,2,1,14,4,0,No Line,0.0,none,-1,15,11,1,post,Final,Final,,,,,,,,,,,,,0,,,,,,none,846418
846415,2026-08-01,16:40,2026,Diablos Rojos del Mexico,Guerreros de Oaxaca,Justin Courtney,Radhames Liz,688896.0,467785.0,statsapi_probable_pitcher,1,7,6,6,0,1,6,0,0,0,0,0,0,7,6,0,No Line,0.0,none,-1,7,7,1,post,Completed Early,Completed Early,,,,,,,,,,,,,0,,,,,,none,846415
846108,2026-08-01,17:00,2026,Caliente de Durango,Charros de Jalisco,,Zac Grotz,,665093.0,statsapi_probable_pitcher,1,3,6,0,1,0,0,0,1,0,0,2,4,2,6,0,No Line,0.0,none,-1,12,10,1,post,Final,Final,,,,,,,,,,,,,0,,,,,,none,846108
846288,2026-08-01,17:00,2026,Sultanes de Monterrey,Dorados de Chihuahua,Daniel Cruz,Caleb Smith,690909.0,592761.0,statsapi_probable_pitcher,1,2,1,1,0,0,0,0,0,0,0,0,1,1,1,0,No Line,0.0,none,-1,13,4,1,post,Final,Final,,,,,,,,,,,,,0,,,,,,none,846288
845919,2026-08-01,18:00,2026,Charros de Jalisco,Caliente de Durango,,Spencer Turnbull,,605513.0,statsapi_probable_pitcher,1,5,4,0,2,0,1,3,0,1,0,0,1,4,4,0,No Line,0.0,none,-1,7,8,1,post,Final,Final,,,,,,,,,,,,,0,,,,,,none,845919
846009,2026-08-01,18:00,2026,El Aguila de Veracruz,Tigres de Quintana Roo,Gabriel Ynoa,Onelki Garcia,593679.0,607162.0,statsapi_probable_pitcher,1,4,3,0,1,0,0,0,0,3,2,1,0,4,3,0,No Line,0.0,none,-1,7,10,1,post,Final,Final,,,,,,,,,,,,,0,,,,,,none,846009
846473,2026-08-01,18:00,2026,Rieleros de Aguascalientes,Algodoneros Union Laguna,Adrian Almeida,Brandon Brennan,622426.0,592165.0,statsapi_probable_pitcher,1,6,10,2,0,0,0,0,3,1,0,0,0,3,3,0,No Line,0.0,none,-1,10,16,1,post,Final,Final,,,,,,,,,,,,,0,,,,,,none,846473
846565,2026-08-01,18:00,2026,Pericos de Puebla,Leones de Yucatan,Alejandro Carrillo,,678669.0,,statsapi_probable_pitcher,1,0,1,0,0,0,0,0,1,0,0,0,0,0,1,0,No Line,0.0,none,-1,3,7,1,post,Final,Final,,,,,,,,,,,,,0,,,,,,none,846565
846658,2026-08-01,18:05,2026,Leones de Yucatan,Pericos de Puebla,Raul Carrillo,Fernando Lozano,585132.0,683138.0,statsapi_probable_pitcher,1,1,2,1,1,0,1,0,0,0,0,0,0,1,2,0,No Line,0.0,none,-1,5,3,1,post,Final,Final,,,,,,,,,,,,,0,,,,,,none,846658
846514,2026-08-01,18:15,2026,Piratas de Campeche,Conspiradores de Queretaro,R.J. Martinez,Junior Guerra,801994.0,448855.0,statsapi_probable_pitcher,1,2,4,1,0,1,1,0,2,0,0,0,0,2,3,0,No Line,0.0,none,-1,6,6,1,post,Final,Final,,,,,,,,,,,,,0,,,,,,none,846514
846377,2026-08-01,18:30,2026,Tecos de los Dos Laredos,Saraperos de Saltillo,Drew Parrish,Fineas Del Bonta-Smith,669283.0,687486.0,statsapi_probable_pitcher,1,3,9,2,1,0,0,0,0,0,0,1,1,3,2,0,No Line,0.0,none,-1,8,9,1,post,Final,Final,,,,,,,,,,,,,0,,,,,,none,846377
846760,2026-08-01,19:00,2026,Olmecas de Tabasco,Bravos de Leon,Austin Warner,Faustino Carrera,677369.0,666627.0,statsapi_probable_pitcher,1,3,2,0,0,0,1,1,0,0,0,1,1,2,2,0,No Line,0.0,none,-1,8,7,1,post,Final,Final,,,,,,,,,,,,,0,,,,,,none,846760
846054,2026-08-01,20:35,2026,Toros de Tijuana,Acereros del Norte,David Reyes,Jackson Goddard,547862.0,680725.0,statsapi_probable_pitcher,1,3,6,0,0,0,0,0,0,2,0,0,1,2,1,0,No Line,0.0,none,-1,10,10,1,post,Final,Final,,,,,,,,,,,,,0,,,,,,none,846054
846422,2026-08-02,14:00,2026,Diablos Rojos del Mexico,Guerreros de Oaxaca,Humberto Castellanos,James Kaprielian,528748.0,621076.0,statsapi_probable_pitcher,1,3,12,0,4,0,0,0,0,0,0,0,1,0,5,0,No Line,0.0,none,-1,7,16,1,post,Final,Final,,,,,,,,,,,,,0,,,,,,none,846422
845978,2026-08-02,16:00,2026,Conspiradores de Queretaro,Piratas de Campeche,Stephen Gonsalves,Brian Moran,624427.0,572383.0,statsapi_probable_pitcher,1,6,12,0,0,2,2,2,1,2,1,0,3,6,7,0,No Line,0.0,none,-1,13,16,1,post,Final,Final,,,,,,,,,,,,,0,,,,,,none,845978
845915,2026-08-02,17:00,2026,Charros de Jalisco,Caliente de Durango,,Joan Adon,,672851.0,statsapi_probable_pitcher,1,5,10,0,2,0,0,0,3,0,2,0,0,0,7,0,No Line,0.0,none,-1,10,13,1,post,Final,Final,,,,,,,,,,,,,0,,,,,,none,845915
846279,2026-08-02,17:00,2026,Sultanes de Monterrey,Dorados de Chihuahua,Luis Patiño,Gabriel Ponce,672715.0,676362.0,statsapi_probable_pitcher,1,15,9,0,0,0,2,0,0,0,0,3,7,3,9,0,No Line,0.0,none,-1,17,11,1,post,Final,Final,,,,,,,,,,,,,0,,,,,,none,846279
846008,2026-08-02,18:00,2026,El Aguila de Veracruz,Tigres de Quintana Roo,Chase Cohen,Darius Vines,681484.0,670241.0,statsapi_probable_pitcher,1,3,2,0,0,1,0,0,2,0,0,0,0,1,2,0,No Line,0.0,none,-1,8,5,1,post,Final,Final,,,,,,,,,,,,,0,,,,,,none,846008
846380,2026-08-02,18:00,2026,Tecos de los Dos Laredos,Saraperos de Saltillo,Leam Mendez,Erich Uelmen,801461.0,657272.0,statsapi_probable_pitcher,1,6,4,1,0,0,0,4,0,0,0,0,0,5,0,0,No Line,0.0,none,-1,10,7,1,post,Final,Final,,,,,,,,,,,,,0,,,,,,none,846380
846464,2026-08-02,18:00,2026,Rieleros de Aguascalientes,Algodoneros Union Laguna,Harol González,Hector Perez,656083.0,660431.0,statsapi_probable_pitcher,1,7,3,5,1,1,0,0,1,0,0,0,0,6,2,0,No Line,0.0,none,-1,12,8,1,post,Final,Final,,,,,,,,,,,,,0,,,,,,none,846464
846660,2026-08-02,18:00,2026,Leones de Yucatan,Pericos de Puebla,Francisco Haro,Vladimir Gutierrez,662964.0,661269.0,statsapi_probable_pitcher,1,0,7,0,0,0,1,0,1,0,0,0,3,0,5,0,No Line,0.0,none,-1,3,12,1,post,Final,Final,,,,,,,,,,,,,0,,,,,,none,846660
846743,2026-08-02,18:00,2026,Olmecas de Tabasco,Bravos de Leon,Jeremy Rhoades,Rogelio Martinez,656889.0,616571.0,statsapi_probable_pitcher,1,3,1,0,0,0,0,1,0,0,0,0,0,1,0,0,No Line,0.0,none,-1,7,4,1,post,Final,Final,,,,,,,,,,,,,0,,,,,,none,846743
846511,2026-08-02,18:15,2026,Piratas de Campeche,Conspiradores de Queretaro,Tommy Doyle,,656382.0,,statsapi_probable_pitcher,1,6,4,0,2,1,0,1,0,0,1,0,0,2,3,0,No Line,0.0,none,-1,6,12,1,post,Final,Final,,,,,,,,,,,,,0,,,,,,none,846511
846049,2026-08-02,19:05,2026,Toros de Tijuana,Acereros del Norte,Adonis Medina,Amilcar Carreon,658431.0,840328.0,statsapi_probable_pitcher,1,3,5,0,0,0,0,2,0,0,1,0,0,2,1,0,No Line,0.0,none,-1,8,8,1,post,Final,Final,,,,,,,,,,,,,0,,,,,,none,846049
846234,2026-08-04,18:30,2026,Tigres de Quintana Roo,Diablos Rojos del Mexico,Melvi Acosta,Trevor Bauer,666673.0,545333.0,statsapi_probable_pitcher,1,2,3,0,1,2,1,0,0,0,0,0,1,2,3,0,No Line,0.0,none,-1,5,8,1,post,Final,Final,,,,,,,,,,,,,0,,,,,,none,846234
846147,2026-08-04,19:00,2026,Guerreros de Oaxaca,Leones de Yucatan,Luis Miranda,Francisco Haro,642532.0,662964.0,statsapi_probable_pitcher,1,0,2,0,1,0,0,0,0,0,0,0,0,0,1,0,No Line,0.0,none,-1,6,7,1,post,Final,Final,,,,,,,,,,,,,0,,,,,,none,846147
846195,2026-08-04,19:00,2026,Dorados de Chihuahua,Charros de Jalisco,Elian Leyva,Manny Barreda,673140.0,518435.0,statsapi_probable_pitcher,1,9,12,0,0,4,5,3,0,0,0,0,0,7,5,0,No Line,0.0,none,-1,13,12,1,post,Final,Final,,,,,,,,,,,,,0,,,,,,none,846195
846512,2026-08-04,19:00,2026,Piratas de Campeche,Olmecas de Tabasco,Joe Record,Ronnie Williams,682489.0,657122.0,statsapi_probable_pitcher,1,4,0,0,0,0,0,0,0,0,0,0,0,0,0,0,No Line,0.0,none,-1,10,5,1,post,Final,Final,,,,,,,,,,,,,0,,,,,,none,846512
846557,2026-08-04,19:00,2026,Pericos de Puebla,El Aguila de Veracruz,Antonio Santos,Tommy Romero,665733.0,676720.0,statsapi_probable_pitcher,1,11,4,3,0,3,0,3,0,0,0,0,0,9,0,0,No Line,0.0,none,-1,13,10,1,post,Final,Final,,,,,,,,,,,,,0,,,,,,none,846557
846102,2026-08-04,19:10,2026,Caliente de Durango,Toros de Tijuana,Odrisamer Despaigne,Jorge Perez,628333.0,656839.0,statsapi_probable_pitcher,1,4,8,0,2,1,2,0,0,0,2,0,1,1,7,0,No Line,0.0,none,-1,12,14,1,post,Final,Final,,,,,,,,,,,,,0,,,,,,none,846102
846462,2026-08-04,19:30,2026,Rieleros de Aguascalientes,Acereros del Norte,Ronald Medrano,Jake McSteen,642574.0,701151.0,statsapi_probable_pitcher,1,6,10,0,0,0,0,4,0,0,1,2,7,6,8,0,No Line,0.0,none,-1,8,14,1,post,Final,Final,,,,,,,,,,,,,0,,,,,,none,846462
846711,2026-08-04,19:30,2026,Algodoneros Union Laguna,Saraperos de Saltillo,Eddy Demurias,Zach Mort,681493.0,681817.0,statsapi_probable_pitcher,1,10,0,1,0,3,0,5,0,1,0,0,0,10,0,0,No Line,0.0,none,-1,10,7,1,post,Final,Final,,,,,,,,,,,,,0,,,,,,none,846711
846799,2026-08-04,19:30,2026,Bravos de Leon,Conspiradores de Queretaro,Jeff Lindgren,Solomon Bates,689167.0,663603.0,statsapi_probable_pitcher,1,13,8,1,0,3,2,4,2,0,1,2,0,10,5,0,No Line,0.0,none,-1,15,12,1,post,Final,Final,,,,,,,,,,,,,0,,,,,,none,846799
846281,2026-08-05,17:00,2026,Sultanes de Monterrey,Tecos de los Dos Laredos,Jared Wetherbee,Carlos Contreras,695244.0,542266.0,statsapi_probable_pitcher,1,4,1,1,0,0,0,1,1,2,0,0,0,4,1,0,No Line,0.0,none,-1,5,3,1,post,Final,Final,,,,,,,,,,,,,0,,,,,,none,846281
846280,2026-08-05,17:05,2026,Sultanes de Monterrey,Tecos de los Dos Laredos,,,,,statsapi_schedule,0,4,1,0,1,0,0,3,0,0,0,1,0,4,1,0,No Line,0.0,none,-1,7,3,1,post,Final,Final,,,,,,,,,,,,,0,,,,,,none,846280
846237,2026-08-05,18:30,2026,Tigres de Quintana Roo,Diablos Rojos del Mexico,Henry Sosa,Obed Balderas,464400.0,808543.0,statsapi_probable_pitcher,1,0,2,0,0,0,0,0,0,0,0,0,0,0,0,0,No Line,0.0,none,-1,6,6,1,post,Final,Final,,,,,,,,,,,,,0,,,,,,none,846237
846140,2026-08-05,19:00,2026,Guerreros de Oaxaca,Leones de Yucatan,William Cuevas,Francisco Rios,571035.0,642590.0,statsapi_probable_pitcher,1,15,2,0,0,3,0,1,0,3,2,0,0,7,2,0,No Line,0.0,none,-1,15,6,1,post,Final,Final,,,,,,,,,,,,,0,,,,,,none,846140
846188,2026-08-05,19:00,2026,Dorados de Chihuahua,Charros de Jalisco,Dereck Rodríguez,Luis Ivan Rodriguez,605446.0,645179.0,statsapi_probable_pitcher,1,13,14,6,2,0,0,2,0,0,1,0,0,8,3,0,No Line,0.0,none,-1,20,15,1,post,Final,Final,,,,,,,,,,,,,0,,,,,,none,846188
846509,2026-08-05,19:00,2026,Piratas de Campeche,Olmecas de Tabasco,Bobby Milacki,Jack Cushing,673872.0,681007.0,statsapi_probable_pitcher,1,5,6,0,0,0,0,1,0,2,0,2,0,5,0,0,No Line,0.0,none,-1,11,8,1,post,Final,Final,,,,,,,,,,,,,0,,,,,,none,846509
846559,2026-08-05,19:00,2026,Pericos de Puebla,El Aguila de Veracruz,Emilio Vargas,,642496.0,,statsapi_probable_pitcher,1,8,6,1,2,2,0,0,0,2,0,0,2,5,4,0,No Line,0.0,none,-1,11,8,1,post,Final,Final,,,,,,,,,,,,,0,,,,,,none,846559
846461,2026-08-05,19:30,2026,Rieleros de Aguascalientes,Acereros del Norte,Greg Duncan,Jorge Tavarez,827710.0,664590.0,statsapi_probable_pitcher,1,5,4,0,0,1,2,0,0,0,0,2,0,3,2,0,No Line,0.0,none,-1,11,13,1,post,Final,Final,,,,,,,,,,,,,0,,,,,,none,846461
846800,2026-08-05,19:30,2026,Bravos de Leon,Conspiradores de Queretaro,Zac Lowther,Ernesto Zaragoza,675912.0,592889.0,statsapi_probable_pitcher,1,6,2,0,2,0,0,0,0,0,0,0,0,0,2,0,No Line,0.0,none,-1,9,8,1,post,Final,Final,,,,,,,,,,,,,0,,,,,,none,846800
846703,2026-08-06,16:00,2026,Algodoneros Union Laguna,Saraperos de Saltillo,,Wilmer Font,,521655.0,statsapi_probable_pitcher,1,12,10,1,2,0,0,3,0,0,1,8,4,12,7,0,No Line,0.0,none,-1,13,15,1,post,Final,Final,,,,,,,,,,,,,0,,,,,,none,846703
846700,2026-08-06,16:05,2026,Algodoneros Union Laguna,Saraperos de Saltillo,,,,,statsapi_schedule,0,2,1,0,0,0,0,0,0,0,1,0,0,0,1,0,No Line,0.0,none,-1,4,5,1,post,Final,Final,,,,,,,,,,,,,0,,,,,,none,846700
846098,2026-08-06,17:00,2026,Caliente de Durango,Toros de Tijuana,,,,,statsapi_schedule,0,2,7,0,1,2,0,0,0,0,0,0,4,2,5,0,No Line,0.0,none,-1,10,13,1,post,Final,Final,,,,,,,,,,,,,0,,,,,,none,846098
846099,2026-08-06,17:05,2026,Caliente de Durango,Toros de Tijuana,,,,,statsapi_schedule,0,1,10,0,2,1,5,0,0,0,3,0,0,1,10,0,No Line,0.0,none,-1,6,14,1,post,Final,Final,,,,,,,,,,,,,0,,,,,,none,846099
846241,2026-08-06,18:30,2026,Tigres de Quintana Roo,Diablos Rojos del Mexico,Alex Delgado,,604596.0,,statsapi_probable_pitcher,1,0,18,0,0,0,0,0,6,0,0,0,6,0,12,0,No Line,0.0,none,-1,4,16,1,post,Final,Final,,,,,,,,,,,,,0,,,,,,none,846241
846143,2026-08-06,19:00,2026,Guerreros de Oaxaca,Leones de Yucatan,Robert Dugger,Cameron Gann,667498.0,665105.0,statsapi_probable_pitcher,1,10,11,4,3,0,0,0,1,0,0,1,2,5,6,0,No Line,0.0,none,-1,13,17,1,post,Final,Final,,,,,,,,,,,,,0,,,,,,none,846143
846189,2026-08-06,19:00,2026,Dorados de Chihuahua,Charros de Jalisco,Adrián Martinez,Michael Boyle,661309.0,664082.0,statsapi_probable_pitcher,1,7,15,0,7,2,3,2,0,0,3,1,0,5,13,0,No Line,0.0,none,-1,13,15,1,post,Final,Final,,,,,,,,,,,,,0,,,,,,none,846189
846506,2026-08-06,19:00,2026,Piratas de Campeche,Olmecas de Tabasco,Ross Carver,Austin Warner,687102.0,677369.0,statsapi_probable_pitcher,1,9,1,0,0,0,0,0,1,0,0,4,0,4,1,0,No Line,0.0,none,-1,12,3,1,post,Final,Final,,,,,,,,,,,,,0,,,,,,none,846506
846561,2026-08-06,19:00,2026,Pericos de Puebla,El Aguila de Veracruz,Jose E. Martinez,,672866.0,,statsapi_probable_pitcher,1,6,10,1,2,1,1,0,0,0,0,2,2,4,5,0,No Line,0.0,none,-1,16,19,1,post,Final,Final,,,,,,,,,,,,,0,,,,,,none,846561
846278,2026-08-06,19:30,2026,Sultanes de Monterrey,Tecos de los Dos Laredos,,Drew Parrish,,669283.0,statsapi_probable_pitcher,1,1,6,1,2,0,0,0,0,0,1,0,0,1,3,0,No Line,0.0,none,-1,5,11,1,post,Final,Final,,,,,,,,,,,,,0,,,,,,none,846278
846465,2026-08-06,19:30,2026,Rieleros de Aguascalientes,Acereros del Norte,,Jorge Rodriguez,,681659.0,statsapi_probable_pitcher,1,6,7,4,1,0,0,0,0,2,0,0,0,6,1,0,No Line,0.0,none,-1,7,14,1,post,Final,Final,,,,,,,,,,,,,0,,,,,,none,846465
846797,2026-08-06,19:30,2026,Bravos de Leon,Conspiradores de Queretaro,Rogelio Martinez,Luis Romero,616571.0,673603.0,statsapi_probable_pitcher,1,14,9,1,4,1,0,0,3,6,0,2,1,10,8,0,No Line,0.0,none,-1,16,14,1,post,Final,Final,,,,,,,,,,,,,0,,,,,,none,846797
862963,2026-08-08,16:00,2026,Diablos Rojos del Mexico,Guerreros de Oaxaca,Trevor Bauer,Luis Miranda,545333.0,642532.0,statsapi_probable_pitcher,1,13,11,3,2,1,3,0,0,0,6,2,0,6,11,0,No Line,0.0,none,-1,14,19,1,post,Final,Final,,,,,,,,,,,,,0,,,,,,none,862963
862933,2026-08-08,18:00,2026,Caliente de Durango,Acereros del Norte,Joan Adon,Jackson Goddard,672851.0,680725.0,statsapi_probable_pitcher,1,6,12,0,0,0,0,2,0,0,4,3,0,5,4,0,No Line,0.0,none,-1,10,15,1,post,Final,Final,,,,,,,,,,,,,0,,,,,,none,862933
862950,2026-08-08,18:15,2026,Piratas de Campeche,Pericos de Puebla,R.J. Martinez,Vladimir Gutierrez,801994.0,661269.0,statsapi_probable_pitcher,1,3,8,2,0,0,0,0,0,0,0,1,1,3,1,0,No Line,0.0,none,-1,10,9,1,post,Final,Final,,,,,,,,,,,,,0,,,,,,none,862950
862957,2026-08-08,19:00,2026,Olmecas de Tabasco,Bravos de Leon,Ronnie Williams,Faustino Carrera,657122.0,666627.0,statsapi_probable_pitcher,1,4,2,0,0,0,2,0,0,0,0,0,0,0,2,0,No Line,0.0,none,-1,11,5,1,post,Final,Final,,,,,,,,,,,,,0,,,,,,none,862957
862942,2026-08-08,20:35,2026,Toros de Tijuana,Algodoneros Union Laguna,Daniel Martinez,Roenis Elías,681979.0,606273.0,statsapi_probable_pitcher,1,5,2,3,0,0,0,1,0,0,0,0,0,4,0,0,No Line,0.0,none,-1,7,7,1,post,Final,Final,,,,,,,,,,,,,0,,,,,,none,862942
862961,2026-08-09,14:00,2026,Diablos Rojos del Mexico,Guerreros de Oaxaca,Ricardo Pinto,James Kaprielian,620982.0,621076.0,statsapi_probable_pitcher,1,1,6,0,1,0,0,0,0,0,0,0,4,0,5,0,No Line,0.0,none,-1,8,13,1,post,Final,Final,,,,,,,,,,,,,0,,,,,,none,862961
862927,2026-08-09,17:00,2026,Sultanes de Monterrey,Charros de Jalisco,Daniel Mengden,Zac Grotz,596043.0,665093.0,statsapi_probable_pitcher,1,3,1,1,0,0,0,0,0,0,0,0,0,1,0,0,No Line,0.0,none,-1,8,4,1,post,Final,Final,,,,,,,,,,,,,0,,,,,,none,862927
862932,2026-08-09,17:00,2026,Caliente de Durango,Acereros del Norte,Odrisamer Despaigne,Darius Vines,628333.0,670241.0,statsapi_probable_pitcher,1,9,3,0,0,0,0,1,0,2,3,4,0,7,3,0,No Line,0.0,none,-1,12,12,1,post,Final,Final,,,,,,,,,,,,,0,,,,,,none,862932
862956,2026-08-09,18:00,2026,Olmecas de Tabasco,Bravos de Leon,Jeremy Rhoades,Jeff Lindgren,656889.0,689167.0,statsapi_probable_pitcher,1,4,5,0,0,0,0,0,0,4,1,0,1,4,2,0,No Line,0.0,none,-1,9,7,1,post,Final,Final,,,,,,,,,,,,,0,,,,,,none,862956
862938,2026-08-09,18:05,2026,Toros de Tijuana,Algodoneros Union Laguna,Noah Skirrow,Eddy Demurias,659418.0,681493.0,statsapi_probable_pitcher,1,2,8,0,1,0,0,0,0,0,1,0,4,0,6,0,No Line,0.0,none,-1,8,12,1,post,Final,Final,,,,,,,,,,,,,0,,,,,,none,862938
862949,2026-08-10,19:00,2026,Piratas de Campeche,Pericos de Puebla,Joe Record,Antonio Santos,682489.0,665733.0,statsapi_probable_pitcher,1,8,0,1,0,6,0,1,0,0,0,0,0,8,0,0,No Line,0.0,none,-1,12,2,1,post,Final,Final,,,,,,,,,,,,,0,,,,,,none,862949
862926,2026-08-10,19:30,2026,Sultanes de Monterrey,Charros de Jalisco,Daniel Mengden,Manny Barreda,596043.0,518435.0,statsapi_probable_pitcher,1,3,2,0,0,0,0,1,0,0,0,0,1,1,1,0,No Line,0.0,none,-1,9,6,1,post,Final,Final,,,,,,,,,,,,,0,,,,,,none,862926
862962,2026-08-11,19:00,2026,Guerreros de Oaxaca,Diablos Rojos del Mexico,William Cuevas,Trevor Bauer,571035.0,545333.0,statsapi_probable_pitcher,1,1,3,0,1,0,0,0,0,0,1,0,0,0,2,0,No Line,0.0,none,-1,4,9,1,post,Final,Final,,,,,,,,,,,,,0,,,,,,none,862962
862941,2026-08-11,19:30,2026,Algodoneros Union Laguna,Toros de Tijuana,Brandon Brennan,Adonis Medina,592165.0,658431.0,statsapi_probable_pitcher,1,3,9,0,2,0,0,1,0,0,1,1,2,2,5,0,No Line,0.0,none,-1,6,12,1,post,Final,Final,,,,,,,,,,,,,0,,,,,,none,862941
862955,2026-08-11,19:30,2026,Bravos de Leon,Olmecas de Tabasco,Zac Lowther,Austin Warner,675912.0,677369.0,statsapi_probable_pitcher,1,10,7,0,0,1,0,1,0,0,3,1,0,3,3,0,No Line,0.0,none,-1,12,14,1,post,Final,Final,,,,,,,,,,,,,0,,,,,,none,862955
862937,2026-08-11,19:45,2026,Acereros del Norte,Caliente de Durango,Jake McSteen,Spencer Turnbull,701151.0,605513.0,statsapi_probable_pitcher,1,0,7,0,0,0,2,0,2,0,0,0,0,0,4,0,No Line,0.0,none,-1,5,15,1,post,Final,Final,,,,,,,,,,,,,0,,,,,,none,862937
862948,2026-08-12,19:00,2026,Pericos de Puebla,Piratas de Campeche,Fernando Lozano,Ross Carver,683138.0,687102.0,statsapi_probable_pitcher,1,5,3,0,0,0,0,0,0,0,1,3,1,3,2,0,No Line,0.0,none,-1,6,9,1,post,Final,Final,,,,,,,,,,,,,0,,,,,,none,862948
862960,2026-08-12,19:00,2026,Guerreros de Oaxaca,Diablos Rojos del Mexico,Radhames Liz,Humberto Castellanos,467785.0,528748.0,statsapi_probable_pitcher,1,12,3,1,1,7,0,0,1,0,0,4,1,12,3,0,No Line,0.0,none,-1,14,5,1,post,Final,Final,,,,,,,,,,,,,0,,,,,,none,862960
862925,2026-08-12,19:30,2026,Charros de Jalisco,Sultanes de Monterrey,Michael Boyle,Jared Wetherbee,664082.0,695244.0,statsapi_probable_pitcher,1,3,6,0,0,0,2,1,1,0,0,2,0,3,3,0,No Line,0.0,none,-1,8,16,1,post,Final,Final,,,,,,,,,,,,,0,,,,,,none,862925
862940,2026-08-12,19:30,2026,Algodoneros Union Laguna,Toros de Tijuana,Touki Toussaint,David Reyes,657053.0,547862.0,statsapi_probable_pitcher,1,0,4,0,0,0,0,0,0,0,1,0,2,0,3,0,No Line,0.0,none,-1,6,11,1,post,Final,Final,,,,,,,,,,,,,0,,,,,,none,862940
862954,2026-08-12,19:30,2026,Bravos de Leon,Olmecas de Tabasco,Felipe Gonzalez,Daniel Camarena,542413.0,547176.0,statsapi_probable_pitcher,1,7,12,3,2,0,0,0,1,0,0,0,0,3,3,0,No Line,0.0,none,-1,13,16,1,post,Final,Final,,,,,,,,,,,,,0,,,,,,none,862954
862936,2026-08-12,19:45,2026,Acereros del Norte,Caliente de Durango,Wilmer Rios,Devin Smeltzer,658140.0,656970.0,statsapi_probable_pitcher,1,2,7,1,2,0,0,0,0,0,4,1,0,2,6,0,No Line,0.0,none,-1,7,8,1,post,Final,Final,,,,,,,,,,,,,0,,,,,,none,862936
862953,2026-08-13,19:00,2026,Guerreros de Oaxaca,Diablos Rojos del Mexico,Luis Miranda,Brooks Hall,642532.0,571736.0,statsapi_probable_pitcher,1,5,3,0,0,2,0,0,1,2,0,0,2,4,3,0,No Line,0.0,none,-1,11,8,1,post,Final,Final,,,,,,,,,,,,,0,,,,,,none,862953
862924,2026-08-13,19:30,2026,Charros de Jalisco,Sultanes de Monterrey,Luis Ivan Rodriguez,Daniel Cruz,645179.0,690909.0,statsapi_probable_pitcher,1,15,5,0,0,2,1,3,0,0,0,3,0,8,1,0,No Line,0.0,none,-1,19,15,1,post,Final,Final,,,,,,,,,,,,,0,,,,,,none,862924
862939,2026-08-13,19:30,2026,Algodoneros Union Laguna,Toros de Tijuana,Eddy Demurias,Daniel Martinez,681493.0,681979.0,statsapi_probable_pitcher,1,6,12,0,12,0,0,2,0,0,0,2,0,4,12,0,No Line,0.0,none,-1,9,8,1,post,Final,Final,,,,,,,,,,,,,0,,,,,,none,862939
862930,2026-08-13,19:45,2026,Acereros del Norte,Caliente de Durango,Jackson Goddard,Joan Adon,680725.0,672851.0,statsapi_probable_pitcher,1,1,10,0,1,0,1,0,1,0,1,0,0,0,4,0,No Line,0.0,none,-1,6,10,1,post,Final,Final,,,,,,,,,,,,,0,,,,,,none,862930
862944,2026-08-14,18:30,2026,Bravos de Leon,Olmecas de Tabasco,Faustino Carrera,Ronnie Williams,666627.0,657122.0,statsapi_probable_pitcher,1,9,14,4,4,3,0,1,3,0,0,0,1,8,8,0,No Line,0.0,none,-1,11,20,1,post,Final,Final,,,,,,,,,,,,,0,,,,,,none,862944
862947,2026-08-14,19:00,2026,Pericos de Puebla,Piratas de Campeche,Vladimir Gutierrez,R.J. Martinez,661269.0,801994.0,statsapi_probable_pitcher,1,5,2,0,1,1,0,1,0,1,0,0,0,3,1,0,No Line,0.0,none,-1,8,8,1,post,Final,Final,,,,,,,,,,,,,0,,,,,,none,862947
862931,2026-08-14,19:30,2026,Charros de Jalisco,Sultanes de Monterrey,Zac Grotz,Manny Banuelos,665093.0,544365.0,statsapi_probable_pitcher,1,5,6,0,0,0,2,0,0,0,1,0,0,0,3,0,No Line,0.0,none,-1,7,11,1,post,Final,Final,,,,,,,,,,,,,0,,,,,,none,862931
862946,2026-08-15,16:00,2026,Pericos de Puebla,Piratas de Campeche,Antonio Santos,R.J. Martinez,665733,801994,statsapi_probable_pitcher,1,10,4,0,0,2,1,0,0,1,0,0,0,3,1,0,No Line,0.0,none,-1,15,8,1,post,Final,Final,,,,,,,,,,,,,0,,,,,,none,862946
862959,2026-08-15,16:00,2026,Diablos Rojos del Mexico,Guerreros de Oaxaca,Trevor Bauer,James Kaprielian,545333,621076,statsapi_probable_pitcher,1,11,0,0,0,5,0,6,0,0,0,0,0,11,0,0,No Line,0.0,none,-1,16,3,1,post,Final,Final,,,,,,,,,,,,,0,,,,,,none,862959
862958,2026-08-16,14:00,2026,Diablos Rojos del Mexico,Guerreros de Oaxaca,Ricardo Pinto,William Cuevas,620982,571035,statsapi_probable_pitcher,1,12,8,3,0,2,3,3,0,0,0,0,0,8,3,0,No Line,0.0,none,-1,12,15,1,post,Final,Final,,,,,,,,,,,,,0,,,,,,none,862958
862952,2026-08-16,18:00,2026,Olmecas de Tabasco,Bravos de Leon,Jeremy Rhoades,Jeff Lindgren,656889,689167,statsapi_probable_pitcher,1,4,3,0,0,0,0,0,0,3,2,0,0,3,2,0,No Line,0.0,none,-1,7,6,1,post,Final,Final,,,,,,,,,,,,,0,,,,,,none,862952
867435,2026-08-18,19:30,2026,Caliente de Durango,Sultanes de Monterrey,Odrisamer Despaigne,Daniel Mengden,628333,596043,statsapi_probable_pitcher,1,2,6,1,0,0,2,0,0,0,0,0,0,1,2,0,No Line,0.0,none,-1,6,15,1,post,Final,Final,,,,,,,,,,,,,0,,,,,,none,867435
867447,2026-08-18,20:35,2026,Toros de Tijuana,Charros de Jalisco,Daniel Martinez,Manny Barreda,681979,518435,statsapi_probable_pitcher,1,4,0,0,0,0,0,0,0,0,0,1,0,1,0,0,No Line,0.0,none,-1,7,4,1,post,Final,Final,,,,,,,,,,,,,0,,,,,,none,867447
867478,2026-08-19,19:00,2026,Diablos Rojos del Mexico,Pericos de Puebla,Ricardo Pinto,Vladimir Gutierrez,620982,661269,statsapi_probable_pitcher,1,5,13,2,2,0,2,0,1,2,0,1,0,5,5,0,No Line,0.0,none,-1,6,21,1,post,Final,Final,,,,,,,,,,,,,0,,,,,,none,867478
867436,2026-08-19,19:30,2026,Caliente de Durango,Sultanes de Monterrey,Joan Adon,Jared Wetherbee,672851,695244,statsapi_probable_pitcher,1,17,5,0,0,1,0,4,0,3,0,5,0,13,0,0,No Line,0.0,none,-1,20,9,1,post,Final,Final,,,,,,,,,,,,,0,,,,,,none,867436
867470,2026-08-19,19:30,2026,Olmecas de Tabasco,Guerreros de Oaxaca,Austin Warner,Luis Miranda,677369,642532,statsapi_probable_pitcher,1,1,2,0,0,0,0,0,0,0,0,0,0,0,0,0,No Line,0.0,none,-1,4,6,1,post,Final,Final,,,,,,,,,,,,,0,,,,,,none,867470
867445,2026-08-19,20:35,2026,Toros de Tijuana,Charros de Jalisco,Adonis Medina,Zac Grotz,658431,665093,statsapi_probable_pitcher,1,3,5,1,0,0,0,0,0,0,0,0,1,1,1,0,No Line,0.0,none,-1,13,5,1,post,Final,Final,,,,,,,,,,,,,0,,,,,,none,867445
867477,2026-08-20,19:00,2026,Diablos Rojos del Mexico,Pericos de Puebla,Trevor Bauer,Antonio Santos,545333,665733,statsapi_probable_pitcher,1,1,4,1,0,0,1,0,0,0,0,0,0,1,1,0,No Line,0.0,none,-1,8,11,1,post,Final,Final,,,,,,,,,,,,,0,,,,,,none,867477
867472,2026-08-20,19:30,2026,Olmecas de Tabasco,Guerreros de Oaxaca,Ronnie Williams,Radhames Liz,657122,467785,statsapi_probable_pitcher,1,3,2,0,1,2,1,0,0,0,0,0,0,2,2,0,No Line,0.0,none,-1,8,7,1,post,Final,Final,,,,,,,,,,,,,0,,,,,,none,867472
867437,2026-08-21,19:30,2026,Sultanes de Monterrey,Caliente de Durango,Manny Banuelos,Spencer Turnbull,544365,605513,statsapi_probable_pitcher,1,8,7,0,1,2,1,0,0,0,0,1,0,3,2,0,No Line,0.0,none,-1,17,8,1,post,Final,Final,,,,,,,,,,,,,0,,,,,,none,867437
867446,2026-08-21,19:30,2026,Charros de Jalisco,Toros de Tijuana,Luis Ivan Rodriguez,Noah Skirrow,645179,659418,statsapi_probable_pitcher,1,1,2,0,0,0,0,0,0,0,2,1,0,1,2,0,No Line,0.0,none,-1,6,6,1,post,Final,Final,,,,,,,,,,,,,0,,,,,,none,867446
867476,2026-08-22,16:00,2026,Pericos de Puebla,Diablos Rojos del Mexico,Fernando Lozano,Brooks Hall,683138,571736,statsapi_probable_pitcher,1,8,1,0,0,0,0,1,0,4,0,1,0,6,0,0,No Line,0.0,none,-1,12,8,1,post,Final,Final,,,,,,,,,,,,,0,,,,,,none,867476
867438,2026-08-22,17:00,2026,Sultanes de Monterrey,Caliente de Durango,Daniel Cruz,Devin Smeltzer,690909,656970,statsapi_probable_pitcher,1,3,0,0,0,1,0,0,0,0,0,0,0,1,0,0,No Line,0.0,none,-1,7,7,1,post,Final,Final,,,,,,,,,,,,,0,,,,,,none,867438
867469,2026-08-22,17:00,2026,Guerreros de Oaxaca,Olmecas de Tabasco,James Kaprielian,Jeremy Rhoades,621076,656889,statsapi_probable_pitcher,1,12,8,1,0,0,3,2,2,0,0,2,1,5,6,0,No Line,0.0,none,-1,17,12,1,post,Final,Final,,,,,,,,,,,,,0,,,,,,none,867469
867475,2026-08-23,14:00,2026,Pericos de Puebla,Diablos Rojos del Mexico,Emilio Vargas,Justin Courtney,642496,688896,statsapi_probable_pitcher,1,10,15,2,0,0,7,2,5,0,0,3,3,7,15,0,No Line,0.0,none,-1,13,21,1,post,Final,Final,,,,,,,,,,,,,0,,,,,,none,867475
867441,2026-08-23,14:30,2026,Charros de Jalisco,Toros de Tijuana,Michael Boyle,David Reyes,664082,547862,statsapi_probable_pitcher,1,2,7,0,0,0,0,1,0,1,0,0,0,2,0,0,No Line,0.0,none,-1,12,11,1,post,Final,Final,,,,,,,,,,,,,0,,,,,,none,867441
867439,2026-08-23,17:00,2026,Sultanes de Monterrey,Caliente de Durango,Daniel Mengden,Odrisamer Despaigne,596043,628333,statsapi_probable_pitcher,1,8,6,1,0,0,0,3,0,1,2,1,0,6,2,0,No Line,0.0,none,-1,15,11,1,post,Final,Final,,,,,,,,,,,,,0,,,,,,none,867439
867442,2026-08-23,17:00,2026,Charros de Jalisco,Toros de Tijuana,Manny Barreda,Daniel Martinez,518435,681979,statsapi_probable_pitcher,1,2,3,0,0,0,0,0,2,1,0,1,0,2,2,0,No Line,0.0,none,-1,9,8,1,post,Final,Final,,,,,,,,,,,,,0,,,,,,none,867442
867468,2026-08-23,17:00,2026,Guerreros de Oaxaca,Olmecas de Tabasco,Alemao Hernandez,Daniel Camarena,672598,547176,statsapi_probable_pitcher,1,6,4,3,1,0,0,1,1,0,0,0,0,4,2,0,No Line,0.0,none,-1,12,8,1,post,Final,Final,,,,,,,,,,,,,0,,,,,,none,867468
