{
  "full_game": {
    "top_15": [
      "diff_gf_l10",
      "diff_ppg_l15",
      "home_ga_volatility",
      "home_gf_volatility",
      "away_ga_volatility",
      "away_gf_volatility",
      "diff_ga_l10",
      "diff_consistency",
      "away_ppg_l15",
      "home_ppg_l15",
      "away_form_l10",
      "away_momentum",
      "diff_ppg_l5",
      "away_early_scoring",
      "diff_gf_l5"
    ],
    "importance_scores": {
      "home_ppg_l5": 0.01190609153751627,
      "away_ppg_l5": 0.01291027206035567,
      "diff_ppg_l5": 0.024661694859171676,
      "home_gf_l5": 0.01541069826315019,
      "away_gf_l5": 0.023800749876581834,
      "diff_gf_l5": 0.024274302560751318,
      "home_gd_l5": 0.014021354623518296,
      "away_gd_l5": 0.013882458162567661,
      "diff_gd_l5": 0.015516037544193208,
      "home_goals_total_l5": 0.022568807663761264,
      "away_goals_total_l5": 0.023872754272206698,
      "combined_goals_l5": 0.021227854096158162,
      "home_momentum": 0.023143666240417943,
      "away_momentum": 0.024991026758655242,
      "diff_momentum": 0.02213195765861194,
      "home_consistency": 0.023873764230493345,
      "away_consistency": 0.020489489508314484,
      "diff_consistency": 0.028628649461493783,
      "home_form_l10": 0.02029808263475013,
      "away_form_l10": 0.026069070587897286,
      "diff_form_l10": 0.021224231016241976,
      "home_form_l3": 0.01919482114905429,
      "away_form_l3": 0.017011954871895253,
      "diff_form_l3": 0.017224531112196385,
      "home_ppg_l15": 0.02638307880642516,
      "away_ppg_l15": 0.02820974696459872,
      "diff_ppg_l15": 0.03927553996225801,
      "home_gf_l10": 0.01644314652387525,
      "away_gf_l10": 0.0207025971856949,
      "diff_gf_l10": 0.04059969742791495,
      "home_ga_l10": 0.019083108949724217,
      "away_ga_l10": 0.013626971530787575,
      "diff_ga_l10": 0.030391117359106937,
      "home_gf_volatility": 0.03590990398644206,
      "away_gf_volatility": 0.03543227513846442,
      "home_ga_volatility": 0.03898401616518572,
      "away_ga_volatility": 0.03574584505217047,
      "home_early_scoring": 0.010167507872990415,
      "away_early_scoring": 0.02442769470038387,
      "home_late_scoring": 0.0,
      "away_late_scoring": 0.0,
      "h2h_home_wins": 0.011129264023562617,
      "h2h_draws": 0.022563965821624576,
      "h2h_home_losses": 0.012009663102726572,
      "h2h_home_gf": 0.016927903414151974,
      "h2h_home_ga": 0.01801520343244334,
      "h2h_home_gd": 0.015637330315353293
    }
  },
  "over_25": {
    "top_15": [
      "home_ga_volatility",
      "away_gf_volatility",
      "home_ga_l10",
      "home_gf_volatility",
      "away_ppg_l15",
      "away_ga_volatility",
      "home_ppg_l15",
      "diff_ppg_l15",
      "away_goals_total_l5",
      "away_form_l10",
      "home_form_l10",
      "home_momentum",
      "diff_momentum",
      "away_gd_l5",
      "away_form_l3"
    ],
    "importance_scores": {
      "home_ppg_l5": 0.011087729344979869,
      "away_ppg_l5": 0.01630230822547825,
      "diff_ppg_l5": 0.01309911029852704,
      "home_gf_l5": 0.017832083513100082,
      "away_gf_l5": 0.018919884521155263,
      "diff_gf_l5": 0.014847953689355787,
      "home_gd_l5": 0.01648586817964466,
      "away_gd_l5": 0.027370295007759553,
      "diff_gd_l5": 0.025728389119537565,
      "home_goals_total_l5": 0.024933119620075852,
      "away_goals_total_l5": 0.02966791795461479,
      "combined_goals_l5": 0.013297068908117538,
      "home_momentum": 0.02779830265109523,
      "away_momentum": 0.013176029569707638,
      "diff_momentum": 0.027680726378438283,
      "home_consistency": 0.025572323033035395,
      "away_consistency": 0.024259639367077538,
      "diff_consistency": 0.026584783225533773,
      "home_form_l10": 0.02805304572456501,
      "away_form_l10": 0.028473557424777966,
      "diff_form_l10": 0.026085195038777056,
      "home_form_l3": 0.021056780749405937,
      "away_form_l3": 0.02706452636079139,
      "diff_form_l3": 0.01846660423615446,
      "home_ppg_l15": 0.030673966012845603,
      "away_ppg_l15": 0.03334923574323472,
      "diff_ppg_l15": 0.029955886641634857,
      "home_gf_l10": 0.018137313719479943,
      "away_gf_l10": 0.02207569954947776,
      "diff_gf_l10": 0.018521949147613737,
      "home_ga_l10": 0.034773418630327894,
      "away_ga_l10": 0.013276319506816393,
      "diff_ga_l10": 0.02480024358016312,
      "home_gf_volatility": 0.03371133025661359,
      "away_gf_volatility": 0.0367633745297047,
      "home_ga_volatility": 0.03807541073309227,
      "away_ga_volatility": 0.03111900981713668,
      "home_early_scoring": 0.023669388847567908,
      "away_early_scoring": 0.01882293636282516,
      "home_late_scoring": 0.0,
      "away_late_scoring": 0.0,
      "h2h_home_wins": 0.0008305647840531562,
      "h2h_draws": 0.013536629675457445,
      "h2h_home_losses": 0.007605127195063422,
      "h2h_home_gf": 0.017071905431408817,
      "h2h_home_ga": 0.022278168282016765,
      "h2h_home_gd": 0.007108838899228165
    }
  },
  "btts": {
    "top_15": [
      "away_gf_volatility",
      "home_gf_volatility",
      "home_goals_total_l5",
      "away_ga_l10",
      "home_momentum",
      "home_consistency",
      "home_gf_l10",
      "diff_consistency",
      "home_ga_volatility",
      "home_form_l10",
      "away_ppg_l15",
      "away_gf_l10",
      "away_ga_volatility",
      "diff_ppg_l15",
      "away_consistency"
    ],
    "importance_scores": {
      "home_ppg_l5": 0.018709657089309106,
      "away_ppg_l5": 0.01629282300754817,
      "diff_ppg_l5": 0.016930335661614254,
      "home_gf_l5": 0.012791942180590044,
      "away_gf_l5": 0.02456799342375267,
      "diff_gf_l5": 0.01815801640877368,
      "home_gd_l5": 0.012192282973768733,
      "away_gd_l5": 0.015365630541690295,
      "diff_gd_l5": 0.017460168569457687,
      "home_goals_total_l5": 0.03395352735072129,
      "away_goals_total_l5": 0.023524426997837165,
      "combined_goals_l5": 0.019287058919410432,
      "home_momentum": 0.032045467034031376,
      "away_momentum": 0.023084463847761198,
      "diff_momentum": 0.024136859365114467,
      "home_consistency": 0.031258748822785676,
      "away_consistency": 0.02566710446502467,
      "diff_consistency": 0.029888618562548517,
      "home_form_l10": 0.028611845786405552,
      "away_form_l10": 0.017123874035990708,
      "diff_form_l10": 0.01975859778348657,
      "home_form_l3": 0.010051524420031016,
      "away_form_l3": 0.011742793872823579,
      "diff_form_l3": 0.021204589077469447,
      "home_ppg_l15": 0.024212154702481368,
      "away_ppg_l15": 0.02859216243722146,
      "diff_ppg_l15": 0.028291379781271126,
      "home_gf_l10": 0.030642936685885098,
      "away_gf_l10": 0.02857398201252719,
      "diff_gf_l10": 0.01908898725031677,
      "home_ga_l10": 0.02379524784509393,
      "away_ga_l10": 0.032876591330096495,
      "diff_ga_l10": 0.02257617406356816,
      "home_gf_volatility": 0.03862014426074959,
      "away_gf_volatility": 0.05038240881823924,
      "home_ga_volatility": 0.028974299374323404,
      "away_ga_volatility": 0.028454241792393673,
      "home_early_scoring": 0.017052666043258183,
      "away_early_scoring": 0.02224587492454533,
      "home_late_scoring": 0.0,
      "away_late_scoring": 0.0,
      "h2h_home_wins": 0.00811064150184393,
      "h2h_draws": 0.0016474464579901153,
      "h2h_home_losses": 0.007882741975706972,
      "h2h_home_gf": 0.025049384990231405,
      "h2h_home_ga": 0.02024486823133277,
      "h2h_home_gd": 0.008877367942702927
    }
  }
}