{
  "rows": 573,
  "accuracy": 0.4799301919720768,
  "brier": 0.25146870452908404,
  "logloss": 0.6960956032239112,
  "coverage": 0.07329842931937172,
  "roc_auc": 0.47715446356250457,
  "published_accuracy": 0.5476190476190477,
  "splits": 54,
  "fallback_splits": 45,
  "published_coverage": 0.07329842931937172,
  "avg_missing_pitchers_rate_test": 0.0,
  "avg_prob_shrink": 0.09999999999999996,
  "published_confidence_buckets": {
    "0.53-0.56": {
      "rows": 171,
      "coverage": 0.0,
      "accuracy": 0.5087719298245614,
      "published_rows": 0,
      "published_accuracy": 0.0
    },
    "0.56-0.60": {
      "rows": 48,
      "coverage": 0.875,
      "accuracy": 0.5625,
      "published_rows": 42,
      "published_accuracy": 0.5476190476190477
    },
    "<=0.53": {
      "rows": 354,
      "coverage": 0.0,
      "accuracy": 0.4548022598870056,
      "published_rows": 0,
      "published_accuracy": 0.0
    }
  }
}