{
  "rows": 588,
  "accuracy": 0.4710884353741497,
  "brier": 0.2528436358371999,
  "logloss": 0.6988627625653617,
  "coverage": 0.015306122448979591,
  "roc_auc": 0.45916325390915863,
  "published_accuracy": 0.5555555555555556,
  "splits": 55,
  "fallback_splits": 16,
  "published_coverage": 0.015306122448979591,
  "avg_missing_pitchers_rate_test": 0.0,
  "avg_prob_shrink": 0.060000000000000005,
  "avg_momentum_penalty_mean_calib": 0.0037452047947139342,
  "avg_momentum_penalty_active_rate_calib": 0.3649170446998726,
  "published_confidence_buckets": {
    "0.53-0.56": {
      "rows": 178,
      "coverage": 0.0056179775280898875,
      "accuracy": 0.4887640449438202,
      "published_rows": 1,
      "published_accuracy": 1.0
    },
    "0.56-0.60": {
      "rows": 67,
      "coverage": 0.11940298507462686,
      "accuracy": 0.44776119402985076,
      "published_rows": 8,
      "published_accuracy": 0.5
    },
    "<=0.53": {
      "rows": 343,
      "coverage": 0.0,
      "accuracy": 0.46647230320699706,
      "published_rows": 0,
      "published_accuracy": 0.0
    }
  },
  "pitcher_momentum_analysis": {
    "recent_quality_diff": {
      "(-49.059999999999995, -1.4]": {
        "rows": 196,
        "accuracy": 0.5153061224489796,
        "published_rows": 1,
        "published_accuracy": 1.0
      },
      "(-1.4, 0.865]": {
        "rows": 196,
        "accuracy": 0.42857142857142855,
        "published_rows": 5,
        "published_accuracy": 0.4
      },
      "(0.865, 78.465]": {
        "rows": 196,
        "accuracy": 0.46938775510204084,
        "published_rows": 3,
        "published_accuracy": 0.6666666666666666
      }
    },
    "quality_start_rate_diff": {
      "(-1.001, -0.1]": {
        "rows": 199,
        "accuracy": 0.46733668341708545,
        "published_rows": 3,
        "published_accuracy": 0.6666666666666666
      },
      "(-0.1, 0.1]": {
        "rows": 212,
        "accuracy": 0.49528301886792453,
        "published_rows": 4,
        "published_accuracy": 0.5
      },
      "(0.1, 0.7]": {
        "rows": 177,
        "accuracy": 0.4463276836158192,
        "published_rows": 2,
        "published_accuracy": 0.5
      }
    },
    "blowup_rate_diff": {
      "(-1.001, -0.1]": {
        "rows": 209,
        "accuracy": 0.40669856459330145,
        "published_rows": 4,
        "published_accuracy": 0.5
      },
      "(-0.1, 0.1]": {
        "rows": 193,
        "accuracy": 0.5181347150259067,
        "published_rows": 5,
        "published_accuracy": 0.6
      },
      "(0.1, 0.9]": {
        "rows": 186,
        "accuracy": 0.4946236559139785,
        "published_rows": 0,
        "published_accuracy": 0.0
      }
    },
    "era_trend_diff": {
      "(-108.32000000000001, -1.287]": {
        "rows": 196,
        "accuracy": 0.4744897959183674,
        "published_rows": 3,
        "published_accuracy": 0.6666666666666666
      },
      "(-1.287, 1.768]": {
        "rows": 196,
        "accuracy": 0.45408163265306123,
        "published_rows": 3,
        "published_accuracy": 0.3333333333333333
      },
      "(1.768, 71.064]": {
        "rows": 196,
        "accuracy": 0.4846938775510204,
        "published_rows": 3,
        "published_accuracy": 0.6666666666666666
      }
    },
    "whip_trend_diff": {
      "(-16.478, -0.174]": {
        "rows": 196,
        "accuracy": 0.5051020408163265,
        "published_rows": 2,
        "published_accuracy": 0.5
      },
      "(-0.174, 0.296]": {
        "rows": 196,
        "accuracy": 0.42346938775510207,
        "published_rows": 5,
        "published_accuracy": 0.4
      },
      "(0.296, 8.836]": {
        "rows": 196,
        "accuracy": 0.4846938775510204,
        "published_rows": 2,
        "published_accuracy": 1.0
      }
    }
  }
}