{
  "rows": 588,
  "accuracy": 0.4744897959183674,
  "brier": 0.2527357537381879,
  "logloss": 0.6986449680144498,
  "coverage": 0.00510204081632653,
  "roc_auc": 0.46038486597170514,
  "published_accuracy": 0.0,
  "splits": 55,
  "fallback_splits": 20,
  "published_coverage": 0.00510204081632653,
  "avg_missing_pitchers_rate_test": 0.0,
  "avg_prob_shrink": 0.060000000000000005,
  "avg_momentum_penalty_mean_calib": 0.0033053061218980707,
  "avg_momentum_penalty_active_rate_calib": 0.32628987150565236,
  "published_confidence_buckets": {
    "0.53-0.56": {
      "rows": 176,
      "coverage": 0.0,
      "accuracy": 0.5056818181818182,
      "published_rows": 0,
      "published_accuracy": 0.0
    },
    "0.56-0.60": {
      "rows": 61,
      "coverage": 0.04918032786885246,
      "accuracy": 0.4262295081967213,
      "published_rows": 3,
      "published_accuracy": 0.0
    },
    "<=0.53": {
      "rows": 351,
      "coverage": 0.0,
      "accuracy": 0.4672364672364672,
      "published_rows": 0,
      "published_accuracy": 0.0
    }
  },
  "pitcher_momentum_analysis": {
    "recent_quality_diff": {
      "(-49.059999999999995, -1.4]": {
        "rows": 196,
        "accuracy": 0.5204081632653061,
        "published_rows": 1,
        "published_accuracy": 0.0
      },
      "(-1.4, 0.865]": {
        "rows": 196,
        "accuracy": 0.42857142857142855,
        "published_rows": 1,
        "published_accuracy": 0.0
      },
      "(0.865, 78.465]": {
        "rows": 196,
        "accuracy": 0.4744897959183674,
        "published_rows": 1,
        "published_accuracy": 0.0
      }
    },
    "quality_start_rate_diff": {
      "(-1.001, -0.1]": {
        "rows": 199,
        "accuracy": 0.46733668341708545,
        "published_rows": 2,
        "published_accuracy": 0.0
      },
      "(-0.1, 0.1]": {
        "rows": 212,
        "accuracy": 0.49528301886792453,
        "published_rows": 0,
        "published_accuracy": 0.0
      },
      "(0.1, 0.7]": {
        "rows": 177,
        "accuracy": 0.4576271186440678,
        "published_rows": 1,
        "published_accuracy": 0.0
      }
    },
    "blowup_rate_diff": {
      "(-1.001, -0.1]": {
        "rows": 209,
        "accuracy": 0.4258373205741627,
        "published_rows": 2,
        "published_accuracy": 0.0
      },
      "(-0.1, 0.1]": {
        "rows": 193,
        "accuracy": 0.49740932642487046,
        "published_rows": 0,
        "published_accuracy": 0.0
      },
      "(0.1, 0.9]": {
        "rows": 186,
        "accuracy": 0.5053763440860215,
        "published_rows": 1,
        "published_accuracy": 0.0
      }
    },
    "era_trend_diff": {
      "(-108.32000000000001, -1.287]": {
        "rows": 196,
        "accuracy": 0.4744897959183674,
        "published_rows": 1,
        "published_accuracy": 0.0
      },
      "(-1.287, 1.768]": {
        "rows": 196,
        "accuracy": 0.4744897959183674,
        "published_rows": 1,
        "published_accuracy": 0.0
      },
      "(1.768, 71.064]": {
        "rows": 196,
        "accuracy": 0.4744897959183674,
        "published_rows": 1,
        "published_accuracy": 0.0
      }
    },
    "whip_trend_diff": {
      "(-16.478, -0.174]": {
        "rows": 196,
        "accuracy": 0.5051020408163265,
        "published_rows": 1,
        "published_accuracy": 0.0
      },
      "(-0.174, 0.296]": {
        "rows": 196,
        "accuracy": 0.42857142857142855,
        "published_rows": 1,
        "published_accuracy": 0.0
      },
      "(0.296, 8.836]": {
        "rows": 196,
        "accuracy": 0.4897959183673469,
        "published_rows": 1,
        "published_accuracy": 0.0
      }
    }
  }
}