{
  "use_event_adjustments": true,
  "games_evaluated": 421,
  "metrics": {
    "full_game": {
      "base_accuracy": 0.9097387173396675,
      "adjusted_accuracy": 0.9097387173396675,
      "base_log_loss": 0.26538222717809185,
      "adjusted_log_loss": 0.3001392726193658
    },
    "over_25": {
      "base_accuracy": 0.9334916864608076,
      "adjusted_accuracy": 0.9287410926365796,
      "base_log_loss": 0.20167606522086115,
      "adjusted_log_loss": 0.22088739775948282
    },
    "btts": {
      "base_accuracy": 0.9144893111638955,
      "adjusted_accuracy": 0.9073634204275535,
      "base_log_loss": 0.2174378924845467,
      "adjusted_log_loss": 0.2355558215076655
    },
    "corners_over_95": {
      "base_accuracy": 0.9049881235154394,
      "adjusted_accuracy": 0.9049881235154394,
      "base_log_loss": 0.23506770717504458,
      "adjusted_log_loss": 0.23506770717504458
    }
  }
}