{
  "use_event_adjustments": true,
  "games_evaluated": 412,
  "metrics": {
    "full_game": {
      "base_accuracy": 0.9029126213592233,
      "adjusted_accuracy": 0.9004854368932039,
      "base_log_loss": 0.2816451824505547,
      "adjusted_log_loss": 0.311904076568858
    },
    "over_25": {
      "base_accuracy": 0.9344660194174758,
      "adjusted_accuracy": 0.9296116504854369,
      "base_log_loss": 0.1966404449456453,
      "adjusted_log_loss": 0.21289283294729117
    },
    "btts": {
      "base_accuracy": 0.9029126213592233,
      "adjusted_accuracy": 0.9101941747572816,
      "base_log_loss": 0.22425246789274592,
      "adjusted_log_loss": 0.23818446601054447
    },
    "corners_over_95": {
      "base_accuracy": 0.9077669902912622,
      "adjusted_accuracy": 0.9077669902912622,
      "base_log_loss": 0.2348973867755628,
      "adjusted_log_loss": 0.2348973867755628
    }
  }
}