{
  "use_event_adjustments": true,
  "games_evaluated": 422,
  "metrics": {
    "full_game": {
      "base_accuracy": 0.9075829383886256,
      "adjusted_accuracy": 0.909952606635071,
      "base_log_loss": 0.2631586819491566,
      "adjusted_log_loss": 0.2995572825729434
    },
    "over_25": {
      "base_accuracy": 0.9289099526066351,
      "adjusted_accuracy": 0.9218009478672986,
      "base_log_loss": 0.2071757123799781,
      "adjusted_log_loss": 0.22628438637982654
    },
    "btts": {
      "base_accuracy": 0.9123222748815166,
      "adjusted_accuracy": 0.9075829383886256,
      "base_log_loss": 0.2134570418466063,
      "adjusted_log_loss": 0.23020424179238758
    },
    "corners_over_95": {
      "base_accuracy": 0.9052132701421801,
      "adjusted_accuracy": 0.9052132701421801,
      "base_log_loss": 0.23297006180252522,
      "adjusted_log_loss": 0.23297006180252522
    }
  }
}